Equipment_ID,Timestamp,Status,Operating_Hours,Maintenance_Flag
EQ001,2025-09-01 06:00:00,Running,7362.1,0
EQ001,2025-09-01 12:00:00,Running,7362.9,0
EQ001,2025-09-01 18:00:00,Maintenance,7363.9,1
EQ001,2025-09-01 00:00:00,Running,7367.3,0
EQ001,2025-09-02 06:00:00,Running,7371.4,0
EQ001,2025-09-02 12:00:00,Running,7373.6,1
EQ001,2025-09-02 18:00:00,Standby,7373.9,0
EQ001,2025-09-02 00:00:00,Running,7379.7,0
EQ001,2025-09-03 06:00:00,Running,7383.8,0
EQ001,2025-09-03 12:00:00,Standby,7387.2,0
EQ001,2025-09-03 18:00:00,Maintenance,7393.0,1
EQ001,2025-09-03 00:00:00,Stopped,7398.6,1
EQ001,2025-09-04 06:00:00,Running,7403.4,1
EQ001,2025-09-04 12:00:00,Running,7404.5,0
EQ001,2025-09-04 18:00:00,Maintenance,7409.2,1
EQ001,2025-09-04 00:00:00,Running,7413.6,0
EQ001,2025-09-05 06:00:00,Running,7417.8,1
EQ001,2025-09-05 12:00:00,Running,7420.6,1
EQ001,2025-09-05 18:00:00,Running,7422.7,0
EQ001,2025-09-05 00:00:00,Stopped,7427.9,1
EQ001,2025-09-06 06:00:00,Running,7430.3,0
EQ001,2025-09-06 12:00:00,Running,7434.9,1
EQ001,2025-09-06 18:00:00,Running,7439.0,0
EQ001,2025-09-06 00:00:00,Stopped,7441.0,1
EQ001,2025-09-07 06:00:00,Running,7442.6,0
EQ001,2025-09-07 12:00:00,Standby,7442.8,0
EQ001,2025-09-07 18:00:00,Standby,7447.5,0
EQ001,2025-09-07 00:00:00,Running,7448.2,0
EQ001,2025-09-08 06:00:00,Maintenance,7449.3,1
EQ001,2025-09-08 12:00:00,Running,7452.4,0
EQ001,2025-09-08 18:00:00,Stopped,7456.5,1
EQ001,2025-09-08 00:00:00,Maintenance,7460.9,1
EQ001,2025-09-09 06:00:00,Running,7466.6,0
EQ001,2025-09-09 12:00:00,Maintenance,7470.3,1
EQ001,2025-09-09 18:00:00,Standby,7475.7,1
EQ001,2025-09-09 00:00:00,Standby,7477.7,0
EQ001,2025-09-10 06:00:00,Standby,7478.9,0
EQ001,2025-09-10 12:00:00,Standby,7483.4,0
EQ001,2025-09-10 18:00:00,Running,7485.8,0
EQ001,2025-09-10 00:00:00,Stopped,7487.6,1
EQ001,2025-09-11 06:00:00,Running,7491.2,0
EQ001,2025-09-11 12:00:00,Running,7495.3,0
EQ001,2025-09-11 18:00:00,Standby,7501.1,0
EQ001,2025-09-11 00:00:00,Stopped,7505.1,1
EQ001,2025-09-12 06:00:00,Running,7508.8,0
EQ001,2025-09-12 12:00:00,Running,7510.2,0
EQ001,2025-09-12 18:00:00,Running,7511.1,0
EQ001,2025-09-12 00:00:00,Running,7514.8,0
EQ001,2025-09-13 06:00:00,Stopped,7517.5,1
EQ001,2025-09-13 12:00:00,Maintenance,7521.0,1
EQ001,2025-09-13 18:00:00,Stopped,7523.3,1
EQ001,2025-09-13 00:00:00,Running,7527.4,1
EQ001,2025-09-14 06:00:00,Maintenance,7532.6,1
EQ001,2025-09-14 12:00:00,Maintenance,7537.3,1
EQ001,2025-09-14 18:00:00,Running,7541.5,0
EQ001,2025-09-14 00:00:00,Running,7547.0,0
EQ001,2025-09-15 06:00:00,Running,7549.8,1
EQ001,2025-09-15 12:00:00,Standby,7551.7,0
EQ001,2025-09-15 18:00:00,Stopped,7554.4,1
EQ001,2025-09-15 00:00:00,Stopped,7559.8,1
EQ001,2025-09-16 06:00:00,Running,7562.5,0
EQ001,2025-09-16 12:00:00,Running,7565.2,0
EQ001,2025-09-16 18:00:00,Stopped,7570.2,1
EQ001,2025-09-16 00:00:00,Running,7573.1,0
EQ001,2025-09-17 06:00:00,Running,7577.4,0
EQ001,2025-09-17 12:00:00,Running,7582.8,0
EQ001,2025-09-17 18:00:00,Running,7585.1,1
EQ001,2025-09-17 00:00:00,Running,7587.6,0
EQ001,2025-09-18 06:00:00,Running,7588.0,0
EQ001,2025-09-18 12:00:00,Stopped,7590.3,1
EQ001,2025-09-18 18:00:00,Stopped,7596.0,1
EQ001,2025-09-18 00:00:00,Running,7599.5,0
EQ001,2025-09-19 06:00:00,Running,7601.3,0
EQ001,2025-09-19 12:00:00,Running,7606.3,0
EQ001,2025-09-19 18:00:00,Standby,7611.1,0
EQ001,2025-09-19 00:00:00,Maintenance,7614.0,1
EQ001,2025-09-20 06:00:00,Running,7616.3,0
EQ001,2025-09-20 12:00:00,Standby,7620.6,0
EQ001,2025-09-20 18:00:00,Stopped,7626.1,1
EQ001,2025-09-20 00:00:00,Maintenance,7629.3,1
EQ001,2025-09-21 06:00:00,Maintenance,7632.9,1
EQ001,2025-09-21 12:00:00,Standby,7635.5,1
EQ001,2025-09-21 18:00:00,Maintenance,7636.6,1
EQ001,2025-09-21 00:00:00,Running,7639.3,0
EQ001,2025-09-22 06:00:00,Running,7641.0,0
EQ001,2025-09-22 12:00:00,Maintenance,7643.5,1
EQ001,2025-09-22 18:00:00,Stopped,7646.3,1
EQ001,2025-09-22 00:00:00,Stopped,7646.6,1
EQ001,2025-09-23 06:00:00,Maintenance,7647.9,1
EQ001,2025-09-23 12:00:00,Running,7648.1,0
EQ001,2025-09-23 18:00:00,Running,7653.1,0
EQ001,2025-09-23 00:00:00,Standby,7655.9,0
EQ001,2025-09-24 06:00:00,Running,7658.7,0
EQ001,2025-09-24 12:00:00,Running,7662.3,0
EQ001,2025-09-24 18:00:00,Maintenance,7666.6,1
EQ001,2025-09-24 00:00:00,Stopped,7667.6,1
EQ001,2025-09-25 06:00:00,Running,7673.2,0
EQ001,2025-09-25 12:00:00,Standby,7675.5,0
EQ001,2025-09-25 18:00:00,Maintenance,7676.7,1
EQ001,2025-09-25 00:00:00,Standby,7678.2,0
EQ001,2025-09-26 06:00:00,Standby,7682.3,0
EQ001,2025-09-26 12:00:00,Stopped,7687.1,1
EQ001,2025-09-26 18:00:00,Standby,7690.3,1
EQ001,2025-09-26 00:00:00,Standby,7694.2,1
EQ001,2025-09-27 06:00:00,Running,7697.1,0
EQ001,2025-09-27 12:00:00,Running,7702.4,0
EQ001,2025-09-27 18:00:00,Running,7703.5,1
EQ001,2025-09-27 00:00:00,Standby,7707.2,0
EQ001,2025-09-28 06:00:00,Maintenance,7711.8,1
EQ001,2025-09-28 12:00:00,Running,7715.4,0
EQ001,2025-09-28 18:00:00,Running,7721.0,0
EQ001,2025-09-28 00:00:00,Running,7725.5,0
EQ001,2025-09-29 06:00:00,Standby,7727.5,0
EQ001,2025-09-29 12:00:00,Running,7730.4,0
EQ001,2025-09-29 18:00:00,Running,7732.1,0
EQ001,2025-09-29 00:00:00,Standby,7735.4,0
EQ001,2025-09-30 06:00:00,Standby,7736.8,1
EQ001,2025-09-30 12:00:00,Running,7738.2,0
EQ001,2025-09-30 18:00:00,Running,7740.9,0
EQ001,2025-09-30 00:00:00,Running,7743.3,0
EQ002,2025-09-01 06:00:00,Standby,2706.4,0
EQ002,2025-09-01 12:00:00,Running,2709.7,0
EQ002,2025-09-01 18:00:00,Running,2711.5,0
EQ002,2025-09-01 00:00:00,Running,2713.4,0
EQ002,2025-09-02 06:00:00,Stopped,2719.1,1
EQ002,2025-09-02 12:00:00,Standby,2723.5,1
EQ002,2025-09-02 18:00:00,Running,2728.1,0
EQ002,2025-09-02 00:00:00,Standby,2733.1,0
EQ002,2025-09-03 06:00:00,Running,2734.9,0
EQ002,2025-09-03 12:00:00,Stopped,2735.7,1
EQ002,2025-09-03 18:00:00,Running,2737.5,1
EQ002,2025-09-03 00:00:00,Maintenance,2741.3,1
EQ002,2025-09-04 06:00:00,Stopped,2741.9,1
EQ002,2025-09-04 12:00:00,Running,2744.8,0
EQ002,2025-09-04 18:00:00,Running,2746.3,0
EQ002,2025-09-04 00:00:00,Maintenance,2747.0,1
EQ002,2025-09-05 06:00:00,Running,2750.5,0
EQ002,2025-09-05 12:00:00,Standby,2755.4,1
EQ002,2025-09-05 18:00:00,Maintenance,2755.9,1
EQ002,2025-09-05 00:00:00,Running,2758.4,0
EQ002,2025-09-06 06:00:00,Standby,2763.1,0
EQ002,2025-09-06 12:00:00,Running,2764.9,0
EQ002,2025-09-06 18:00:00,Standby,2768.3,0
EQ002,2025-09-06 00:00:00,Running,2768.9,0
EQ002,2025-09-07 06:00:00,Stopped,2772.7,1
EQ002,2025-09-07 12:00:00,Running,2774.1,1
EQ002,2025-09-07 18:00:00,Standby,2776.6,1
EQ002,2025-09-07 00:00:00,Standby,2776.8,0
EQ002,2025-09-08 06:00:00,Running,2782.0,0
EQ002,2025-09-08 12:00:00,Running,2783.6,0
EQ002,2025-09-08 18:00:00,Stopped,2787.1,1
EQ002,2025-09-08 00:00:00,Stopped,2788.3,1
EQ002,2025-09-09 06:00:00,Running,2789.2,0
EQ002,2025-09-09 12:00:00,Running,2789.6,1
EQ002,2025-09-09 18:00:00,Stopped,2793.2,1
EQ002,2025-09-09 00:00:00,Stopped,2798.7,1
EQ002,2025-09-10 06:00:00,Running,2800.5,0
EQ002,2025-09-10 12:00:00,Running,2803.7,0
EQ002,2025-09-10 18:00:00,Running,2809.0,0
EQ002,2025-09-10 00:00:00,Stopped,2812.6,1
EQ002,2025-09-11 06:00:00,Running,2816.6,0
EQ002,2025-09-11 12:00:00,Maintenance,2820.1,1
EQ002,2025-09-11 18:00:00,Running,2825.0,0
EQ002,2025-09-11 00:00:00,Standby,2826.1,0
EQ002,2025-09-12 06:00:00,Standby,2827.8,0
EQ002,2025-09-12 12:00:00,Maintenance,2830.4,1
EQ002,2025-09-12 18:00:00,Stopped,2836.2,1
EQ002,2025-09-12 00:00:00,Running,2838.1,0
EQ002,2025-09-13 06:00:00,Running,2840.6,1
EQ002,2025-09-13 12:00:00,Running,2843.0,0
EQ002,2025-09-13 18:00:00,Stopped,2843.2,1
EQ002,2025-09-13 00:00:00,Running,2843.9,0
EQ002,2025-09-14 06:00:00,Stopped,2849.1,1
EQ002,2025-09-14 12:00:00,Stopped,2849.1,1
EQ002,2025-09-14 18:00:00,Maintenance,2851.9,1
EQ002,2025-09-14 00:00:00,Running,2855.6,0
EQ002,2025-09-15 06:00:00,Running,2855.9,0
EQ002,2025-09-15 12:00:00,Running,2857.6,1
EQ002,2025-09-15 18:00:00,Maintenance,2860.5,1
EQ002,2025-09-15 00:00:00,Running,2865.3,0
EQ002,2025-09-16 06:00:00,Stopped,2867.2,1
EQ002,2025-09-16 12:00:00,Running,2868.5,0
EQ002,2025-09-16 18:00:00,Stopped,2869.2,1
EQ002,2025-09-16 00:00:00,Maintenance,2873.1,1
EQ002,2025-09-17 06:00:00,Running,2874.9,0
EQ002,2025-09-17 12:00:00,Stopped,2877.4,1
EQ002,2025-09-17 18:00:00,Running,2880.1,0
EQ002,2025-09-17 00:00:00,Running,2883.7,1
EQ002,2025-09-18 06:00:00,Stopped,2884.5,1
EQ002,2025-09-18 12:00:00,Running,2889.6,0
EQ002,2025-09-18 18:00:00,Running,2891.2,0
EQ002,2025-09-18 00:00:00,Running,2896.2,0
EQ002,2025-09-19 06:00:00,Standby,2901.4,0
EQ002,2025-09-19 12:00:00,Running,2903.4,0
EQ002,2025-09-19 18:00:00,Stopped,2905.7,1
EQ002,2025-09-19 00:00:00,Maintenance,2910.9,1
EQ002,2025-09-20 06:00:00,Maintenance,2912.3,1
EQ002,2025-09-20 12:00:00,Running,2914.8,0
EQ002,2025-09-20 18:00:00,Running,2920.3,0
EQ002,2025-09-20 00:00:00,Running,2925.1,0
EQ002,2025-09-21 06:00:00,Standby,2930.9,1
EQ002,2025-09-21 12:00:00,Running,2932.9,0
EQ002,2025-09-21 18:00:00,Running,2933.5,0
EQ002,2025-09-21 00:00:00,Maintenance,2933.6,1
EQ002,2025-09-22 06:00:00,Running,2939.4,0
EQ002,2025-09-22 12:00:00,Running,2941.0,0
EQ002,2025-09-22 18:00:00,Standby,2941.5,0
EQ002,2025-09-22 00:00:00,Running,2944.7,0
EQ002,2025-09-23 06:00:00,Maintenance,2948.5,1
EQ002,2025-09-23 12:00:00,Maintenance,2951.4,1
EQ002,2025-09-23 18:00:00,Standby,2952.8,0
EQ002,2025-09-23 00:00:00,Standby,2954.2,0
EQ002,2025-09-24 06:00:00,Running,2958.8,0
EQ002,2025-09-24 12:00:00,Stopped,2959.4,1
EQ002,2025-09-24 18:00:00,Running,2959.6,0
EQ002,2025-09-24 00:00:00,Running,2961.8,1
EQ002,2025-09-25 06:00:00,Running,2964.3,0
EQ002,2025-09-25 12:00:00,Standby,2965.4,1
EQ002,2025-09-25 18:00:00,Standby,2969.5,0
EQ002,2025-09-25 00:00:00,Running,2970.9,0
EQ002,2025-09-26 06:00:00,Standby,2974.9,0
EQ002,2025-09-26 12:00:00,Maintenance,2977.7,1
EQ002,2025-09-26 18:00:00,Running,2978.1,0
EQ002,2025-09-26 00:00:00,Maintenance,2984.0,1
EQ002,2025-09-27 06:00:00,Running,2988.1,0
EQ002,2025-09-27 12:00:00,Running,2994.1,0
EQ002,2025-09-27 18:00:00,Maintenance,2994.7,1
EQ002,2025-09-27 00:00:00,Running,2996.5,0
EQ002,2025-09-28 06:00:00,Standby,3001.5,1
EQ002,2025-09-28 12:00:00,Running,3006.7,1
EQ002,2025-09-28 18:00:00,Stopped,3012.5,1
EQ002,2025-09-28 00:00:00,Maintenance,3017.0,1
EQ002,2025-09-29 06:00:00,Stopped,3022.4,1
EQ002,2025-09-29 12:00:00,Stopped,3023.8,1
EQ002,2025-09-29 18:00:00,Stopped,3025.1,1
EQ002,2025-09-29 00:00:00,Running,3029.6,0
EQ002,2025-09-30 06:00:00,Stopped,3033.7,1
EQ002,2025-09-30 12:00:00,Running,3037.5,1
EQ002,2025-09-30 18:00:00,Running,3037.7,0
EQ002,2025-09-30 00:00:00,Running,3043.2,1
EQ003,2025-09-01 06:00:00,Running,3291.7,0
EQ003,2025-09-01 12:00:00,Maintenance,3293.9,1
EQ003,2025-09-01 18:00:00,Standby,3294.9,0
EQ003,2025-09-01 00:00:00,Maintenance,3300.6,1
EQ003,2025-09-02 06:00:00,Maintenance,3302.4,1
EQ003,2025-09-02 12:00:00,Maintenance,3307.2,1
EQ003,2025-09-02 18:00:00,Running,3311.7,1
EQ003,2025-09-02 00:00:00,Running,3315.7,0
EQ003,2025-09-03 06:00:00,Running,3319.0,0
EQ003,2025-09-03 12:00:00,Running,3320.6,0
EQ003,2025-09-03 18:00:00,Running,3325.1,0
EQ003,2025-09-03 00:00:00,Running,3328.9,0
EQ003,2025-09-04 06:00:00,Running,3331.7,0
EQ003,2025-09-04 12:00:00,Standby,3333.7,0
EQ003,2025-09-04 18:00:00,Standby,3337.5,0
EQ003,2025-09-04 00:00:00,Running,3341.4,0
EQ003,2025-09-05 06:00:00,Running,3341.6,1
EQ003,2025-09-05 12:00:00,Maintenance,3342.3,1
EQ003,2025-09-05 18:00:00,Running,3344.6,0
EQ003,2025-09-05 00:00:00,Running,3348.8,0
EQ003,2025-09-06 06:00:00,Standby,3353.2,0
EQ003,2025-09-06 12:00:00,Maintenance,3357.1,1
EQ003,2025-09-06 18:00:00,Stopped,3360.8,1
EQ003,2025-09-06 00:00:00,Maintenance,3362.5,1
EQ003,2025-09-07 06:00:00,Standby,3365.2,0
EQ003,2025-09-07 12:00:00,Running,3371.1,0
EQ003,2025-09-07 18:00:00,Running,3375.0,0
EQ003,2025-09-07 00:00:00,Running,3380.8,0
EQ003,2025-09-08 06:00:00,Maintenance,3385.7,1
EQ003,2025-09-08 12:00:00,Running,3389.5,0
EQ003,2025-09-08 18:00:00,Maintenance,3389.8,1
EQ003,2025-09-08 00:00:00,Running,3394.5,0
EQ003,2025-09-09 06:00:00,Running,3397.8,0
EQ003,2025-09-09 12:00:00,Standby,3399.2,0
EQ003,2025-09-09 18:00:00,Stopped,3403.9,1
EQ003,2025-09-09 00:00:00,Standby,3409.8,0
EQ003,2025-09-10 06:00:00,Maintenance,3413.0,1
EQ003,2025-09-10 12:00:00,Stopped,3413.7,1
EQ003,2025-09-10 18:00:00,Maintenance,3414.5,1
EQ003,2025-09-10 00:00:00,Running,3418.0,0
EQ003,2025-09-11 06:00:00,Running,3418.8,0
EQ003,2025-09-11 12:00:00,Running,3419.2,1
EQ003,2025-09-11 18:00:00,Running,3422.8,0
EQ003,2025-09-11 00:00:00,Running,3426.5,0
EQ003,2025-09-12 06:00:00,Stopped,3432.0,1
EQ003,2025-09-12 12:00:00,Standby,3435.9,0
EQ003,2025-09-12 18:00:00,Running,3441.0,0
EQ003,2025-09-12 00:00:00,Running,3445.3,1
EQ003,2025-09-13 06:00:00,Running,3447.2,0
EQ003,2025-09-13 12:00:00,Running,3450.9,1
EQ003,2025-09-13 18:00:00,Standby,3453.2,0
EQ003,2025-09-13 00:00:00,Standby,3456.2,0
EQ003,2025-09-14 06:00:00,Running,3456.9,0
EQ003,2025-09-14 12:00:00,Standby,3460.2,0
EQ003,2025-09-14 18:00:00,Maintenance,3462.8,1
EQ003,2025-09-14 00:00:00,Maintenance,3465.3,1
EQ003,2025-09-15 06:00:00,Stopped,3467.7,1
EQ003,2025-09-15 12:00:00,Stopped,3469.6,1
EQ003,2025-09-15 18:00:00,Running,3475.3,0
EQ003,2025-09-15 00:00:00,Standby,3475.8,0
EQ003,2025-09-16 06:00:00,Running,3480.3,0
EQ003,2025-09-16 12:00:00,Running,3480.7,1
EQ003,2025-09-16 18:00:00,Maintenance,3484.1,1
EQ003,2025-09-16 00:00:00,Standby,3489.3,0
EQ003,2025-09-17 06:00:00,Maintenance,3491.8,1
EQ003,2025-09-17 12:00:00,Maintenance,3492.1,1
EQ003,2025-09-17 18:00:00,Running,3492.7,0
EQ003,2025-09-17 00:00:00,Standby,3495.6,1
EQ003,2025-09-18 06:00:00,Stopped,3497.7,1
EQ003,2025-09-18 12:00:00,Standby,3499.4,1
EQ003,2025-09-18 18:00:00,Running,3502.8,0
EQ003,2025-09-18 00:00:00,Stopped,3506.5,1
EQ003,2025-09-19 06:00:00,Standby,3510.2,0
EQ003,2025-09-19 12:00:00,Standby,3510.4,0
EQ003,2025-09-19 18:00:00,Running,3515.9,0
EQ003,2025-09-19 00:00:00,Running,3516.8,1
EQ003,2025-09-20 06:00:00,Standby,3521.2,1
EQ003,2025-09-20 12:00:00,Maintenance,3521.8,1
EQ003,2025-09-20 18:00:00,Standby,3524.5,0
EQ003,2025-09-20 00:00:00,Running,3526.4,0
EQ003,2025-09-21 06:00:00,Maintenance,3530.0,1
EQ003,2025-09-21 12:00:00,Maintenance,3530.9,1
EQ003,2025-09-21 18:00:00,Stopped,3531.2,1
EQ003,2025-09-21 00:00:00,Running,3533.7,0
EQ003,2025-09-22 06:00:00,Standby,3535.0,0
EQ003,2025-09-22 12:00:00,Standby,3535.7,0
EQ003,2025-09-22 18:00:00,Standby,3538.9,0
EQ003,2025-09-22 00:00:00,Running,3544.8,0
EQ003,2025-09-23 06:00:00,Running,3550.5,0
EQ003,2025-09-23 12:00:00,Stopped,3555.1,1
EQ003,2025-09-23 18:00:00,Running,3558.1,1
EQ003,2025-09-23 00:00:00,Running,3561.3,1
EQ003,2025-09-24 06:00:00,Running,3565.3,0
EQ003,2025-09-24 12:00:00,Running,3569.8,0
EQ003,2025-09-24 18:00:00,Running,3570.3,0
EQ003,2025-09-24 00:00:00,Running,3572.7,0
EQ003,2025-09-25 06:00:00,Standby,3575.1,0
EQ003,2025-09-25 12:00:00,Maintenance,3576.1,1
EQ003,2025-09-25 18:00:00,Maintenance,3578.9,1
EQ003,2025-09-25 00:00:00,Standby,3581.5,0
EQ003,2025-09-26 06:00:00,Running,3583.9,0
EQ003,2025-09-26 12:00:00,Running,3588.4,0
EQ003,2025-09-26 18:00:00,Running,3588.9,0
EQ003,2025-09-26 00:00:00,Standby,3590.1,0
EQ003,2025-09-27 06:00:00,Stopped,3592.2,1
EQ003,2025-09-27 12:00:00,Maintenance,3596.1,1
EQ003,2025-09-27 18:00:00,Running,3597.6,1
EQ003,2025-09-27 00:00:00,Running,3602.2,1
EQ003,2025-09-28 06:00:00,Running,3606.0,0
EQ003,2025-09-28 12:00:00,Running,3609.5,0
EQ003,2025-09-28 18:00:00,Standby,3613.4,0
EQ003,2025-09-28 00:00:00,Maintenance,3615.3,1
EQ003,2025-09-29 06:00:00,Maintenance,3617.2,1
EQ003,2025-09-29 12:00:00,Running,3621.0,0
EQ003,2025-09-29 18:00:00,Stopped,3624.5,1
EQ003,2025-09-29 00:00:00,Running,3627.3,1
EQ003,2025-09-30 06:00:00,Running,3629.0,0
EQ003,2025-09-30 12:00:00,Standby,3629.5,0
EQ003,2025-09-30 18:00:00,Standby,3633.0,0
EQ003,2025-09-30 00:00:00,Maintenance,3637.4,1
EQ004,2025-09-01 06:00:00,Maintenance,1290.6,1
EQ004,2025-09-01 12:00:00,Running,1293.6,0
EQ004,2025-09-01 18:00:00,Maintenance,1296.3,1
EQ004,2025-09-01 00:00:00,Stopped,1301.3,1
EQ004,2025-09-02 06:00:00,Maintenance,1301.8,1
EQ004,2025-09-02 12:00:00,Standby,1306.0,1
EQ004,2025-09-02 18:00:00,Maintenance,1309.1,1
EQ004,2025-09-02 00:00:00,Standby,1314.6,0
EQ004,2025-09-03 06:00:00,Running,1318.7,0
EQ004,2025-09-03 12:00:00,Running,1320.7,0
EQ004,2025-09-03 18:00:00,Running,1323.0,0
EQ004,2025-09-03 00:00:00,Running,1328.8,0
EQ004,2025-09-04 06:00:00,Standby,1329.3,1
EQ004,2025-09-04 12:00:00,Standby,1331.2,0
EQ004,2025-09-04 18:00:00,Standby,1332.0,0
EQ004,2025-09-04 00:00:00,Stopped,1332.5,1
EQ004,2025-09-05 06:00:00,Standby,1334.5,0
EQ004,2025-09-05 12:00:00,Running,1340.2,0
EQ004,2025-09-05 18:00:00,Maintenance,1345.7,1
EQ004,2025-09-05 00:00:00,Running,1348.8,0
EQ004,2025-09-06 06:00:00,Running,1354.5,0
EQ004,2025-09-06 12:00:00,Running,1355.7,0
EQ004,2025-09-06 18:00:00,Maintenance,1356.6,1
EQ004,2025-09-06 00:00:00,Running,1359.6,0
EQ004,2025-09-07 06:00:00,Standby,1362.8,0
EQ004,2025-09-07 12:00:00,Standby,1366.5,0
EQ004,2025-09-07 18:00:00,Standby,1367.6,1
EQ004,2025-09-07 00:00:00,Standby,1373.0,0
EQ004,2025-09-08 06:00:00,Stopped,1373.3,1
EQ004,2025-09-08 12:00:00,Running,1379.1,0
EQ004,2025-09-08 18:00:00,Standby,1383.8,0
EQ004,2025-09-08 00:00:00,Running,1389.6,0
EQ004,2025-09-09 06:00:00,Stopped,1395.0,1
EQ004,2025-09-09 12:00:00,Running,1398.4,0
EQ004,2025-09-09 18:00:00,Running,1403.1,0
EQ004,2025-09-09 00:00:00,Standby,1404.1,0
EQ004,2025-09-10 06:00:00,Running,1409.3,0
EQ004,2025-09-10 12:00:00,Running,1411.5,0
EQ004,2025-09-10 18:00:00,Maintenance,1415.8,1
EQ004,2025-09-10 00:00:00,Standby,1416.3,1
EQ004,2025-09-11 06:00:00,Running,1419.4,0
EQ004,2025-09-11 12:00:00,Stopped,1420.0,1
EQ004,2025-09-11 18:00:00,Maintenance,1424.9,1
EQ004,2025-09-11 00:00:00,Maintenance,1430.5,1
EQ004,2025-09-12 06:00:00,Running,1432.7,0
EQ004,2025-09-12 12:00:00,Running,1434.0,1
EQ004,2025-09-12 18:00:00,Running,1438.3,1
EQ004,2025-09-12 00:00:00,Running,1438.5,1
EQ004,2025-09-13 06:00:00,Maintenance,1441.3,1
EQ004,2025-09-13 12:00:00,Stopped,1445.9,1
EQ004,2025-09-13 18:00:00,Running,1451.3,0
EQ004,2025-09-13 00:00:00,Running,1452.2,0
EQ004,2025-09-14 06:00:00,Maintenance,1455.9,1
EQ004,2025-09-14 12:00:00,Running,1457.3,0
EQ004,2025-09-14 18:00:00,Running,1461.1,0
EQ004,2025-09-14 00:00:00,Standby,1466.1,1
EQ004,2025-09-15 06:00:00,Running,1469.9,0
EQ004,2025-09-15 12:00:00,Standby,1471.6,0
EQ004,2025-09-15 18:00:00,Running,1475.0,0
EQ004,2025-09-15 00:00:00,Running,1478.1,0
EQ004,2025-09-16 06:00:00,Running,1481.4,0
EQ004,2025-09-16 12:00:00,Stopped,1484.4,1
EQ004,2025-09-16 18:00:00,Running,1484.7,0
EQ004,2025-09-16 00:00:00,Running,1489.2,0
EQ004,2025-09-17 06:00:00,Running,1490.6,1
EQ004,2025-09-17 12:00:00,Standby,1494.1,1
EQ004,2025-09-17 18:00:00,Stopped,1494.9,1
EQ004,2025-09-17 00:00:00,Running,1498.8,0
EQ004,2025-09-18 06:00:00,Stopped,1502.9,1
EQ004,2025-09-18 12:00:00,Maintenance,1505.8,1
EQ004,2025-09-18 18:00:00,Running,1510.1,1
EQ004,2025-09-18 00:00:00,Maintenance,1510.3,1
EQ004,2025-09-19 06:00:00,Running,1515.6,0
EQ004,2025-09-19 12:00:00,Running,1518.0,0
EQ004,2025-09-19 18:00:00,Stopped,1520.8,1
EQ004,2025-09-19 00:00:00,Running,1522.5,0
EQ004,2025-09-20 06:00:00,Maintenance,1522.8,1
EQ004,2025-09-20 12:00:00,Standby,1527.6,0
EQ004,2025-09-20 18:00:00,Running,1530.2,0
EQ004,2025-09-20 00:00:00,Maintenance,1532.2,1
EQ004,2025-09-21 06:00:00,Running,1534.4,0
EQ004,2025-09-21 12:00:00,Stopped,1536.0,1
EQ004,2025-09-21 18:00:00,Running,1538.6,0
EQ004,2025-09-21 00:00:00,Maintenance,1539.7,1
EQ004,2025-09-22 06:00:00,Running,1541.7,1
EQ004,2025-09-22 12:00:00,Running,1546.0,0
EQ004,2025-09-22 18:00:00,Running,1548.7,0
EQ004,2025-09-22 00:00:00,Stopped,1554.2,1
EQ004,2025-09-23 06:00:00,Standby,1558.0,0
EQ004,2025-09-23 12:00:00,Stopped,1558.3,1
EQ004,2025-09-23 18:00:00,Standby,1561.4,0
EQ004,2025-09-23 00:00:00,Stopped,1562.4,1
EQ004,2025-09-24 06:00:00,Running,1566.5,0
EQ004,2025-09-24 12:00:00,Running,1567.9,1
EQ004,2025-09-24 18:00:00,Standby,1573.6,0
EQ004,2025-09-24 00:00:00,Running,1576.3,1
EQ004,2025-09-25 06:00:00,Running,1576.8,0
EQ004,2025-09-25 12:00:00,Running,1578.7,0
EQ004,2025-09-25 18:00:00,Running,1578.9,0
EQ004,2025-09-25 00:00:00,Running,1584.4,0
EQ004,2025-09-26 06:00:00,Running,1588.6,0
EQ004,2025-09-26 12:00:00,Running,1592.8,0
EQ004,2025-09-26 18:00:00,Maintenance,1594.0,1
EQ004,2025-09-26 00:00:00,Running,1595.0,1
EQ004,2025-09-27 06:00:00,Stopped,1601.0,1
EQ004,2025-09-27 12:00:00,Stopped,1606.8,1
EQ004,2025-09-27 18:00:00,Maintenance,1610.8,1
EQ004,2025-09-27 00:00:00,Stopped,1614.1,1
EQ004,2025-09-28 06:00:00,Running,1615.0,0
EQ004,2025-09-28 12:00:00,Stopped,1619.2,1
EQ004,2025-09-28 18:00:00,Running,1620.5,0
EQ004,2025-09-28 00:00:00,Maintenance,1625.3,1
EQ004,2025-09-29 06:00:00,Running,1627.5,0
EQ004,2025-09-29 12:00:00,Standby,1633.4,0
EQ004,2025-09-29 18:00:00,Running,1633.8,0
EQ004,2025-09-29 00:00:00,Running,1636.7,0
EQ004,2025-09-30 06:00:00,Running,1640.1,0
EQ004,2025-09-30 12:00:00,Running,1640.5,0
EQ004,2025-09-30 18:00:00,Running,1641.3,0
EQ004,2025-09-30 00:00:00,Stopped,1644.6,1
EQ005,2025-09-01 06:00:00,Stopped,5115.3,1
EQ005,2025-09-01 12:00:00,Standby,5120.3,0
EQ005,2025-09-01 18:00:00,Standby,5121.3,0
EQ005,2025-09-01 00:00:00,Maintenance,5122.7,1
EQ005,2025-09-02 06:00:00,Maintenance,5125.8,1
EQ005,2025-09-02 12:00:00,Running,5127.0,1
EQ005,2025-09-02 18:00:00,Maintenance,5128.6,1
EQ005,2025-09-02 00:00:00,Standby,5129.2,0
EQ005,2025-09-03 06:00:00,Standby,5132.7,0
EQ005,2025-09-03 12:00:00,Running,5138.1,0
EQ005,2025-09-03 18:00:00,Running,5138.3,0
EQ005,2025-09-03 00:00:00,Maintenance,5138.8,1
EQ005,2025-09-04 06:00:00,Maintenance,5143.4,1
EQ005,2025-09-04 12:00:00,Running,5146.8,0
EQ005,2025-09-04 18:00:00,Standby,5152.1,1
EQ005,2025-09-04 00:00:00,Standby,5153.9,0
EQ005,2025-09-05 06:00:00,Running,5156.3,0
EQ005,2025-09-05 12:00:00,Running,5157.2,0
EQ005,2025-09-05 18:00:00,Running,5159.2,0
EQ005,2025-09-05 00:00:00,Running,5161.1,0
EQ005,2025-09-06 06:00:00,Maintenance,5163.2,1
EQ005,2025-09-06 12:00:00,Running,5166.3,0
EQ005,2025-09-06 18:00:00,Running,5167.0,0
EQ005,2025-09-06 00:00:00,Running,5167.3,1
EQ005,2025-09-07 06:00:00,Maintenance,5172.5,1
EQ005,2025-09-07 12:00:00,Running,5177.9,0
EQ005,2025-09-07 18:00:00,Stopped,5183.5,1
EQ005,2025-09-07 00:00:00,Stopped,5184.6,1
EQ005,2025-09-08 06:00:00,Running,5187.4,0
EQ005,2025-09-08 12:00:00,Maintenance,5190.4,1
EQ005,2025-09-08 18:00:00,Running,5193.1,0
EQ005,2025-09-08 00:00:00,Running,5193.4,0
EQ005,2025-09-09 06:00:00,Running,5198.5,0
EQ005,2025-09-09 12:00:00,Standby,5198.5,0
EQ005,2025-09-09 18:00:00,Running,5200.1,1
EQ005,2025-09-09 00:00:00,Running,5200.4,0
EQ005,2025-09-10 06:00:00,Running,5202.6,0
EQ005,2025-09-10 12:00:00,Running,5205.3,0
EQ005,2025-09-10 18:00:00,Standby,5209.0,0
EQ005,2025-09-10 00:00:00,Standby,5209.6,1
EQ005,2025-09-11 06:00:00,Running,5212.9,0
EQ005,2025-09-11 12:00:00,Running,5216.5,1
EQ005,2025-09-11 18:00:00,Running,5216.7,1
EQ005,2025-09-11 00:00:00,Stopped,5221.5,1
EQ005,2025-09-12 06:00:00,Standby,5226.9,1
EQ005,2025-09-12 12:00:00,Running,5228.8,0
EQ005,2025-09-12 18:00:00,Running,5233.9,0
EQ005,2025-09-12 00:00:00,Standby,5237.0,0
EQ005,2025-09-13 06:00:00,Running,5239.8,0
EQ005,2025-09-13 12:00:00,Running,5240.5,0
EQ005,2025-09-13 18:00:00,Running,5245.9,0
EQ005,2025-09-13 00:00:00,Maintenance,5249.7,1
EQ005,2025-09-14 06:00:00,Standby,5253.6,0
EQ005,2025-09-14 12:00:00,Maintenance,5257.1,1
EQ005,2025-09-14 18:00:00,Running,5260.0,1
EQ005,2025-09-14 00:00:00,Standby,5264.6,0
EQ005,2025-09-15 06:00:00,Running,5266.1,0
EQ005,2025-09-15 12:00:00,Standby,5267.2,0
EQ005,2025-09-15 18:00:00,Running,5269.7,0
EQ005,2025-09-15 00:00:00,Running,5273.4,0
EQ005,2025-09-16 06:00:00,Running,5277.8,0
EQ005,2025-09-16 12:00:00,Stopped,5280.9,1
EQ005,2025-09-16 18:00:00,Standby,5283.8,0
EQ005,2025-09-16 00:00:00,Running,5286.6,0
EQ005,2025-09-17 06:00:00,Standby,5290.7,0
EQ005,2025-09-17 12:00:00,Maintenance,5294.8,1
EQ005,2025-09-17 18:00:00,Stopped,5296.4,1
EQ005,2025-09-17 00:00:00,Running,5298.1,0
EQ005,2025-09-18 06:00:00,Running,5304.0,0
EQ005,2025-09-18 12:00:00,Stopped,5308.2,1
EQ005,2025-09-18 18:00:00,Standby,5311.1,0
EQ005,2025-09-18 00:00:00,Standby,5315.4,0
EQ005,2025-09-19 06:00:00,Running,5318.7,0
EQ005,2025-09-19 12:00:00,Maintenance,5321.1,1
EQ005,2025-09-19 18:00:00,Running,5322.0,0
EQ005,2025-09-19 00:00:00,Running,5322.5,0
EQ005,2025-09-20 06:00:00,Maintenance,5326.4,1
EQ005,2025-09-20 12:00:00,Stopped,5327.7,1
EQ005,2025-09-20 18:00:00,Stopped,5329.3,1
EQ005,2025-09-20 00:00:00,Standby,5330.0,0
EQ005,2025-09-21 06:00:00,Stopped,5331.4,1
EQ005,2025-09-21 12:00:00,Running,5332.8,0
EQ005,2025-09-21 18:00:00,Running,5334.8,1
EQ005,2025-09-21 00:00:00,Running,5335.6,0
EQ005,2025-09-22 06:00:00,Maintenance,5341.5,1
EQ005,2025-09-22 12:00:00,Running,5346.8,0
EQ005,2025-09-22 18:00:00,Running,5351.3,0
EQ005,2025-09-22 00:00:00,Running,5351.7,0
EQ005,2025-09-23 06:00:00,Stopped,5355.6,1
EQ005,2025-09-23 12:00:00,Running,5360.7,0
EQ005,2025-09-23 18:00:00,Running,5363.2,0
EQ005,2025-09-23 00:00:00,Stopped,5368.8,1
EQ005,2025-09-24 06:00:00,Running,5373.5,0
EQ005,2025-09-24 12:00:00,Running,5378.7,0
EQ005,2025-09-24 18:00:00,Running,5380.5,1
EQ005,2025-09-24 00:00:00,Standby,5382.5,0
EQ005,2025-09-25 06:00:00,Running,5385.6,0
EQ005,2025-09-25 12:00:00,Maintenance,5386.4,1
EQ005,2025-09-25 18:00:00,Standby,5391.3,0
EQ005,2025-09-25 00:00:00,Running,5395.2,0
EQ005,2025-09-26 06:00:00,Stopped,5395.3,1
EQ005,2025-09-26 12:00:00,Running,5399.3,0
EQ005,2025-09-26 18:00:00,Running,5403.1,0
EQ005,2025-09-26 00:00:00,Running,5405.1,0
EQ005,2025-09-27 06:00:00,Running,5411.0,1
EQ005,2025-09-27 12:00:00,Running,5411.0,0
EQ005,2025-09-27 18:00:00,Running,5412.6,0
EQ005,2025-09-27 00:00:00,Running,5416.0,0
EQ005,2025-09-28 06:00:00,Running,5417.4,0
EQ005,2025-09-28 12:00:00,Standby,5418.4,0
EQ005,2025-09-28 18:00:00,Standby,5423.7,0
EQ005,2025-09-28 00:00:00,Stopped,5427.8,1
EQ005,2025-09-29 06:00:00,Standby,5430.0,0
EQ005,2025-09-29 12:00:00,Running,5432.9,0
EQ005,2025-09-29 18:00:00,Running,5435.1,0
EQ005,2025-09-29 00:00:00,Stopped,5440.6,1
EQ005,2025-09-30 06:00:00,Stopped,5445.4,1
EQ005,2025-09-30 12:00:00,Stopped,5450.0,1
EQ005,2025-09-30 18:00:00,Standby,5454.7,0
EQ005,2025-09-30 00:00:00,Standby,5456.9,0
EQ006,2025-09-01 06:00:00,Running,7426.1,0
EQ006,2025-09-01 12:00:00,Running,7427.1,0
EQ006,2025-09-01 18:00:00,Maintenance,7429.8,1
EQ006,2025-09-01 00:00:00,Standby,7432.7,0
EQ006,2025-09-02 06:00:00,Maintenance,7435.4,1
EQ006,2025-09-02 12:00:00,Running,7437.9,1
EQ006,2025-09-02 18:00:00,Standby,7441.9,0
EQ006,2025-09-02 00:00:00,Running,7443.4,1
EQ006,2025-09-03 06:00:00,Running,7443.8,0
EQ006,2025-09-03 12:00:00,Running,7447.0,0
EQ006,2025-09-03 18:00:00,Running,7452.9,0
EQ006,2025-09-03 00:00:00,Running,7454.0,0
EQ006,2025-09-04 06:00:00,Running,7458.4,0
EQ006,2025-09-04 12:00:00,Maintenance,7460.6,1
EQ006,2025-09-04 18:00:00,Maintenance,7463.3,1
EQ006,2025-09-04 00:00:00,Maintenance,7465.6,1
EQ006,2025-09-05 06:00:00,Running,7470.8,0
EQ006,2025-09-05 12:00:00,Running,7471.5,0
EQ006,2025-09-05 18:00:00,Maintenance,7473.9,1
EQ006,2025-09-05 00:00:00,Running,7478.9,0
EQ006,2025-09-06 06:00:00,Stopped,7484.8,1
EQ006,2025-09-06 12:00:00,Running,7487.3,0
EQ006,2025-09-06 18:00:00,Running,7490.1,0
EQ006,2025-09-06 00:00:00,Running,7495.4,1
EQ006,2025-09-07 06:00:00,Stopped,7495.6,1
EQ006,2025-09-07 12:00:00,Standby,7501.2,0
EQ006,2025-09-07 18:00:00,Maintenance,7502.6,1
EQ006,2025-09-07 00:00:00,Running,7505.3,0
EQ006,2025-09-08 06:00:00,Standby,7506.8,0
EQ006,2025-09-08 12:00:00,Running,7510.0,0
EQ006,2025-09-08 18:00:00,Stopped,7514.7,1
EQ006,2025-09-08 00:00:00,Running,7516.1,0
EQ006,2025-09-09 06:00:00,Maintenance,7519.6,1
EQ006,2025-09-09 12:00:00,Standby,7524.5,0
EQ006,2025-09-09 18:00:00,Running,7530.4,0
EQ006,2025-09-09 00:00:00,Standby,7532.1,0
EQ006,2025-09-10 06:00:00,Standby,7536.5,0
EQ006,2025-09-10 12:00:00,Running,7539.8,0
EQ006,2025-09-10 18:00:00,Running,7543.7,0
EQ006,2025-09-10 00:00:00,Running,7547.9,0
EQ006,2025-09-11 06:00:00,Running,7549.0,0
EQ006,2025-09-11 12:00:00,Standby,7550.4,0
EQ006,2025-09-11 18:00:00,Maintenance,7551.3,1
EQ006,2025-09-11 00:00:00,Running,7553.8,1
EQ006,2025-09-12 06:00:00,Running,7556.1,0
EQ006,2025-09-12 12:00:00,Running,7556.6,0
EQ006,2025-09-12 18:00:00,Running,7559.8,0
EQ006,2025-09-12 00:00:00,Stopped,7560.1,1
EQ006,2025-09-13 06:00:00,Running,7560.3,0
EQ006,2025-09-13 12:00:00,Running,7563.8,0
EQ006,2025-09-13 18:00:00,Standby,7565.1,0
EQ006,2025-09-13 00:00:00,Maintenance,7566.9,1
EQ006,2025-09-14 06:00:00,Maintenance,7568.2,1
EQ006,2025-09-14 12:00:00,Running,7572.7,0
EQ006,2025-09-14 18:00:00,Stopped,7578.2,1
EQ006,2025-09-14 00:00:00,Standby,7580.6,0
EQ006,2025-09-15 06:00:00,Running,7582.3,0
EQ006,2025-09-15 12:00:00,Running,7584.2,0
EQ006,2025-09-15 18:00:00,Running,7587.0,0
EQ006,2025-09-15 00:00:00,Stopped,7591.3,1
EQ006,2025-09-16 06:00:00,Stopped,7593.2,1
EQ006,2025-09-16 12:00:00,Running,7593.5,0
EQ006,2025-09-16 18:00:00,Maintenance,7597.9,1
EQ006,2025-09-16 00:00:00,Running,7601.4,0
EQ006,2025-09-17 06:00:00,Stopped,7603.2,1
EQ006,2025-09-17 12:00:00,Running,7606.6,0
EQ006,2025-09-17 18:00:00,Running,7612.3,0
EQ006,2025-09-17 00:00:00,Running,7615.2,0
EQ006,2025-09-18 06:00:00,Stopped,7619.6,1
EQ006,2025-09-18 12:00:00,Running,7621.7,0
EQ006,2025-09-18 18:00:00,Running,7622.8,0
EQ006,2025-09-18 00:00:00,Maintenance,7628.7,1
EQ006,2025-09-19 06:00:00,Maintenance,7631.8,1
EQ006,2025-09-19 12:00:00,Stopped,7632.2,1
EQ006,2025-09-19 18:00:00,Stopped,7632.5,1
EQ006,2025-09-19 00:00:00,Running,7636.3,1
EQ006,2025-09-20 06:00:00,Running,7637.6,1
EQ006,2025-09-20 12:00:00,Running,7641.4,1
EQ006,2025-09-20 18:00:00,Maintenance,7646.9,1
EQ006,2025-09-20 00:00:00,Standby,7650.1,1
EQ006,2025-09-21 06:00:00,Running,7654.4,1
EQ006,2025-09-21 12:00:00,Standby,7657.4,0
EQ006,2025-09-21 18:00:00,Standby,7663.0,0
EQ006,2025-09-21 00:00:00,Running,7666.1,0
EQ006,2025-09-22 06:00:00,Running,7667.6,0
EQ006,2025-09-22 12:00:00,Running,7668.1,0
EQ006,2025-09-22 18:00:00,Maintenance,7670.9,1
EQ006,2025-09-22 00:00:00,Running,7672.7,0
EQ006,2025-09-23 06:00:00,Stopped,7673.2,1
EQ006,2025-09-23 12:00:00,Maintenance,7677.1,1
EQ006,2025-09-23 18:00:00,Running,7679.4,0
EQ006,2025-09-23 00:00:00,Running,7683.6,0
EQ006,2025-09-24 06:00:00,Running,7687.5,0
EQ006,2025-09-24 12:00:00,Running,7693.3,0
EQ006,2025-09-24 18:00:00,Maintenance,7698.8,1
EQ006,2025-09-24 00:00:00,Running,7703.0,0
EQ006,2025-09-25 06:00:00,Standby,7708.5,0
EQ006,2025-09-25 12:00:00,Standby,7711.8,0
EQ006,2025-09-25 18:00:00,Standby,7716.9,1
EQ006,2025-09-25 00:00:00,Running,7717.8,0
EQ006,2025-09-26 06:00:00,Stopped,7722.7,1
EQ006,2025-09-26 12:00:00,Maintenance,7724.5,1
EQ006,2025-09-26 18:00:00,Standby,7729.6,0
EQ006,2025-09-26 00:00:00,Standby,7731.9,0
EQ006,2025-09-27 06:00:00,Stopped,7736.6,1
EQ006,2025-09-27 12:00:00,Standby,7741.1,1
EQ006,2025-09-27 18:00:00,Running,7742.5,1
EQ006,2025-09-27 00:00:00,Running,7746.2,0
EQ006,2025-09-28 06:00:00,Standby,7748.2,0
EQ006,2025-09-28 12:00:00,Standby,7750.9,0
EQ006,2025-09-28 18:00:00,Running,7753.2,0
EQ006,2025-09-28 00:00:00,Running,7755.5,0
EQ006,2025-09-29 06:00:00,Stopped,7757.3,1
EQ006,2025-09-29 12:00:00,Running,7758.9,1
EQ006,2025-09-29 18:00:00,Running,7759.8,0
EQ006,2025-09-29 00:00:00,Running,7760.3,0
EQ006,2025-09-30 06:00:00,Maintenance,7763.0,1
EQ006,2025-09-30 12:00:00,Stopped,7763.6,1
EQ006,2025-09-30 18:00:00,Running,7766.9,0
EQ006,2025-09-30 00:00:00,Standby,7767.4,1
EQ007,2025-09-01 06:00:00,Standby,4884.7,0
EQ007,2025-09-01 12:00:00,Running,4889.4,0
EQ007,2025-09-01 18:00:00,Stopped,4892.8,1
EQ007,2025-09-01 00:00:00,Maintenance,4894.3,1
EQ007,2025-09-02 06:00:00,Standby,4895.3,0
EQ007,2025-09-02 12:00:00,Running,4896.2,0
EQ007,2025-09-02 18:00:00,Running,4898.0,0
EQ007,2025-09-02 00:00:00,Stopped,4900.2,1
EQ007,2025-09-03 06:00:00,Maintenance,4904.5,1
EQ007,2025-09-03 12:00:00,Running,4907.2,0
EQ007,2025-09-03 18:00:00,Running,4909.6,1
EQ007,2025-09-03 00:00:00,Stopped,4911.9,1
EQ007,2025-09-04 06:00:00,Maintenance,4914.5,1
EQ007,2025-09-04 12:00:00,Running,4918.4,0
EQ007,2025-09-04 18:00:00,Standby,4922.0,0
EQ007,2025-09-04 00:00:00,Standby,4923.1,0
EQ007,2025-09-05 06:00:00,Running,4927.5,0
EQ007,2025-09-05 12:00:00,Standby,4932.2,0
EQ007,2025-09-05 18:00:00,Running,4936.9,0
EQ007,2025-09-05 00:00:00,Running,4938.1,0
EQ007,2025-09-06 06:00:00,Maintenance,4939.2,1
EQ007,2025-09-06 12:00:00,Stopped,4939.4,1
EQ007,2025-09-06 18:00:00,Stopped,4945.1,1
EQ007,2025-09-06 00:00:00,Running,4950.1,0
EQ007,2025-09-07 06:00:00,Running,4954.9,0
EQ007,2025-09-07 12:00:00,Standby,4956.7,1
EQ007,2025-09-07 18:00:00,Running,4959.2,1
EQ007,2025-09-07 00:00:00,Running,4962.8,0
EQ007,2025-09-08 06:00:00,Standby,4968.3,0
EQ007,2025-09-08 12:00:00,Maintenance,4970.8,1
EQ007,2025-09-08 18:00:00,Running,4975.0,0
EQ007,2025-09-08 00:00:00,Stopped,4978.6,1
EQ007,2025-09-09 06:00:00,Maintenance,4979.3,1
EQ007,2025-09-09 12:00:00,Running,4980.3,0
EQ007,2025-09-09 18:00:00,Standby,4984.2,0
EQ007,2025-09-09 00:00:00,Standby,4986.2,0
EQ007,2025-09-10 06:00:00,Stopped,4986.8,1
EQ007,2025-09-10 12:00:00,Running,4991.3,0
EQ007,2025-09-10 18:00:00,Standby,4992.6,0
EQ007,2025-09-10 00:00:00,Running,4996.7,0
EQ007,2025-09-11 06:00:00,Standby,5002.7,1
EQ007,2025-09-11 12:00:00,Running,5008.2,0
EQ007,2025-09-11 18:00:00,Running,5012.6,0
EQ007,2025-09-11 00:00:00,Running,5017.3,0
EQ007,2025-09-12 06:00:00,Standby,5017.9,0
EQ007,2025-09-12 12:00:00,Stopped,5020.6,1
EQ007,2025-09-12 18:00:00,Running,5024.9,1
EQ007,2025-09-12 00:00:00,Running,5025.6,0
EQ007,2025-09-13 06:00:00,Stopped,5031.2,1
EQ007,2025-09-13 12:00:00,Stopped,5034.3,1
EQ007,2025-09-13 18:00:00,Standby,5036.9,0
EQ007,2025-09-13 00:00:00,Running,5040.7,0
EQ007,2025-09-14 06:00:00,Running,5043.1,0
EQ007,2025-09-14 12:00:00,Stopped,5048.4,1
EQ007,2025-09-14 18:00:00,Running,5048.4,0
EQ007,2025-09-14 00:00:00,Running,5052.6,0
EQ007,2025-09-15 06:00:00,Stopped,5056.1,1
EQ007,2025-09-15 12:00:00,Stopped,5059.3,1
EQ007,2025-09-15 18:00:00,Running,5060.0,1
EQ007,2025-09-15 00:00:00,Standby,5065.8,0
EQ007,2025-09-16 06:00:00,Running,5068.2,0
EQ007,2025-09-16 12:00:00,Running,5070.9,0
EQ007,2025-09-16 18:00:00,Running,5075.7,0
EQ007,2025-09-16 00:00:00,Maintenance,5079.2,1
EQ007,2025-09-17 06:00:00,Standby,5080.6,0
EQ007,2025-09-17 12:00:00,Running,5081.4,0
EQ007,2025-09-17 18:00:00,Running,5084.8,0
EQ007,2025-09-17 00:00:00,Running,5088.0,0
EQ007,2025-09-18 06:00:00,Maintenance,5093.6,1
EQ007,2025-09-18 12:00:00,Running,5095.3,1
EQ007,2025-09-18 18:00:00,Running,5099.0,0
EQ007,2025-09-18 00:00:00,Maintenance,5104.7,1
EQ007,2025-09-19 06:00:00,Running,5107.0,1
EQ007,2025-09-19 12:00:00,Standby,5109.5,0
EQ007,2025-09-19 18:00:00,Running,5112.2,0
EQ007,2025-09-19 00:00:00,Running,5117.0,0
EQ007,2025-09-20 06:00:00,Running,5118.3,1
EQ007,2025-09-20 12:00:00,Running,5121.7,0
EQ007,2025-09-20 18:00:00,Stopped,5124.7,1
EQ007,2025-09-20 00:00:00,Standby,5126.3,0
EQ007,2025-09-21 06:00:00,Standby,5129.6,0
EQ007,2025-09-21 12:00:00,Stopped,5134.2,1
EQ007,2025-09-21 18:00:00,Running,5136.8,0
EQ007,2025-09-21 00:00:00,Stopped,5140.7,1
EQ007,2025-09-22 06:00:00,Running,5140.9,0
EQ007,2025-09-22 12:00:00,Running,5141.4,0
EQ007,2025-09-22 18:00:00,Maintenance,5142.1,1
EQ007,2025-09-22 00:00:00,Stopped,5143.4,1
EQ007,2025-09-23 06:00:00,Stopped,5147.5,1
EQ007,2025-09-23 12:00:00,Maintenance,5151.2,1
EQ007,2025-09-23 18:00:00,Running,5155.9,0
EQ007,2025-09-23 00:00:00,Stopped,5160.7,1
EQ007,2025-09-24 06:00:00,Standby,5164.3,0
EQ007,2025-09-24 12:00:00,Running,5166.1,0
EQ007,2025-09-24 18:00:00,Standby,5169.2,0
EQ007,2025-09-24 00:00:00,Maintenance,5174.1,1
EQ007,2025-09-25 06:00:00,Running,5176.6,0
EQ007,2025-09-25 12:00:00,Running,5180.5,0
EQ007,2025-09-25 18:00:00,Stopped,5181.3,1
EQ007,2025-09-25 00:00:00,Running,5182.8,0
EQ007,2025-09-26 06:00:00,Stopped,5185.2,1
EQ007,2025-09-26 12:00:00,Running,5189.0,0
EQ007,2025-09-26 18:00:00,Running,5193.8,1
EQ007,2025-09-26 00:00:00,Stopped,5196.2,1
EQ007,2025-09-27 06:00:00,Stopped,5200.4,1
EQ007,2025-09-27 12:00:00,Maintenance,5203.1,1
EQ007,2025-09-27 18:00:00,Running,5208.3,0
EQ007,2025-09-27 00:00:00,Stopped,5208.9,1
EQ007,2025-09-28 06:00:00,Maintenance,5212.7,1
EQ007,2025-09-28 12:00:00,Standby,5217.5,0
EQ007,2025-09-28 18:00:00,Running,5222.4,0
EQ007,2025-09-28 00:00:00,Running,5224.1,0
EQ007,2025-09-29 06:00:00,Standby,5229.2,1
EQ007,2025-09-29 12:00:00,Stopped,5234.6,1
EQ007,2025-09-29 18:00:00,Stopped,5234.9,1
EQ007,2025-09-29 00:00:00,Standby,5235.0,0
EQ007,2025-09-30 06:00:00,Maintenance,5235.9,1
EQ007,2025-09-30 12:00:00,Running,5238.5,0
EQ007,2025-09-30 18:00:00,Maintenance,5244.0,1
EQ007,2025-09-30 00:00:00,Maintenance,5245.8,1
EQ008,2025-09-01 06:00:00,Maintenance,7121.6,1
EQ008,2025-09-01 12:00:00,Running,7125.6,1
EQ008,2025-09-01 18:00:00,Standby,7129.4,1
EQ008,2025-09-01 00:00:00,Stopped,7133.9,1
EQ008,2025-09-02 06:00:00,Running,7134.5,1
EQ008,2025-09-02 12:00:00,Running,7138.1,1
EQ008,2025-09-02 18:00:00,Standby,7138.1,0
EQ008,2025-09-02 00:00:00,Running,7143.3,1
EQ008,2025-09-03 06:00:00,Standby,7144.7,0
EQ008,2025-09-03 12:00:00,Running,7145.3,0
EQ008,2025-09-03 18:00:00,Running,7147.6,0
EQ008,2025-09-03 00:00:00,Stopped,7152.8,1
EQ008,2025-09-04 06:00:00,Standby,7153.2,0
EQ008,2025-09-04 12:00:00,Standby,7154.2,0
EQ008,2025-09-04 18:00:00,Running,7158.7,0
EQ008,2025-09-04 00:00:00,Maintenance,7162.4,1
EQ008,2025-09-05 06:00:00,Running,7167.8,0
EQ008,2025-09-05 12:00:00,Running,7172.2,1
EQ008,2025-09-05 18:00:00,Running,7176.9,0
EQ008,2025-09-05 00:00:00,Running,7178.4,0
EQ008,2025-09-06 06:00:00,Standby,7180.1,0
EQ008,2025-09-06 12:00:00,Maintenance,7180.3,1
EQ008,2025-09-06 18:00:00,Stopped,7185.6,1
EQ008,2025-09-06 00:00:00,Running,7186.7,0
EQ008,2025-09-07 06:00:00,Running,7191.4,0
EQ008,2025-09-07 12:00:00,Stopped,7192.8,1
EQ008,2025-09-07 18:00:00,Running,7196.6,0
EQ008,2025-09-07 00:00:00,Running,7196.7,0
EQ008,2025-09-08 06:00:00,Running,7199.0,0
EQ008,2025-09-08 12:00:00,Stopped,7201.5,1
EQ008,2025-09-08 18:00:00,Standby,7204.3,1
EQ008,2025-09-08 00:00:00,Maintenance,7204.7,1
EQ008,2025-09-09 06:00:00,Standby,7206.0,1
EQ008,2025-09-09 12:00:00,Maintenance,7211.7,1
EQ008,2025-09-09 18:00:00,Running,7216.0,0
EQ008,2025-09-09 00:00:00,Stopped,7218.5,1
EQ008,2025-09-10 06:00:00,Running,7221.7,0
EQ008,2025-09-10 12:00:00,Running,7222.2,1
EQ008,2025-09-10 18:00:00,Maintenance,7228.0,1
EQ008,2025-09-10 00:00:00,Running,7231.5,0
EQ008,2025-09-11 06:00:00,Stopped,7235.4,1
EQ008,2025-09-11 12:00:00,Standby,7238.0,0
EQ008,2025-09-11 18:00:00,Maintenance,7239.4,1
EQ008,2025-09-11 00:00:00,Running,7240.1,0
EQ008,2025-09-12 06:00:00,Standby,7244.1,1
EQ008,2025-09-12 12:00:00,Standby,7244.2,1
EQ008,2025-09-12 18:00:00,Running,7247.2,1
EQ008,2025-09-12 00:00:00,Running,7252.1,0
EQ008,2025-09-13 06:00:00,Running,7256.6,0
EQ008,2025-09-13 12:00:00,Maintenance,7261.0,1
EQ008,2025-09-13 18:00:00,Running,7263.0,0
EQ008,2025-09-13 00:00:00,Running,7264.6,0
EQ008,2025-09-14 06:00:00,Maintenance,7268.4,1
EQ008,2025-09-14 12:00:00,Running,7268.7,0
EQ008,2025-09-14 18:00:00,Maintenance,7269.7,1
EQ008,2025-09-14 00:00:00,Running,7275.1,0
EQ008,2025-09-15 06:00:00,Standby,7279.5,1
EQ008,2025-09-15 12:00:00,Running,7279.6,0
EQ008,2025-09-15 18:00:00,Running,7285.1,0
EQ008,2025-09-15 00:00:00,Running,7285.3,0
EQ008,2025-09-16 06:00:00,Stopped,7289.6,1
EQ008,2025-09-16 12:00:00,Standby,7291.1,0
EQ008,2025-09-16 18:00:00,Maintenance,7293.0,1
EQ008,2025-09-16 00:00:00,Stopped,7296.4,1
EQ008,2025-09-17 06:00:00,Running,7296.7,0
EQ008,2025-09-17 12:00:00,Running,7297.0,0
EQ008,2025-09-17 18:00:00,Running,7302.2,0
EQ008,2025-09-17 00:00:00,Stopped,7304.1,1
EQ008,2025-09-18 06:00:00,Running,7306.3,0
EQ008,2025-09-18 12:00:00,Running,7310.7,0
EQ008,2025-09-18 18:00:00,Running,7316.5,0
EQ008,2025-09-18 00:00:00,Maintenance,7321.2,1
EQ008,2025-09-19 06:00:00,Stopped,7324.5,1
EQ008,2025-09-19 12:00:00,Stopped,7325.4,1
EQ008,2025-09-19 18:00:00,Maintenance,7325.5,1
EQ008,2025-09-19 00:00:00,Standby,7329.7,0
EQ008,2025-09-20 06:00:00,Running,7334.3,0
EQ008,2025-09-20 12:00:00,Running,7336.1,0
EQ008,2025-09-20 18:00:00,Running,7338.6,0
EQ008,2025-09-20 00:00:00,Maintenance,7344.4,1
EQ008,2025-09-21 06:00:00,Running,7344.7,0
EQ008,2025-09-21 12:00:00,Running,7347.2,0
EQ008,2025-09-21 18:00:00,Maintenance,7350.0,1
EQ008,2025-09-21 00:00:00,Stopped,7353.5,1
EQ008,2025-09-22 06:00:00,Standby,7355.9,0
EQ008,2025-09-22 12:00:00,Standby,7359.9,1
EQ008,2025-09-22 18:00:00,Running,7365.0,0
EQ008,2025-09-22 00:00:00,Maintenance,7367.4,1
EQ008,2025-09-23 06:00:00,Stopped,7369.4,1
EQ008,2025-09-23 12:00:00,Running,7375.1,0
EQ008,2025-09-23 18:00:00,Running,7375.8,0
EQ008,2025-09-23 00:00:00,Running,7377.7,0
EQ008,2025-09-24 06:00:00,Running,7382.3,0
EQ008,2025-09-24 12:00:00,Running,7387.4,0
EQ008,2025-09-24 18:00:00,Running,7389.2,0
EQ008,2025-09-24 00:00:00,Stopped,7392.8,1
EQ008,2025-09-25 06:00:00,Running,7393.7,0
EQ008,2025-09-25 12:00:00,Stopped,7399.5,1
EQ008,2025-09-25 18:00:00,Running,7401.3,1
EQ008,2025-09-25 00:00:00,Stopped,7402.3,1
EQ008,2025-09-26 06:00:00,Maintenance,7407.4,1
EQ008,2025-09-26 12:00:00,Standby,7408.0,0
EQ008,2025-09-26 18:00:00,Running,7408.7,0
EQ008,2025-09-26 00:00:00,Running,7410.0,0
EQ008,2025-09-27 06:00:00,Running,7414.1,0
EQ008,2025-09-27 12:00:00,Maintenance,7414.6,1
EQ008,2025-09-27 18:00:00,Standby,7415.0,0
EQ008,2025-09-27 00:00:00,Maintenance,7416.2,1
EQ008,2025-09-28 06:00:00,Standby,7416.8,0
EQ008,2025-09-28 12:00:00,Stopped,7421.7,1
EQ008,2025-09-28 18:00:00,Running,7422.0,0
EQ008,2025-09-28 00:00:00,Maintenance,7424.6,1
EQ008,2025-09-29 06:00:00,Stopped,7427.6,1
EQ008,2025-09-29 12:00:00,Running,7429.7,0
EQ008,2025-09-29 18:00:00,Maintenance,7431.3,1
EQ008,2025-09-29 00:00:00,Running,7435.0,1
EQ008,2025-09-30 06:00:00,Standby,7438.0,0
EQ008,2025-09-30 12:00:00,Maintenance,7440.9,1
EQ008,2025-09-30 18:00:00,Running,7443.4,0
EQ008,2025-09-30 00:00:00,Standby,7444.9,0
EQ009,2025-09-01 06:00:00,Standby,7960.9,1
EQ009,2025-09-01 12:00:00,Stopped,7963.8,1
EQ009,2025-09-01 18:00:00,Stopped,7965.9,1
EQ009,2025-09-01 00:00:00,Standby,7967.5,0
EQ009,2025-09-02 06:00:00,Running,7967.7,0
EQ009,2025-09-02 12:00:00,Stopped,7969.4,1
EQ009,2025-09-02 18:00:00,Stopped,7972.2,1
EQ009,2025-09-02 00:00:00,Running,7973.6,0
EQ009,2025-09-03 06:00:00,Running,7975.0,0
EQ009,2025-09-03 12:00:00,Standby,7979.4,0
EQ009,2025-09-03 18:00:00,Stopped,7985.1,1
EQ009,2025-09-03 00:00:00,Standby,7987.4,0
EQ009,2025-09-04 06:00:00,Maintenance,7993.3,1
EQ009,2025-09-04 12:00:00,Running,7995.2,0
EQ009,2025-09-04 18:00:00,Stopped,7997.4,1
EQ009,2025-09-04 00:00:00,Standby,7999.5,0
EQ009,2025-09-05 06:00:00,Standby,8005.2,1
EQ009,2025-09-05 12:00:00,Stopped,8010.1,1
EQ009,2025-09-05 18:00:00,Maintenance,8013.4,1
EQ009,2025-09-05 00:00:00,Running,8013.7,1
EQ009,2025-09-06 06:00:00,Standby,8016.6,1
EQ009,2025-09-06 12:00:00,Running,8021.4,0
EQ009,2025-09-06 18:00:00,Running,8026.2,1
EQ009,2025-09-06 00:00:00,Maintenance,8026.6,1
EQ009,2025-09-07 06:00:00,Running,8027.4,0
EQ009,2025-09-07 12:00:00,Running,8029.6,0
EQ009,2025-09-07 18:00:00,Running,8033.6,0
EQ009,2025-09-07 00:00:00,Standby,8035.5,0
EQ009,2025-09-08 06:00:00,Maintenance,8039.9,1
EQ009,2025-09-08 12:00:00,Running,8042.8,0
EQ009,2025-09-08 18:00:00,Running,8046.2,0
EQ009,2025-09-08 00:00:00,Maintenance,8049.9,1
EQ009,2025-09-09 06:00:00,Running,8054.8,0
EQ009,2025-09-09 12:00:00,Running,8056.6,0
EQ009,2025-09-09 18:00:00,Running,8060.8,1
EQ009,2025-09-09 00:00:00,Standby,8065.4,0
EQ009,2025-09-10 06:00:00,Standby,8067.3,1
EQ009,2025-09-10 12:00:00,Stopped,8071.0,1
EQ009,2025-09-10 18:00:00,Standby,8074.0,1
EQ009,2025-09-10 00:00:00,Running,8076.1,1
EQ009,2025-09-11 06:00:00,Running,8081.9,0
EQ009,2025-09-11 12:00:00,Stopped,8085.9,1
EQ009,2025-09-11 18:00:00,Stopped,8087.9,1
EQ009,2025-09-11 00:00:00,Running,8092.1,0
EQ009,2025-09-12 06:00:00,Running,8096.4,0
EQ009,2025-09-12 12:00:00,Running,8098.9,0
EQ009,2025-09-12 18:00:00,Running,8104.2,0
EQ009,2025-09-12 00:00:00,Running,8109.2,0
EQ009,2025-09-13 06:00:00,Stopped,8112.7,1
EQ009,2025-09-13 12:00:00,Stopped,8114.1,1
EQ009,2025-09-13 18:00:00,Running,8114.3,0
EQ009,2025-09-13 00:00:00,Running,8114.9,0
EQ009,2025-09-14 06:00:00,Running,8115.9,0
EQ009,2025-09-14 12:00:00,Running,8121.8,0
EQ009,2025-09-14 18:00:00,Running,8127.2,0
EQ009,2025-09-14 00:00:00,Stopped,8129.8,1
EQ009,2025-09-15 06:00:00,Standby,8132.4,0
EQ009,2025-09-15 12:00:00,Running,8138.2,0
EQ009,2025-09-15 18:00:00,Running,8143.8,0
EQ009,2025-09-15 00:00:00,Standby,8145.6,0
EQ009,2025-09-16 06:00:00,Running,8148.9,0
EQ009,2025-09-16 12:00:00,Running,8148.9,1
EQ009,2025-09-16 18:00:00,Running,8152.7,0
EQ009,2025-09-16 00:00:00,Running,8153.9,1
EQ009,2025-09-17 06:00:00,Standby,8156.7,0
EQ009,2025-09-17 12:00:00,Running,8159.5,0
EQ009,2025-09-17 18:00:00,Maintenance,8161.1,1
EQ009,2025-09-17 00:00:00,Standby,8163.3,0
EQ009,2025-09-18 06:00:00,Running,8163.6,1
EQ009,2025-09-18 12:00:00,Running,8168.6,0
EQ009,2025-09-18 18:00:00,Standby,8172.8,1
EQ009,2025-09-18 00:00:00,Running,8177.6,0
EQ009,2025-09-19 06:00:00,Running,8179.0,0
EQ009,2025-09-19 12:00:00,Running,8182.1,0
EQ009,2025-09-19 18:00:00,Maintenance,8186.2,1
EQ009,2025-09-19 00:00:00,Maintenance,8189.6,1
EQ009,2025-09-20 06:00:00,Running,8192.0,0
EQ009,2025-09-20 12:00:00,Maintenance,8192.2,1
EQ009,2025-09-20 18:00:00,Standby,8195.6,0
EQ009,2025-09-20 00:00:00,Maintenance,8196.5,1
EQ009,2025-09-21 06:00:00,Maintenance,8199.2,1
EQ009,2025-09-21 12:00:00,Maintenance,8200.2,1
EQ009,2025-09-21 18:00:00,Running,8200.5,1
EQ009,2025-09-21 00:00:00,Running,8201.7,0
EQ009,2025-09-22 06:00:00,Stopped,8202.6,1
EQ009,2025-09-22 12:00:00,Standby,8207.0,0
EQ009,2025-09-22 18:00:00,Stopped,8207.5,1
EQ009,2025-09-22 00:00:00,Standby,8212.6,0
EQ009,2025-09-23 06:00:00,Standby,8212.7,0
EQ009,2025-09-23 12:00:00,Stopped,8216.2,1
EQ009,2025-09-23 18:00:00,Stopped,8216.9,1
EQ009,2025-09-23 00:00:00,Running,8220.4,0
EQ009,2025-09-24 06:00:00,Maintenance,8221.0,1
EQ009,2025-09-24 12:00:00,Running,8225.7,0
EQ009,2025-09-24 18:00:00,Maintenance,8231.0,1
EQ009,2025-09-24 00:00:00,Maintenance,8232.6,1
EQ009,2025-09-25 06:00:00,Standby,8235.4,0
EQ009,2025-09-25 12:00:00,Running,8239.1,0
EQ009,2025-09-25 18:00:00,Standby,8241.5,0
EQ009,2025-09-25 00:00:00,Maintenance,8245.6,1
EQ009,2025-09-26 06:00:00,Running,8247.2,0
EQ009,2025-09-26 12:00:00,Running,8252.0,0
EQ009,2025-09-26 18:00:00,Running,8257.1,0
EQ009,2025-09-26 00:00:00,Standby,8258.5,0
EQ009,2025-09-27 06:00:00,Running,8263.1,0
EQ009,2025-09-27 12:00:00,Running,8266.7,0
EQ009,2025-09-27 18:00:00,Running,8272.2,0
EQ009,2025-09-27 00:00:00,Running,8275.3,0
EQ009,2025-09-28 06:00:00,Running,8280.0,1
EQ009,2025-09-28 12:00:00,Running,8282.4,0
EQ009,2025-09-28 18:00:00,Stopped,8285.5,1
EQ009,2025-09-28 00:00:00,Standby,8290.8,1
EQ009,2025-09-29 06:00:00,Running,8291.0,1
EQ009,2025-09-29 12:00:00,Running,8292.2,0
EQ009,2025-09-29 18:00:00,Running,8294.6,0
EQ009,2025-09-29 00:00:00,Maintenance,8298.7,1
EQ009,2025-09-30 06:00:00,Running,8301.4,0
EQ009,2025-09-30 12:00:00,Maintenance,8304.2,1
EQ009,2025-09-30 18:00:00,Standby,8309.2,0
EQ009,2025-09-30 00:00:00,Running,8309.7,0
EQ010,2025-09-01 06:00:00,Running,1196.9,0
EQ010,2025-09-01 12:00:00,Running,1198.3,0
EQ010,2025-09-01 18:00:00,Running,1201.4,0
EQ010,2025-09-01 00:00:00,Maintenance,1207.2,1
EQ010,2025-09-02 06:00:00,Standby,1208.0,0
EQ010,2025-09-02 12:00:00,Running,1209.3,0
EQ010,2025-09-02 18:00:00,Standby,1213.6,0
EQ010,2025-09-02 00:00:00,Stopped,1215.3,1
EQ010,2025-09-03 06:00:00,Maintenance,1220.4,1
EQ010,2025-09-03 12:00:00,Running,1222.2,0
EQ010,2025-09-03 18:00:00,Standby,1225.7,0
EQ010,2025-09-03 00:00:00,Running,1231.5,0
EQ010,2025-09-04 06:00:00,Stopped,1234.9,1
EQ010,2025-09-04 12:00:00,Standby,1239.0,0
EQ010,2025-09-04 18:00:00,Running,1240.7,0
EQ010,2025-09-04 00:00:00,Running,1244.6,0
EQ010,2025-09-05 06:00:00,Maintenance,1248.5,1
EQ010,2025-09-05 12:00:00,Running,1249.9,0
EQ010,2025-09-05 18:00:00,Running,1254.8,0
EQ010,2025-09-05 00:00:00,Running,1255.6,0
EQ010,2025-09-06 06:00:00,Running,1257.4,0
EQ010,2025-09-06 12:00:00,Maintenance,1259.8,1
EQ010,2025-09-06 18:00:00,Stopped,1263.3,1
EQ010,2025-09-06 00:00:00,Maintenance,1268.2,1
EQ010,2025-09-07 06:00:00,Running,1272.3,0
EQ010,2025-09-07 12:00:00,Standby,1277.9,0
EQ010,2025-09-07 18:00:00,Running,1278.9,0
EQ010,2025-09-07 00:00:00,Standby,1280.7,0
EQ010,2025-09-08 06:00:00,Running,1285.1,0
EQ010,2025-09-08 12:00:00,Standby,1290.8,0
EQ010,2025-09-08 18:00:00,Maintenance,1294.7,1
EQ010,2025-09-08 00:00:00,Running,1299.9,0
EQ010,2025-09-09 06:00:00,Running,1302.1,0
EQ010,2025-09-09 12:00:00,Standby,1302.8,0
EQ010,2025-09-09 18:00:00,Running,1306.3,0
EQ010,2025-09-09 00:00:00,Standby,1307.5,0
EQ010,2025-09-10 06:00:00,Running,1310.7,0
EQ010,2025-09-10 12:00:00,Running,1311.6,0
EQ010,2025-09-10 18:00:00,Maintenance,1313.7,1
EQ010,2025-09-10 00:00:00,Maintenance,1319.1,1
EQ010,2025-09-11 06:00:00,Maintenance,1320.0,1
EQ010,2025-09-11 12:00:00,Maintenance,1321.1,1
EQ010,2025-09-11 18:00:00,Running,1327.0,0
EQ010,2025-09-11 00:00:00,Running,1329.7,1
EQ010,2025-09-12 06:00:00,Running,1333.2,0
EQ010,2025-09-12 12:00:00,Running,1337.9,0
EQ010,2025-09-12 18:00:00,Running,1340.5,0
EQ010,2025-09-12 00:00:00,Running,1340.5,0
EQ010,2025-09-13 06:00:00,Standby,1346.2,0
EQ010,2025-09-13 12:00:00,Maintenance,1350.7,1
EQ010,2025-09-13 18:00:00,Standby,1350.7,1
EQ010,2025-09-13 00:00:00,Stopped,1352.1,1
EQ010,2025-09-14 06:00:00,Maintenance,1354.0,1
EQ010,2025-09-14 12:00:00,Running,1355.8,0
EQ010,2025-09-14 18:00:00,Running,1361.5,1
EQ010,2025-09-14 00:00:00,Running,1364.6,0
EQ010,2025-09-15 06:00:00,Running,1365.4,0
EQ010,2025-09-15 12:00:00,Maintenance,1368.3,1
EQ010,2025-09-15 18:00:00,Stopped,1369.3,1
EQ010,2025-09-15 00:00:00,Maintenance,1374.2,1
EQ010,2025-09-16 06:00:00,Running,1380.1,0
EQ010,2025-09-16 12:00:00,Running,1383.1,1
EQ010,2025-09-16 18:00:00,Running,1387.9,0
EQ010,2025-09-16 00:00:00,Running,1392.5,0
EQ010,2025-09-17 06:00:00,Standby,1392.8,0
EQ010,2025-09-17 12:00:00,Running,1393.1,0
EQ010,2025-09-17 18:00:00,Running,1393.8,0
EQ010,2025-09-17 00:00:00,Running,1395.0,0
EQ010,2025-09-18 06:00:00,Standby,1397.5,1
EQ010,2025-09-18 12:00:00,Running,1401.2,0
EQ010,2025-09-18 18:00:00,Stopped,1403.7,1
EQ010,2025-09-18 00:00:00,Maintenance,1406.8,1
EQ010,2025-09-19 06:00:00,Standby,1411.5,0
EQ010,2025-09-19 12:00:00,Running,1416.2,0
EQ010,2025-09-19 18:00:00,Stopped,1422.0,1
EQ010,2025-09-19 00:00:00,Running,1423.0,0
EQ010,2025-09-20 06:00:00,Standby,1427.1,0
EQ010,2025-09-20 12:00:00,Running,1427.2,0
EQ010,2025-09-20 18:00:00,Running,1430.6,1
EQ010,2025-09-20 00:00:00,Running,1435.3,0
EQ010,2025-09-21 06:00:00,Running,1440.7,0
EQ010,2025-09-21 12:00:00,Standby,1446.6,0
EQ010,2025-09-21 18:00:00,Running,1451.5,1
EQ010,2025-09-21 00:00:00,Maintenance,1456.6,1
EQ010,2025-09-22 06:00:00,Running,1459.2,0
EQ010,2025-09-22 12:00:00,Running,1464.5,0
EQ010,2025-09-22 18:00:00,Running,1468.4,1
EQ010,2025-09-22 00:00:00,Running,1474.1,0
EQ010,2025-09-23 06:00:00,Running,1476.3,0
EQ010,2025-09-23 12:00:00,Running,1478.7,1
EQ010,2025-09-23 18:00:00,Running,1482.8,0
EQ010,2025-09-23 00:00:00,Running,1488.1,0
EQ010,2025-09-24 06:00:00,Running,1492.5,1
EQ010,2025-09-24 12:00:00,Maintenance,1497.6,1
EQ010,2025-09-24 18:00:00,Running,1500.5,0
EQ010,2025-09-24 00:00:00,Standby,1504.2,0
EQ010,2025-09-25 06:00:00,Stopped,1507.9,1
EQ010,2025-09-25 12:00:00,Maintenance,1513.2,1
EQ010,2025-09-25 18:00:00,Stopped,1518.6,1
EQ010,2025-09-25 00:00:00,Running,1523.9,0
EQ010,2025-09-26 06:00:00,Running,1527.8,1
EQ010,2025-09-26 12:00:00,Running,1530.9,0
EQ010,2025-09-26 18:00:00,Stopped,1535.2,1
EQ010,2025-09-26 00:00:00,Running,1540.4,0
EQ010,2025-09-27 06:00:00,Standby,1544.1,0
EQ010,2025-09-27 12:00:00,Running,1547.0,0
EQ010,2025-09-27 18:00:00,Standby,1547.9,0
EQ010,2025-09-27 00:00:00,Stopped,1553.3,1
EQ010,2025-09-28 06:00:00,Standby,1558.9,1
EQ010,2025-09-28 12:00:00,Standby,1561.9,0
EQ010,2025-09-28 18:00:00,Running,1563.8,0
EQ010,2025-09-28 00:00:00,Running,1566.8,0
EQ010,2025-09-29 06:00:00,Standby,1571.7,0
EQ010,2025-09-29 12:00:00,Running,1575.1,0
EQ010,2025-09-29 18:00:00,Running,1577.0,0
EQ010,2025-09-29 00:00:00,Maintenance,1581.5,1
EQ010,2025-09-30 06:00:00,Running,1581.7,0
EQ010,2025-09-30 12:00:00,Standby,1586.5,0
EQ010,2025-09-30 18:00:00,Maintenance,1590.3,1
EQ010,2025-09-30 00:00:00,Maintenance,1593.7,1
EQ011,2025-09-01 06:00:00,Running,5587.2,0
EQ011,2025-09-01 12:00:00,Stopped,5592.3,1
EQ011,2025-09-01 18:00:00,Running,5595.9,0
EQ011,2025-09-01 00:00:00,Stopped,5598.1,1
EQ011,2025-09-02 06:00:00,Running,5602.1,1
EQ011,2025-09-02 12:00:00,Running,5605.9,0
EQ011,2025-09-02 18:00:00,Stopped,5609.2,1
EQ011,2025-09-02 00:00:00,Running,5614.6,1
EQ011,2025-09-03 06:00:00,Running,5619.1,0
EQ011,2025-09-03 12:00:00,Running,5620.3,0
EQ011,2025-09-03 18:00:00,Running,5621.6,0
EQ011,2025-09-03 00:00:00,Stopped,5622.7,1
EQ011,2025-09-04 06:00:00,Running,5623.0,0
EQ011,2025-09-04 12:00:00,Standby,5623.7,0
EQ011,2025-09-04 18:00:00,Maintenance,5626.4,1
EQ011,2025-09-04 00:00:00,Standby,5632.2,0
EQ011,2025-09-05 06:00:00,Running,5635.5,0
EQ011,2025-09-05 12:00:00,Running,5641.0,0
EQ011,2025-09-05 18:00:00,Stopped,5646.5,1
EQ011,2025-09-05 00:00:00,Standby,5651.4,1
EQ011,2025-09-06 06:00:00,Running,5655.0,0
EQ011,2025-09-06 12:00:00,Running,5657.5,0
EQ011,2025-09-06 18:00:00,Standby,5659.0,0
EQ011,2025-09-06 00:00:00,Running,5660.8,0
EQ011,2025-09-07 06:00:00,Stopped,5661.6,1
EQ011,2025-09-07 12:00:00,Standby,5664.7,0
EQ011,2025-09-07 18:00:00,Stopped,5668.0,1
EQ011,2025-09-07 00:00:00,Running,5671.3,0
EQ011,2025-09-08 06:00:00,Running,5675.6,0
EQ011,2025-09-08 12:00:00,Standby,5676.4,0
EQ011,2025-09-08 18:00:00,Stopped,5682.3,1
EQ011,2025-09-08 00:00:00,Running,5686.1,0
EQ011,2025-09-09 06:00:00,Stopped,5690.7,1
EQ011,2025-09-09 12:00:00,Standby,5696.4,0
EQ011,2025-09-09 18:00:00,Stopped,5700.4,1
EQ011,2025-09-09 00:00:00,Maintenance,5703.6,1
EQ011,2025-09-10 06:00:00,Maintenance,5706.1,1
EQ011,2025-09-10 12:00:00,Running,5708.4,1
EQ011,2025-09-10 18:00:00,Running,5710.0,1
EQ011,2025-09-10 00:00:00,Stopped,5715.9,1
EQ011,2025-09-11 06:00:00,Standby,5716.3,1
EQ011,2025-09-11 12:00:00,Stopped,5717.5,1
EQ011,2025-09-11 18:00:00,Standby,5720.2,0
EQ011,2025-09-11 00:00:00,Standby,5723.6,0
EQ011,2025-09-12 06:00:00,Running,5725.9,0
EQ011,2025-09-12 12:00:00,Standby,5730.1,0
EQ011,2025-09-12 18:00:00,Standby,5732.4,1
EQ011,2025-09-12 00:00:00,Running,5736.5,0
EQ011,2025-09-13 06:00:00,Maintenance,5736.8,1
EQ011,2025-09-13 12:00:00,Stopped,5738.0,1
EQ011,2025-09-13 18:00:00,Maintenance,5743.2,1
EQ011,2025-09-13 00:00:00,Running,5747.0,0
EQ011,2025-09-14 06:00:00,Stopped,5749.2,1
EQ011,2025-09-14 12:00:00,Standby,5750.4,0
EQ011,2025-09-14 18:00:00,Stopped,5751.6,1
EQ011,2025-09-14 00:00:00,Running,5752.0,0
EQ011,2025-09-15 06:00:00,Maintenance,5756.4,1
EQ011,2025-09-15 12:00:00,Running,5758.1,1
EQ011,2025-09-15 18:00:00,Running,5763.2,1
EQ011,2025-09-15 00:00:00,Running,5768.8,0
EQ011,2025-09-16 06:00:00,Running,5772.4,0
EQ011,2025-09-16 12:00:00,Stopped,5776.2,1
EQ011,2025-09-16 18:00:00,Stopped,5778.0,1
EQ011,2025-09-16 00:00:00,Stopped,5781.3,1
EQ011,2025-09-17 06:00:00,Running,5784.5,0
EQ011,2025-09-17 12:00:00,Maintenance,5787.6,1
EQ011,2025-09-17 18:00:00,Stopped,5788.6,1
EQ011,2025-09-17 00:00:00,Standby,5790.7,0
EQ011,2025-09-18 06:00:00,Maintenance,5794.7,1
EQ011,2025-09-18 12:00:00,Running,5800.4,0
EQ011,2025-09-18 18:00:00,Standby,5803.8,0
EQ011,2025-09-18 00:00:00,Stopped,5807.7,1
EQ011,2025-09-19 06:00:00,Running,5809.1,0
EQ011,2025-09-19 12:00:00,Standby,5810.6,0
EQ011,2025-09-19 18:00:00,Running,5812.9,0
EQ011,2025-09-19 00:00:00,Stopped,5813.6,1
EQ011,2025-09-20 06:00:00,Running,5813.7,0
EQ011,2025-09-20 12:00:00,Standby,5816.8,0
EQ011,2025-09-20 18:00:00,Standby,5818.6,0
EQ011,2025-09-20 00:00:00,Standby,5819.1,0
EQ011,2025-09-21 06:00:00,Running,5823.7,0
EQ011,2025-09-21 12:00:00,Standby,5825.0,0
EQ011,2025-09-21 18:00:00,Standby,5829.1,0
EQ011,2025-09-21 00:00:00,Stopped,5830.3,1
EQ011,2025-09-22 06:00:00,Stopped,5835.6,1
EQ011,2025-09-22 12:00:00,Stopped,5838.2,1
EQ011,2025-09-22 18:00:00,Stopped,5838.6,1
EQ011,2025-09-22 00:00:00,Standby,5842.9,1
EQ011,2025-09-23 06:00:00,Running,5844.0,1
EQ011,2025-09-23 12:00:00,Running,5848.9,1
EQ011,2025-09-23 18:00:00,Maintenance,5851.3,1
EQ011,2025-09-23 00:00:00,Running,5853.2,0
EQ011,2025-09-24 06:00:00,Running,5853.2,1
EQ011,2025-09-24 12:00:00,Stopped,5853.6,1
EQ011,2025-09-24 18:00:00,Stopped,5853.9,1
EQ011,2025-09-24 00:00:00,Stopped,5856.0,1
EQ011,2025-09-25 06:00:00,Standby,5860.1,0
EQ011,2025-09-25 12:00:00,Standby,5865.7,0
EQ011,2025-09-25 18:00:00,Running,5865.9,0
EQ011,2025-09-25 00:00:00,Running,5870.4,0
EQ011,2025-09-26 06:00:00,Stopped,5875.5,1
EQ011,2025-09-26 12:00:00,Running,5877.3,0
EQ011,2025-09-26 18:00:00,Maintenance,5883.1,1
EQ011,2025-09-26 00:00:00,Maintenance,5887.0,1
EQ011,2025-09-27 06:00:00,Maintenance,5887.1,1
EQ011,2025-09-27 12:00:00,Maintenance,5887.9,1
EQ011,2025-09-27 18:00:00,Running,5890.3,0
EQ011,2025-09-27 00:00:00,Standby,5891.6,1
EQ011,2025-09-28 06:00:00,Stopped,5896.0,1
EQ011,2025-09-28 12:00:00,Running,5901.1,0
EQ011,2025-09-28 18:00:00,Running,5904.8,1
EQ011,2025-09-28 00:00:00,Running,5908.8,1
EQ011,2025-09-29 06:00:00,Standby,5913.3,1
EQ011,2025-09-29 12:00:00,Maintenance,5916.6,1
EQ011,2025-09-29 18:00:00,Standby,5920.6,1
EQ011,2025-09-29 00:00:00,Running,5924.1,1
EQ011,2025-09-30 06:00:00,Maintenance,5926.2,1
EQ011,2025-09-30 12:00:00,Standby,5927.9,0
EQ011,2025-09-30 18:00:00,Running,5930.8,1
EQ011,2025-09-30 00:00:00,Running,5935.0,0
EQ012,2025-09-01 06:00:00,Standby,2072.6,0
EQ012,2025-09-01 12:00:00,Running,2077.3,0
EQ012,2025-09-01 18:00:00,Stopped,2081.1,1
EQ012,2025-09-01 00:00:00,Running,2085.2,0
EQ012,2025-09-02 06:00:00,Running,2087.9,0
EQ012,2025-09-02 12:00:00,Stopped,2090.8,1
EQ012,2025-09-02 18:00:00,Running,2091.3,0
EQ012,2025-09-02 00:00:00,Running,2096.6,0
EQ012,2025-09-03 06:00:00,Running,2100.4,0
EQ012,2025-09-03 12:00:00,Stopped,2105.8,1
EQ012,2025-09-03 18:00:00,Stopped,2109.6,1
EQ012,2025-09-03 00:00:00,Stopped,2113.1,1
EQ012,2025-09-04 06:00:00,Stopped,2114.4,1
EQ012,2025-09-04 12:00:00,Running,2119.8,0
EQ012,2025-09-04 18:00:00,Standby,2120.7,0
EQ012,2025-09-04 00:00:00,Running,2124.2,0
EQ012,2025-09-05 06:00:00,Maintenance,2125.0,1
EQ012,2025-09-05 12:00:00,Standby,2127.2,1
EQ012,2025-09-05 18:00:00,Running,2133.0,0
EQ012,2025-09-05 00:00:00,Maintenance,2137.1,1
EQ012,2025-09-06 06:00:00,Stopped,2137.9,1
EQ012,2025-09-06 12:00:00,Running,2141.3,0
EQ012,2025-09-06 18:00:00,Maintenance,2142.2,1
EQ012,2025-09-06 00:00:00,Stopped,2147.8,1
EQ012,2025-09-07 06:00:00,Running,2149.2,0
EQ012,2025-09-07 12:00:00,Running,2153.2,0
EQ012,2025-09-07 18:00:00,Standby,2155.5,0
EQ012,2025-09-07 00:00:00,Maintenance,2160.8,1
EQ012,2025-09-08 06:00:00,Running,2161.4,0
EQ012,2025-09-08 12:00:00,Maintenance,2165.2,1
EQ012,2025-09-08 18:00:00,Running,2168.7,0
EQ012,2025-09-08 00:00:00,Standby,2171.0,0
EQ012,2025-09-09 06:00:00,Standby,2171.5,0
EQ012,2025-09-09 12:00:00,Running,2172.8,0
EQ012,2025-09-09 18:00:00,Running,2174.9,0
EQ012,2025-09-09 00:00:00,Stopped,2180.2,1
EQ012,2025-09-10 06:00:00,Running,2182.8,0
EQ012,2025-09-10 12:00:00,Running,2184.5,0
EQ012,2025-09-10 18:00:00,Running,2188.1,1
EQ012,2025-09-10 00:00:00,Stopped,2192.1,1
EQ012,2025-09-11 06:00:00,Running,2192.8,0
EQ012,2025-09-11 12:00:00,Standby,2196.3,0
EQ012,2025-09-11 18:00:00,Standby,2197.8,0
EQ012,2025-09-11 00:00:00,Running,2198.6,0
EQ012,2025-09-12 06:00:00,Standby,2199.5,0
EQ012,2025-09-12 12:00:00,Running,2202.6,0
EQ012,2025-09-12 18:00:00,Running,2206.4,0
EQ012,2025-09-12 00:00:00,Maintenance,2210.8,1
EQ012,2025-09-13 06:00:00,Stopped,2216.5,1
EQ012,2025-09-13 12:00:00,Running,2219.3,0
EQ012,2025-09-13 18:00:00,Running,2221.8,0
EQ012,2025-09-13 00:00:00,Running,2226.4,0
EQ012,2025-09-14 06:00:00,Standby,2227.4,0
EQ012,2025-09-14 12:00:00,Standby,2231.0,0
EQ012,2025-09-14 18:00:00,Running,2231.8,0
EQ012,2025-09-14 00:00:00,Running,2237.3,0
EQ012,2025-09-15 06:00:00,Standby,2240.9,0
EQ012,2025-09-15 12:00:00,Running,2244.5,0
EQ012,2025-09-15 18:00:00,Maintenance,2247.7,1
EQ012,2025-09-15 00:00:00,Stopped,2248.3,1
EQ012,2025-09-16 06:00:00,Standby,2251.5,0
EQ012,2025-09-16 12:00:00,Running,2255.6,0
EQ012,2025-09-16 18:00:00,Running,2260.8,0
EQ012,2025-09-16 00:00:00,Standby,2266.4,0
EQ012,2025-09-17 06:00:00,Running,2268.5,0
EQ012,2025-09-17 12:00:00,Stopped,2273.9,1
EQ012,2025-09-17 18:00:00,Stopped,2277.4,1
EQ012,2025-09-17 00:00:00,Running,2282.0,0
EQ012,2025-09-18 06:00:00,Maintenance,2282.5,1
EQ012,2025-09-18 12:00:00,Standby,2284.0,0
EQ012,2025-09-18 18:00:00,Running,2284.0,0
EQ012,2025-09-18 00:00:00,Standby,2286.3,0
EQ012,2025-09-19 06:00:00,Running,2288.8,0
EQ012,2025-09-19 12:00:00,Running,2292.3,0
EQ012,2025-09-19 18:00:00,Running,2295.7,0
EQ012,2025-09-19 00:00:00,Standby,2298.1,0
EQ012,2025-09-20 06:00:00,Running,2301.4,0
EQ012,2025-09-20 12:00:00,Running,2304.3,0
EQ012,2025-09-20 18:00:00,Maintenance,2307.8,1
EQ012,2025-09-20 00:00:00,Stopped,2310.2,1
EQ012,2025-09-21 06:00:00,Running,2310.9,0
EQ012,2025-09-21 12:00:00,Running,2316.6,0
EQ012,2025-09-21 18:00:00,Running,2321.3,0
EQ012,2025-09-21 00:00:00,Stopped,2325.0,1
EQ012,2025-09-22 06:00:00,Standby,2327.3,1
EQ012,2025-09-22 12:00:00,Standby,2332.2,0
EQ012,2025-09-22 18:00:00,Running,2332.7,0
EQ012,2025-09-22 00:00:00,Running,2336.4,0
EQ012,2025-09-23 06:00:00,Stopped,2342.0,1
EQ012,2025-09-23 12:00:00,Running,2343.7,0
EQ012,2025-09-23 18:00:00,Maintenance,2344.0,1
EQ012,2025-09-23 00:00:00,Stopped,2345.1,1
EQ012,2025-09-24 06:00:00,Running,2350.2,1
EQ012,2025-09-24 12:00:00,Maintenance,2353.3,1
EQ012,2025-09-24 18:00:00,Running,2356.4,0
EQ012,2025-09-24 00:00:00,Standby,2360.4,0
EQ012,2025-09-25 06:00:00,Running,2366.3,0
EQ012,2025-09-25 12:00:00,Running,2368.7,0
EQ012,2025-09-25 18:00:00,Standby,2369.9,0
EQ012,2025-09-25 00:00:00,Running,2375.4,0
EQ012,2025-09-26 06:00:00,Standby,2378.8,0
EQ012,2025-09-26 12:00:00,Standby,2383.7,0
EQ012,2025-09-26 18:00:00,Running,2386.4,0
EQ012,2025-09-26 00:00:00,Running,2387.5,1
EQ012,2025-09-27 06:00:00,Standby,2390.5,0
EQ012,2025-09-27 12:00:00,Running,2393.6,1
EQ012,2025-09-27 18:00:00,Running,2398.4,0
EQ012,2025-09-27 00:00:00,Running,2400.7,0
EQ012,2025-09-28 06:00:00,Running,2402.7,0
EQ012,2025-09-28 12:00:00,Stopped,2406.8,1
EQ012,2025-09-28 18:00:00,Maintenance,2412.0,1
EQ012,2025-09-28 00:00:00,Running,2414.3,0
EQ012,2025-09-29 06:00:00,Stopped,2415.6,1
EQ012,2025-09-29 12:00:00,Stopped,2420.4,1
EQ012,2025-09-29 18:00:00,Running,2423.6,0
EQ012,2025-09-29 00:00:00,Stopped,2425.2,1
EQ012,2025-09-30 06:00:00,Running,2429.7,0
EQ012,2025-09-30 12:00:00,Running,2430.8,0
EQ012,2025-09-30 18:00:00,Running,2434.2,0
EQ012,2025-09-30 00:00:00,Running,2439.8,0
EQ013,2025-09-01 06:00:00,Stopped,2332.6,1
EQ013,2025-09-01 12:00:00,Running,2334.0,0
EQ013,2025-09-01 18:00:00,Stopped,2339.0,1
EQ013,2025-09-01 00:00:00,Running,2339.7,0
EQ013,2025-09-02 06:00:00,Running,2342.7,0
EQ013,2025-09-02 12:00:00,Running,2348.4,0
EQ013,2025-09-02 18:00:00,Stopped,2350.6,1
EQ013,2025-09-02 00:00:00,Running,2355.9,0
EQ013,2025-09-03 06:00:00,Standby,2357.0,0
EQ013,2025-09-03 12:00:00,Stopped,2360.1,1
EQ013,2025-09-03 18:00:00,Running,2360.9,0
EQ013,2025-09-03 00:00:00,Standby,2366.5,0
EQ013,2025-09-04 06:00:00,Running,2371.7,0
EQ013,2025-09-04 12:00:00,Stopped,2374.4,1
EQ013,2025-09-04 18:00:00,Running,2376.3,0
EQ013,2025-09-04 00:00:00,Running,2378.6,0
EQ013,2025-09-05 06:00:00,Running,2383.8,0
EQ013,2025-09-05 12:00:00,Running,2385.4,0
EQ013,2025-09-05 18:00:00,Maintenance,2387.5,1
EQ013,2025-09-05 00:00:00,Running,2390.0,0
EQ013,2025-09-06 06:00:00,Stopped,2392.2,1
EQ013,2025-09-06 12:00:00,Running,2395.6,0
EQ013,2025-09-06 18:00:00,Maintenance,2399.7,1
EQ013,2025-09-06 00:00:00,Stopped,2404.0,1
EQ013,2025-09-07 06:00:00,Stopped,2407.3,1
EQ013,2025-09-07 12:00:00,Maintenance,2408.5,1
EQ013,2025-09-07 18:00:00,Stopped,2412.9,1
EQ013,2025-09-07 00:00:00,Running,2415.4,1
EQ013,2025-09-08 06:00:00,Running,2419.2,0
EQ013,2025-09-08 12:00:00,Standby,2422.1,0
EQ013,2025-09-08 18:00:00,Running,2422.4,0
EQ013,2025-09-08 00:00:00,Running,2423.7,1
EQ013,2025-09-09 06:00:00,Running,2424.3,0
EQ013,2025-09-09 12:00:00,Stopped,2425.9,1
EQ013,2025-09-09 18:00:00,Running,2430.8,0
EQ013,2025-09-09 00:00:00,Running,2432.9,0
EQ013,2025-09-10 06:00:00,Standby,2436.4,0
EQ013,2025-09-10 12:00:00,Standby,2442.3,0
EQ013,2025-09-10 18:00:00,Running,2445.4,0
EQ013,2025-09-10 00:00:00,Stopped,2448.1,1
EQ013,2025-09-11 06:00:00,Running,2450.9,0
EQ013,2025-09-11 12:00:00,Maintenance,2456.1,1
EQ013,2025-09-11 18:00:00,Standby,2458.6,0
EQ013,2025-09-11 00:00:00,Standby,2464.0,0
EQ013,2025-09-12 06:00:00,Running,2465.9,0
EQ013,2025-09-12 12:00:00,Standby,2469.5,0
EQ013,2025-09-12 18:00:00,Running,2474.2,0
EQ013,2025-09-12 00:00:00,Maintenance,2478.7,1
EQ013,2025-09-13 06:00:00,Standby,2479.7,0
EQ013,2025-09-13 12:00:00,Maintenance,2480.5,1
EQ013,2025-09-13 18:00:00,Running,2485.0,0
EQ013,2025-09-13 00:00:00,Stopped,2486.3,1
EQ013,2025-09-14 06:00:00,Running,2491.9,1
EQ013,2025-09-14 12:00:00,Running,2496.5,1
EQ013,2025-09-14 18:00:00,Standby,2497.1,0
EQ013,2025-09-14 00:00:00,Standby,2502.7,1
EQ013,2025-09-15 06:00:00,Running,2507.1,0
EQ013,2025-09-15 12:00:00,Running,2510.3,1
EQ013,2025-09-15 18:00:00,Running,2512.4,1
EQ013,2025-09-15 00:00:00,Maintenance,2517.6,1
EQ013,2025-09-16 06:00:00,Running,2523.2,0
EQ013,2025-09-16 12:00:00,Standby,2528.9,1
EQ013,2025-09-16 18:00:00,Standby,2531.6,0
EQ013,2025-09-16 00:00:00,Stopped,2536.9,1
EQ013,2025-09-17 06:00:00,Running,2540.1,0
EQ013,2025-09-17 12:00:00,Maintenance,2543.0,1
EQ013,2025-09-17 18:00:00,Running,2544.8,1
EQ013,2025-09-17 00:00:00,Running,2544.9,1
EQ013,2025-09-18 06:00:00,Standby,2545.7,0
EQ013,2025-09-18 12:00:00,Running,2549.8,0
EQ013,2025-09-18 18:00:00,Running,2551.6,0
EQ013,2025-09-18 00:00:00,Stopped,2556.4,1
EQ013,2025-09-19 06:00:00,Standby,2559.7,0
EQ013,2025-09-19 12:00:00,Running,2562.3,0
EQ013,2025-09-19 18:00:00,Running,2566.2,0
EQ013,2025-09-19 00:00:00,Stopped,2567.5,1
EQ013,2025-09-20 06:00:00,Running,2570.6,0
EQ013,2025-09-20 12:00:00,Stopped,2574.3,1
EQ013,2025-09-20 18:00:00,Standby,2578.2,0
EQ013,2025-09-20 00:00:00,Standby,2579.3,0
EQ013,2025-09-21 06:00:00,Running,2580.0,1
EQ013,2025-09-21 12:00:00,Running,2584.2,0
EQ013,2025-09-21 18:00:00,Running,2585.1,0
EQ013,2025-09-21 00:00:00,Maintenance,2585.2,1
EQ013,2025-09-22 06:00:00,Maintenance,2586.9,1
EQ013,2025-09-22 12:00:00,Running,2586.9,0
EQ013,2025-09-22 18:00:00,Running,2588.2,1
EQ013,2025-09-22 00:00:00,Running,2591.2,0
EQ013,2025-09-23 06:00:00,Running,2591.4,0
EQ013,2025-09-23 12:00:00,Running,2592.3,0
EQ013,2025-09-23 18:00:00,Running,2595.6,0
EQ013,2025-09-23 00:00:00,Running,2597.1,0
EQ013,2025-09-24 06:00:00,Running,2602.9,1
EQ013,2025-09-24 12:00:00,Stopped,2605.2,1
EQ013,2025-09-24 18:00:00,Maintenance,2606.7,1
EQ013,2025-09-24 00:00:00,Maintenance,2607.9,1
EQ013,2025-09-25 06:00:00,Stopped,2608.5,1
EQ013,2025-09-25 12:00:00,Standby,2610.8,0
EQ013,2025-09-25 18:00:00,Maintenance,2616.4,1
EQ013,2025-09-25 00:00:00,Running,2620.9,0
EQ013,2025-09-26 06:00:00,Standby,2623.8,1
EQ013,2025-09-26 12:00:00,Running,2624.1,0
EQ013,2025-09-26 18:00:00,Standby,2625.5,0
EQ013,2025-09-26 00:00:00,Running,2630.3,1
EQ013,2025-09-27 06:00:00,Standby,2631.8,0
EQ013,2025-09-27 12:00:00,Maintenance,2635.3,1
EQ013,2025-09-27 18:00:00,Standby,2636.2,0
EQ013,2025-09-27 00:00:00,Stopped,2637.7,1
EQ013,2025-09-28 06:00:00,Running,2639.7,0
EQ013,2025-09-28 12:00:00,Maintenance,2644.3,1
EQ013,2025-09-28 18:00:00,Running,2645.2,0
EQ013,2025-09-28 00:00:00,Standby,2648.1,1
EQ013,2025-09-29 06:00:00,Running,2652.0,0
EQ013,2025-09-29 12:00:00,Running,2656.4,0
EQ013,2025-09-29 18:00:00,Running,2660.7,0
EQ013,2025-09-29 00:00:00,Running,2664.9,1
EQ013,2025-09-30 06:00:00,Standby,2667.8,0
EQ013,2025-09-30 12:00:00,Standby,2669.7,0
EQ013,2025-09-30 18:00:00,Running,2673.3,0
EQ013,2025-09-30 00:00:00,Maintenance,2674.3,1
EQ014,2025-09-01 06:00:00,Running,4721.2,0
EQ014,2025-09-01 12:00:00,Running,4724.2,0
EQ014,2025-09-01 18:00:00,Stopped,4729.5,1
EQ014,2025-09-01 00:00:00,Standby,4733.2,0
EQ014,2025-09-02 06:00:00,Running,4739.0,1
EQ014,2025-09-02 12:00:00,Stopped,4740.1,1
EQ014,2025-09-02 18:00:00,Standby,4741.0,0
EQ014,2025-09-02 00:00:00,Running,4742.9,0
EQ014,2025-09-03 06:00:00,Running,4743.2,0
EQ014,2025-09-03 12:00:00,Maintenance,4744.3,1
EQ014,2025-09-03 18:00:00,Running,4745.4,1
EQ014,2025-09-03 00:00:00,Running,4747.7,0
EQ014,2025-09-04 06:00:00,Running,4751.2,0
EQ014,2025-09-04 12:00:00,Running,4755.5,0
EQ014,2025-09-04 18:00:00,Running,4759.4,0
EQ014,2025-09-04 00:00:00,Maintenance,4764.4,1
EQ014,2025-09-05 06:00:00,Running,4766.6,0
EQ014,2025-09-05 12:00:00,Stopped,4771.9,1
EQ014,2025-09-05 18:00:00,Stopped,4776.7,1
EQ014,2025-09-05 00:00:00,Running,4779.9,0
EQ014,2025-09-06 06:00:00,Stopped,4784.9,1
EQ014,2025-09-06 12:00:00,Running,4788.0,0
EQ014,2025-09-06 18:00:00,Running,4790.3,0
EQ014,2025-09-06 00:00:00,Running,4793.7,0
EQ014,2025-09-07 06:00:00,Maintenance,4797.1,1
EQ014,2025-09-07 12:00:00,Standby,4801.7,0
EQ014,2025-09-07 18:00:00,Standby,4805.9,0
EQ014,2025-09-07 00:00:00,Running,4810.7,1
EQ014,2025-09-08 06:00:00,Standby,4814.6,0
EQ014,2025-09-08 12:00:00,Standby,4820.2,0
EQ014,2025-09-08 18:00:00,Maintenance,4823.5,1
EQ014,2025-09-08 00:00:00,Maintenance,4828.6,1
EQ014,2025-09-09 06:00:00,Running,4833.6,0
EQ014,2025-09-09 12:00:00,Running,4836.9,0
EQ014,2025-09-09 18:00:00,Running,4841.4,0
EQ014,2025-09-09 00:00:00,Running,4847.2,0
EQ014,2025-09-10 06:00:00,Running,4848.9,1
EQ014,2025-09-10 12:00:00,Running,4854.2,1
EQ014,2025-09-10 18:00:00,Running,4855.5,0
EQ014,2025-09-10 00:00:00,Running,4861.2,0
EQ014,2025-09-11 06:00:00,Stopped,4866.7,1
EQ014,2025-09-11 12:00:00,Standby,4870.1,0
EQ014,2025-09-11 18:00:00,Running,4871.0,0
EQ014,2025-09-11 00:00:00,Running,4872.5,0
EQ014,2025-09-12 06:00:00,Running,4875.9,0
EQ014,2025-09-12 12:00:00,Standby,4876.4,0
EQ014,2025-09-12 18:00:00,Running,4879.3,0
EQ014,2025-09-12 00:00:00,Maintenance,4883.5,1
EQ014,2025-09-13 06:00:00,Stopped,4884.1,1
EQ014,2025-09-13 12:00:00,Standby,4889.0,1
EQ014,2025-09-13 18:00:00,Running,4894.5,0
EQ014,2025-09-13 00:00:00,Running,4897.1,0
EQ014,2025-09-14 06:00:00,Maintenance,4897.8,1
EQ014,2025-09-14 12:00:00,Stopped,4902.3,1
EQ014,2025-09-14 18:00:00,Stopped,4907.9,1
EQ014,2025-09-14 00:00:00,Standby,4908.2,0
EQ014,2025-09-15 06:00:00,Standby,4911.6,0
EQ014,2025-09-15 12:00:00,Running,4912.5,0
EQ014,2025-09-15 18:00:00,Standby,4918.3,0
EQ014,2025-09-15 00:00:00,Stopped,4921.8,1
EQ014,2025-09-16 06:00:00,Running,4926.5,0
EQ014,2025-09-16 12:00:00,Running,4929.4,0
EQ014,2025-09-16 18:00:00,Stopped,4932.7,1
EQ014,2025-09-16 00:00:00,Running,4935.3,0
EQ014,2025-09-17 06:00:00,Standby,4938.2,0
EQ014,2025-09-17 12:00:00,Running,4941.6,0
EQ014,2025-09-17 18:00:00,Standby,4944.7,0
EQ014,2025-09-17 00:00:00,Running,4947.3,0
EQ014,2025-09-18 06:00:00,Standby,4948.0,0
EQ014,2025-09-18 12:00:00,Running,4949.1,0
EQ014,2025-09-18 18:00:00,Running,4953.7,0
EQ014,2025-09-18 00:00:00,Running,4958.6,0
EQ014,2025-09-19 06:00:00,Stopped,4962.3,1
EQ014,2025-09-19 12:00:00,Running,4963.7,0
EQ014,2025-09-19 18:00:00,Standby,4968.1,1
EQ014,2025-09-19 00:00:00,Running,4969.6,0
EQ014,2025-09-20 06:00:00,Standby,4974.6,1
EQ014,2025-09-20 12:00:00,Running,4979.4,0
EQ014,2025-09-20 18:00:00,Running,4981.4,0
EQ014,2025-09-20 00:00:00,Stopped,4982.7,1
EQ014,2025-09-21 06:00:00,Standby,4986.0,0
EQ014,2025-09-21 12:00:00,Standby,4990.2,0
EQ014,2025-09-21 18:00:00,Standby,4995.6,0
EQ014,2025-09-21 00:00:00,Standby,4996.0,0
EQ014,2025-09-22 06:00:00,Running,4997.6,0
EQ014,2025-09-22 12:00:00,Running,4998.0,0
EQ014,2025-09-22 18:00:00,Standby,5003.5,0
EQ014,2025-09-22 00:00:00,Running,5005.3,1
EQ014,2025-09-23 06:00:00,Maintenance,5007.6,1
EQ014,2025-09-23 12:00:00,Maintenance,5010.7,1
EQ014,2025-09-23 18:00:00,Stopped,5016.1,1
EQ014,2025-09-23 00:00:00,Running,5016.6,0
EQ014,2025-09-24 06:00:00,Running,5020.0,0
EQ014,2025-09-24 12:00:00,Stopped,5020.2,1
EQ014,2025-09-24 18:00:00,Maintenance,5022.0,1
EQ014,2025-09-24 00:00:00,Running,5022.1,0
EQ014,2025-09-25 06:00:00,Standby,5023.9,0
EQ014,2025-09-25 12:00:00,Maintenance,5029.8,1
EQ014,2025-09-25 18:00:00,Running,5031.3,1
EQ014,2025-09-25 00:00:00,Running,5037.2,0
EQ014,2025-09-26 06:00:00,Maintenance,5042.9,1
EQ014,2025-09-26 12:00:00,Running,5045.3,0
EQ014,2025-09-26 18:00:00,Running,5048.4,0
EQ014,2025-09-26 00:00:00,Standby,5052.5,0
EQ014,2025-09-27 06:00:00,Running,5055.1,0
EQ014,2025-09-27 12:00:00,Running,5057.8,0
EQ014,2025-09-27 18:00:00,Running,5061.3,0
EQ014,2025-09-27 00:00:00,Standby,5062.1,0
EQ014,2025-09-28 06:00:00,Standby,5067.6,0
EQ014,2025-09-28 12:00:00,Running,5072.2,0
EQ014,2025-09-28 18:00:00,Standby,5073.1,0
EQ014,2025-09-28 00:00:00,Running,5077.4,0
EQ014,2025-09-29 06:00:00,Running,5078.3,0
EQ014,2025-09-29 12:00:00,Running,5084.1,0
EQ014,2025-09-29 18:00:00,Maintenance,5085.9,1
EQ014,2025-09-29 00:00:00,Stopped,5090.8,1
EQ014,2025-09-30 06:00:00,Standby,5091.7,0
EQ014,2025-09-30 12:00:00,Running,5091.9,1
EQ014,2025-09-30 18:00:00,Maintenance,5095.6,1
EQ014,2025-09-30 00:00:00,Standby,5099.2,0
EQ015,2025-09-01 06:00:00,Running,2621.1,1
EQ015,2025-09-01 12:00:00,Running,2623.9,0
EQ015,2025-09-01 18:00:00,Standby,2626.2,1
EQ015,2025-09-01 00:00:00,Running,2627.6,1
EQ015,2025-09-02 06:00:00,Running,2633.2,0
EQ015,2025-09-02 12:00:00,Maintenance,2634.5,1
EQ015,2025-09-02 18:00:00,Standby,2635.7,0
EQ015,2025-09-02 00:00:00,Running,2638.3,0
EQ015,2025-09-03 06:00:00,Standby,2643.5,0
EQ015,2025-09-03 12:00:00,Maintenance,2646.1,1
EQ015,2025-09-03 18:00:00,Stopped,2649.7,1
EQ015,2025-09-03 00:00:00,Stopped,2654.0,1
EQ015,2025-09-04 06:00:00,Running,2657.4,0
EQ015,2025-09-04 12:00:00,Standby,2661.6,0
EQ015,2025-09-04 18:00:00,Running,2664.3,1
EQ015,2025-09-04 00:00:00,Maintenance,2669.6,1
EQ015,2025-09-05 06:00:00,Running,2675.5,0
EQ015,2025-09-05 12:00:00,Running,2680.1,0
EQ015,2025-09-05 18:00:00,Maintenance,2681.2,1
EQ015,2025-09-05 00:00:00,Running,2685.8,0
EQ015,2025-09-06 06:00:00,Running,2687.6,1
EQ015,2025-09-06 12:00:00,Maintenance,2691.7,1
EQ015,2025-09-06 18:00:00,Maintenance,2694.5,1
EQ015,2025-09-06 00:00:00,Standby,2697.5,1
EQ015,2025-09-07 06:00:00,Running,2702.9,0
EQ015,2025-09-07 12:00:00,Standby,2704.8,0
EQ015,2025-09-07 18:00:00,Running,2710.2,0
EQ015,2025-09-07 00:00:00,Maintenance,2715.5,1
EQ015,2025-09-08 06:00:00,Running,2719.4,0
EQ015,2025-09-08 12:00:00,Stopped,2720.4,1
EQ015,2025-09-08 18:00:00,Stopped,2720.9,1
EQ015,2025-09-08 00:00:00,Stopped,2724.7,1
EQ015,2025-09-09 06:00:00,Running,2729.1,0
EQ015,2025-09-09 12:00:00,Maintenance,2732.8,1
EQ015,2025-09-09 18:00:00,Running,2733.1,0
EQ015,2025-09-09 00:00:00,Running,2738.3,0
EQ015,2025-09-10 06:00:00,Maintenance,2739.3,1
EQ015,2025-09-10 12:00:00,Running,2739.6,0
EQ015,2025-09-10 18:00:00,Running,2745.4,0
EQ015,2025-09-10 00:00:00,Running,2750.8,1
EQ015,2025-09-11 06:00:00,Maintenance,2750.8,1
EQ015,2025-09-11 12:00:00,Stopped,2750.9,1
EQ015,2025-09-11 18:00:00,Running,2755.7,0
EQ015,2025-09-11 00:00:00,Standby,2757.0,0
EQ015,2025-09-12 06:00:00,Standby,2759.7,0
EQ015,2025-09-12 12:00:00,Standby,2765.0,1
EQ015,2025-09-12 18:00:00,Running,2769.9,0
EQ015,2025-09-12 00:00:00,Running,2770.2,1
EQ015,2025-09-13 06:00:00,Running,2770.4,1
EQ015,2025-09-13 12:00:00,Standby,2772.4,0
EQ015,2025-09-13 18:00:00,Running,2778.4,1
EQ015,2025-09-13 00:00:00,Running,2782.4,0
EQ015,2025-09-14 06:00:00,Standby,2785.8,0
EQ015,2025-09-14 12:00:00,Maintenance,2790.3,1
EQ015,2025-09-14 18:00:00,Running,2794.9,1
EQ015,2025-09-14 00:00:00,Running,2799.8,0
EQ015,2025-09-15 06:00:00,Stopped,2804.9,1
EQ015,2025-09-15 12:00:00,Running,2805.6,0
EQ015,2025-09-15 18:00:00,Maintenance,2807.6,1
EQ015,2025-09-15 00:00:00,Running,2808.9,0
EQ015,2025-09-16 06:00:00,Running,2814.8,0
EQ015,2025-09-16 12:00:00,Standby,2819.1,1
EQ015,2025-09-16 18:00:00,Standby,2823.3,0
EQ015,2025-09-16 00:00:00,Running,2824.9,0
EQ015,2025-09-17 06:00:00,Standby,2830.5,0
EQ015,2025-09-17 12:00:00,Standby,2834.9,0
EQ015,2025-09-17 18:00:00,Running,2840.2,0
EQ015,2025-09-17 00:00:00,Running,2841.4,0
EQ015,2025-09-18 06:00:00,Running,2846.2,0
EQ015,2025-09-18 12:00:00,Stopped,2847.4,1
EQ015,2025-09-18 18:00:00,Standby,2847.7,0
EQ015,2025-09-18 00:00:00,Running,2849.0,0
EQ015,2025-09-19 06:00:00,Standby,2850.5,0
EQ015,2025-09-19 12:00:00,Running,2853.8,0
EQ015,2025-09-19 18:00:00,Stopped,2854.5,1
EQ015,2025-09-19 00:00:00,Running,2857.9,0
EQ015,2025-09-20 06:00:00,Maintenance,2862.9,1
EQ015,2025-09-20 12:00:00,Running,2868.4,0
EQ015,2025-09-20 18:00:00,Running,2868.6,0
EQ015,2025-09-20 00:00:00,Running,2871.4,1
EQ015,2025-09-21 06:00:00,Maintenance,2876.8,1
EQ015,2025-09-21 12:00:00,Running,2882.4,0
EQ015,2025-09-21 18:00:00,Running,2885.8,0
EQ015,2025-09-21 00:00:00,Standby,2885.9,0
EQ015,2025-09-22 06:00:00,Standby,2891.4,0
EQ015,2025-09-22 12:00:00,Stopped,2891.8,1
EQ015,2025-09-22 18:00:00,Running,2893.8,0
EQ015,2025-09-22 00:00:00,Running,2894.8,0
EQ015,2025-09-23 06:00:00,Standby,2895.5,1
EQ015,2025-09-23 12:00:00,Stopped,2897.3,1
EQ015,2025-09-23 18:00:00,Maintenance,2901.6,1
EQ015,2025-09-23 00:00:00,Running,2906.9,1
EQ015,2025-09-24 06:00:00,Running,2908.7,0
EQ015,2025-09-24 12:00:00,Standby,2910.9,1
EQ015,2025-09-24 18:00:00,Running,2911.5,0
EQ015,2025-09-24 00:00:00,Standby,2916.9,0
EQ015,2025-09-25 06:00:00,Running,2919.8,0
EQ015,2025-09-25 12:00:00,Maintenance,2921.7,1
EQ015,2025-09-25 18:00:00,Running,2922.3,0
EQ015,2025-09-25 00:00:00,Maintenance,2925.4,1
EQ015,2025-09-26 06:00:00,Maintenance,2926.6,1
EQ015,2025-09-26 12:00:00,Running,2931.8,0
EQ015,2025-09-26 18:00:00,Running,2932.1,0
EQ015,2025-09-26 00:00:00,Stopped,2937.3,1
EQ015,2025-09-27 06:00:00,Running,2937.9,0
EQ015,2025-09-27 12:00:00,Stopped,2942.4,1
EQ015,2025-09-27 18:00:00,Running,2946.2,0
EQ015,2025-09-27 00:00:00,Running,2947.9,0
EQ015,2025-09-28 06:00:00,Standby,2951.9,0
EQ015,2025-09-28 12:00:00,Running,2952.6,1
EQ015,2025-09-28 18:00:00,Maintenance,2956.0,1
EQ015,2025-09-28 00:00:00,Running,2959.3,0
EQ015,2025-09-29 06:00:00,Running,2964.1,0
EQ015,2025-09-29 12:00:00,Standby,2966.0,1
EQ015,2025-09-29 18:00:00,Maintenance,2969.2,1
EQ015,2025-09-29 00:00:00,Running,2974.6,1
EQ015,2025-09-30 06:00:00,Running,2975.1,0
EQ015,2025-09-30 12:00:00,Running,2980.4,0
EQ015,2025-09-30 18:00:00,Standby,2983.1,0
EQ015,2025-09-30 00:00:00,Running,2984.3,0
EQ016,2025-09-01 06:00:00,Stopped,6309.3,1
EQ016,2025-09-01 12:00:00,Maintenance,6313.9,1
EQ016,2025-09-01 18:00:00,Standby,6318.7,1
EQ016,2025-09-01 00:00:00,Standby,6320.6,1
EQ016,2025-09-02 06:00:00,Standby,6323.4,0
EQ016,2025-09-02 12:00:00,Maintenance,6324.3,1
EQ016,2025-09-02 18:00:00,Maintenance,6325.8,1
EQ016,2025-09-02 00:00:00,Running,6331.3,1
EQ016,2025-09-03 06:00:00,Running,6333.2,0
EQ016,2025-09-03 12:00:00,Running,6333.9,1
EQ016,2025-09-03 18:00:00,Running,6335.6,0
EQ016,2025-09-03 00:00:00,Running,6338.6,0
EQ016,2025-09-04 06:00:00,Running,6339.2,0
EQ016,2025-09-04 12:00:00,Standby,6341.0,1
EQ016,2025-09-04 18:00:00,Running,6342.4,0
EQ016,2025-09-04 00:00:00,Running,6345.3,1
EQ016,2025-09-05 06:00:00,Running,6349.5,0
EQ016,2025-09-05 12:00:00,Running,6352.9,0
EQ016,2025-09-05 18:00:00,Running,6353.9,0
EQ016,2025-09-05 00:00:00,Standby,6358.2,0
EQ016,2025-09-06 06:00:00,Stopped,6358.9,1
EQ016,2025-09-06 12:00:00,Standby,6359.5,0
EQ016,2025-09-06 18:00:00,Running,6361.9,0
EQ016,2025-09-06 00:00:00,Standby,6365.5,0
EQ016,2025-09-07 06:00:00,Stopped,6367.5,1
EQ016,2025-09-07 12:00:00,Standby,6368.8,1
EQ016,2025-09-07 18:00:00,Running,6373.3,0
EQ016,2025-09-07 00:00:00,Stopped,6377.8,1
EQ016,2025-09-08 06:00:00,Standby,6379.5,0
EQ016,2025-09-08 12:00:00,Standby,6380.7,0
EQ016,2025-09-08 18:00:00,Maintenance,6382.5,1
EQ016,2025-09-08 00:00:00,Stopped,6386.6,1
EQ016,2025-09-09 06:00:00,Maintenance,6392.2,1
EQ016,2025-09-09 12:00:00,Stopped,6397.7,1
EQ016,2025-09-09 18:00:00,Maintenance,6401.2,1
EQ016,2025-09-09 00:00:00,Standby,6406.3,0
EQ016,2025-09-10 06:00:00,Maintenance,6406.7,1
EQ016,2025-09-10 12:00:00,Maintenance,6412.5,1
EQ016,2025-09-10 18:00:00,Running,6418.4,0
EQ016,2025-09-10 00:00:00,Running,6418.6,0
EQ016,2025-09-11 06:00:00,Running,6422.4,0
EQ016,2025-09-11 12:00:00,Stopped,6424.8,1
EQ016,2025-09-11 18:00:00,Running,6425.8,0
EQ016,2025-09-11 00:00:00,Running,6430.9,0
EQ016,2025-09-12 06:00:00,Running,6432.6,0
EQ016,2025-09-12 12:00:00,Maintenance,6433.4,1
EQ016,2025-09-12 18:00:00,Running,6434.3,0
EQ016,2025-09-12 00:00:00,Maintenance,6438.2,1
EQ016,2025-09-13 06:00:00,Maintenance,6439.0,1
EQ016,2025-09-13 12:00:00,Running,6444.2,0
EQ016,2025-09-13 18:00:00,Maintenance,6448.4,1
EQ016,2025-09-13 00:00:00,Maintenance,6452.1,1
EQ016,2025-09-14 06:00:00,Running,6457.0,0
EQ016,2025-09-14 12:00:00,Running,6459.5,0
EQ016,2025-09-14 18:00:00,Running,6463.9,0
EQ016,2025-09-14 00:00:00,Stopped,6465.5,1
EQ016,2025-09-15 06:00:00,Maintenance,6469.0,1
EQ016,2025-09-15 12:00:00,Running,6471.9,1
EQ016,2025-09-15 18:00:00,Running,6477.7,0
EQ016,2025-09-15 00:00:00,Running,6480.9,0
EQ016,2025-09-16 06:00:00,Maintenance,6485.4,1
EQ016,2025-09-16 12:00:00,Running,6488.5,0
EQ016,2025-09-16 18:00:00,Standby,6492.3,0
EQ016,2025-09-16 00:00:00,Standby,6496.4,0
EQ016,2025-09-17 06:00:00,Standby,6500.1,0
EQ016,2025-09-17 12:00:00,Maintenance,6503.3,1
EQ016,2025-09-17 18:00:00,Running,6508.7,0
EQ016,2025-09-17 00:00:00,Standby,6510.8,0
EQ016,2025-09-18 06:00:00,Maintenance,6512.6,1
EQ016,2025-09-18 12:00:00,Running,6516.2,0
EQ016,2025-09-18 18:00:00,Running,6517.8,0
EQ016,2025-09-18 00:00:00,Standby,6521.2,0
EQ016,2025-09-19 06:00:00,Standby,6525.6,0
EQ016,2025-09-19 12:00:00,Running,6526.4,0
EQ016,2025-09-19 18:00:00,Running,6527.9,0
EQ016,2025-09-19 00:00:00,Standby,6529.4,0
EQ016,2025-09-20 06:00:00,Stopped,6533.0,1
EQ016,2025-09-20 12:00:00,Maintenance,6537.4,1
EQ016,2025-09-20 18:00:00,Standby,6538.5,0
EQ016,2025-09-20 00:00:00,Stopped,6539.9,1
EQ016,2025-09-21 06:00:00,Running,6540.1,0
EQ016,2025-09-21 12:00:00,Maintenance,6545.9,1
EQ016,2025-09-21 18:00:00,Standby,6550.9,0
EQ016,2025-09-21 00:00:00,Stopped,6553.4,1
EQ016,2025-09-22 06:00:00,Running,6557.8,0
EQ016,2025-09-22 12:00:00,Running,6562.9,0
EQ016,2025-09-22 18:00:00,Running,6567.8,0
EQ016,2025-09-22 00:00:00,Running,6570.7,0
EQ016,2025-09-23 06:00:00,Running,6576.2,0
EQ016,2025-09-23 12:00:00,Running,6578.5,0
EQ016,2025-09-23 18:00:00,Running,6581.1,0
EQ016,2025-09-23 00:00:00,Running,6583.4,0
EQ016,2025-09-24 06:00:00,Running,6589.1,0
EQ016,2025-09-24 12:00:00,Running,6591.2,0
EQ016,2025-09-24 18:00:00,Stopped,6594.9,1
EQ016,2025-09-24 00:00:00,Standby,6596.5,0
EQ016,2025-09-25 06:00:00,Stopped,6598.0,1
EQ016,2025-09-25 12:00:00,Standby,6602.1,0
EQ016,2025-09-25 18:00:00,Running,6606.7,0
EQ016,2025-09-25 00:00:00,Standby,6612.7,0
EQ016,2025-09-26 06:00:00,Running,6612.8,1
EQ016,2025-09-26 12:00:00,Running,6616.0,0
EQ016,2025-09-26 18:00:00,Standby,6620.4,0
EQ016,2025-09-26 00:00:00,Running,6624.1,1
EQ016,2025-09-27 06:00:00,Running,6629.5,0
EQ016,2025-09-27 12:00:00,Running,6630.2,0
EQ016,2025-09-27 18:00:00,Maintenance,6630.7,1
EQ016,2025-09-27 00:00:00,Standby,6635.3,0
EQ016,2025-09-28 06:00:00,Standby,6636.4,0
EQ016,2025-09-28 12:00:00,Running,6638.2,1
EQ016,2025-09-28 18:00:00,Standby,6640.9,1
EQ016,2025-09-28 00:00:00,Maintenance,6645.5,1
EQ016,2025-09-29 06:00:00,Standby,6650.1,0
EQ016,2025-09-29 12:00:00,Running,6651.8,0
EQ016,2025-09-29 18:00:00,Running,6657.8,0
EQ016,2025-09-29 00:00:00,Running,6658.9,0
EQ016,2025-09-30 06:00:00,Running,6660.1,0
EQ016,2025-09-30 12:00:00,Running,6660.8,0
EQ016,2025-09-30 18:00:00,Standby,6664.5,0
EQ016,2025-09-30 00:00:00,Running,6666.1,0
EQ017,2025-09-01 06:00:00,Running,1248.7,0
EQ017,2025-09-01 12:00:00,Running,1252.6,0
EQ017,2025-09-01 18:00:00,Running,1254.9,1
EQ017,2025-09-01 00:00:00,Running,1257.2,0
EQ017,2025-09-02 06:00:00,Running,1261.8,0
EQ017,2025-09-02 12:00:00,Running,1266.2,0
EQ017,2025-09-02 18:00:00,Stopped,1266.6,1
EQ017,2025-09-02 00:00:00,Running,1270.7,0
EQ017,2025-09-03 06:00:00,Stopped,1271.4,1
EQ017,2025-09-03 12:00:00,Standby,1273.4,0
EQ017,2025-09-03 18:00:00,Running,1279.4,1
EQ017,2025-09-03 00:00:00,Standby,1284.5,0
EQ017,2025-09-04 06:00:00,Running,1289.1,0
EQ017,2025-09-04 12:00:00,Running,1292.4,0
EQ017,2025-09-04 18:00:00,Maintenance,1296.4,1
EQ017,2025-09-04 00:00:00,Running,1297.0,0
EQ017,2025-09-05 06:00:00,Standby,1302.3,0
EQ017,2025-09-05 12:00:00,Running,1302.5,1
EQ017,2025-09-05 18:00:00,Running,1303.9,0
EQ017,2025-09-05 00:00:00,Running,1307.8,0
EQ017,2025-09-06 06:00:00,Running,1312.7,0
EQ017,2025-09-06 12:00:00,Maintenance,1312.8,1
EQ017,2025-09-06 18:00:00,Running,1317.1,0
EQ017,2025-09-06 00:00:00,Running,1321.0,0
EQ017,2025-09-07 06:00:00,Standby,1326.2,0
EQ017,2025-09-07 12:00:00,Standby,1327.6,0
EQ017,2025-09-07 18:00:00,Running,1330.5,0
EQ017,2025-09-07 00:00:00,Running,1334.2,0
EQ017,2025-09-08 06:00:00,Running,1334.3,0
EQ017,2025-09-08 12:00:00,Standby,1339.2,0
EQ017,2025-09-08 18:00:00,Running,1344.2,0
EQ017,2025-09-08 00:00:00,Running,1344.9,0
EQ017,2025-09-09 06:00:00,Standby,1345.3,0
EQ017,2025-09-09 12:00:00,Running,1350.3,0
EQ017,2025-09-09 18:00:00,Stopped,1352.7,1
EQ017,2025-09-09 00:00:00,Running,1356.0,0
EQ017,2025-09-10 06:00:00,Running,1357.3,0
EQ017,2025-09-10 12:00:00,Running,1357.7,1
EQ017,2025-09-10 18:00:00,Running,1358.7,0
EQ017,2025-09-10 00:00:00,Running,1360.2,1
EQ017,2025-09-11 06:00:00,Standby,1364.9,1
EQ017,2025-09-11 12:00:00,Standby,1365.8,0
EQ017,2025-09-11 18:00:00,Maintenance,1366.3,1
EQ017,2025-09-11 00:00:00,Running,1370.5,0
EQ017,2025-09-12 06:00:00,Standby,1374.7,0
EQ017,2025-09-12 12:00:00,Stopped,1377.6,1
EQ017,2025-09-12 18:00:00,Running,1379.2,1
EQ017,2025-09-12 00:00:00,Running,1380.2,0
EQ017,2025-09-13 06:00:00,Standby,1384.5,0
EQ017,2025-09-13 12:00:00,Standby,1389.5,1
EQ017,2025-09-13 18:00:00,Running,1392.8,0
EQ017,2025-09-13 00:00:00,Running,1398.7,0
EQ017,2025-09-14 06:00:00,Standby,1404.6,0
EQ017,2025-09-14 12:00:00,Standby,1408.4,0
EQ017,2025-09-14 18:00:00,Running,1409.1,1
EQ017,2025-09-14 00:00:00,Running,1414.6,0
EQ017,2025-09-15 06:00:00,Running,1420.1,1
EQ017,2025-09-15 12:00:00,Running,1421.4,0
EQ017,2025-09-15 18:00:00,Running,1426.7,0
EQ017,2025-09-15 00:00:00,Running,1427.0,1
EQ017,2025-09-16 06:00:00,Standby,1427.2,1
EQ017,2025-09-16 12:00:00,Standby,1428.6,1
EQ017,2025-09-16 18:00:00,Running,1431.1,0
EQ017,2025-09-16 00:00:00,Stopped,1436.5,1
EQ017,2025-09-17 06:00:00,Running,1437.9,1
EQ017,2025-09-17 12:00:00,Running,1439.1,0
EQ017,2025-09-17 18:00:00,Maintenance,1439.5,1
EQ017,2025-09-17 00:00:00,Standby,1442.1,1
EQ017,2025-09-18 06:00:00,Running,1443.2,0
EQ017,2025-09-18 12:00:00,Running,1444.4,0
EQ017,2025-09-18 18:00:00,Running,1446.4,0
EQ017,2025-09-18 00:00:00,Running,1448.1,0
EQ017,2025-09-19 06:00:00,Running,1450.6,0
EQ017,2025-09-19 12:00:00,Stopped,1451.9,1
EQ017,2025-09-19 18:00:00,Running,1456.7,1
EQ017,2025-09-19 00:00:00,Maintenance,1462.1,1
EQ017,2025-09-20 06:00:00,Standby,1463.5,0
EQ017,2025-09-20 12:00:00,Running,1468.7,0
EQ017,2025-09-20 18:00:00,Running,1471.5,0
EQ017,2025-09-20 00:00:00,Running,1476.7,0
EQ017,2025-09-21 06:00:00,Running,1478.0,0
EQ017,2025-09-21 12:00:00,Maintenance,1483.7,1
EQ017,2025-09-21 18:00:00,Maintenance,1489.1,1
EQ017,2025-09-21 00:00:00,Running,1495.0,1
EQ017,2025-09-22 06:00:00,Stopped,1498.0,1
EQ017,2025-09-22 12:00:00,Running,1502.9,0
EQ017,2025-09-22 18:00:00,Standby,1505.9,1
EQ017,2025-09-22 00:00:00,Running,1510.1,0
EQ017,2025-09-23 06:00:00,Running,1512.3,0
EQ017,2025-09-23 12:00:00,Running,1512.4,0
EQ017,2025-09-23 18:00:00,Standby,1515.2,1
EQ017,2025-09-23 00:00:00,Standby,1521.1,0
EQ017,2025-09-24 06:00:00,Running,1525.3,1
EQ017,2025-09-24 12:00:00,Running,1529.1,0
EQ017,2025-09-24 18:00:00,Stopped,1529.1,1
EQ017,2025-09-24 00:00:00,Standby,1533.2,0
EQ017,2025-09-25 06:00:00,Standby,1537.7,0
EQ017,2025-09-25 12:00:00,Standby,1541.2,0
EQ017,2025-09-25 18:00:00,Running,1544.9,0
EQ017,2025-09-25 00:00:00,Running,1548.0,0
EQ017,2025-09-26 06:00:00,Maintenance,1550.2,1
EQ017,2025-09-26 12:00:00,Running,1553.0,0
EQ017,2025-09-26 18:00:00,Running,1556.9,0
EQ017,2025-09-26 00:00:00,Stopped,1560.3,1
EQ017,2025-09-27 06:00:00,Stopped,1561.1,1
EQ017,2025-09-27 12:00:00,Running,1565.0,0
EQ017,2025-09-27 18:00:00,Stopped,1569.5,1
EQ017,2025-09-27 00:00:00,Maintenance,1573.7,1
EQ017,2025-09-28 06:00:00,Stopped,1578.3,1
EQ017,2025-09-28 12:00:00,Running,1581.3,0
EQ017,2025-09-28 18:00:00,Running,1583.5,1
EQ017,2025-09-28 00:00:00,Running,1588.5,0
EQ017,2025-09-29 06:00:00,Running,1593.5,0
EQ017,2025-09-29 12:00:00,Maintenance,1596.2,1
EQ017,2025-09-29 18:00:00,Running,1600.4,0
EQ017,2025-09-29 00:00:00,Maintenance,1605.7,1
EQ017,2025-09-30 06:00:00,Running,1606.2,0
EQ017,2025-09-30 12:00:00,Running,1611.9,1
EQ017,2025-09-30 18:00:00,Running,1612.6,1
EQ017,2025-09-30 00:00:00,Running,1613.8,1
EQ018,2025-09-01 06:00:00,Running,7668.8,0
EQ018,2025-09-01 12:00:00,Maintenance,7671.6,1
EQ018,2025-09-01 18:00:00,Running,7671.7,0
EQ018,2025-09-01 00:00:00,Running,7676.5,1
EQ018,2025-09-02 06:00:00,Stopped,7679.6,1
EQ018,2025-09-02 12:00:00,Running,7683.5,0
EQ018,2025-09-02 18:00:00,Stopped,7686.4,1
EQ018,2025-09-02 00:00:00,Standby,7689.7,0
EQ018,2025-09-03 06:00:00,Running,7695.1,0
EQ018,2025-09-03 12:00:00,Running,7696.5,0
EQ018,2025-09-03 18:00:00,Running,7701.6,0
EQ018,2025-09-03 00:00:00,Running,7707.3,0
EQ018,2025-09-04 06:00:00,Standby,7710.5,1
EQ018,2025-09-04 12:00:00,Running,7714.7,1
EQ018,2025-09-04 18:00:00,Maintenance,7719.5,1
EQ018,2025-09-04 00:00:00,Running,7725.5,1
EQ018,2025-09-05 06:00:00,Standby,7727.7,0
EQ018,2025-09-05 12:00:00,Running,7731.7,0
EQ018,2025-09-05 18:00:00,Maintenance,7732.6,1
EQ018,2025-09-05 00:00:00,Running,7735.8,0
EQ018,2025-09-06 06:00:00,Running,7741.4,1
EQ018,2025-09-06 12:00:00,Stopped,7747.1,1
EQ018,2025-09-06 18:00:00,Maintenance,7748.0,1
EQ018,2025-09-06 00:00:00,Maintenance,7751.3,1
EQ018,2025-09-07 06:00:00,Standby,7753.1,0
EQ018,2025-09-07 12:00:00,Maintenance,7758.9,1
EQ018,2025-09-07 18:00:00,Stopped,7764.9,1
EQ018,2025-09-07 00:00:00,Standby,7769.3,0
EQ018,2025-09-08 06:00:00,Maintenance,7771.3,1
EQ018,2025-09-08 12:00:00,Running,7771.5,0
EQ018,2025-09-08 18:00:00,Standby,7771.6,1
EQ018,2025-09-08 00:00:00,Standby,7773.7,0
EQ018,2025-09-09 06:00:00,Running,7774.9,0
EQ018,2025-09-09 12:00:00,Standby,7779.5,0
EQ018,2025-09-09 18:00:00,Running,7784.6,1
EQ018,2025-09-09 00:00:00,Standby,7790.5,0
EQ018,2025-09-10 06:00:00,Running,7794.1,0
EQ018,2025-09-10 12:00:00,Standby,7798.1,1
EQ018,2025-09-10 18:00:00,Running,7800.7,0
EQ018,2025-09-10 00:00:00,Running,7802.8,1
EQ018,2025-09-11 06:00:00,Running,7806.2,0
EQ018,2025-09-11 12:00:00,Running,7810.6,0
EQ018,2025-09-11 18:00:00,Running,7811.6,0
EQ018,2025-09-11 00:00:00,Stopped,7817.0,1
EQ018,2025-09-12 06:00:00,Stopped,7819.5,1
EQ018,2025-09-12 12:00:00,Stopped,7823.1,1
EQ018,2025-09-12 18:00:00,Running,7829.0,0
EQ018,2025-09-12 00:00:00,Standby,7834.6,0
EQ018,2025-09-13 06:00:00,Standby,7834.6,0
EQ018,2025-09-13 12:00:00,Standby,7835.6,0
EQ018,2025-09-13 18:00:00,Running,7841.1,0
EQ018,2025-09-13 00:00:00,Running,7842.8,0
EQ018,2025-09-14 06:00:00,Running,7844.6,0
EQ018,2025-09-14 12:00:00,Standby,7849.0,0
EQ018,2025-09-14 18:00:00,Running,7849.9,0
EQ018,2025-09-14 00:00:00,Running,7853.7,0
EQ018,2025-09-15 06:00:00,Running,7855.4,0
EQ018,2025-09-15 12:00:00,Running,7859.3,0
EQ018,2025-09-15 18:00:00,Running,7862.3,0
EQ018,2025-09-15 00:00:00,Maintenance,7865.9,1
EQ018,2025-09-16 06:00:00,Running,7868.5,0
EQ018,2025-09-16 12:00:00,Running,7874.3,0
EQ018,2025-09-16 18:00:00,Stopped,7876.5,1
EQ018,2025-09-16 00:00:00,Stopped,7876.6,1
EQ018,2025-09-17 06:00:00,Running,7877.5,0
EQ018,2025-09-17 12:00:00,Running,7879.6,0
EQ018,2025-09-17 18:00:00,Running,7883.4,0
EQ018,2025-09-17 00:00:00,Maintenance,7883.7,1
EQ018,2025-09-18 06:00:00,Running,7884.2,0
EQ018,2025-09-18 12:00:00,Running,7888.8,0
EQ018,2025-09-18 18:00:00,Standby,7890.7,1
EQ018,2025-09-18 00:00:00,Running,7895.5,0
EQ018,2025-09-19 06:00:00,Running,7897.7,0
EQ018,2025-09-19 12:00:00,Standby,7898.6,0
EQ018,2025-09-19 18:00:00,Running,7903.3,0
EQ018,2025-09-19 00:00:00,Running,7904.3,0
EQ018,2025-09-20 06:00:00,Running,7909.3,0
EQ018,2025-09-20 12:00:00,Stopped,7912.7,1
EQ018,2025-09-20 18:00:00,Standby,7917.8,0
EQ018,2025-09-20 00:00:00,Stopped,7922.0,1
EQ018,2025-09-21 06:00:00,Stopped,7924.5,1
EQ018,2025-09-21 12:00:00,Maintenance,7925.2,1
EQ018,2025-09-21 18:00:00,Running,7927.3,1
EQ018,2025-09-21 00:00:00,Standby,7930.0,1
EQ018,2025-09-22 06:00:00,Maintenance,7933.1,1
EQ018,2025-09-22 12:00:00,Maintenance,7934.1,1
EQ018,2025-09-22 18:00:00,Running,7934.8,0
EQ018,2025-09-22 00:00:00,Running,7938.9,0
EQ018,2025-09-23 06:00:00,Running,7944.8,0
EQ018,2025-09-23 12:00:00,Running,7945.5,0
EQ018,2025-09-23 18:00:00,Running,7948.1,0
EQ018,2025-09-23 00:00:00,Running,7952.1,1
EQ018,2025-09-24 06:00:00,Standby,7957.6,0
EQ018,2025-09-24 12:00:00,Running,7957.7,0
EQ018,2025-09-24 18:00:00,Running,7961.3,1
EQ018,2025-09-24 00:00:00,Standby,7965.3,0
EQ018,2025-09-25 06:00:00,Running,7969.8,1
EQ018,2025-09-25 12:00:00,Running,7971.9,0
EQ018,2025-09-25 18:00:00,Maintenance,7976.6,1
EQ018,2025-09-25 00:00:00,Standby,7977.0,0
EQ018,2025-09-26 06:00:00,Stopped,7981.6,1
EQ018,2025-09-26 12:00:00,Standby,7987.4,0
EQ018,2025-09-26 18:00:00,Running,7987.4,0
EQ018,2025-09-26 00:00:00,Stopped,7992.9,1
EQ018,2025-09-27 06:00:00,Maintenance,7998.0,1
EQ018,2025-09-27 12:00:00,Running,7999.1,0
EQ018,2025-09-27 18:00:00,Standby,8004.1,1
EQ018,2025-09-27 00:00:00,Maintenance,8006.6,1
EQ018,2025-09-28 06:00:00,Standby,8011.2,0
EQ018,2025-09-28 12:00:00,Running,8014.3,0
EQ018,2025-09-28 18:00:00,Running,8016.0,0
EQ018,2025-09-28 00:00:00,Stopped,8016.5,1
EQ018,2025-09-29 06:00:00,Running,8019.2,0
EQ018,2025-09-29 12:00:00,Stopped,8023.3,1
EQ018,2025-09-29 18:00:00,Stopped,8024.7,1
EQ018,2025-09-29 00:00:00,Running,8027.3,0
EQ018,2025-09-30 06:00:00,Maintenance,8032.7,1
EQ018,2025-09-30 12:00:00,Stopped,8038.3,1
EQ018,2025-09-30 18:00:00,Running,8042.3,1
EQ018,2025-09-30 00:00:00,Standby,8045.4,0
EQ019,2025-09-01 06:00:00,Running,5739.8,0
EQ019,2025-09-01 12:00:00,Maintenance,5744.2,1
EQ019,2025-09-01 18:00:00,Maintenance,5745.2,1
EQ019,2025-09-01 00:00:00,Running,5746.4,1
EQ019,2025-09-02 06:00:00,Stopped,5748.8,1
EQ019,2025-09-02 12:00:00,Running,5751.8,0
EQ019,2025-09-02 18:00:00,Stopped,5756.4,1
EQ019,2025-09-02 00:00:00,Standby,5761.2,0
EQ019,2025-09-03 06:00:00,Maintenance,5763.3,1
EQ019,2025-09-03 12:00:00,Standby,5769.2,0
EQ019,2025-09-03 18:00:00,Standby,5771.9,1
EQ019,2025-09-03 00:00:00,Running,5773.3,0
EQ019,2025-09-04 06:00:00,Maintenance,5773.5,1
EQ019,2025-09-04 12:00:00,Stopped,5778.5,1
EQ019,2025-09-04 18:00:00,Running,5779.6,1
EQ019,2025-09-04 00:00:00,Standby,5781.4,0
EQ019,2025-09-05 06:00:00,Standby,5785.4,0
EQ019,2025-09-05 12:00:00,Standby,5788.2,0
EQ019,2025-09-05 18:00:00,Running,5791.2,0
EQ019,2025-09-05 00:00:00,Standby,5794.4,0
EQ019,2025-09-06 06:00:00,Running,5800.3,0
EQ019,2025-09-06 12:00:00,Maintenance,5801.0,1
EQ019,2025-09-06 18:00:00,Running,5803.7,0
EQ019,2025-09-06 00:00:00,Running,5807.7,1
EQ019,2025-09-07 06:00:00,Stopped,5813.0,1
EQ019,2025-09-07 12:00:00,Running,5814.9,0
EQ019,2025-09-07 18:00:00,Running,5818.3,0
EQ019,2025-09-07 00:00:00,Running,5821.5,0
EQ019,2025-09-08 06:00:00,Running,5822.4,0
EQ019,2025-09-08 12:00:00,Running,5825.9,0
EQ019,2025-09-08 18:00:00,Running,5830.5,0
EQ019,2025-09-08 00:00:00,Running,5834.0,1
EQ019,2025-09-09 06:00:00,Running,5838.9,0
EQ019,2025-09-09 12:00:00,Standby,5842.7,0
EQ019,2025-09-09 18:00:00,Running,5848.7,0
EQ019,2025-09-09 00:00:00,Running,5850.2,1
EQ019,2025-09-10 06:00:00,Running,5850.7,0
EQ019,2025-09-10 12:00:00,Standby,5851.4,0
EQ019,2025-09-10 18:00:00,Running,5851.6,0
EQ019,2025-09-10 00:00:00,Standby,5854.7,0
EQ019,2025-09-11 06:00:00,Running,5857.5,1
EQ019,2025-09-11 12:00:00,Running,5860.9,0
EQ019,2025-09-11 18:00:00,Running,5863.8,1
EQ019,2025-09-11 00:00:00,Standby,5866.8,0
EQ019,2025-09-12 06:00:00,Stopped,5870.8,1
EQ019,2025-09-12 12:00:00,Running,5876.6,0
EQ019,2025-09-12 18:00:00,Running,5882.4,0
EQ019,2025-09-12 00:00:00,Running,5883.7,0
EQ019,2025-09-13 06:00:00,Running,5887.1,0
EQ019,2025-09-13 12:00:00,Stopped,5890.8,1
EQ019,2025-09-13 18:00:00,Maintenance,5895.1,1
EQ019,2025-09-13 00:00:00,Standby,5896.7,0
EQ019,2025-09-14 06:00:00,Standby,5899.3,0
EQ019,2025-09-14 12:00:00,Running,5904.2,1
EQ019,2025-09-14 18:00:00,Standby,5908.2,0
EQ019,2025-09-14 00:00:00,Running,5909.7,0
EQ019,2025-09-15 06:00:00,Standby,5913.0,0
EQ019,2025-09-15 12:00:00,Maintenance,5916.8,1
EQ019,2025-09-15 18:00:00,Standby,5919.8,1
EQ019,2025-09-15 00:00:00,Standby,5925.4,0
EQ019,2025-09-16 06:00:00,Running,5930.3,0
EQ019,2025-09-16 12:00:00,Maintenance,5935.7,1
EQ019,2025-09-16 18:00:00,Maintenance,5940.1,1
EQ019,2025-09-16 00:00:00,Running,5942.9,0
EQ019,2025-09-17 06:00:00,Running,5947.5,0
EQ019,2025-09-17 12:00:00,Stopped,5950.0,1
EQ019,2025-09-17 18:00:00,Maintenance,5955.5,1
EQ019,2025-09-17 00:00:00,Standby,5957.1,0
EQ019,2025-09-18 06:00:00,Running,5961.2,1
EQ019,2025-09-18 12:00:00,Running,5962.1,0
EQ019,2025-09-18 18:00:00,Running,5964.0,0
EQ019,2025-09-18 00:00:00,Running,5966.5,0
EQ019,2025-09-19 06:00:00,Maintenance,5967.7,1
EQ019,2025-09-19 12:00:00,Running,5972.4,1
EQ019,2025-09-19 18:00:00,Running,5976.3,0
EQ019,2025-09-19 00:00:00,Running,5981.0,0
EQ019,2025-09-20 06:00:00,Running,5982.9,0
EQ019,2025-09-20 12:00:00,Running,5988.6,1
EQ019,2025-09-20 18:00:00,Maintenance,5992.6,1
EQ019,2025-09-20 00:00:00,Maintenance,5995.0,1
EQ019,2025-09-21 06:00:00,Stopped,6000.1,1
EQ019,2025-09-21 12:00:00,Running,6003.1,0
EQ019,2025-09-21 18:00:00,Running,6006.6,0
EQ019,2025-09-21 00:00:00,Stopped,6009.8,1
EQ019,2025-09-22 06:00:00,Running,6013.4,1
EQ019,2025-09-22 12:00:00,Stopped,6015.3,1
EQ019,2025-09-22 18:00:00,Stopped,6019.7,1
EQ019,2025-09-22 00:00:00,Stopped,6024.2,1
EQ019,2025-09-23 06:00:00,Maintenance,6025.5,1
EQ019,2025-09-23 12:00:00,Running,6027.1,0
EQ019,2025-09-23 18:00:00,Running,6027.4,0
EQ019,2025-09-23 00:00:00,Standby,6028.1,0
EQ019,2025-09-24 06:00:00,Standby,6029.6,0
EQ019,2025-09-24 12:00:00,Running,6030.5,0
EQ019,2025-09-24 18:00:00,Running,6032.3,0
EQ019,2025-09-24 00:00:00,Standby,6032.5,0
EQ019,2025-09-25 06:00:00,Stopped,6037.3,1
EQ019,2025-09-25 12:00:00,Running,6041.3,0
EQ019,2025-09-25 18:00:00,Running,6045.1,0
EQ019,2025-09-25 00:00:00,Stopped,6050.5,1
EQ019,2025-09-26 06:00:00,Standby,6051.9,0
EQ019,2025-09-26 12:00:00,Running,6057.7,1
EQ019,2025-09-26 18:00:00,Maintenance,6063.2,1
EQ019,2025-09-26 00:00:00,Running,6067.7,0
EQ019,2025-09-27 06:00:00,Running,6068.7,0
EQ019,2025-09-27 12:00:00,Running,6073.6,0
EQ019,2025-09-27 18:00:00,Standby,6075.2,0
EQ019,2025-09-27 00:00:00,Running,6078.2,0
EQ019,2025-09-28 06:00:00,Stopped,6083.8,1
EQ019,2025-09-28 12:00:00,Running,6089.3,0
EQ019,2025-09-28 18:00:00,Running,6090.9,1
EQ019,2025-09-28 00:00:00,Running,6095.3,0
EQ019,2025-09-29 06:00:00,Standby,6099.5,0
EQ019,2025-09-29 12:00:00,Stopped,6103.3,1
EQ019,2025-09-29 18:00:00,Running,6107.1,0
EQ019,2025-09-29 00:00:00,Running,6108.9,0
EQ019,2025-09-30 06:00:00,Standby,6110.4,1
EQ019,2025-09-30 12:00:00,Stopped,6115.0,1
EQ019,2025-09-30 18:00:00,Standby,6118.6,1
EQ019,2025-09-30 00:00:00,Running,6121.3,0
EQ020,2025-09-01 06:00:00,Running,7118.1,1
EQ020,2025-09-01 12:00:00,Running,7118.6,0
EQ020,2025-09-01 18:00:00,Running,7120.9,0
EQ020,2025-09-01 00:00:00,Stopped,7124.3,1
EQ020,2025-09-02 06:00:00,Running,7127.7,1
EQ020,2025-09-02 12:00:00,Standby,7128.2,0
EQ020,2025-09-02 18:00:00,Running,7133.3,0
EQ020,2025-09-02 00:00:00,Running,7136.9,0
EQ020,2025-09-03 06:00:00,Running,7137.9,0
EQ020,2025-09-03 12:00:00,Standby,7141.1,1
EQ020,2025-09-03 18:00:00,Stopped,7146.7,1
EQ020,2025-09-03 00:00:00,Stopped,7149.7,1
EQ020,2025-09-04 06:00:00,Running,7155.4,0
EQ020,2025-09-04 12:00:00,Stopped,7157.0,1
EQ020,2025-09-04 18:00:00,Stopped,7159.3,1
EQ020,2025-09-04 00:00:00,Running,7160.6,0
EQ020,2025-09-05 06:00:00,Stopped,7165.0,1
EQ020,2025-09-05 12:00:00,Running,7169.8,1
EQ020,2025-09-05 18:00:00,Running,7171.2,0
EQ020,2025-09-05 00:00:00,Running,7174.7,0
EQ020,2025-09-06 06:00:00,Standby,7177.5,1
EQ020,2025-09-06 12:00:00,Maintenance,7183.3,1
EQ020,2025-09-06 18:00:00,Running,7185.6,0
EQ020,2025-09-06 00:00:00,Running,7186.0,0
EQ020,2025-09-07 06:00:00,Standby,7191.6,1
EQ020,2025-09-07 12:00:00,Running,7195.2,0
EQ020,2025-09-07 18:00:00,Standby,7199.5,0
EQ020,2025-09-07 00:00:00,Stopped,7199.5,1
EQ020,2025-09-08 06:00:00,Standby,7205.4,0
EQ020,2025-09-08 12:00:00,Standby,7210.8,1
EQ020,2025-09-08 18:00:00,Running,7211.8,1
EQ020,2025-09-08 00:00:00,Running,7214.6,0
EQ020,2025-09-09 06:00:00,Running,7217.2,0
EQ020,2025-09-09 12:00:00,Running,7223.1,0
EQ020,2025-09-09 18:00:00,Running,7224.8,0
EQ020,2025-09-09 00:00:00,Running,7230.2,0
EQ020,2025-09-10 06:00:00,Running,7235.8,0
EQ020,2025-09-10 12:00:00,Standby,7236.8,0
EQ020,2025-09-10 18:00:00,Stopped,7239.7,1
EQ020,2025-09-10 00:00:00,Maintenance,7243.0,1
EQ020,2025-09-11 06:00:00,Maintenance,7246.8,1
EQ020,2025-09-11 12:00:00,Running,7247.1,1
EQ020,2025-09-11 18:00:00,Running,7248.1,0
EQ020,2025-09-11 00:00:00,Running,7253.5,1
EQ020,2025-09-12 06:00:00,Running,7259.4,0
EQ020,2025-09-12 12:00:00,Standby,7260.1,0
EQ020,2025-09-12 18:00:00,Stopped,7261.0,1
EQ020,2025-09-12 00:00:00,Running,7262.7,0
EQ020,2025-09-13 06:00:00,Stopped,7267.2,1
EQ020,2025-09-13 12:00:00,Stopped,7270.6,1
EQ020,2025-09-13 18:00:00,Standby,7276.6,0
EQ020,2025-09-13 00:00:00,Running,7277.7,0
EQ020,2025-09-14 06:00:00,Maintenance,7279.2,1
EQ020,2025-09-14 12:00:00,Running,7281.2,1
EQ020,2025-09-14 18:00:00,Running,7281.9,0
EQ020,2025-09-14 00:00:00,Running,7282.5,0
EQ020,2025-09-15 06:00:00,Running,7285.3,1
EQ020,2025-09-15 12:00:00,Stopped,7288.2,1
EQ020,2025-09-15 18:00:00,Standby,7292.1,0
EQ020,2025-09-15 00:00:00,Running,7295.8,1
EQ020,2025-09-16 06:00:00,Running,7301.8,0
EQ020,2025-09-16 12:00:00,Maintenance,7306.6,1
EQ020,2025-09-16 18:00:00,Running,7311.4,0
EQ020,2025-09-16 00:00:00,Running,7315.9,0
EQ020,2025-09-17 06:00:00,Standby,7316.5,0
EQ020,2025-09-17 12:00:00,Running,7321.1,0
EQ020,2025-09-17 18:00:00,Running,7322.3,1
EQ020,2025-09-17 00:00:00,Running,7326.2,0
EQ020,2025-09-18 06:00:00,Maintenance,7327.1,1
EQ020,2025-09-18 12:00:00,Running,7331.5,0
EQ020,2025-09-18 18:00:00,Maintenance,7336.9,1
EQ020,2025-09-18 00:00:00,Standby,7337.5,0
EQ020,2025-09-19 06:00:00,Running,7340.2,1
EQ020,2025-09-19 12:00:00,Running,7343.8,0
EQ020,2025-09-19 18:00:00,Running,7346.0,0
EQ020,2025-09-19 00:00:00,Running,7346.6,0
EQ020,2025-09-20 06:00:00,Standby,7350.7,0
EQ020,2025-09-20 12:00:00,Standby,7356.3,0
EQ020,2025-09-20 18:00:00,Standby,7356.8,0
EQ020,2025-09-20 00:00:00,Running,7361.6,1
EQ020,2025-09-21 06:00:00,Running,7365.7,0
EQ020,2025-09-21 12:00:00,Running,7368.3,0
EQ020,2025-09-21 18:00:00,Standby,7373.8,0
EQ020,2025-09-21 00:00:00,Standby,7376.3,0
EQ020,2025-09-22 06:00:00,Running,7381.2,0
EQ020,2025-09-22 12:00:00,Running,7385.8,0
EQ020,2025-09-22 18:00:00,Running,7388.6,0
EQ020,2025-09-22 00:00:00,Stopped,7393.7,1
EQ020,2025-09-23 06:00:00,Running,7397.9,0
EQ020,2025-09-23 12:00:00,Running,7402.4,0
EQ020,2025-09-23 18:00:00,Running,7404.4,0
EQ020,2025-09-23 00:00:00,Maintenance,7409.3,1
EQ020,2025-09-24 06:00:00,Running,7415.2,1
EQ020,2025-09-24 12:00:00,Running,7417.8,0
EQ020,2025-09-24 18:00:00,Running,7417.9,0
EQ020,2025-09-24 00:00:00,Standby,7420.3,0
EQ020,2025-09-25 06:00:00,Standby,7424.7,0
EQ020,2025-09-25 12:00:00,Running,7428.4,0
EQ020,2025-09-25 18:00:00,Standby,7432.5,0
EQ020,2025-09-25 00:00:00,Stopped,7433.0,1
EQ020,2025-09-26 06:00:00,Running,7437.9,1
EQ020,2025-09-26 12:00:00,Standby,7438.1,1
EQ020,2025-09-26 18:00:00,Running,7439.6,1
EQ020,2025-09-26 00:00:00,Stopped,7444.7,1
EQ020,2025-09-27 06:00:00,Standby,7449.3,1
EQ020,2025-09-27 12:00:00,Running,7450.0,0
EQ020,2025-09-27 18:00:00,Maintenance,7454.4,1
EQ020,2025-09-27 00:00:00,Running,7454.5,0
EQ020,2025-09-28 06:00:00,Running,7456.3,0
EQ020,2025-09-28 12:00:00,Stopped,7458.7,1
EQ020,2025-09-28 18:00:00,Running,7463.8,1
EQ020,2025-09-28 00:00:00,Running,7466.8,0
EQ020,2025-09-29 06:00:00,Standby,7472.8,0
EQ020,2025-09-29 12:00:00,Running,7475.9,0
EQ020,2025-09-29 18:00:00,Stopped,7481.5,1
EQ020,2025-09-29 00:00:00,Maintenance,7486.7,1
EQ020,2025-09-30 06:00:00,Running,7486.8,1
EQ020,2025-09-30 12:00:00,Standby,7488.4,0
EQ020,2025-09-30 18:00:00,Standby,7489.1,0
EQ020,2025-09-30 00:00:00,Standby,7491.8,0
EQ021,2025-09-01 06:00:00,Running,4056.4,0
EQ021,2025-09-01 12:00:00,Running,4059.9,0
EQ021,2025-09-01 18:00:00,Standby,4065.0,0
EQ021,2025-09-01 00:00:00,Stopped,4067.8,1
EQ021,2025-09-02 06:00:00,Maintenance,4072.1,1
EQ021,2025-09-02 12:00:00,Running,4077.7,0
EQ021,2025-09-02 18:00:00,Standby,4080.5,0
EQ021,2025-09-02 00:00:00,Maintenance,4081.5,1
EQ021,2025-09-03 06:00:00,Running,4082.0,0
EQ021,2025-09-03 12:00:00,Running,4082.9,1
EQ021,2025-09-03 18:00:00,Running,4088.6,0
EQ021,2025-09-03 00:00:00,Running,4091.9,0
EQ021,2025-09-04 06:00:00,Maintenance,4094.1,1
EQ021,2025-09-04 12:00:00,Running,4095.1,0
EQ021,2025-09-04 18:00:00,Maintenance,4098.1,1
EQ021,2025-09-04 00:00:00,Stopped,4100.1,1
EQ021,2025-09-05 06:00:00,Running,4103.5,0
EQ021,2025-09-05 12:00:00,Running,4108.2,0
EQ021,2025-09-05 18:00:00,Stopped,4112.8,1
EQ021,2025-09-05 00:00:00,Standby,4117.9,0
EQ021,2025-09-06 06:00:00,Maintenance,4121.5,1
EQ021,2025-09-06 12:00:00,Running,4127.2,1
EQ021,2025-09-06 18:00:00,Stopped,4133.0,1
EQ021,2025-09-06 00:00:00,Stopped,4138.8,1
EQ021,2025-09-07 06:00:00,Stopped,4142.5,1
EQ021,2025-09-07 12:00:00,Maintenance,4143.1,1
EQ021,2025-09-07 18:00:00,Standby,4144.1,0
EQ021,2025-09-07 00:00:00,Running,4146.3,0
EQ021,2025-09-08 06:00:00,Stopped,4150.5,1
EQ021,2025-09-08 12:00:00,Stopped,4153.5,1
EQ021,2025-09-08 18:00:00,Maintenance,4154.4,1
EQ021,2025-09-08 00:00:00,Running,4155.1,0
EQ021,2025-09-09 06:00:00,Running,4159.7,0
EQ021,2025-09-09 12:00:00,Running,4162.5,0
EQ021,2025-09-09 18:00:00,Running,4164.1,1
EQ021,2025-09-09 00:00:00,Stopped,4166.6,1
EQ021,2025-09-10 06:00:00,Standby,4171.1,0
EQ021,2025-09-10 12:00:00,Standby,4171.9,0
EQ021,2025-09-10 18:00:00,Running,4177.3,0
EQ021,2025-09-10 00:00:00,Maintenance,4180.4,1
EQ021,2025-09-11 06:00:00,Standby,4183.1,0
EQ021,2025-09-11 12:00:00,Stopped,4187.4,1
EQ021,2025-09-11 18:00:00,Standby,4189.4,1
EQ021,2025-09-11 00:00:00,Running,4192.0,0
EQ021,2025-09-12 06:00:00,Running,4197.5,1
EQ021,2025-09-12 12:00:00,Running,4203.4,0
EQ021,2025-09-12 18:00:00,Maintenance,4208.2,1
EQ021,2025-09-12 00:00:00,Maintenance,4214.0,1
EQ021,2025-09-13 06:00:00,Running,4218.2,0
EQ021,2025-09-13 12:00:00,Maintenance,4222.5,1
EQ021,2025-09-13 18:00:00,Running,4227.5,0
EQ021,2025-09-13 00:00:00,Maintenance,4231.2,1
EQ021,2025-09-14 06:00:00,Running,4235.1,0
EQ021,2025-09-14 12:00:00,Maintenance,4238.8,1
EQ021,2025-09-14 18:00:00,Standby,4240.9,0
EQ021,2025-09-14 00:00:00,Stopped,4244.8,1
EQ021,2025-09-15 06:00:00,Stopped,4250.1,1
EQ021,2025-09-15 12:00:00,Running,4252.4,0
EQ021,2025-09-15 18:00:00,Stopped,4257.7,1
EQ021,2025-09-15 00:00:00,Standby,4259.0,0
EQ021,2025-09-16 06:00:00,Standby,4261.0,0
EQ021,2025-09-16 12:00:00,Standby,4266.3,1
EQ021,2025-09-16 18:00:00,Standby,4271.3,0
EQ021,2025-09-16 00:00:00,Running,4274.3,0
EQ021,2025-09-17 06:00:00,Stopped,4279.3,1
EQ021,2025-09-17 12:00:00,Running,4280.0,0
EQ021,2025-09-17 18:00:00,Stopped,4285.6,1
EQ021,2025-09-17 00:00:00,Running,4285.6,0
EQ021,2025-09-18 06:00:00,Running,4290.1,0
EQ021,2025-09-18 12:00:00,Standby,4295.7,0
EQ021,2025-09-18 18:00:00,Standby,4297.1,0
EQ021,2025-09-18 00:00:00,Running,4302.0,0
EQ021,2025-09-19 06:00:00,Standby,4304.3,1
EQ021,2025-09-19 12:00:00,Stopped,4304.9,1
EQ021,2025-09-19 18:00:00,Standby,4309.6,1
EQ021,2025-09-19 00:00:00,Running,4312.2,1
EQ021,2025-09-20 06:00:00,Running,4314.7,1
EQ021,2025-09-20 12:00:00,Running,4315.2,0
EQ021,2025-09-20 18:00:00,Standby,4318.6,0
EQ021,2025-09-20 00:00:00,Stopped,4323.8,1
EQ021,2025-09-21 06:00:00,Standby,4329.8,0
EQ021,2025-09-21 12:00:00,Standby,4334.2,0
EQ021,2025-09-21 18:00:00,Running,4337.2,1
EQ021,2025-09-21 00:00:00,Running,4343.0,0
EQ021,2025-09-22 06:00:00,Standby,4347.2,0
EQ021,2025-09-22 12:00:00,Running,4348.1,1
EQ021,2025-09-22 18:00:00,Standby,4348.8,0
EQ021,2025-09-22 00:00:00,Maintenance,4349.5,1
EQ021,2025-09-23 06:00:00,Running,4352.6,0
EQ021,2025-09-23 12:00:00,Running,4354.8,0
EQ021,2025-09-23 18:00:00,Running,4355.7,1
EQ021,2025-09-23 00:00:00,Stopped,4358.2,1
EQ021,2025-09-24 06:00:00,Maintenance,4360.0,1
EQ021,2025-09-24 12:00:00,Running,4364.4,1
EQ021,2025-09-24 18:00:00,Running,4364.8,0
EQ021,2025-09-24 00:00:00,Running,4366.7,0
EQ021,2025-09-25 06:00:00,Running,4369.0,0
EQ021,2025-09-25 12:00:00,Stopped,4374.0,1
EQ021,2025-09-25 18:00:00,Running,4377.8,1
EQ021,2025-09-25 00:00:00,Stopped,4381.8,1
EQ021,2025-09-26 06:00:00,Running,4382.3,0
EQ021,2025-09-26 12:00:00,Standby,4384.6,0
EQ021,2025-09-26 18:00:00,Maintenance,4386.6,1
EQ021,2025-09-26 00:00:00,Running,4389.3,0
EQ021,2025-09-27 06:00:00,Running,4390.3,1
EQ021,2025-09-27 12:00:00,Running,4394.9,0
EQ021,2025-09-27 18:00:00,Running,4398.8,0
EQ021,2025-09-27 00:00:00,Running,4402.1,0
EQ021,2025-09-28 06:00:00,Stopped,4407.8,1
EQ021,2025-09-28 12:00:00,Standby,4410.8,0
EQ021,2025-09-28 18:00:00,Running,4414.0,0
EQ021,2025-09-28 00:00:00,Maintenance,4415.6,1
EQ021,2025-09-29 06:00:00,Running,4420.6,0
EQ021,2025-09-29 12:00:00,Standby,4423.8,1
EQ021,2025-09-29 18:00:00,Running,4426.7,0
EQ021,2025-09-29 00:00:00,Maintenance,4428.7,1
EQ021,2025-09-30 06:00:00,Running,4431.9,1
EQ021,2025-09-30 12:00:00,Running,4437.8,1
EQ021,2025-09-30 18:00:00,Standby,4438.9,0
EQ021,2025-09-30 00:00:00,Stopped,4439.8,1
EQ022,2025-09-01 06:00:00,Standby,7671.0,1
EQ022,2025-09-01 12:00:00,Running,7672.8,0
EQ022,2025-09-01 18:00:00,Running,7678.2,1
EQ022,2025-09-01 00:00:00,Running,7683.6,0
EQ022,2025-09-02 06:00:00,Running,7687.2,0
EQ022,2025-09-02 12:00:00,Running,7690.2,0
EQ022,2025-09-02 18:00:00,Maintenance,7691.8,1
EQ022,2025-09-02 00:00:00,Running,7692.2,0
EQ022,2025-09-03 06:00:00,Running,7697.7,0
EQ022,2025-09-03 12:00:00,Running,7701.2,0
EQ022,2025-09-03 18:00:00,Running,7705.1,0
EQ022,2025-09-03 00:00:00,Running,7707.8,0
EQ022,2025-09-04 06:00:00,Stopped,7710.8,1
EQ022,2025-09-04 12:00:00,Stopped,7711.7,1
EQ022,2025-09-04 18:00:00,Standby,7713.2,1
EQ022,2025-09-04 00:00:00,Maintenance,7719.0,1
EQ022,2025-09-05 06:00:00,Standby,7723.9,1
EQ022,2025-09-05 12:00:00,Maintenance,7727.6,1
EQ022,2025-09-05 18:00:00,Standby,7728.0,1
EQ022,2025-09-05 00:00:00,Maintenance,7729.6,1
EQ022,2025-09-06 06:00:00,Running,7735.6,0
EQ022,2025-09-06 12:00:00,Stopped,7736.9,1
EQ022,2025-09-06 18:00:00,Stopped,7738.6,1
EQ022,2025-09-06 00:00:00,Running,7739.0,0
EQ022,2025-09-07 06:00:00,Running,7744.0,0
EQ022,2025-09-07 12:00:00,Stopped,7750.0,1
EQ022,2025-09-07 18:00:00,Maintenance,7751.3,1
EQ022,2025-09-07 00:00:00,Standby,7756.6,0
EQ022,2025-09-08 06:00:00,Maintenance,7760.4,1
EQ022,2025-09-08 12:00:00,Maintenance,7764.6,1
EQ022,2025-09-08 18:00:00,Running,7766.5,0
EQ022,2025-09-08 00:00:00,Running,7768.5,0
EQ022,2025-09-09 06:00:00,Maintenance,7769.3,1
EQ022,2025-09-09 12:00:00,Maintenance,7773.0,1
EQ022,2025-09-09 18:00:00,Running,7774.0,1
EQ022,2025-09-09 00:00:00,Standby,7776.9,0
EQ022,2025-09-10 06:00:00,Running,7782.2,1
EQ022,2025-09-10 12:00:00,Standby,7787.6,0
EQ022,2025-09-10 18:00:00,Stopped,7790.3,1
EQ022,2025-09-10 00:00:00,Running,7792.6,0
EQ022,2025-09-11 06:00:00,Standby,7797.6,0
EQ022,2025-09-11 12:00:00,Stopped,7803.5,1
EQ022,2025-09-11 18:00:00,Running,7804.7,0
EQ022,2025-09-11 00:00:00,Running,7809.3,0
EQ022,2025-09-12 06:00:00,Standby,7810.4,0
EQ022,2025-09-12 12:00:00,Stopped,7814.2,1
EQ022,2025-09-12 18:00:00,Stopped,7815.5,1
EQ022,2025-09-12 00:00:00,Maintenance,7821.3,1
EQ022,2025-09-13 06:00:00,Running,7825.5,0
EQ022,2025-09-13 12:00:00,Standby,7831.4,1
EQ022,2025-09-13 18:00:00,Standby,7833.1,1
EQ022,2025-09-13 00:00:00,Standby,7834.3,1
EQ022,2025-09-14 06:00:00,Stopped,7838.3,1
EQ022,2025-09-14 12:00:00,Standby,7841.8,1
EQ022,2025-09-14 18:00:00,Stopped,7842.6,1
EQ022,2025-09-14 00:00:00,Maintenance,7847.7,1
EQ022,2025-09-15 06:00:00,Maintenance,7852.1,1
EQ022,2025-09-15 12:00:00,Running,7852.2,0
EQ022,2025-09-15 18:00:00,Maintenance,7856.3,1
EQ022,2025-09-15 00:00:00,Standby,7861.6,0
EQ022,2025-09-16 06:00:00,Running,7865.6,0
EQ022,2025-09-16 12:00:00,Standby,7867.5,0
EQ022,2025-09-16 18:00:00,Stopped,7869.9,1
EQ022,2025-09-16 00:00:00,Running,7872.9,0
EQ022,2025-09-17 06:00:00,Standby,7877.2,1
EQ022,2025-09-17 12:00:00,Running,7880.4,0
EQ022,2025-09-17 18:00:00,Running,7882.4,0
EQ022,2025-09-17 00:00:00,Maintenance,7887.2,1
EQ022,2025-09-18 06:00:00,Maintenance,7888.6,1
EQ022,2025-09-18 12:00:00,Standby,7894.1,0
EQ022,2025-09-18 18:00:00,Running,7894.5,0
EQ022,2025-09-18 00:00:00,Standby,7897.1,1
EQ022,2025-09-19 06:00:00,Running,7902.7,0
EQ022,2025-09-19 12:00:00,Stopped,7904.2,1
EQ022,2025-09-19 18:00:00,Running,7909.2,0
EQ022,2025-09-19 00:00:00,Stopped,7912.3,1
EQ022,2025-09-20 06:00:00,Running,7915.9,1
EQ022,2025-09-20 12:00:00,Running,7918.6,1
EQ022,2025-09-20 18:00:00,Running,7924.1,0
EQ022,2025-09-20 00:00:00,Running,7928.3,0
EQ022,2025-09-21 06:00:00,Stopped,7928.7,1
EQ022,2025-09-21 12:00:00,Stopped,7929.0,1
EQ022,2025-09-21 18:00:00,Standby,7929.6,0
EQ022,2025-09-21 00:00:00,Running,7934.7,1
EQ022,2025-09-22 06:00:00,Running,7937.2,0
EQ022,2025-09-22 12:00:00,Maintenance,7941.9,1
EQ022,2025-09-22 18:00:00,Standby,7944.7,0
EQ022,2025-09-22 00:00:00,Running,7945.3,0
EQ022,2025-09-23 06:00:00,Standby,7945.5,0
EQ022,2025-09-23 12:00:00,Standby,7946.1,0
EQ022,2025-09-23 18:00:00,Running,7949.7,0
EQ022,2025-09-23 00:00:00,Stopped,7955.1,1
EQ022,2025-09-24 06:00:00,Running,7957.2,0
EQ022,2025-09-24 12:00:00,Running,7958.3,0
EQ022,2025-09-24 18:00:00,Running,7959.1,1
EQ022,2025-09-24 00:00:00,Standby,7963.0,0
EQ022,2025-09-25 06:00:00,Running,7966.2,0
EQ022,2025-09-25 12:00:00,Running,7969.8,0
EQ022,2025-09-25 18:00:00,Running,7972.9,0
EQ022,2025-09-25 00:00:00,Standby,7974.3,1
EQ022,2025-09-26 06:00:00,Stopped,7977.7,1
EQ022,2025-09-26 12:00:00,Running,7983.6,0
EQ022,2025-09-26 18:00:00,Standby,7984.0,0
EQ022,2025-09-26 00:00:00,Running,7988.2,0
EQ022,2025-09-27 06:00:00,Running,7993.3,0
EQ022,2025-09-27 12:00:00,Standby,7995.1,0
EQ022,2025-09-27 18:00:00,Running,8000.4,1
EQ022,2025-09-27 00:00:00,Maintenance,8003.4,1
EQ022,2025-09-28 06:00:00,Maintenance,8007.2,1
EQ022,2025-09-28 12:00:00,Standby,8008.5,0
EQ022,2025-09-28 18:00:00,Running,8013.4,0
EQ022,2025-09-28 00:00:00,Stopped,8015.7,1
EQ022,2025-09-29 06:00:00,Running,8015.7,0
EQ022,2025-09-29 12:00:00,Running,8019.0,0
EQ022,2025-09-29 18:00:00,Running,8022.8,0
EQ022,2025-09-29 00:00:00,Maintenance,8025.0,1
EQ022,2025-09-30 06:00:00,Maintenance,8026.2,1
EQ022,2025-09-30 12:00:00,Running,8027.8,0
EQ022,2025-09-30 18:00:00,Running,8029.3,0
EQ022,2025-09-30 00:00:00,Running,8030.9,1
EQ023,2025-09-01 06:00:00,Stopped,1709.1,1
EQ023,2025-09-01 12:00:00,Standby,1711.1,0
EQ023,2025-09-01 18:00:00,Running,1713.3,0
EQ023,2025-09-01 00:00:00,Running,1716.5,1
EQ023,2025-09-02 06:00:00,Stopped,1720.2,1
EQ023,2025-09-02 12:00:00,Running,1720.9,0
EQ023,2025-09-02 18:00:00,Maintenance,1721.7,1
EQ023,2025-09-02 00:00:00,Running,1725.9,0
EQ023,2025-09-03 06:00:00,Running,1729.7,0
EQ023,2025-09-03 12:00:00,Maintenance,1734.3,1
EQ023,2025-09-03 18:00:00,Standby,1736.1,0
EQ023,2025-09-03 00:00:00,Running,1739.9,0
EQ023,2025-09-04 06:00:00,Running,1742.9,1
EQ023,2025-09-04 12:00:00,Standby,1747.3,0
EQ023,2025-09-04 18:00:00,Stopped,1752.0,1
EQ023,2025-09-04 00:00:00,Standby,1754.3,1
EQ023,2025-09-05 06:00:00,Maintenance,1758.8,1
EQ023,2025-09-05 12:00:00,Running,1759.9,0
EQ023,2025-09-05 18:00:00,Stopped,1763.1,1
EQ023,2025-09-05 00:00:00,Running,1765.9,0
EQ023,2025-09-06 06:00:00,Standby,1770.6,0
EQ023,2025-09-06 12:00:00,Standby,1776.0,0
EQ023,2025-09-06 18:00:00,Running,1777.3,0
EQ023,2025-09-06 00:00:00,Running,1778.2,0
EQ023,2025-09-07 06:00:00,Stopped,1779.7,1
EQ023,2025-09-07 12:00:00,Running,1781.5,0
EQ023,2025-09-07 18:00:00,Standby,1781.7,0
EQ023,2025-09-07 00:00:00,Standby,1784.4,0
EQ023,2025-09-08 06:00:00,Running,1787.4,0
EQ023,2025-09-08 12:00:00,Running,1790.1,1
EQ023,2025-09-08 18:00:00,Running,1795.5,1
EQ023,2025-09-08 00:00:00,Running,1798.8,0
EQ023,2025-09-09 06:00:00,Running,1800.2,0
EQ023,2025-09-09 12:00:00,Running,1803.5,0
EQ023,2025-09-09 18:00:00,Running,1805.0,0
EQ023,2025-09-09 00:00:00,Stopped,1809.6,1
EQ023,2025-09-10 06:00:00,Stopped,1810.7,1
EQ023,2025-09-10 12:00:00,Standby,1815.8,1
EQ023,2025-09-10 18:00:00,Stopped,1819.1,1
EQ023,2025-09-10 00:00:00,Running,1820.8,0
EQ023,2025-09-11 06:00:00,Running,1826.5,0
EQ023,2025-09-11 12:00:00,Stopped,1831.0,1
EQ023,2025-09-11 18:00:00,Running,1836.9,0
EQ023,2025-09-11 00:00:00,Maintenance,1842.1,1
EQ023,2025-09-12 06:00:00,Running,1843.4,0
EQ023,2025-09-12 12:00:00,Running,1846.7,0
EQ023,2025-09-12 18:00:00,Running,1848.7,0
EQ023,2025-09-12 00:00:00,Running,1851.3,0
EQ023,2025-09-13 06:00:00,Maintenance,1853.8,1
EQ023,2025-09-13 12:00:00,Running,1854.0,0
EQ023,2025-09-13 18:00:00,Running,1855.8,0
EQ023,2025-09-13 00:00:00,Stopped,1858.8,1
EQ023,2025-09-14 06:00:00,Standby,1860.2,0
EQ023,2025-09-14 12:00:00,Running,1864.8,0
EQ023,2025-09-14 18:00:00,Standby,1868.3,0
EQ023,2025-09-14 00:00:00,Standby,1869.1,1
EQ023,2025-09-15 06:00:00,Maintenance,1875.1,1
EQ023,2025-09-15 12:00:00,Standby,1880.6,0
EQ023,2025-09-15 18:00:00,Standby,1882.9,0
EQ023,2025-09-15 00:00:00,Maintenance,1883.3,1
EQ023,2025-09-16 06:00:00,Running,1885.3,0
EQ023,2025-09-16 12:00:00,Maintenance,1889.1,1
EQ023,2025-09-16 18:00:00,Running,1893.1,1
EQ023,2025-09-16 00:00:00,Running,1896.7,0
EQ023,2025-09-17 06:00:00,Running,1902.2,1
EQ023,2025-09-17 12:00:00,Running,1903.9,0
EQ023,2025-09-17 18:00:00,Standby,1906.1,0
EQ023,2025-09-17 00:00:00,Running,1911.6,0
EQ023,2025-09-18 06:00:00,Running,1912.4,0
EQ023,2025-09-18 12:00:00,Running,1914.7,0
EQ023,2025-09-18 18:00:00,Maintenance,1915.9,1
EQ023,2025-09-18 00:00:00,Maintenance,1917.8,1
EQ023,2025-09-19 06:00:00,Stopped,1921.8,1
EQ023,2025-09-19 12:00:00,Running,1923.7,0
EQ023,2025-09-19 18:00:00,Running,1926.5,0
EQ023,2025-09-19 00:00:00,Running,1929.2,0
EQ023,2025-09-20 06:00:00,Stopped,1932.8,1
EQ023,2025-09-20 12:00:00,Running,1936.2,0
EQ023,2025-09-20 18:00:00,Running,1936.4,0
EQ023,2025-09-20 00:00:00,Running,1941.9,0
EQ023,2025-09-21 06:00:00,Running,1946.7,0
EQ023,2025-09-21 12:00:00,Running,1951.8,0
EQ023,2025-09-21 18:00:00,Running,1955.5,1
EQ023,2025-09-21 00:00:00,Running,1959.5,0
EQ023,2025-09-22 06:00:00,Standby,1963.7,1
EQ023,2025-09-22 12:00:00,Running,1964.6,0
EQ023,2025-09-22 18:00:00,Maintenance,1967.8,1
EQ023,2025-09-22 00:00:00,Standby,1972.2,1
EQ023,2025-09-23 06:00:00,Maintenance,1977.7,1
EQ023,2025-09-23 12:00:00,Running,1978.4,0
EQ023,2025-09-23 18:00:00,Running,1981.4,0
EQ023,2025-09-23 00:00:00,Stopped,1983.9,1
EQ023,2025-09-24 06:00:00,Running,1984.2,0
EQ023,2025-09-24 12:00:00,Running,1988.3,0
EQ023,2025-09-24 18:00:00,Running,1990.7,0
EQ023,2025-09-24 00:00:00,Running,1992.2,1
EQ023,2025-09-25 06:00:00,Stopped,1993.0,1
EQ023,2025-09-25 12:00:00,Standby,1995.8,0
EQ023,2025-09-25 18:00:00,Running,2000.1,0
EQ023,2025-09-25 00:00:00,Running,2001.8,0
EQ023,2025-09-26 06:00:00,Running,2005.4,0
EQ023,2025-09-26 12:00:00,Running,2009.8,1
EQ023,2025-09-26 18:00:00,Running,2009.9,0
EQ023,2025-09-26 00:00:00,Running,2011.0,0
EQ023,2025-09-27 06:00:00,Stopped,2016.4,1
EQ023,2025-09-27 12:00:00,Standby,2016.7,0
EQ023,2025-09-27 18:00:00,Standby,2020.7,0
EQ023,2025-09-27 00:00:00,Standby,2024.8,1
EQ023,2025-09-28 06:00:00,Running,2025.1,0
EQ023,2025-09-28 12:00:00,Running,2026.6,0
EQ023,2025-09-28 18:00:00,Maintenance,2027.8,1
EQ023,2025-09-28 00:00:00,Running,2027.9,1
EQ023,2025-09-29 06:00:00,Stopped,2032.0,1
EQ023,2025-09-29 12:00:00,Running,2032.6,0
EQ023,2025-09-29 18:00:00,Stopped,2036.6,1
EQ023,2025-09-29 00:00:00,Stopped,2036.9,1
EQ023,2025-09-30 06:00:00,Standby,2038.8,0
EQ023,2025-09-30 12:00:00,Standby,2044.4,0
EQ023,2025-09-30 18:00:00,Running,2045.8,0
EQ023,2025-09-30 00:00:00,Running,2045.9,0
EQ024,2025-09-01 06:00:00,Running,5579.2,0
EQ024,2025-09-01 12:00:00,Standby,5582.9,0
EQ024,2025-09-01 18:00:00,Running,5585.4,0
EQ024,2025-09-01 00:00:00,Stopped,5588.4,1
EQ024,2025-09-02 06:00:00,Maintenance,5592.7,1
EQ024,2025-09-02 12:00:00,Stopped,5598.2,1
EQ024,2025-09-02 18:00:00,Standby,5598.8,0
EQ024,2025-09-02 00:00:00,Running,5601.1,0
EQ024,2025-09-03 06:00:00,Maintenance,5605.7,1
EQ024,2025-09-03 12:00:00,Running,5610.3,1
EQ024,2025-09-03 18:00:00,Standby,5614.3,0
EQ024,2025-09-03 00:00:00,Running,5619.8,1
EQ024,2025-09-04 06:00:00,Running,5624.3,0
EQ024,2025-09-04 12:00:00,Standby,5624.4,0
EQ024,2025-09-04 18:00:00,Running,5625.1,0
EQ024,2025-09-04 00:00:00,Running,5626.6,0
EQ024,2025-09-05 06:00:00,Running,5629.6,1
EQ024,2025-09-05 12:00:00,Running,5633.5,0
EQ024,2025-09-05 18:00:00,Running,5639.4,0
EQ024,2025-09-05 00:00:00,Running,5640.2,0
EQ024,2025-09-06 06:00:00,Running,5640.4,0
EQ024,2025-09-06 12:00:00,Stopped,5642.9,1
EQ024,2025-09-06 18:00:00,Stopped,5647.4,1
EQ024,2025-09-06 00:00:00,Running,5649.5,0
EQ024,2025-09-07 06:00:00,Running,5655.0,1
EQ024,2025-09-07 12:00:00,Maintenance,5659.8,1
EQ024,2025-09-07 18:00:00,Standby,5665.0,0
EQ024,2025-09-07 00:00:00,Standby,5668.8,1
EQ024,2025-09-08 06:00:00,Running,5674.5,0
EQ024,2025-09-08 12:00:00,Running,5680.1,0
EQ024,2025-09-08 18:00:00,Running,5683.4,1
EQ024,2025-09-08 00:00:00,Stopped,5684.6,1
EQ024,2025-09-09 06:00:00,Standby,5687.4,0
EQ024,2025-09-09 12:00:00,Running,5689.9,1
EQ024,2025-09-09 18:00:00,Standby,5693.4,0
EQ024,2025-09-09 00:00:00,Maintenance,5694.6,1
EQ024,2025-09-10 06:00:00,Maintenance,5697.5,1
EQ024,2025-09-10 12:00:00,Maintenance,5699.7,1
EQ024,2025-09-10 18:00:00,Running,5702.2,0
EQ024,2025-09-10 00:00:00,Standby,5703.1,0
EQ024,2025-09-11 06:00:00,Maintenance,5706.0,1
EQ024,2025-09-11 12:00:00,Stopped,5708.6,1
EQ024,2025-09-11 18:00:00,Running,5710.4,0
EQ024,2025-09-11 00:00:00,Standby,5711.5,0
EQ024,2025-09-12 06:00:00,Running,5713.2,0
EQ024,2025-09-12 12:00:00,Standby,5715.2,0
EQ024,2025-09-12 18:00:00,Stopped,5716.4,1
EQ024,2025-09-12 00:00:00,Maintenance,5716.4,1
EQ024,2025-09-13 06:00:00,Maintenance,5720.8,1
EQ024,2025-09-13 12:00:00,Running,5723.3,0
EQ024,2025-09-13 18:00:00,Running,5725.6,0
EQ024,2025-09-13 00:00:00,Running,5726.0,0
EQ024,2025-09-14 06:00:00,Maintenance,5732.0,1
EQ024,2025-09-14 12:00:00,Running,5733.0,0
EQ024,2025-09-14 18:00:00,Stopped,5738.7,1
EQ024,2025-09-14 00:00:00,Stopped,5743.2,1
EQ024,2025-09-15 06:00:00,Running,5747.0,0
EQ024,2025-09-15 12:00:00,Running,5749.3,1
EQ024,2025-09-15 18:00:00,Running,5752.2,0
EQ024,2025-09-15 00:00:00,Maintenance,5754.4,1
EQ024,2025-09-16 06:00:00,Stopped,5754.6,1
EQ024,2025-09-16 12:00:00,Standby,5758.2,1
EQ024,2025-09-16 18:00:00,Maintenance,5759.1,1
EQ024,2025-09-16 00:00:00,Running,5763.1,0
EQ024,2025-09-17 06:00:00,Running,5763.7,1
EQ024,2025-09-17 12:00:00,Stopped,5766.0,1
EQ024,2025-09-17 18:00:00,Stopped,5771.8,1
EQ024,2025-09-17 00:00:00,Running,5777.1,0
EQ024,2025-09-18 06:00:00,Running,5781.3,0
EQ024,2025-09-18 12:00:00,Standby,5786.6,0
EQ024,2025-09-18 18:00:00,Standby,5791.1,0
EQ024,2025-09-18 00:00:00,Maintenance,5796.3,1
EQ024,2025-09-19 06:00:00,Running,5801.1,0
EQ024,2025-09-19 12:00:00,Stopped,5802.7,1
EQ024,2025-09-19 18:00:00,Running,5806.9,0
EQ024,2025-09-19 00:00:00,Running,5809.9,1
EQ024,2025-09-20 06:00:00,Running,5812.4,0
EQ024,2025-09-20 12:00:00,Running,5815.0,0
EQ024,2025-09-20 18:00:00,Running,5815.8,1
EQ024,2025-09-20 00:00:00,Running,5816.5,0
EQ024,2025-09-21 06:00:00,Standby,5817.7,0
EQ024,2025-09-21 12:00:00,Stopped,5822.6,1
EQ024,2025-09-21 18:00:00,Running,5827.8,0
EQ024,2025-09-21 00:00:00,Running,5828.5,0
EQ024,2025-09-22 06:00:00,Standby,5829.0,1
EQ024,2025-09-22 12:00:00,Running,5829.2,1
EQ024,2025-09-22 18:00:00,Running,5833.8,0
EQ024,2025-09-22 00:00:00,Running,5839.5,0
EQ024,2025-09-23 06:00:00,Standby,5839.8,0
EQ024,2025-09-23 12:00:00,Running,5842.1,0
EQ024,2025-09-23 18:00:00,Standby,5843.7,0
EQ024,2025-09-23 00:00:00,Running,5847.3,0
EQ024,2025-09-24 06:00:00,Running,5849.4,0
EQ024,2025-09-24 12:00:00,Running,5851.6,0
EQ024,2025-09-24 18:00:00,Running,5857.5,0
EQ024,2025-09-24 00:00:00,Maintenance,5862.3,1
EQ024,2025-09-25 06:00:00,Running,5864.7,0
EQ024,2025-09-25 12:00:00,Stopped,5870.3,1
EQ024,2025-09-25 18:00:00,Running,5873.5,1
EQ024,2025-09-25 00:00:00,Maintenance,5878.0,1
EQ024,2025-09-26 06:00:00,Running,5882.1,0
EQ024,2025-09-26 12:00:00,Maintenance,5885.2,1
EQ024,2025-09-26 18:00:00,Standby,5889.0,1
EQ024,2025-09-26 00:00:00,Maintenance,5890.9,1
EQ024,2025-09-27 06:00:00,Standby,5896.7,0
EQ024,2025-09-27 12:00:00,Stopped,5900.8,1
EQ024,2025-09-27 18:00:00,Running,5905.2,0
EQ024,2025-09-27 00:00:00,Stopped,5907.3,1
EQ024,2025-09-28 06:00:00,Maintenance,5912.9,1
EQ024,2025-09-28 12:00:00,Running,5917.1,0
EQ024,2025-09-28 18:00:00,Running,5920.7,0
EQ024,2025-09-28 00:00:00,Stopped,5925.9,1
EQ024,2025-09-29 06:00:00,Maintenance,5930.6,1
EQ024,2025-09-29 12:00:00,Stopped,5930.8,1
EQ024,2025-09-29 18:00:00,Running,5935.8,1
EQ024,2025-09-29 00:00:00,Maintenance,5941.7,1
EQ024,2025-09-30 06:00:00,Running,5947.4,0
EQ024,2025-09-30 12:00:00,Running,5948.9,0
EQ024,2025-09-30 18:00:00,Running,5953.1,0
EQ024,2025-09-30 00:00:00,Running,5953.3,0
EQ025,2025-09-01 06:00:00,Running,7504.7,0
EQ025,2025-09-01 12:00:00,Stopped,7508.7,1
EQ025,2025-09-01 18:00:00,Maintenance,7512.7,1
EQ025,2025-09-01 00:00:00,Standby,7516.5,0
EQ025,2025-09-02 06:00:00,Running,7518.5,0
EQ025,2025-09-02 12:00:00,Running,7524.0,0
EQ025,2025-09-02 18:00:00,Running,7529.5,0
EQ025,2025-09-02 00:00:00,Stopped,7533.9,1
EQ025,2025-09-03 06:00:00,Standby,7539.7,0
EQ025,2025-09-03 12:00:00,Running,7541.3,0
EQ025,2025-09-03 18:00:00,Running,7543.3,1
EQ025,2025-09-03 00:00:00,Standby,7549.0,1
EQ025,2025-09-04 06:00:00,Standby,7550.9,1
EQ025,2025-09-04 12:00:00,Running,7552.8,0
EQ025,2025-09-04 18:00:00,Standby,7555.1,1
EQ025,2025-09-04 00:00:00,Running,7559.9,0
EQ025,2025-09-05 06:00:00,Maintenance,7560.7,1
EQ025,2025-09-05 12:00:00,Standby,7561.3,0
EQ025,2025-09-05 18:00:00,Running,7563.2,0
EQ025,2025-09-05 00:00:00,Stopped,7565.0,1
EQ025,2025-09-06 06:00:00,Running,7565.9,0
EQ025,2025-09-06 12:00:00,Running,7571.0,0
EQ025,2025-09-06 18:00:00,Stopped,7571.2,1
EQ025,2025-09-06 00:00:00,Running,7575.3,0
EQ025,2025-09-07 06:00:00,Running,7578.7,0
EQ025,2025-09-07 12:00:00,Standby,7580.4,0
EQ025,2025-09-07 18:00:00,Maintenance,7580.8,1
EQ025,2025-09-07 00:00:00,Stopped,7581.7,1
EQ025,2025-09-08 06:00:00,Stopped,7586.8,1
EQ025,2025-09-08 12:00:00,Maintenance,7588.2,1
EQ025,2025-09-08 18:00:00,Stopped,7593.7,1
EQ025,2025-09-08 00:00:00,Stopped,7598.8,1
EQ025,2025-09-09 06:00:00,Stopped,7600.6,1
EQ025,2025-09-09 12:00:00,Stopped,7606.1,1
EQ025,2025-09-09 18:00:00,Running,7608.5,1
EQ025,2025-09-09 00:00:00,Running,7610.6,0
EQ025,2025-09-10 06:00:00,Running,7615.0,1
EQ025,2025-09-10 12:00:00,Running,7619.2,0
EQ025,2025-09-10 18:00:00,Standby,7621.1,1
EQ025,2025-09-10 00:00:00,Stopped,7626.3,1
EQ025,2025-09-11 06:00:00,Running,7628.1,0
EQ025,2025-09-11 12:00:00,Standby,7630.8,0
EQ025,2025-09-11 18:00:00,Running,7632.1,0
EQ025,2025-09-11 00:00:00,Stopped,7633.3,1
EQ025,2025-09-12 06:00:00,Standby,7638.4,0
EQ025,2025-09-12 12:00:00,Running,7643.6,0
EQ025,2025-09-12 18:00:00,Running,7647.7,0
EQ025,2025-09-12 00:00:00,Running,7649.8,1
EQ025,2025-09-13 06:00:00,Running,7650.5,0
EQ025,2025-09-13 12:00:00,Standby,7653.1,0
EQ025,2025-09-13 18:00:00,Running,7654.6,0
EQ025,2025-09-13 00:00:00,Running,7656.4,0
EQ025,2025-09-14 06:00:00,Standby,7660.9,1
EQ025,2025-09-14 12:00:00,Stopped,7666.8,1
EQ025,2025-09-14 18:00:00,Standby,7669.6,1
EQ025,2025-09-14 00:00:00,Stopped,7671.9,1
EQ025,2025-09-15 06:00:00,Standby,7672.0,0
EQ025,2025-09-15 12:00:00,Running,7675.8,1
EQ025,2025-09-15 18:00:00,Maintenance,7677.1,1
EQ025,2025-09-15 00:00:00,Standby,7680.0,0
EQ025,2025-09-16 06:00:00,Standby,7683.6,1
EQ025,2025-09-16 12:00:00,Running,7687.8,0
EQ025,2025-09-16 18:00:00,Running,7689.8,1
EQ025,2025-09-16 00:00:00,Stopped,7695.0,1
EQ025,2025-09-17 06:00:00,Standby,7699.2,0
EQ025,2025-09-17 12:00:00,Running,7703.9,0
EQ025,2025-09-17 18:00:00,Standby,7708.9,1
EQ025,2025-09-17 00:00:00,Standby,7712.8,0
EQ025,2025-09-18 06:00:00,Stopped,7714.0,1
EQ025,2025-09-18 12:00:00,Standby,7719.2,1
EQ025,2025-09-18 18:00:00,Standby,7721.9,1
EQ025,2025-09-18 00:00:00,Running,7725.4,1
EQ025,2025-09-19 06:00:00,Standby,7726.9,1
EQ025,2025-09-19 12:00:00,Stopped,7727.4,1
EQ025,2025-09-19 18:00:00,Running,7733.2,0
EQ025,2025-09-19 00:00:00,Running,7737.1,0
EQ025,2025-09-20 06:00:00,Running,7742.8,1
EQ025,2025-09-20 12:00:00,Maintenance,7744.6,1
EQ025,2025-09-20 18:00:00,Standby,7747.5,1
EQ025,2025-09-20 00:00:00,Running,7753.5,0
EQ025,2025-09-21 06:00:00,Standby,7757.6,0
EQ025,2025-09-21 12:00:00,Standby,7757.8,1
EQ025,2025-09-21 18:00:00,Running,7759.1,0
EQ025,2025-09-21 00:00:00,Running,7762.7,0
EQ025,2025-09-22 06:00:00,Running,7765.2,0
EQ025,2025-09-22 12:00:00,Standby,7769.1,0
EQ025,2025-09-22 18:00:00,Running,7774.8,0
EQ025,2025-09-22 00:00:00,Standby,7775.7,0
EQ025,2025-09-23 06:00:00,Running,7777.3,0
EQ025,2025-09-23 12:00:00,Standby,7781.6,0
EQ025,2025-09-23 18:00:00,Standby,7784.7,0
EQ025,2025-09-23 00:00:00,Running,7786.6,0
EQ025,2025-09-24 06:00:00,Stopped,7788.9,1
EQ025,2025-09-24 12:00:00,Maintenance,7790.4,1
EQ025,2025-09-24 18:00:00,Running,7794.5,0
EQ025,2025-09-24 00:00:00,Running,7795.0,0
EQ025,2025-09-25 06:00:00,Maintenance,7799.7,1
EQ025,2025-09-25 12:00:00,Running,7801.3,0
EQ025,2025-09-25 18:00:00,Running,7802.6,0
EQ025,2025-09-25 00:00:00,Maintenance,7807.3,1
EQ025,2025-09-26 06:00:00,Running,7812.6,0
EQ025,2025-09-26 12:00:00,Standby,7813.2,0
EQ025,2025-09-26 18:00:00,Running,7814.9,0
EQ025,2025-09-26 00:00:00,Running,7815.2,1
EQ025,2025-09-27 06:00:00,Running,7816.3,0
EQ025,2025-09-27 12:00:00,Stopped,7820.4,1
EQ025,2025-09-27 18:00:00,Stopped,7823.7,1
EQ025,2025-09-27 00:00:00,Maintenance,7826.1,1
EQ025,2025-09-28 06:00:00,Standby,7830.2,0
EQ025,2025-09-28 12:00:00,Stopped,7834.1,1
EQ025,2025-09-28 18:00:00,Running,7835.7,0
EQ025,2025-09-28 00:00:00,Maintenance,7839.5,1
EQ025,2025-09-29 06:00:00,Running,7843.6,0
EQ025,2025-09-29 12:00:00,Running,7846.2,0
EQ025,2025-09-29 18:00:00,Running,7847.9,0
EQ025,2025-09-29 00:00:00,Maintenance,7851.0,1
EQ025,2025-09-30 06:00:00,Stopped,7856.5,1
EQ025,2025-09-30 12:00:00,Running,7857.0,0
EQ025,2025-09-30 18:00:00,Running,7862.1,0
EQ025,2025-09-30 00:00:00,Standby,7863.5,1
EQ026,2025-09-01 06:00:00,Standby,1657.1,1
EQ026,2025-09-01 12:00:00,Maintenance,1662.0,1
EQ026,2025-09-01 18:00:00,Running,1666.1,0
EQ026,2025-09-01 00:00:00,Maintenance,1666.9,1
EQ026,2025-09-02 06:00:00,Running,1671.0,0
EQ026,2025-09-02 12:00:00,Standby,1671.1,1
EQ026,2025-09-02 18:00:00,Running,1671.1,0
EQ026,2025-09-02 00:00:00,Running,1673.2,0
EQ026,2025-09-03 06:00:00,Maintenance,1677.2,1
EQ026,2025-09-03 12:00:00,Maintenance,1683.2,1
EQ026,2025-09-03 18:00:00,Maintenance,1687.3,1
EQ026,2025-09-03 00:00:00,Running,1688.3,0
EQ026,2025-09-04 06:00:00,Maintenance,1692.9,1
EQ026,2025-09-04 12:00:00,Maintenance,1693.9,1
EQ026,2025-09-04 18:00:00,Running,1696.0,1
EQ026,2025-09-04 00:00:00,Running,1697.0,0
EQ026,2025-09-05 06:00:00,Maintenance,1699.0,1
EQ026,2025-09-05 12:00:00,Standby,1704.1,0
EQ026,2025-09-05 18:00:00,Maintenance,1705.8,1
EQ026,2025-09-05 00:00:00,Running,1705.8,0
EQ026,2025-09-06 06:00:00,Standby,1711.3,0
EQ026,2025-09-06 12:00:00,Maintenance,1717.1,1
EQ026,2025-09-06 18:00:00,Standby,1722.7,0
EQ026,2025-09-06 00:00:00,Maintenance,1727.8,1
EQ026,2025-09-07 06:00:00,Running,1730.6,1
EQ026,2025-09-07 12:00:00,Running,1732.7,1
EQ026,2025-09-07 18:00:00,Stopped,1735.1,1
EQ026,2025-09-07 00:00:00,Running,1736.3,0
EQ026,2025-09-08 06:00:00,Standby,1738.8,0
EQ026,2025-09-08 12:00:00,Maintenance,1738.8,1
EQ026,2025-09-08 18:00:00,Stopped,1740.3,1
EQ026,2025-09-08 00:00:00,Running,1742.5,0
EQ026,2025-09-09 06:00:00,Maintenance,1745.7,1
EQ026,2025-09-09 12:00:00,Running,1749.6,0
EQ026,2025-09-09 18:00:00,Running,1754.1,1
EQ026,2025-09-09 00:00:00,Running,1758.4,0
EQ026,2025-09-10 06:00:00,Running,1759.2,0
EQ026,2025-09-10 12:00:00,Running,1759.4,0
EQ026,2025-09-10 18:00:00,Standby,1765.2,0
EQ026,2025-09-10 00:00:00,Maintenance,1765.9,1
EQ026,2025-09-11 06:00:00,Running,1770.0,0
EQ026,2025-09-11 12:00:00,Running,1774.7,0
EQ026,2025-09-11 18:00:00,Running,1779.2,0
EQ026,2025-09-11 00:00:00,Stopped,1780.0,1
EQ026,2025-09-12 06:00:00,Maintenance,1784.8,1
EQ026,2025-09-12 12:00:00,Running,1784.9,0
EQ026,2025-09-12 18:00:00,Standby,1789.9,1
EQ026,2025-09-12 00:00:00,Running,1789.9,0
EQ026,2025-09-13 06:00:00,Running,1790.4,0
EQ026,2025-09-13 12:00:00,Running,1794.8,0
EQ026,2025-09-13 18:00:00,Running,1795.5,0
EQ026,2025-09-13 00:00:00,Running,1799.5,0
EQ026,2025-09-14 06:00:00,Running,1804.2,0
EQ026,2025-09-14 12:00:00,Running,1807.9,0
EQ026,2025-09-14 18:00:00,Running,1811.7,0
EQ026,2025-09-14 00:00:00,Running,1814.1,1
EQ026,2025-09-15 06:00:00,Running,1815.0,1
EQ026,2025-09-15 12:00:00,Running,1820.2,1
EQ026,2025-09-15 18:00:00,Running,1824.4,0
EQ026,2025-09-15 00:00:00,Maintenance,1825.7,1
EQ026,2025-09-16 06:00:00,Running,1828.3,1
EQ026,2025-09-16 12:00:00,Running,1830.5,1
EQ026,2025-09-16 18:00:00,Maintenance,1834.8,1
EQ026,2025-09-16 00:00:00,Running,1835.9,0
EQ026,2025-09-17 06:00:00,Running,1837.8,0
EQ026,2025-09-17 12:00:00,Running,1841.4,0
EQ026,2025-09-17 18:00:00,Running,1844.3,0
EQ026,2025-09-17 00:00:00,Running,1848.3,1
EQ026,2025-09-18 06:00:00,Standby,1849.1,0
EQ026,2025-09-18 12:00:00,Running,1853.6,0
EQ026,2025-09-18 18:00:00,Standby,1855.0,0
EQ026,2025-09-18 00:00:00,Running,1855.5,0
EQ026,2025-09-19 06:00:00,Running,1859.1,0
EQ026,2025-09-19 12:00:00,Running,1864.4,0
EQ026,2025-09-19 18:00:00,Stopped,1865.6,1
EQ026,2025-09-19 00:00:00,Running,1871.3,1
EQ026,2025-09-20 06:00:00,Standby,1874.1,0
EQ026,2025-09-20 12:00:00,Stopped,1877.3,1
EQ026,2025-09-20 18:00:00,Running,1879.8,1
EQ026,2025-09-20 00:00:00,Stopped,1885.1,1
EQ026,2025-09-21 06:00:00,Stopped,1890.2,1
EQ026,2025-09-21 12:00:00,Standby,1892.4,0
EQ026,2025-09-21 18:00:00,Standby,1895.0,1
EQ026,2025-09-21 00:00:00,Running,1900.7,0
EQ026,2025-09-22 06:00:00,Stopped,1901.7,1
EQ026,2025-09-22 12:00:00,Running,1903.4,0
EQ026,2025-09-22 18:00:00,Maintenance,1903.8,1
EQ026,2025-09-22 00:00:00,Maintenance,1904.9,1
EQ026,2025-09-23 06:00:00,Stopped,1907.9,1
EQ026,2025-09-23 12:00:00,Standby,1908.3,0
EQ026,2025-09-23 18:00:00,Running,1911.7,0
EQ026,2025-09-23 00:00:00,Running,1912.9,0
EQ026,2025-09-24 06:00:00,Running,1916.5,0
EQ026,2025-09-24 12:00:00,Running,1919.6,0
EQ026,2025-09-24 18:00:00,Standby,1921.2,0
EQ026,2025-09-24 00:00:00,Maintenance,1923.0,1
EQ026,2025-09-25 06:00:00,Running,1924.3,1
EQ026,2025-09-25 12:00:00,Standby,1928.1,0
EQ026,2025-09-25 18:00:00,Maintenance,1929.8,1
EQ026,2025-09-25 00:00:00,Running,1930.1,0
EQ026,2025-09-26 06:00:00,Maintenance,1936.0,1
EQ026,2025-09-26 12:00:00,Running,1939.9,1
EQ026,2025-09-26 18:00:00,Standby,1941.8,0
EQ026,2025-09-26 00:00:00,Maintenance,1947.1,1
EQ026,2025-09-27 06:00:00,Running,1952.5,1
EQ026,2025-09-27 12:00:00,Running,1956.3,0
EQ026,2025-09-27 18:00:00,Running,1960.7,0
EQ026,2025-09-27 00:00:00,Running,1960.8,0
EQ026,2025-09-28 06:00:00,Standby,1966.4,0
EQ026,2025-09-28 12:00:00,Standby,1970.5,0
EQ026,2025-09-28 18:00:00,Maintenance,1972.0,1
EQ026,2025-09-28 00:00:00,Standby,1973.2,0
EQ026,2025-09-29 06:00:00,Running,1974.4,0
EQ026,2025-09-29 12:00:00,Standby,1976.8,0
EQ026,2025-09-29 18:00:00,Running,1979.4,0
EQ026,2025-09-29 00:00:00,Running,1982.4,0
EQ026,2025-09-30 06:00:00,Running,1983.5,0
EQ026,2025-09-30 12:00:00,Standby,1984.6,0
EQ026,2025-09-30 18:00:00,Running,1989.9,0
EQ026,2025-09-30 00:00:00,Stopped,1994.0,1
EQ027,2025-09-01 06:00:00,Running,2317.6,0
EQ027,2025-09-01 12:00:00,Standby,2321.9,0
EQ027,2025-09-01 18:00:00,Running,2322.0,0
EQ027,2025-09-01 00:00:00,Running,2322.7,0
EQ027,2025-09-02 06:00:00,Running,2328.3,0
EQ027,2025-09-02 12:00:00,Running,2329.9,0
EQ027,2025-09-02 18:00:00,Maintenance,2333.5,1
EQ027,2025-09-02 00:00:00,Stopped,2333.6,1
EQ027,2025-09-03 06:00:00,Stopped,2336.9,1
EQ027,2025-09-03 12:00:00,Stopped,2342.0,1
EQ027,2025-09-03 18:00:00,Running,2346.6,1
EQ027,2025-09-03 00:00:00,Maintenance,2351.5,1
EQ027,2025-09-04 06:00:00,Running,2353.0,0
EQ027,2025-09-04 12:00:00,Standby,2356.3,0
EQ027,2025-09-04 18:00:00,Running,2359.6,1
EQ027,2025-09-04 00:00:00,Running,2362.1,0
EQ027,2025-09-05 06:00:00,Running,2363.5,0
EQ027,2025-09-05 12:00:00,Running,2365.2,0
EQ027,2025-09-05 18:00:00,Maintenance,2369.3,1
EQ027,2025-09-05 00:00:00,Standby,2374.7,0
EQ027,2025-09-06 06:00:00,Running,2376.0,0
EQ027,2025-09-06 12:00:00,Maintenance,2377.7,1
EQ027,2025-09-06 18:00:00,Running,2379.9,0
EQ027,2025-09-06 00:00:00,Maintenance,2380.4,1
EQ027,2025-09-07 06:00:00,Running,2383.0,1
EQ027,2025-09-07 12:00:00,Running,2385.6,1
EQ027,2025-09-07 18:00:00,Maintenance,2389.7,1
EQ027,2025-09-07 00:00:00,Standby,2395.0,0
EQ027,2025-09-08 06:00:00,Running,2397.2,0
EQ027,2025-09-08 12:00:00,Running,2402.0,0
EQ027,2025-09-08 18:00:00,Stopped,2407.2,1
EQ027,2025-09-08 00:00:00,Maintenance,2411.9,1
EQ027,2025-09-09 06:00:00,Running,2414.6,1
EQ027,2025-09-09 12:00:00,Stopped,2420.5,1
EQ027,2025-09-09 18:00:00,Stopped,2421.2,1
EQ027,2025-09-09 00:00:00,Running,2422.1,0
EQ027,2025-09-10 06:00:00,Running,2426.7,1
EQ027,2025-09-10 12:00:00,Running,2429.6,0
EQ027,2025-09-10 18:00:00,Maintenance,2433.2,1
EQ027,2025-09-10 00:00:00,Standby,2438.9,1
EQ027,2025-09-11 06:00:00,Maintenance,2441.2,1
EQ027,2025-09-11 12:00:00,Standby,2444.2,0
EQ027,2025-09-11 18:00:00,Standby,2444.7,0
EQ027,2025-09-11 00:00:00,Stopped,2447.9,1
EQ027,2025-09-12 06:00:00,Stopped,2452.8,1
EQ027,2025-09-12 12:00:00,Running,2455.0,1
EQ027,2025-09-12 18:00:00,Running,2457.2,0
EQ027,2025-09-12 00:00:00,Running,2457.9,1
EQ027,2025-09-13 06:00:00,Maintenance,2460.1,1
EQ027,2025-09-13 12:00:00,Stopped,2464.8,1
EQ027,2025-09-13 18:00:00,Running,2469.8,0
EQ027,2025-09-13 00:00:00,Standby,2472.3,0
EQ027,2025-09-14 06:00:00,Running,2476.8,0
EQ027,2025-09-14 12:00:00,Running,2477.7,0
EQ027,2025-09-14 18:00:00,Stopped,2481.9,1
EQ027,2025-09-14 00:00:00,Running,2482.5,1
EQ027,2025-09-15 06:00:00,Standby,2486.1,0
EQ027,2025-09-15 12:00:00,Running,2486.9,1
EQ027,2025-09-15 18:00:00,Running,2491.9,1
EQ027,2025-09-15 00:00:00,Running,2494.7,0
EQ027,2025-09-16 06:00:00,Running,2500.4,0
EQ027,2025-09-16 12:00:00,Running,2503.1,0
EQ027,2025-09-16 18:00:00,Standby,2503.8,1
EQ027,2025-09-16 00:00:00,Running,2507.4,0
EQ027,2025-09-17 06:00:00,Running,2509.8,1
EQ027,2025-09-17 12:00:00,Running,2512.5,0
EQ027,2025-09-17 18:00:00,Stopped,2514.0,1
EQ027,2025-09-17 00:00:00,Standby,2515.4,0
EQ027,2025-09-18 06:00:00,Maintenance,2517.0,1
EQ027,2025-09-18 12:00:00,Running,2522.7,0
EQ027,2025-09-18 18:00:00,Stopped,2525.1,1
EQ027,2025-09-18 00:00:00,Running,2530.0,0
EQ027,2025-09-19 06:00:00,Maintenance,2533.6,1
EQ027,2025-09-19 12:00:00,Running,2536.5,0
EQ027,2025-09-19 18:00:00,Standby,2538.8,0
EQ027,2025-09-19 00:00:00,Running,2541.3,0
EQ027,2025-09-20 06:00:00,Running,2543.5,1
EQ027,2025-09-20 12:00:00,Stopped,2545.5,1
EQ027,2025-09-20 18:00:00,Running,2546.1,1
EQ027,2025-09-20 00:00:00,Running,2551.6,1
EQ027,2025-09-21 06:00:00,Running,2557.2,0
EQ027,2025-09-21 12:00:00,Running,2560.6,1
EQ027,2025-09-21 18:00:00,Running,2563.5,0
EQ027,2025-09-21 00:00:00,Running,2565.4,1
EQ027,2025-09-22 06:00:00,Maintenance,2569.9,1
EQ027,2025-09-22 12:00:00,Maintenance,2572.9,1
EQ027,2025-09-22 18:00:00,Running,2575.0,0
EQ027,2025-09-22 00:00:00,Running,2577.0,0
EQ027,2025-09-23 06:00:00,Maintenance,2580.0,1
EQ027,2025-09-23 12:00:00,Standby,2580.1,0
EQ027,2025-09-23 18:00:00,Stopped,2583.0,1
EQ027,2025-09-23 00:00:00,Maintenance,2583.2,1
EQ027,2025-09-24 06:00:00,Running,2583.7,0
EQ027,2025-09-24 12:00:00,Standby,2585.1,0
EQ027,2025-09-24 18:00:00,Running,2585.9,0
EQ027,2025-09-24 00:00:00,Stopped,2591.9,1
EQ027,2025-09-25 06:00:00,Standby,2595.6,0
EQ027,2025-09-25 12:00:00,Standby,2598.3,0
EQ027,2025-09-25 18:00:00,Running,2602.0,0
EQ027,2025-09-25 00:00:00,Maintenance,2602.2,1
EQ027,2025-09-26 06:00:00,Stopped,2606.3,1
EQ027,2025-09-26 12:00:00,Running,2609.9,0
EQ027,2025-09-26 18:00:00,Maintenance,2613.3,1
EQ027,2025-09-26 00:00:00,Maintenance,2613.9,1
EQ027,2025-09-27 06:00:00,Running,2615.8,0
EQ027,2025-09-27 12:00:00,Maintenance,2620.6,1
EQ027,2025-09-27 18:00:00,Maintenance,2623.6,1
EQ027,2025-09-27 00:00:00,Running,2625.4,1
EQ027,2025-09-28 06:00:00,Running,2627.5,0
EQ027,2025-09-28 12:00:00,Running,2630.3,0
EQ027,2025-09-28 18:00:00,Maintenance,2636.2,1
EQ027,2025-09-28 00:00:00,Stopped,2638.9,1
EQ027,2025-09-29 06:00:00,Maintenance,2644.5,1
EQ027,2025-09-29 12:00:00,Maintenance,2647.4,1
EQ027,2025-09-29 18:00:00,Running,2649.9,0
EQ027,2025-09-29 00:00:00,Standby,2652.5,0
EQ027,2025-09-30 06:00:00,Standby,2654.4,0
EQ027,2025-09-30 12:00:00,Running,2657.1,0
EQ027,2025-09-30 18:00:00,Maintenance,2663.0,1
EQ027,2025-09-30 00:00:00,Running,2663.3,0
EQ028,2025-09-01 06:00:00,Standby,6535.0,0
EQ028,2025-09-01 12:00:00,Running,6538.4,0
EQ028,2025-09-01 18:00:00,Maintenance,6539.7,1
EQ028,2025-09-01 00:00:00,Maintenance,6543.7,1
EQ028,2025-09-02 06:00:00,Running,6546.9,0
EQ028,2025-09-02 12:00:00,Stopped,6547.6,1
EQ028,2025-09-02 18:00:00,Running,6553.4,1
EQ028,2025-09-02 00:00:00,Running,6555.8,0
EQ028,2025-09-03 06:00:00,Running,6559.4,0
EQ028,2025-09-03 12:00:00,Running,6560.1,0
EQ028,2025-09-03 18:00:00,Running,6565.8,0
EQ028,2025-09-03 00:00:00,Running,6569.2,0
EQ028,2025-09-04 06:00:00,Maintenance,6573.8,1
EQ028,2025-09-04 12:00:00,Running,6578.5,0
EQ028,2025-09-04 18:00:00,Maintenance,6579.8,1
EQ028,2025-09-04 00:00:00,Running,6584.4,1
EQ028,2025-09-05 06:00:00,Running,6585.5,0
EQ028,2025-09-05 12:00:00,Running,6586.0,0
EQ028,2025-09-05 18:00:00,Maintenance,6588.7,1
EQ028,2025-09-05 00:00:00,Running,6594.1,0
EQ028,2025-09-06 06:00:00,Running,6599.5,1
EQ028,2025-09-06 12:00:00,Running,6601.3,0
EQ028,2025-09-06 18:00:00,Running,6604.2,0
EQ028,2025-09-06 00:00:00,Standby,6610.0,0
EQ028,2025-09-07 06:00:00,Running,6613.4,0
EQ028,2025-09-07 12:00:00,Stopped,6616.8,1
EQ028,2025-09-07 18:00:00,Maintenance,6618.0,1
EQ028,2025-09-07 00:00:00,Stopped,6621.5,1
EQ028,2025-09-08 06:00:00,Running,6626.4,0
EQ028,2025-09-08 12:00:00,Stopped,6631.4,1
EQ028,2025-09-08 18:00:00,Stopped,6631.5,1
EQ028,2025-09-08 00:00:00,Maintenance,6637.1,1
EQ028,2025-09-09 06:00:00,Running,6641.9,0
EQ028,2025-09-09 12:00:00,Standby,6646.2,0
EQ028,2025-09-09 18:00:00,Maintenance,6651.9,1
EQ028,2025-09-09 00:00:00,Maintenance,6655.7,1
EQ028,2025-09-10 06:00:00,Standby,6655.9,0
EQ028,2025-09-10 12:00:00,Stopped,6657.0,1
EQ028,2025-09-10 18:00:00,Standby,6660.6,0
EQ028,2025-09-10 00:00:00,Running,6661.7,0
EQ028,2025-09-11 06:00:00,Standby,6663.9,0
EQ028,2025-09-11 12:00:00,Running,6665.7,0
EQ028,2025-09-11 18:00:00,Stopped,6666.4,1
EQ028,2025-09-11 00:00:00,Running,6668.9,0
EQ028,2025-09-12 06:00:00,Running,6671.5,0
EQ028,2025-09-12 12:00:00,Maintenance,6673.5,1
EQ028,2025-09-12 18:00:00,Maintenance,6676.3,1
EQ028,2025-09-12 00:00:00,Running,6677.3,0
EQ028,2025-09-13 06:00:00,Running,6681.3,0
EQ028,2025-09-13 12:00:00,Standby,6685.5,0
EQ028,2025-09-13 18:00:00,Maintenance,6690.9,1
EQ028,2025-09-13 00:00:00,Running,6695.9,1
EQ028,2025-09-14 06:00:00,Running,6701.5,1
EQ028,2025-09-14 12:00:00,Running,6705.2,0
EQ028,2025-09-14 18:00:00,Standby,6708.2,0
EQ028,2025-09-14 00:00:00,Stopped,6712.2,1
EQ028,2025-09-15 06:00:00,Maintenance,6713.5,1
EQ028,2025-09-15 12:00:00,Stopped,6716.8,1
EQ028,2025-09-15 18:00:00,Running,6722.5,0
EQ028,2025-09-15 00:00:00,Running,6725.3,0
EQ028,2025-09-16 06:00:00,Maintenance,6729.2,1
EQ028,2025-09-16 12:00:00,Stopped,6731.6,1
EQ028,2025-09-16 18:00:00,Maintenance,6736.3,1
EQ028,2025-09-16 00:00:00,Standby,6740.3,0
EQ028,2025-09-17 06:00:00,Running,6745.8,0
EQ028,2025-09-17 12:00:00,Standby,6751.3,1
EQ028,2025-09-17 18:00:00,Running,6756.0,1
EQ028,2025-09-17 00:00:00,Stopped,6759.1,1
EQ028,2025-09-18 06:00:00,Stopped,6761.0,1
EQ028,2025-09-18 12:00:00,Running,6763.6,0
EQ028,2025-09-18 18:00:00,Standby,6767.3,0
EQ028,2025-09-18 00:00:00,Running,6772.9,1
EQ028,2025-09-19 06:00:00,Running,6775.2,0
EQ028,2025-09-19 12:00:00,Stopped,6777.6,1
EQ028,2025-09-19 18:00:00,Running,6779.0,1
EQ028,2025-09-19 00:00:00,Stopped,6779.8,1
EQ028,2025-09-20 06:00:00,Running,6782.2,0
EQ028,2025-09-20 12:00:00,Stopped,6787.7,1
EQ028,2025-09-20 18:00:00,Stopped,6788.7,1
EQ028,2025-09-20 00:00:00,Running,6788.9,1
EQ028,2025-09-21 06:00:00,Running,6789.8,0
EQ028,2025-09-21 12:00:00,Standby,6795.6,0
EQ028,2025-09-21 18:00:00,Standby,6800.0,1
EQ028,2025-09-21 00:00:00,Maintenance,6803.8,1
EQ028,2025-09-22 06:00:00,Stopped,6804.9,1
EQ028,2025-09-22 12:00:00,Standby,6806.1,0
EQ028,2025-09-22 18:00:00,Stopped,6810.5,1
EQ028,2025-09-22 00:00:00,Stopped,6812.8,1
EQ028,2025-09-23 06:00:00,Running,6813.3,1
EQ028,2025-09-23 12:00:00,Running,6819.2,1
EQ028,2025-09-23 18:00:00,Maintenance,6819.9,1
EQ028,2025-09-23 00:00:00,Maintenance,6820.6,1
EQ028,2025-09-24 06:00:00,Running,6821.7,0
EQ028,2025-09-24 12:00:00,Running,6827.2,0
EQ028,2025-09-24 18:00:00,Running,6832.0,1
EQ028,2025-09-24 00:00:00,Running,6835.8,0
EQ028,2025-09-25 06:00:00,Running,6841.1,0
EQ028,2025-09-25 12:00:00,Standby,6842.1,0
EQ028,2025-09-25 18:00:00,Running,6846.1,0
EQ028,2025-09-25 00:00:00,Standby,6846.8,0
EQ028,2025-09-26 06:00:00,Running,6852.8,0
EQ028,2025-09-26 12:00:00,Standby,6855.9,1
EQ028,2025-09-26 18:00:00,Running,6859.5,1
EQ028,2025-09-26 00:00:00,Standby,6864.1,0
EQ028,2025-09-27 06:00:00,Running,6869.5,0
EQ028,2025-09-27 12:00:00,Running,6870.0,1
EQ028,2025-09-27 18:00:00,Standby,6871.6,1
EQ028,2025-09-27 00:00:00,Running,6875.8,1
EQ028,2025-09-28 06:00:00,Standby,6880.7,0
EQ028,2025-09-28 12:00:00,Running,6886.2,0
EQ028,2025-09-28 18:00:00,Running,6891.3,1
EQ028,2025-09-28 00:00:00,Stopped,6897.1,1
EQ028,2025-09-29 06:00:00,Running,6900.6,0
EQ028,2025-09-29 12:00:00,Running,6904.9,0
EQ028,2025-09-29 18:00:00,Running,6908.5,0
EQ028,2025-09-29 00:00:00,Running,6909.1,0
EQ028,2025-09-30 06:00:00,Running,6911.2,1
EQ028,2025-09-30 12:00:00,Maintenance,6916.1,1
EQ028,2025-09-30 18:00:00,Running,6921.8,0
EQ028,2025-09-30 00:00:00,Running,6925.4,0
EQ029,2025-09-01 06:00:00,Maintenance,7144.0,1
EQ029,2025-09-01 12:00:00,Running,7148.9,1
EQ029,2025-09-01 18:00:00,Running,7150.4,1
EQ029,2025-09-01 00:00:00,Running,7151.3,0
EQ029,2025-09-02 06:00:00,Running,7155.4,1
EQ029,2025-09-02 12:00:00,Stopped,7156.7,1
EQ029,2025-09-02 18:00:00,Standby,7158.1,0
EQ029,2025-09-02 00:00:00,Running,7159.4,0
EQ029,2025-09-03 06:00:00,Running,7163.7,0
EQ029,2025-09-03 12:00:00,Maintenance,7168.5,1
EQ029,2025-09-03 18:00:00,Standby,7172.4,0
EQ029,2025-09-03 00:00:00,Standby,7177.3,0
EQ029,2025-09-04 06:00:00,Running,7180.3,1
EQ029,2025-09-04 12:00:00,Running,7181.0,0
EQ029,2025-09-04 18:00:00,Running,7184.5,0
EQ029,2025-09-04 00:00:00,Running,7184.6,1
EQ029,2025-09-05 06:00:00,Stopped,7188.1,1
EQ029,2025-09-05 12:00:00,Running,7188.9,0
EQ029,2025-09-05 18:00:00,Maintenance,7189.1,1
EQ029,2025-09-05 00:00:00,Standby,7191.1,0
EQ029,2025-09-06 06:00:00,Running,7196.1,0
EQ029,2025-09-06 12:00:00,Running,7198.0,0
EQ029,2025-09-06 18:00:00,Running,7202.6,1
EQ029,2025-09-06 00:00:00,Running,7204.4,1
EQ029,2025-09-07 06:00:00,Maintenance,7207.4,1
EQ029,2025-09-07 12:00:00,Standby,7212.5,0
EQ029,2025-09-07 18:00:00,Maintenance,7213.1,1
EQ029,2025-09-07 00:00:00,Running,7213.9,0
EQ029,2025-09-08 06:00:00,Maintenance,7219.1,1
EQ029,2025-09-08 12:00:00,Stopped,7220.5,1
EQ029,2025-09-08 18:00:00,Running,7225.4,0
EQ029,2025-09-08 00:00:00,Stopped,7228.6,1
EQ029,2025-09-09 06:00:00,Running,7228.9,0
EQ029,2025-09-09 12:00:00,Maintenance,7229.2,1
EQ029,2025-09-09 18:00:00,Running,7230.8,0
EQ029,2025-09-09 00:00:00,Standby,7233.1,0
EQ029,2025-09-10 06:00:00,Standby,7236.6,0
EQ029,2025-09-10 12:00:00,Running,7237.5,0
EQ029,2025-09-10 18:00:00,Standby,7242.9,0
EQ029,2025-09-10 00:00:00,Standby,7246.0,0
EQ029,2025-09-11 06:00:00,Running,7248.9,0
EQ029,2025-09-11 12:00:00,Running,7251.8,0
EQ029,2025-09-11 18:00:00,Running,7256.1,0
EQ029,2025-09-11 00:00:00,Running,7257.6,0
EQ029,2025-09-12 06:00:00,Standby,7261.8,0
EQ029,2025-09-12 12:00:00,Running,7263.1,0
EQ029,2025-09-12 18:00:00,Standby,7265.4,0
EQ029,2025-09-12 00:00:00,Running,7270.3,0
EQ029,2025-09-13 06:00:00,Stopped,7273.4,1
EQ029,2025-09-13 12:00:00,Running,7277.7,0
EQ029,2025-09-13 18:00:00,Standby,7278.3,0
EQ029,2025-09-13 00:00:00,Running,7280.6,0
EQ029,2025-09-14 06:00:00,Running,7281.8,0
EQ029,2025-09-14 12:00:00,Running,7284.3,1
EQ029,2025-09-14 18:00:00,Standby,7287.8,0
EQ029,2025-09-14 00:00:00,Running,7288.4,0
EQ029,2025-09-15 06:00:00,Running,7291.2,1
EQ029,2025-09-15 12:00:00,Running,7294.4,0
EQ029,2025-09-15 18:00:00,Running,7297.7,1
EQ029,2025-09-15 00:00:00,Running,7300.1,0
EQ029,2025-09-16 06:00:00,Running,7302.7,0
EQ029,2025-09-16 12:00:00,Running,7305.0,1
EQ029,2025-09-16 18:00:00,Maintenance,7306.2,1
EQ029,2025-09-16 00:00:00,Running,7307.9,1
EQ029,2025-09-17 06:00:00,Standby,7308.6,0
EQ029,2025-09-17 12:00:00,Running,7309.3,0
EQ029,2025-09-17 18:00:00,Running,7312.8,0
EQ029,2025-09-17 00:00:00,Running,7314.5,0
EQ029,2025-09-18 06:00:00,Maintenance,7318.7,1
EQ029,2025-09-18 12:00:00,Running,7320.0,0
EQ029,2025-09-18 18:00:00,Stopped,7324.2,1
EQ029,2025-09-18 00:00:00,Running,7325.4,1
EQ029,2025-09-19 06:00:00,Standby,7327.1,0
EQ029,2025-09-19 12:00:00,Running,7332.5,1
EQ029,2025-09-19 18:00:00,Standby,7337.6,0
EQ029,2025-09-19 00:00:00,Standby,7341.7,1
EQ029,2025-09-20 06:00:00,Running,7344.4,0
EQ029,2025-09-20 12:00:00,Maintenance,7348.4,1
EQ029,2025-09-20 18:00:00,Running,7354.2,1
EQ029,2025-09-20 00:00:00,Maintenance,7355.2,1
EQ029,2025-09-21 06:00:00,Stopped,7355.3,1
EQ029,2025-09-21 12:00:00,Running,7355.3,0
EQ029,2025-09-21 18:00:00,Maintenance,7358.1,1
EQ029,2025-09-21 00:00:00,Running,7362.2,1
EQ029,2025-09-22 06:00:00,Running,7365.2,0
EQ029,2025-09-22 12:00:00,Stopped,7369.9,1
EQ029,2025-09-22 18:00:00,Running,7371.9,0
EQ029,2025-09-22 00:00:00,Running,7375.2,0
EQ029,2025-09-23 06:00:00,Standby,7378.0,0
EQ029,2025-09-23 12:00:00,Stopped,7379.8,1
EQ029,2025-09-23 18:00:00,Running,7383.8,0
EQ029,2025-09-23 00:00:00,Maintenance,7388.9,1
EQ029,2025-09-24 06:00:00,Running,7392.0,0
EQ029,2025-09-24 12:00:00,Standby,7394.5,1
EQ029,2025-09-24 18:00:00,Running,7396.6,0
EQ029,2025-09-24 00:00:00,Running,7400.8,0
EQ029,2025-09-25 06:00:00,Running,7401.3,0
EQ029,2025-09-25 12:00:00,Maintenance,7403.6,1
EQ029,2025-09-25 18:00:00,Running,7407.4,0
EQ029,2025-09-25 00:00:00,Standby,7413.3,0
EQ029,2025-09-26 06:00:00,Maintenance,7414.3,1
EQ029,2025-09-26 12:00:00,Maintenance,7416.4,1
EQ029,2025-09-26 18:00:00,Running,7422.1,0
EQ029,2025-09-26 00:00:00,Running,7425.6,1
EQ029,2025-09-27 06:00:00,Stopped,7430.6,1
EQ029,2025-09-27 12:00:00,Running,7434.0,0
EQ029,2025-09-27 18:00:00,Stopped,7436.1,1
EQ029,2025-09-27 00:00:00,Running,7441.7,1
EQ029,2025-09-28 06:00:00,Running,7444.8,0
EQ029,2025-09-28 12:00:00,Running,7445.8,0
EQ029,2025-09-28 18:00:00,Running,7447.6,1
EQ029,2025-09-28 00:00:00,Running,7452.6,0
EQ029,2025-09-29 06:00:00,Running,7452.6,0
EQ029,2025-09-29 12:00:00,Running,7452.9,0
EQ029,2025-09-29 18:00:00,Running,7457.6,0
EQ029,2025-09-29 00:00:00,Standby,7461.0,0
EQ029,2025-09-30 06:00:00,Maintenance,7465.3,1
EQ029,2025-09-30 12:00:00,Running,7467.9,0
EQ029,2025-09-30 18:00:00,Maintenance,7469.6,1
EQ029,2025-09-30 00:00:00,Running,7471.1,0
EQ030,2025-09-01 06:00:00,Running,5754.9,0
EQ030,2025-09-01 12:00:00,Maintenance,5760.4,1
EQ030,2025-09-01 18:00:00,Standby,5763.0,1
EQ030,2025-09-01 00:00:00,Maintenance,5767.8,1
EQ030,2025-09-02 06:00:00,Running,5769.3,0
EQ030,2025-09-02 12:00:00,Running,5771.1,1
EQ030,2025-09-02 18:00:00,Running,5773.9,0
EQ030,2025-09-02 00:00:00,Running,5778.9,0
EQ030,2025-09-03 06:00:00,Running,5783.1,0
EQ030,2025-09-03 12:00:00,Standby,5785.2,0
EQ030,2025-09-03 18:00:00,Running,5791.0,0
EQ030,2025-09-03 00:00:00,Running,5791.2,0
EQ030,2025-09-04 06:00:00,Stopped,5791.7,1
EQ030,2025-09-04 12:00:00,Running,5796.4,0
EQ030,2025-09-04 18:00:00,Standby,5800.1,0
EQ030,2025-09-04 00:00:00,Maintenance,5805.4,1
EQ030,2025-09-05 06:00:00,Running,5806.2,0
EQ030,2025-09-05 12:00:00,Standby,5810.8,0
EQ030,2025-09-05 18:00:00,Standby,5811.3,0
EQ030,2025-09-05 00:00:00,Running,5811.9,0
EQ030,2025-09-06 06:00:00,Standby,5815.3,0
EQ030,2025-09-06 12:00:00,Standby,5816.0,0
EQ030,2025-09-06 18:00:00,Standby,5820.3,0
EQ030,2025-09-06 00:00:00,Stopped,5823.4,1
EQ030,2025-09-07 06:00:00,Standby,5824.2,0
EQ030,2025-09-07 12:00:00,Maintenance,5828.0,1
EQ030,2025-09-07 18:00:00,Running,5832.3,0
EQ030,2025-09-07 00:00:00,Maintenance,5837.1,1
EQ030,2025-09-08 06:00:00,Standby,5837.5,0
EQ030,2025-09-08 12:00:00,Running,5840.6,0
EQ030,2025-09-08 18:00:00,Running,5840.7,1
EQ030,2025-09-08 00:00:00,Standby,5846.3,0
EQ030,2025-09-09 06:00:00,Running,5847.4,0
EQ030,2025-09-09 12:00:00,Running,5849.0,0
EQ030,2025-09-09 18:00:00,Standby,5852.9,0
EQ030,2025-09-09 00:00:00,Running,5853.0,1
EQ030,2025-09-10 06:00:00,Running,5854.4,0
EQ030,2025-09-10 12:00:00,Standby,5855.6,0
EQ030,2025-09-10 18:00:00,Running,5856.2,0
EQ030,2025-09-10 00:00:00,Standby,5857.9,0
EQ030,2025-09-11 06:00:00,Running,5860.7,0
EQ030,2025-09-11 12:00:00,Stopped,5861.6,1
EQ030,2025-09-11 18:00:00,Running,5863.9,1
EQ030,2025-09-11 00:00:00,Standby,5867.8,1
EQ030,2025-09-12 06:00:00,Standby,5873.2,0
EQ030,2025-09-12 12:00:00,Running,5878.5,1
EQ030,2025-09-12 18:00:00,Running,5879.4,1
EQ030,2025-09-12 00:00:00,Standby,5880.7,0
EQ030,2025-09-13 06:00:00,Maintenance,5883.9,1
EQ030,2025-09-13 12:00:00,Standby,5884.8,1
EQ030,2025-09-13 18:00:00,Standby,5887.6,0
EQ030,2025-09-13 00:00:00,Maintenance,5888.4,1
EQ030,2025-09-14 06:00:00,Stopped,5892.4,1
EQ030,2025-09-14 12:00:00,Maintenance,5892.8,1
EQ030,2025-09-14 18:00:00,Stopped,5895.7,1
EQ030,2025-09-14 00:00:00,Maintenance,5899.3,1
EQ030,2025-09-15 06:00:00,Running,5902.3,0
EQ030,2025-09-15 12:00:00,Standby,5906.5,0
EQ030,2025-09-15 18:00:00,Standby,5910.0,0
EQ030,2025-09-15 00:00:00,Stopped,5910.4,1
EQ030,2025-09-16 06:00:00,Running,5911.8,0
EQ030,2025-09-16 12:00:00,Standby,5915.9,0
EQ030,2025-09-16 18:00:00,Running,5920.5,0
EQ030,2025-09-16 00:00:00,Maintenance,5925.3,1
EQ030,2025-09-17 06:00:00,Running,5929.7,0
EQ030,2025-09-17 12:00:00,Running,5935.2,0
EQ030,2025-09-17 18:00:00,Running,5935.4,0
EQ030,2025-09-17 00:00:00,Stopped,5938.0,1
EQ030,2025-09-18 06:00:00,Running,5938.2,0
EQ030,2025-09-18 12:00:00,Running,5940.9,1
EQ030,2025-09-18 18:00:00,Running,5944.2,0
EQ030,2025-09-18 00:00:00,Running,5948.3,0
EQ030,2025-09-19 06:00:00,Running,5950.9,0
EQ030,2025-09-19 12:00:00,Standby,5951.4,0
EQ030,2025-09-19 18:00:00,Running,5952.0,0
EQ030,2025-09-19 00:00:00,Running,5952.0,1
EQ030,2025-09-20 06:00:00,Stopped,5955.4,1
EQ030,2025-09-20 12:00:00,Maintenance,5957.4,1
EQ030,2025-09-20 18:00:00,Standby,5961.8,0
EQ030,2025-09-20 00:00:00,Standby,5963.0,1
EQ030,2025-09-21 06:00:00,Stopped,5966.0,1
EQ030,2025-09-21 12:00:00,Running,5971.1,0
EQ030,2025-09-21 18:00:00,Stopped,5973.7,1
EQ030,2025-09-21 00:00:00,Standby,5977.1,0
EQ030,2025-09-22 06:00:00,Running,5977.7,0
EQ030,2025-09-22 12:00:00,Running,5980.9,1
EQ030,2025-09-22 18:00:00,Running,5982.6,0
EQ030,2025-09-22 00:00:00,Stopped,5984.9,1
EQ030,2025-09-23 06:00:00,Running,5985.8,0
EQ030,2025-09-23 12:00:00,Running,5987.2,0
EQ030,2025-09-23 18:00:00,Standby,5989.1,0
EQ030,2025-09-23 00:00:00,Standby,5994.5,0
EQ030,2025-09-24 06:00:00,Standby,6000.4,0
EQ030,2025-09-24 12:00:00,Standby,6002.9,1
EQ030,2025-09-24 18:00:00,Running,6003.3,0
EQ030,2025-09-24 00:00:00,Running,6005.3,0
EQ030,2025-09-25 06:00:00,Stopped,6010.8,1
EQ030,2025-09-25 12:00:00,Running,6015.6,0
EQ030,2025-09-25 18:00:00,Standby,6020.6,0
EQ030,2025-09-25 00:00:00,Stopped,6022.7,1
EQ030,2025-09-26 06:00:00,Running,6027.1,0
EQ030,2025-09-26 12:00:00,Maintenance,6032.4,1
EQ030,2025-09-26 18:00:00,Running,6036.7,1
EQ030,2025-09-26 00:00:00,Running,6038.1,0
EQ030,2025-09-27 06:00:00,Running,6042.8,0
EQ030,2025-09-27 12:00:00,Maintenance,6044.2,1
EQ030,2025-09-27 18:00:00,Maintenance,6044.4,1
EQ030,2025-09-27 00:00:00,Stopped,6045.6,1
EQ030,2025-09-28 06:00:00,Standby,6049.7,0
EQ030,2025-09-28 12:00:00,Running,6052.0,0
EQ030,2025-09-28 18:00:00,Running,6056.2,1
EQ030,2025-09-28 00:00:00,Standby,6056.9,1
EQ030,2025-09-29 06:00:00,Standby,6059.0,0
EQ030,2025-09-29 12:00:00,Running,6060.4,0
EQ030,2025-09-29 18:00:00,Running,6062.9,1
EQ030,2025-09-29 00:00:00,Stopped,6067.7,1
EQ030,2025-09-30 06:00:00,Standby,6072.5,1
EQ030,2025-09-30 12:00:00,Maintenance,6074.0,1
EQ030,2025-09-30 18:00:00,Running,6076.6,1
EQ030,2025-09-30 00:00:00,Running,6080.2,0
EQ031,2025-09-01 06:00:00,Maintenance,7233.8,1
EQ031,2025-09-01 12:00:00,Running,7237.7,0
EQ031,2025-09-01 18:00:00,Running,7238.9,0
EQ031,2025-09-01 00:00:00,Stopped,7243.8,1
EQ031,2025-09-02 06:00:00,Maintenance,7249.0,1
EQ031,2025-09-02 12:00:00,Running,7251.2,0
EQ031,2025-09-02 18:00:00,Standby,7252.7,0
EQ031,2025-09-02 00:00:00,Maintenance,7254.6,1
EQ031,2025-09-03 06:00:00,Standby,7256.7,1
EQ031,2025-09-03 12:00:00,Running,7259.6,0
EQ031,2025-09-03 18:00:00,Running,7264.6,0
EQ031,2025-09-03 00:00:00,Standby,7267.9,0
EQ031,2025-09-04 06:00:00,Running,7272.6,0
EQ031,2025-09-04 12:00:00,Running,7275.2,0
EQ031,2025-09-04 18:00:00,Stopped,7280.9,1
EQ031,2025-09-04 00:00:00,Running,7282.5,0
EQ031,2025-09-05 06:00:00,Standby,7288.3,0
EQ031,2025-09-05 12:00:00,Running,7290.6,0
EQ031,2025-09-05 18:00:00,Running,7293.3,0
EQ031,2025-09-05 00:00:00,Running,7297.3,0
EQ031,2025-09-06 06:00:00,Standby,7297.5,0
EQ031,2025-09-06 12:00:00,Stopped,7303.1,1
EQ031,2025-09-06 18:00:00,Maintenance,7307.6,1
EQ031,2025-09-06 00:00:00,Running,7309.2,0
EQ031,2025-09-07 06:00:00,Stopped,7310.5,1
EQ031,2025-09-07 12:00:00,Running,7314.2,0
EQ031,2025-09-07 18:00:00,Maintenance,7318.9,1
EQ031,2025-09-07 00:00:00,Maintenance,7323.4,1
EQ031,2025-09-08 06:00:00,Stopped,7326.7,1
EQ031,2025-09-08 12:00:00,Maintenance,7332.3,1
EQ031,2025-09-08 18:00:00,Running,7335.5,0
EQ031,2025-09-08 00:00:00,Running,7340.1,0
EQ031,2025-09-09 06:00:00,Running,7342.9,0
EQ031,2025-09-09 12:00:00,Maintenance,7344.3,1
EQ031,2025-09-09 18:00:00,Maintenance,7346.0,1
EQ031,2025-09-09 00:00:00,Standby,7352.0,0
EQ031,2025-09-10 06:00:00,Stopped,7353.8,1
EQ031,2025-09-10 12:00:00,Standby,7355.4,1
EQ031,2025-09-10 18:00:00,Running,7359.3,0
EQ031,2025-09-10 00:00:00,Stopped,7359.4,1
EQ031,2025-09-11 06:00:00,Running,7364.4,0
EQ031,2025-09-11 12:00:00,Stopped,7367.1,1
EQ031,2025-09-11 18:00:00,Running,7367.3,1
EQ031,2025-09-11 00:00:00,Running,7370.6,0
EQ031,2025-09-12 06:00:00,Running,7371.1,0
EQ031,2025-09-12 12:00:00,Maintenance,7374.4,1
EQ031,2025-09-12 18:00:00,Maintenance,7377.0,1
EQ031,2025-09-12 00:00:00,Running,7378.6,0
EQ031,2025-09-13 06:00:00,Running,7379.6,0
EQ031,2025-09-13 12:00:00,Maintenance,7383.5,1
EQ031,2025-09-13 18:00:00,Running,7384.6,0
EQ031,2025-09-13 00:00:00,Standby,7386.5,0
EQ031,2025-09-14 06:00:00,Standby,7392.2,0
EQ031,2025-09-14 12:00:00,Maintenance,7398.1,1
EQ031,2025-09-14 18:00:00,Running,7403.2,0
EQ031,2025-09-14 00:00:00,Standby,7404.6,1
EQ031,2025-09-15 06:00:00,Running,7405.3,0
EQ031,2025-09-15 12:00:00,Running,7408.7,0
EQ031,2025-09-15 18:00:00,Stopped,7412.8,1
EQ031,2025-09-15 00:00:00,Running,7414.5,0
EQ031,2025-09-16 06:00:00,Running,7416.7,0
EQ031,2025-09-16 12:00:00,Maintenance,7422.1,1
EQ031,2025-09-16 18:00:00,Running,7423.9,0
EQ031,2025-09-16 00:00:00,Running,7425.6,0
EQ031,2025-09-17 06:00:00,Running,7426.2,0
EQ031,2025-09-17 12:00:00,Running,7430.5,0
EQ031,2025-09-17 18:00:00,Stopped,7435.2,1
EQ031,2025-09-17 00:00:00,Stopped,7440.8,1
EQ031,2025-09-18 06:00:00,Running,7444.7,0
EQ031,2025-09-18 12:00:00,Running,7448.6,0
EQ031,2025-09-18 18:00:00,Maintenance,7454.4,1
EQ031,2025-09-18 00:00:00,Maintenance,7457.8,1
EQ031,2025-09-19 06:00:00,Maintenance,7461.6,1
EQ031,2025-09-19 12:00:00,Stopped,7464.8,1
EQ031,2025-09-19 18:00:00,Running,7469.6,0
EQ031,2025-09-19 00:00:00,Standby,7472.7,0
EQ031,2025-09-20 06:00:00,Running,7476.2,1
EQ031,2025-09-20 12:00:00,Maintenance,7478.2,1
EQ031,2025-09-20 18:00:00,Stopped,7484.1,1
EQ031,2025-09-20 00:00:00,Running,7489.9,0
EQ031,2025-09-21 06:00:00,Standby,7495.6,0
EQ031,2025-09-21 12:00:00,Running,7499.0,1
EQ031,2025-09-21 18:00:00,Running,7501.9,0
EQ031,2025-09-21 00:00:00,Running,7503.3,0
EQ031,2025-09-22 06:00:00,Stopped,7509.2,1
EQ031,2025-09-22 12:00:00,Maintenance,7510.7,1
EQ031,2025-09-22 18:00:00,Maintenance,7514.7,1
EQ031,2025-09-22 00:00:00,Standby,7519.5,0
EQ031,2025-09-23 06:00:00,Running,7522.0,1
EQ031,2025-09-23 12:00:00,Standby,7525.0,1
EQ031,2025-09-23 18:00:00,Maintenance,7526.2,1
EQ031,2025-09-23 00:00:00,Running,7527.2,0
EQ031,2025-09-24 06:00:00,Running,7531.5,0
EQ031,2025-09-24 12:00:00,Running,7536.7,1
EQ031,2025-09-24 18:00:00,Stopped,7536.8,1
EQ031,2025-09-24 00:00:00,Running,7539.9,1
EQ031,2025-09-25 06:00:00,Standby,7542.4,0
EQ031,2025-09-25 12:00:00,Running,7543.8,0
EQ031,2025-09-25 18:00:00,Running,7548.7,0
EQ031,2025-09-25 00:00:00,Running,7549.3,0
EQ031,2025-09-26 06:00:00,Stopped,7549.7,1
EQ031,2025-09-26 12:00:00,Maintenance,7555.4,1
EQ031,2025-09-26 18:00:00,Maintenance,7559.2,1
EQ031,2025-09-26 00:00:00,Stopped,7561.8,1
EQ031,2025-09-27 06:00:00,Stopped,7566.0,1
EQ031,2025-09-27 12:00:00,Stopped,7570.3,1
EQ031,2025-09-27 18:00:00,Standby,7573.4,0
EQ031,2025-09-27 00:00:00,Running,7577.0,1
EQ031,2025-09-28 06:00:00,Standby,7578.9,0
EQ031,2025-09-28 12:00:00,Running,7580.6,0
EQ031,2025-09-28 18:00:00,Stopped,7582.0,1
EQ031,2025-09-28 00:00:00,Running,7585.1,1
EQ031,2025-09-29 06:00:00,Standby,7590.7,0
EQ031,2025-09-29 12:00:00,Running,7595.2,0
EQ031,2025-09-29 18:00:00,Maintenance,7595.5,1
EQ031,2025-09-29 00:00:00,Maintenance,7600.8,1
EQ031,2025-09-30 06:00:00,Stopped,7603.4,1
EQ031,2025-09-30 12:00:00,Running,7605.3,0
EQ031,2025-09-30 18:00:00,Running,7607.0,1
EQ031,2025-09-30 00:00:00,Running,7608.0,0
EQ032,2025-09-01 06:00:00,Running,7575.0,0
EQ032,2025-09-01 12:00:00,Running,7575.6,0
EQ032,2025-09-01 18:00:00,Standby,7576.6,0
EQ032,2025-09-01 00:00:00,Standby,7581.9,1
EQ032,2025-09-02 06:00:00,Standby,7584.8,1
EQ032,2025-09-02 12:00:00,Stopped,7587.0,1
EQ032,2025-09-02 18:00:00,Running,7589.6,0
EQ032,2025-09-02 00:00:00,Running,7592.3,1
EQ032,2025-09-03 06:00:00,Maintenance,7596.6,1
EQ032,2025-09-03 12:00:00,Maintenance,7597.3,1
EQ032,2025-09-03 18:00:00,Maintenance,7600.3,1
EQ032,2025-09-03 00:00:00,Running,7602.0,1
EQ032,2025-09-04 06:00:00,Standby,7606.8,0
EQ032,2025-09-04 12:00:00,Stopped,7608.1,1
EQ032,2025-09-04 18:00:00,Running,7610.1,1
EQ032,2025-09-04 00:00:00,Running,7614.1,0
EQ032,2025-09-05 06:00:00,Running,7619.5,0
EQ032,2025-09-05 12:00:00,Running,7623.7,1
EQ032,2025-09-05 18:00:00,Standby,7627.0,1
EQ032,2025-09-05 00:00:00,Stopped,7630.8,1
EQ032,2025-09-06 06:00:00,Maintenance,7634.6,1
EQ032,2025-09-06 12:00:00,Running,7639.8,0
EQ032,2025-09-06 18:00:00,Running,7642.6,1
EQ032,2025-09-06 00:00:00,Running,7645.6,1
EQ032,2025-09-07 06:00:00,Running,7646.1,0
EQ032,2025-09-07 12:00:00,Standby,7647.4,0
EQ032,2025-09-07 18:00:00,Running,7651.1,0
EQ032,2025-09-07 00:00:00,Stopped,7651.3,1
EQ032,2025-09-08 06:00:00,Standby,7655.1,0
EQ032,2025-09-08 12:00:00,Running,7658.3,0
EQ032,2025-09-08 18:00:00,Maintenance,7663.6,1
EQ032,2025-09-08 00:00:00,Stopped,7668.9,1
EQ032,2025-09-09 06:00:00,Standby,7672.7,0
EQ032,2025-09-09 12:00:00,Standby,7674.5,0
EQ032,2025-09-09 18:00:00,Running,7679.9,0
EQ032,2025-09-09 00:00:00,Stopped,7682.4,1
EQ032,2025-09-10 06:00:00,Running,7684.9,0
EQ032,2025-09-10 12:00:00,Running,7688.9,0
EQ032,2025-09-10 18:00:00,Running,7689.7,0
EQ032,2025-09-10 00:00:00,Maintenance,7694.7,1
EQ032,2025-09-11 06:00:00,Maintenance,7698.3,1
EQ032,2025-09-11 12:00:00,Standby,7699.9,1
EQ032,2025-09-11 18:00:00,Running,7702.4,0
EQ032,2025-09-11 00:00:00,Standby,7706.4,0
EQ032,2025-09-12 06:00:00,Running,7709.0,0
EQ032,2025-09-12 12:00:00,Running,7711.9,1
EQ032,2025-09-12 18:00:00,Running,7712.2,0
EQ032,2025-09-12 00:00:00,Running,7717.5,0
EQ032,2025-09-13 06:00:00,Standby,7718.2,0
EQ032,2025-09-13 12:00:00,Maintenance,7721.9,1
EQ032,2025-09-13 18:00:00,Running,7727.6,0
EQ032,2025-09-13 00:00:00,Running,7732.3,0
EQ032,2025-09-14 06:00:00,Running,7736.9,0
EQ032,2025-09-14 12:00:00,Running,7738.2,1
EQ032,2025-09-14 18:00:00,Standby,7743.2,0
EQ032,2025-09-14 00:00:00,Running,7744.9,0
EQ032,2025-09-15 06:00:00,Running,7747.4,0
EQ032,2025-09-15 12:00:00,Standby,7747.5,0
EQ032,2025-09-15 18:00:00,Stopped,7752.0,1
EQ032,2025-09-15 00:00:00,Standby,7756.7,0
EQ032,2025-09-16 06:00:00,Running,7756.8,0
EQ032,2025-09-16 12:00:00,Standby,7757.0,0
EQ032,2025-09-16 18:00:00,Stopped,7761.9,1
EQ032,2025-09-16 00:00:00,Running,7766.8,0
EQ032,2025-09-17 06:00:00,Maintenance,7772.0,1
EQ032,2025-09-17 12:00:00,Running,7776.2,0
EQ032,2025-09-17 18:00:00,Stopped,7776.3,1
EQ032,2025-09-17 00:00:00,Stopped,7779.6,1
EQ032,2025-09-18 06:00:00,Maintenance,7780.2,1
EQ032,2025-09-18 12:00:00,Standby,7785.2,0
EQ032,2025-09-18 18:00:00,Maintenance,7789.9,1
EQ032,2025-09-18 00:00:00,Running,7791.7,0
EQ032,2025-09-19 06:00:00,Running,7797.5,1
EQ032,2025-09-19 12:00:00,Standby,7800.1,0
EQ032,2025-09-19 18:00:00,Running,7801.8,0
EQ032,2025-09-19 00:00:00,Running,7804.8,0
EQ032,2025-09-20 06:00:00,Running,7809.2,0
EQ032,2025-09-20 12:00:00,Maintenance,7813.8,1
EQ032,2025-09-20 18:00:00,Stopped,7816.5,1
EQ032,2025-09-20 00:00:00,Standby,7821.1,1
EQ032,2025-09-21 06:00:00,Running,7821.8,0
EQ032,2025-09-21 12:00:00,Running,7825.6,1
EQ032,2025-09-21 18:00:00,Running,7826.8,0
EQ032,2025-09-21 00:00:00,Maintenance,7830.4,1
EQ032,2025-09-22 06:00:00,Running,7835.4,0
EQ032,2025-09-22 12:00:00,Standby,7840.0,0
EQ032,2025-09-22 18:00:00,Running,7842.5,0
EQ032,2025-09-22 00:00:00,Stopped,7847.5,1
EQ032,2025-09-23 06:00:00,Running,7851.1,0
EQ032,2025-09-23 12:00:00,Maintenance,7852.7,1
EQ032,2025-09-23 18:00:00,Running,7855.6,0
EQ032,2025-09-23 00:00:00,Running,7857.0,0
EQ032,2025-09-24 06:00:00,Running,7860.3,0
EQ032,2025-09-24 12:00:00,Stopped,7864.7,1
EQ032,2025-09-24 18:00:00,Maintenance,7867.3,1
EQ032,2025-09-24 00:00:00,Running,7867.4,1
EQ032,2025-09-25 06:00:00,Standby,7868.6,1
EQ032,2025-09-25 12:00:00,Maintenance,7869.3,1
EQ032,2025-09-25 18:00:00,Maintenance,7872.3,1
EQ032,2025-09-25 00:00:00,Standby,7873.1,0
EQ032,2025-09-26 06:00:00,Maintenance,7875.6,1
EQ032,2025-09-26 12:00:00,Running,7881.6,1
EQ032,2025-09-26 18:00:00,Stopped,7886.9,1
EQ032,2025-09-26 00:00:00,Running,7892.2,0
EQ032,2025-09-27 06:00:00,Standby,7893.9,1
EQ032,2025-09-27 12:00:00,Standby,7899.6,0
EQ032,2025-09-27 18:00:00,Running,7902.4,0
EQ032,2025-09-27 00:00:00,Running,7906.9,0
EQ032,2025-09-28 06:00:00,Maintenance,7912.5,1
EQ032,2025-09-28 12:00:00,Running,7915.3,0
EQ032,2025-09-28 18:00:00,Running,7918.1,1
EQ032,2025-09-28 00:00:00,Maintenance,7918.1,1
EQ032,2025-09-29 06:00:00,Stopped,7919.3,1
EQ032,2025-09-29 12:00:00,Running,7919.9,0
EQ032,2025-09-29 18:00:00,Standby,7920.3,0
EQ032,2025-09-29 00:00:00,Standby,7922.4,0
EQ032,2025-09-30 06:00:00,Running,7924.1,1
EQ032,2025-09-30 12:00:00,Maintenance,7926.7,1
EQ032,2025-09-30 18:00:00,Stopped,7928.9,1
EQ032,2025-09-30 00:00:00,Stopped,7934.5,1
EQ033,2025-09-01 06:00:00,Standby,4931.4,0
EQ033,2025-09-01 12:00:00,Running,4932.5,0
EQ033,2025-09-01 18:00:00,Standby,4935.6,1
EQ033,2025-09-01 00:00:00,Standby,4939.1,0
EQ033,2025-09-02 06:00:00,Maintenance,4942.7,1
EQ033,2025-09-02 12:00:00,Maintenance,4947.1,1
EQ033,2025-09-02 18:00:00,Standby,4948.4,0
EQ033,2025-09-02 00:00:00,Running,4949.7,0
EQ033,2025-09-03 06:00:00,Maintenance,4953.4,1
EQ033,2025-09-03 12:00:00,Running,4953.4,0
EQ033,2025-09-03 18:00:00,Running,4954.2,0
EQ033,2025-09-03 00:00:00,Stopped,4956.8,1
EQ033,2025-09-04 06:00:00,Running,4961.4,0
EQ033,2025-09-04 12:00:00,Running,4966.0,0
EQ033,2025-09-04 18:00:00,Stopped,4968.1,1
EQ033,2025-09-04 00:00:00,Stopped,4970.0,1
EQ033,2025-09-05 06:00:00,Running,4971.3,0
EQ033,2025-09-05 12:00:00,Running,4973.0,0
EQ033,2025-09-05 18:00:00,Running,4975.6,0
EQ033,2025-09-05 00:00:00,Standby,4976.3,0
EQ033,2025-09-06 06:00:00,Maintenance,4980.2,1
EQ033,2025-09-06 12:00:00,Running,4985.3,0
EQ033,2025-09-06 18:00:00,Stopped,4987.4,1
EQ033,2025-09-06 00:00:00,Running,4992.7,0
EQ033,2025-09-07 06:00:00,Maintenance,4993.8,1
EQ033,2025-09-07 12:00:00,Running,4999.8,0
EQ033,2025-09-07 18:00:00,Running,5001.0,0
EQ033,2025-09-07 00:00:00,Standby,5006.5,0
EQ033,2025-09-08 06:00:00,Maintenance,5009.5,1
EQ033,2025-09-08 12:00:00,Running,5013.4,0
EQ033,2025-09-08 18:00:00,Standby,5019.4,0
EQ033,2025-09-08 00:00:00,Stopped,5021.0,1
EQ033,2025-09-09 06:00:00,Running,5021.2,0
EQ033,2025-09-09 12:00:00,Stopped,5024.0,1
EQ033,2025-09-09 18:00:00,Standby,5025.0,0
EQ033,2025-09-09 00:00:00,Stopped,5028.9,1
EQ033,2025-09-10 06:00:00,Standby,5031.1,1
EQ033,2025-09-10 12:00:00,Standby,5035.3,0
EQ033,2025-09-10 18:00:00,Running,5035.8,0
EQ033,2025-09-10 00:00:00,Stopped,5036.5,1
EQ033,2025-09-11 06:00:00,Running,5038.4,0
EQ033,2025-09-11 12:00:00,Maintenance,5040.1,1
EQ033,2025-09-11 18:00:00,Maintenance,5044.0,1
EQ033,2025-09-11 00:00:00,Stopped,5046.0,1
EQ033,2025-09-12 06:00:00,Standby,5051.4,0
EQ033,2025-09-12 12:00:00,Running,5055.7,0
EQ033,2025-09-12 18:00:00,Running,5059.7,1
EQ033,2025-09-12 00:00:00,Running,5060.1,0
EQ033,2025-09-13 06:00:00,Running,5061.0,0
EQ033,2025-09-13 12:00:00,Running,5061.3,1
EQ033,2025-09-13 18:00:00,Standby,5063.8,0
EQ033,2025-09-13 00:00:00,Standby,5069.4,0
EQ033,2025-09-14 06:00:00,Running,5070.1,0
EQ033,2025-09-14 12:00:00,Running,5070.6,0
EQ033,2025-09-14 18:00:00,Maintenance,5071.1,1
EQ033,2025-09-14 00:00:00,Maintenance,5072.2,1
EQ033,2025-09-15 06:00:00,Running,5076.0,0
EQ033,2025-09-15 12:00:00,Running,5076.1,1
EQ033,2025-09-15 18:00:00,Standby,5081.4,0
EQ033,2025-09-15 00:00:00,Maintenance,5083.2,1
EQ033,2025-09-16 06:00:00,Standby,5088.4,0
EQ033,2025-09-16 12:00:00,Stopped,5092.8,1
EQ033,2025-09-16 18:00:00,Running,5094.5,0
EQ033,2025-09-16 00:00:00,Running,5097.0,0
EQ033,2025-09-17 06:00:00,Stopped,5098.6,1
EQ033,2025-09-17 12:00:00,Running,5100.2,0
EQ033,2025-09-17 18:00:00,Running,5102.3,1
EQ033,2025-09-17 00:00:00,Running,5105.4,0
EQ033,2025-09-18 06:00:00,Stopped,5109.5,1
EQ033,2025-09-18 12:00:00,Running,5113.0,0
EQ033,2025-09-18 18:00:00,Running,5119.0,0
EQ033,2025-09-18 00:00:00,Running,5123.1,0
EQ033,2025-09-19 06:00:00,Running,5128.9,0
EQ033,2025-09-19 12:00:00,Standby,5130.5,0
EQ033,2025-09-19 18:00:00,Standby,5131.8,0
EQ033,2025-09-19 00:00:00,Running,5134.9,0
EQ033,2025-09-20 06:00:00,Standby,5137.7,0
EQ033,2025-09-20 12:00:00,Running,5141.6,0
EQ033,2025-09-20 18:00:00,Maintenance,5143.5,1
EQ033,2025-09-20 00:00:00,Running,5148.9,0
EQ033,2025-09-21 06:00:00,Running,5150.9,0
EQ033,2025-09-21 12:00:00,Maintenance,5152.0,1
EQ033,2025-09-21 18:00:00,Running,5155.3,1
EQ033,2025-09-21 00:00:00,Stopped,5157.9,1
EQ033,2025-09-22 06:00:00,Standby,5162.1,0
EQ033,2025-09-22 12:00:00,Stopped,5164.9,1
EQ033,2025-09-22 18:00:00,Running,5168.5,0
EQ033,2025-09-22 00:00:00,Running,5168.7,0
EQ033,2025-09-23 06:00:00,Maintenance,5170.1,1
EQ033,2025-09-23 12:00:00,Maintenance,5175.7,1
EQ033,2025-09-23 18:00:00,Running,5177.3,0
EQ033,2025-09-23 00:00:00,Standby,5178.3,0
EQ033,2025-09-24 06:00:00,Running,5181.9,0
EQ033,2025-09-24 12:00:00,Standby,5187.6,0
EQ033,2025-09-24 18:00:00,Standby,5191.6,1
EQ033,2025-09-24 00:00:00,Stopped,5191.9,1
EQ033,2025-09-25 06:00:00,Running,5192.7,0
EQ033,2025-09-25 12:00:00,Running,5195.5,0
EQ033,2025-09-25 18:00:00,Standby,5196.5,0
EQ033,2025-09-25 00:00:00,Running,5201.6,1
EQ033,2025-09-26 06:00:00,Running,5202.5,0
EQ033,2025-09-26 12:00:00,Standby,5202.5,0
EQ033,2025-09-26 18:00:00,Running,5205.8,1
EQ033,2025-09-26 00:00:00,Running,5208.6,0
EQ033,2025-09-27 06:00:00,Running,5210.1,0
EQ033,2025-09-27 12:00:00,Maintenance,5212.4,1
EQ033,2025-09-27 18:00:00,Running,5214.8,0
EQ033,2025-09-27 00:00:00,Running,5218.8,0
EQ033,2025-09-28 06:00:00,Maintenance,5222.4,1
EQ033,2025-09-28 12:00:00,Standby,5226.4,0
EQ033,2025-09-28 18:00:00,Maintenance,5226.6,1
EQ033,2025-09-28 00:00:00,Maintenance,5227.7,1
EQ033,2025-09-29 06:00:00,Running,5230.7,0
EQ033,2025-09-29 12:00:00,Running,5233.1,0
EQ033,2025-09-29 18:00:00,Running,5236.1,0
EQ033,2025-09-29 00:00:00,Running,5236.7,0
EQ033,2025-09-30 06:00:00,Running,5237.6,1
EQ033,2025-09-30 12:00:00,Running,5240.5,0
EQ033,2025-09-30 18:00:00,Running,5241.6,0
EQ033,2025-09-30 00:00:00,Running,5242.2,0
EQ034,2025-09-01 06:00:00,Running,6647.5,0
EQ034,2025-09-01 12:00:00,Running,6648.5,0
EQ034,2025-09-01 18:00:00,Running,6652.6,0
EQ034,2025-09-01 00:00:00,Running,6656.6,0
EQ034,2025-09-02 06:00:00,Running,6659.1,1
EQ034,2025-09-02 12:00:00,Stopped,6659.8,1
EQ034,2025-09-02 18:00:00,Stopped,6665.2,1
EQ034,2025-09-02 00:00:00,Standby,6669.5,0
EQ034,2025-09-03 06:00:00,Stopped,6675.3,1
EQ034,2025-09-03 12:00:00,Running,6677.8,1
EQ034,2025-09-03 18:00:00,Stopped,6683.0,1
EQ034,2025-09-03 00:00:00,Running,6688.7,1
EQ034,2025-09-04 06:00:00,Stopped,6690.2,1
EQ034,2025-09-04 12:00:00,Standby,6695.4,0
EQ034,2025-09-04 18:00:00,Running,6695.6,0
EQ034,2025-09-04 00:00:00,Maintenance,6698.4,1
EQ034,2025-09-05 06:00:00,Running,6700.6,0
EQ034,2025-09-05 12:00:00,Running,6705.2,0
EQ034,2025-09-05 18:00:00,Running,6707.0,0
EQ034,2025-09-05 00:00:00,Running,6708.8,0
EQ034,2025-09-06 06:00:00,Running,6713.2,1
EQ034,2025-09-06 12:00:00,Standby,6714.3,0
EQ034,2025-09-06 18:00:00,Standby,6715.2,1
EQ034,2025-09-06 00:00:00,Running,6717.3,0
EQ034,2025-09-07 06:00:00,Running,6722.8,0
EQ034,2025-09-07 12:00:00,Maintenance,6728.4,1
EQ034,2025-09-07 18:00:00,Stopped,6731.8,1
EQ034,2025-09-07 00:00:00,Running,6732.0,0
EQ034,2025-09-08 06:00:00,Standby,6736.9,0
EQ034,2025-09-08 12:00:00,Running,6741.3,0
EQ034,2025-09-08 18:00:00,Running,6743.1,0
EQ034,2025-09-08 00:00:00,Running,6747.6,1
EQ034,2025-09-09 06:00:00,Stopped,6752.1,1
EQ034,2025-09-09 12:00:00,Running,6757.9,0
EQ034,2025-09-09 18:00:00,Stopped,6761.3,1
EQ034,2025-09-09 00:00:00,Maintenance,6765.0,1
EQ034,2025-09-10 06:00:00,Standby,6769.2,0
EQ034,2025-09-10 12:00:00,Running,6770.5,0
EQ034,2025-09-10 18:00:00,Maintenance,6772.1,1
EQ034,2025-09-10 00:00:00,Standby,6775.1,1
EQ034,2025-09-11 06:00:00,Running,6776.2,0
EQ034,2025-09-11 12:00:00,Running,6777.4,1
EQ034,2025-09-11 18:00:00,Stopped,6781.3,1
EQ034,2025-09-11 00:00:00,Running,6786.0,0
EQ034,2025-09-12 06:00:00,Standby,6787.3,1
EQ034,2025-09-12 12:00:00,Stopped,6788.6,1
EQ034,2025-09-12 18:00:00,Standby,6792.3,0
EQ034,2025-09-12 00:00:00,Running,6795.9,0
EQ034,2025-09-13 06:00:00,Standby,6799.2,0
EQ034,2025-09-13 12:00:00,Running,6804.1,0
EQ034,2025-09-13 18:00:00,Running,6807.1,0
EQ034,2025-09-13 00:00:00,Standby,6809.4,1
EQ034,2025-09-14 06:00:00,Running,6812.8,0
EQ034,2025-09-14 12:00:00,Running,6818.7,0
EQ034,2025-09-14 18:00:00,Running,6821.9,0
EQ034,2025-09-14 00:00:00,Running,6824.6,0
EQ034,2025-09-15 06:00:00,Running,6828.1,1
EQ034,2025-09-15 12:00:00,Standby,6830.6,0
EQ034,2025-09-15 18:00:00,Stopped,6835.1,1
EQ034,2025-09-15 00:00:00,Running,6841.0,0
EQ034,2025-09-16 06:00:00,Running,6843.3,0
EQ034,2025-09-16 12:00:00,Maintenance,6844.0,1
EQ034,2025-09-16 18:00:00,Running,6844.7,0
EQ034,2025-09-16 00:00:00,Running,6849.3,0
EQ034,2025-09-17 06:00:00,Maintenance,6855.2,1
EQ034,2025-09-17 12:00:00,Standby,6856.5,0
EQ034,2025-09-17 18:00:00,Maintenance,6858.2,1
EQ034,2025-09-17 00:00:00,Stopped,6862.0,1
EQ034,2025-09-18 06:00:00,Standby,6865.8,0
EQ034,2025-09-18 12:00:00,Standby,6869.0,0
EQ034,2025-09-18 18:00:00,Running,6873.5,0
EQ034,2025-09-18 00:00:00,Running,6874.4,0
EQ034,2025-09-19 06:00:00,Maintenance,6876.8,1
EQ034,2025-09-19 12:00:00,Running,6881.4,0
EQ034,2025-09-19 18:00:00,Standby,6882.0,0
EQ034,2025-09-19 00:00:00,Standby,6884.5,0
EQ034,2025-09-20 06:00:00,Running,6885.8,1
EQ034,2025-09-20 12:00:00,Standby,6886.3,0
EQ034,2025-09-20 18:00:00,Standby,6886.4,0
EQ034,2025-09-20 00:00:00,Standby,6890.2,1
EQ034,2025-09-21 06:00:00,Standby,6890.3,0
EQ034,2025-09-21 12:00:00,Standby,6892.6,0
EQ034,2025-09-21 18:00:00,Standby,6898.1,1
EQ034,2025-09-21 00:00:00,Running,6899.5,0
EQ034,2025-09-22 06:00:00,Running,6900.7,0
EQ034,2025-09-22 12:00:00,Running,6900.9,1
EQ034,2025-09-22 18:00:00,Standby,6905.0,0
EQ034,2025-09-22 00:00:00,Running,6906.1,0
EQ034,2025-09-23 06:00:00,Running,6910.9,0
EQ034,2025-09-23 12:00:00,Stopped,6916.1,1
EQ034,2025-09-23 18:00:00,Maintenance,6917.6,1
EQ034,2025-09-23 00:00:00,Stopped,6918.0,1
EQ034,2025-09-24 06:00:00,Stopped,6922.1,1
EQ034,2025-09-24 12:00:00,Running,6924.9,0
EQ034,2025-09-24 18:00:00,Running,6930.6,0
EQ034,2025-09-24 00:00:00,Maintenance,6933.8,1
EQ034,2025-09-25 06:00:00,Stopped,6937.4,1
EQ034,2025-09-25 12:00:00,Maintenance,6941.7,1
EQ034,2025-09-25 18:00:00,Running,6942.1,0
EQ034,2025-09-25 00:00:00,Stopped,6947.1,1
EQ034,2025-09-26 06:00:00,Stopped,6947.3,1
EQ034,2025-09-26 12:00:00,Running,6951.1,0
EQ034,2025-09-26 18:00:00,Running,6951.7,0
EQ034,2025-09-26 00:00:00,Stopped,6956.2,1
EQ034,2025-09-27 06:00:00,Standby,6960.5,0
EQ034,2025-09-27 12:00:00,Running,6961.4,0
EQ034,2025-09-27 18:00:00,Running,6963.0,0
EQ034,2025-09-27 00:00:00,Running,6965.7,0
EQ034,2025-09-28 06:00:00,Stopped,6970.2,1
EQ034,2025-09-28 12:00:00,Stopped,6972.3,1
EQ034,2025-09-28 18:00:00,Standby,6975.0,0
EQ034,2025-09-28 00:00:00,Running,6975.2,0
EQ034,2025-09-29 06:00:00,Running,6975.4,0
EQ034,2025-09-29 12:00:00,Maintenance,6978.8,1
EQ034,2025-09-29 18:00:00,Stopped,6980.6,1
EQ034,2025-09-29 00:00:00,Stopped,6984.0,1
EQ034,2025-09-30 06:00:00,Running,6988.0,0
EQ034,2025-09-30 12:00:00,Running,6988.8,0
EQ034,2025-09-30 18:00:00,Standby,6990.3,0
EQ034,2025-09-30 00:00:00,Running,6993.8,0
EQ035,2025-09-01 06:00:00,Running,2041.6,0
EQ035,2025-09-01 12:00:00,Maintenance,2044.7,1
EQ035,2025-09-01 18:00:00,Running,2050.5,0
EQ035,2025-09-01 00:00:00,Standby,2053.5,0
EQ035,2025-09-02 06:00:00,Standby,2059.1,0
EQ035,2025-09-02 12:00:00,Standby,2062.0,0
EQ035,2025-09-02 18:00:00,Running,2066.0,0
EQ035,2025-09-02 00:00:00,Running,2067.2,0
EQ035,2025-09-03 06:00:00,Running,2071.6,0
EQ035,2025-09-03 12:00:00,Running,2074.6,1
EQ035,2025-09-03 18:00:00,Standby,2074.7,0
EQ035,2025-09-03 00:00:00,Stopped,2079.6,1
EQ035,2025-09-04 06:00:00,Stopped,2085.0,1
EQ035,2025-09-04 12:00:00,Stopped,2087.2,1
EQ035,2025-09-04 18:00:00,Running,2092.9,0
EQ035,2025-09-04 00:00:00,Standby,2098.7,0
EQ035,2025-09-05 06:00:00,Stopped,2101.9,1
EQ035,2025-09-05 12:00:00,Running,2104.6,0
EQ035,2025-09-05 18:00:00,Standby,2109.4,0
EQ035,2025-09-05 00:00:00,Running,2114.5,0
EQ035,2025-09-06 06:00:00,Running,2115.6,0
EQ035,2025-09-06 12:00:00,Maintenance,2117.2,1
EQ035,2025-09-06 18:00:00,Running,2121.6,0
EQ035,2025-09-06 00:00:00,Maintenance,2127.0,1
EQ035,2025-09-07 06:00:00,Running,2128.2,0
EQ035,2025-09-07 12:00:00,Running,2131.1,0
EQ035,2025-09-07 18:00:00,Running,2131.4,0
EQ035,2025-09-07 00:00:00,Stopped,2131.8,1
EQ035,2025-09-08 06:00:00,Running,2134.7,0
EQ035,2025-09-08 12:00:00,Running,2138.3,0
EQ035,2025-09-08 18:00:00,Running,2140.9,1
EQ035,2025-09-08 00:00:00,Maintenance,2145.2,1
EQ035,2025-09-09 06:00:00,Running,2148.7,0
EQ035,2025-09-09 12:00:00,Standby,2154.7,0
EQ035,2025-09-09 18:00:00,Running,2156.3,0
EQ035,2025-09-09 00:00:00,Standby,2159.2,0
EQ035,2025-09-10 06:00:00,Running,2160.8,0
EQ035,2025-09-10 12:00:00,Standby,2164.9,0
EQ035,2025-09-10 18:00:00,Standby,2165.6,0
EQ035,2025-09-10 00:00:00,Stopped,2166.7,1
EQ035,2025-09-11 06:00:00,Running,2169.8,0
EQ035,2025-09-11 12:00:00,Running,2174.4,1
EQ035,2025-09-11 18:00:00,Standby,2179.6,1
EQ035,2025-09-11 00:00:00,Running,2184.5,0
EQ035,2025-09-12 06:00:00,Running,2185.9,1
EQ035,2025-09-12 12:00:00,Running,2190.5,0
EQ035,2025-09-12 18:00:00,Running,2196.1,0
EQ035,2025-09-12 00:00:00,Running,2198.0,0
EQ035,2025-09-13 06:00:00,Running,2199.0,0
EQ035,2025-09-13 12:00:00,Running,2201.0,0
EQ035,2025-09-13 18:00:00,Standby,2204.6,0
EQ035,2025-09-13 00:00:00,Running,2206.0,0
EQ035,2025-09-14 06:00:00,Running,2211.0,0
EQ035,2025-09-14 12:00:00,Running,2215.4,0
EQ035,2025-09-14 18:00:00,Stopped,2217.3,1
EQ035,2025-09-14 00:00:00,Running,2221.9,0
EQ035,2025-09-15 06:00:00,Running,2222.2,0
EQ035,2025-09-15 12:00:00,Running,2223.0,0
EQ035,2025-09-15 18:00:00,Running,2227.9,0
EQ035,2025-09-15 00:00:00,Running,2229.4,0
EQ035,2025-09-16 06:00:00,Stopped,2229.5,1
EQ035,2025-09-16 12:00:00,Running,2232.8,0
EQ035,2025-09-16 18:00:00,Stopped,2237.6,1
EQ035,2025-09-16 00:00:00,Standby,2239.2,0
EQ035,2025-09-17 06:00:00,Running,2243.5,1
EQ035,2025-09-17 12:00:00,Maintenance,2247.1,1
EQ035,2025-09-17 18:00:00,Maintenance,2252.8,1
EQ035,2025-09-17 00:00:00,Stopped,2255.1,1
EQ035,2025-09-18 06:00:00,Maintenance,2259.3,1
EQ035,2025-09-18 12:00:00,Running,2262.8,0
EQ035,2025-09-18 18:00:00,Running,2264.9,1
EQ035,2025-09-18 00:00:00,Standby,2266.6,0
EQ035,2025-09-19 06:00:00,Running,2267.0,0
EQ035,2025-09-19 12:00:00,Maintenance,2271.4,1
EQ035,2025-09-19 18:00:00,Stopped,2276.6,1
EQ035,2025-09-19 00:00:00,Standby,2280.0,0
EQ035,2025-09-20 06:00:00,Running,2283.3,0
EQ035,2025-09-20 12:00:00,Standby,2288.2,0
EQ035,2025-09-20 18:00:00,Standby,2292.8,1
EQ035,2025-09-20 00:00:00,Maintenance,2297.0,1
EQ035,2025-09-21 06:00:00,Stopped,2302.7,1
EQ035,2025-09-21 12:00:00,Running,2307.2,0
EQ035,2025-09-21 18:00:00,Running,2308.6,0
EQ035,2025-09-21 00:00:00,Running,2314.4,1
EQ035,2025-09-22 06:00:00,Running,2320.0,0
EQ035,2025-09-22 12:00:00,Running,2322.6,0
EQ035,2025-09-22 18:00:00,Stopped,2327.4,1
EQ035,2025-09-22 00:00:00,Stopped,2327.8,1
EQ035,2025-09-23 06:00:00,Maintenance,2330.0,1
EQ035,2025-09-23 12:00:00,Standby,2335.8,0
EQ035,2025-09-23 18:00:00,Maintenance,2337.8,1
EQ035,2025-09-23 00:00:00,Standby,2339.8,0
EQ035,2025-09-24 06:00:00,Running,2340.4,1
EQ035,2025-09-24 12:00:00,Standby,2341.3,1
EQ035,2025-09-24 18:00:00,Standby,2344.7,0
EQ035,2025-09-24 00:00:00,Running,2345.8,0
EQ035,2025-09-25 06:00:00,Running,2350.7,0
EQ035,2025-09-25 12:00:00,Running,2356.7,0
EQ035,2025-09-25 18:00:00,Running,2357.8,0
EQ035,2025-09-25 00:00:00,Standby,2362.5,0
EQ035,2025-09-26 06:00:00,Stopped,2368.2,1
EQ035,2025-09-26 12:00:00,Maintenance,2370.6,1
EQ035,2025-09-26 18:00:00,Running,2372.9,0
EQ035,2025-09-26 00:00:00,Running,2373.8,0
EQ035,2025-09-27 06:00:00,Maintenance,2377.3,1
EQ035,2025-09-27 12:00:00,Stopped,2380.5,1
EQ035,2025-09-27 18:00:00,Standby,2385.4,0
EQ035,2025-09-27 00:00:00,Maintenance,2390.8,1
EQ035,2025-09-28 06:00:00,Stopped,2394.3,1
EQ035,2025-09-28 12:00:00,Running,2396.2,1
EQ035,2025-09-28 18:00:00,Running,2401.9,0
EQ035,2025-09-28 00:00:00,Running,2404.0,1
EQ035,2025-09-29 06:00:00,Running,2409.6,0
EQ035,2025-09-29 12:00:00,Standby,2410.6,0
EQ035,2025-09-29 18:00:00,Maintenance,2412.0,1
EQ035,2025-09-29 00:00:00,Maintenance,2416.6,1
EQ035,2025-09-30 06:00:00,Running,2422.3,0
EQ035,2025-09-30 12:00:00,Running,2422.5,0
EQ035,2025-09-30 18:00:00,Maintenance,2427.6,1
EQ035,2025-09-30 00:00:00,Running,2430.2,1
EQ036,2025-09-01 06:00:00,Stopped,2394.0,1
EQ036,2025-09-01 12:00:00,Running,2397.0,0
EQ036,2025-09-01 18:00:00,Standby,2398.0,0
EQ036,2025-09-01 00:00:00,Running,2402.4,0
EQ036,2025-09-02 06:00:00,Running,2404.9,0
EQ036,2025-09-02 12:00:00,Running,2407.9,1
EQ036,2025-09-02 18:00:00,Running,2413.6,0
EQ036,2025-09-02 00:00:00,Running,2416.1,0
EQ036,2025-09-03 06:00:00,Maintenance,2416.7,1
EQ036,2025-09-03 12:00:00,Running,2417.1,0
EQ036,2025-09-03 18:00:00,Maintenance,2421.0,1
EQ036,2025-09-03 00:00:00,Running,2424.9,0
EQ036,2025-09-04 06:00:00,Stopped,2430.2,1
EQ036,2025-09-04 12:00:00,Running,2434.6,0
EQ036,2025-09-04 18:00:00,Maintenance,2434.9,1
EQ036,2025-09-04 00:00:00,Stopped,2436.0,1
EQ036,2025-09-05 06:00:00,Running,2436.8,0
EQ036,2025-09-05 12:00:00,Running,2440.4,1
EQ036,2025-09-05 18:00:00,Running,2442.2,0
EQ036,2025-09-05 00:00:00,Standby,2444.7,0
EQ036,2025-09-06 06:00:00,Running,2445.6,0
EQ036,2025-09-06 12:00:00,Stopped,2449.6,1
EQ036,2025-09-06 18:00:00,Running,2454.3,0
EQ036,2025-09-06 00:00:00,Running,2456.7,0
EQ036,2025-09-07 06:00:00,Running,2460.4,0
EQ036,2025-09-07 12:00:00,Running,2460.6,1
EQ036,2025-09-07 18:00:00,Running,2461.5,0
EQ036,2025-09-07 00:00:00,Running,2466.1,0
EQ036,2025-09-08 06:00:00,Stopped,2467.1,1
EQ036,2025-09-08 12:00:00,Running,2468.4,0
EQ036,2025-09-08 18:00:00,Running,2474.2,1
EQ036,2025-09-08 00:00:00,Running,2479.6,0
EQ036,2025-09-09 06:00:00,Running,2484.5,0
EQ036,2025-09-09 12:00:00,Running,2489.9,0
EQ036,2025-09-09 18:00:00,Running,2493.1,0
EQ036,2025-09-09 00:00:00,Maintenance,2497.1,1
EQ036,2025-09-10 06:00:00,Running,2502.1,0
EQ036,2025-09-10 12:00:00,Standby,2505.2,1
EQ036,2025-09-10 18:00:00,Stopped,2506.1,1
EQ036,2025-09-10 00:00:00,Standby,2510.4,0
EQ036,2025-09-11 06:00:00,Running,2511.9,0
EQ036,2025-09-11 12:00:00,Running,2513.7,0
EQ036,2025-09-11 18:00:00,Stopped,2516.5,1
EQ036,2025-09-11 00:00:00,Standby,2522.4,0
EQ036,2025-09-12 06:00:00,Running,2524.4,0
EQ036,2025-09-12 12:00:00,Running,2528.8,1
EQ036,2025-09-12 18:00:00,Maintenance,2533.3,1
EQ036,2025-09-12 00:00:00,Stopped,2537.1,1
EQ036,2025-09-13 06:00:00,Stopped,2543.0,1
EQ036,2025-09-13 12:00:00,Running,2548.0,0
EQ036,2025-09-13 18:00:00,Running,2548.1,0
EQ036,2025-09-13 00:00:00,Running,2549.2,0
EQ036,2025-09-14 06:00:00,Maintenance,2555.0,1
EQ036,2025-09-14 12:00:00,Running,2557.7,0
EQ036,2025-09-14 18:00:00,Running,2562.2,0
EQ036,2025-09-14 00:00:00,Standby,2564.2,0
EQ036,2025-09-15 06:00:00,Maintenance,2565.3,1
EQ036,2025-09-15 12:00:00,Running,2569.9,0
EQ036,2025-09-15 18:00:00,Running,2575.0,1
EQ036,2025-09-15 00:00:00,Stopped,2576.6,1
EQ036,2025-09-16 06:00:00,Stopped,2579.2,1
EQ036,2025-09-16 12:00:00,Running,2579.8,0
EQ036,2025-09-16 18:00:00,Maintenance,2584.8,1
EQ036,2025-09-16 00:00:00,Running,2585.6,0
EQ036,2025-09-17 06:00:00,Running,2588.9,0
EQ036,2025-09-17 12:00:00,Maintenance,2594.7,1
EQ036,2025-09-17 18:00:00,Maintenance,2595.8,1
EQ036,2025-09-17 00:00:00,Stopped,2601.1,1
EQ036,2025-09-18 06:00:00,Standby,2605.2,1
EQ036,2025-09-18 12:00:00,Stopped,2606.4,1
EQ036,2025-09-18 18:00:00,Stopped,2609.6,1
EQ036,2025-09-18 00:00:00,Stopped,2613.0,1
EQ036,2025-09-19 06:00:00,Standby,2616.2,1
EQ036,2025-09-19 12:00:00,Standby,2622.2,0
EQ036,2025-09-19 18:00:00,Running,2626.3,1
EQ036,2025-09-19 00:00:00,Standby,2627.7,0
EQ036,2025-09-20 06:00:00,Maintenance,2632.0,1
EQ036,2025-09-20 12:00:00,Standby,2634.5,0
EQ036,2025-09-20 18:00:00,Running,2640.3,1
EQ036,2025-09-20 00:00:00,Running,2643.4,0
EQ036,2025-09-21 06:00:00,Running,2645.3,0
EQ036,2025-09-21 12:00:00,Stopped,2647.1,1
EQ036,2025-09-21 18:00:00,Running,2651.1,0
EQ036,2025-09-21 00:00:00,Running,2654.7,0
EQ036,2025-09-22 06:00:00,Running,2655.5,0
EQ036,2025-09-22 12:00:00,Running,2661.3,1
EQ036,2025-09-22 18:00:00,Maintenance,2667.2,1
EQ036,2025-09-22 00:00:00,Running,2669.7,1
EQ036,2025-09-23 06:00:00,Standby,2671.8,0
EQ036,2025-09-23 12:00:00,Running,2672.6,0
EQ036,2025-09-23 18:00:00,Running,2676.1,0
EQ036,2025-09-23 00:00:00,Standby,2677.0,0
EQ036,2025-09-24 06:00:00,Running,2680.8,0
EQ036,2025-09-24 12:00:00,Standby,2685.4,0
EQ036,2025-09-24 18:00:00,Standby,2688.0,0
EQ036,2025-09-24 00:00:00,Stopped,2691.2,1
EQ036,2025-09-25 06:00:00,Standby,2696.5,1
EQ036,2025-09-25 12:00:00,Stopped,2700.8,1
EQ036,2025-09-25 18:00:00,Maintenance,2706.5,1
EQ036,2025-09-25 00:00:00,Running,2708.0,0
EQ036,2025-09-26 06:00:00,Standby,2709.0,0
EQ036,2025-09-26 12:00:00,Stopped,2714.2,1
EQ036,2025-09-26 18:00:00,Running,2717.3,0
EQ036,2025-09-26 00:00:00,Running,2723.1,0
EQ036,2025-09-27 06:00:00,Maintenance,2724.5,1
EQ036,2025-09-27 12:00:00,Stopped,2727.5,1
EQ036,2025-09-27 18:00:00,Stopped,2730.1,1
EQ036,2025-09-27 00:00:00,Running,2734.7,1
EQ036,2025-09-28 06:00:00,Stopped,2739.1,1
EQ036,2025-09-28 12:00:00,Maintenance,2742.9,1
EQ036,2025-09-28 18:00:00,Running,2744.4,0
EQ036,2025-09-28 00:00:00,Running,2748.7,1
EQ036,2025-09-29 06:00:00,Running,2750.0,0
EQ036,2025-09-29 12:00:00,Running,2756.0,0
EQ036,2025-09-29 18:00:00,Stopped,2758.9,1
EQ036,2025-09-29 00:00:00,Standby,2762.5,0
EQ036,2025-09-30 06:00:00,Maintenance,2766.5,1
EQ036,2025-09-30 12:00:00,Running,2771.5,1
EQ036,2025-09-30 18:00:00,Standby,2772.1,1
EQ036,2025-09-30 00:00:00,Maintenance,2773.5,1
EQ037,2025-09-01 06:00:00,Stopped,5064.5,1
EQ037,2025-09-01 12:00:00,Stopped,5068.8,1
EQ037,2025-09-01 18:00:00,Running,5071.4,0
EQ037,2025-09-01 00:00:00,Running,5071.6,0
EQ037,2025-09-02 06:00:00,Running,5076.1,0
EQ037,2025-09-02 12:00:00,Running,5077.4,0
EQ037,2025-09-02 18:00:00,Running,5079.4,0
EQ037,2025-09-02 00:00:00,Running,5079.6,0
EQ037,2025-09-03 06:00:00,Running,5081.8,0
EQ037,2025-09-03 12:00:00,Standby,5087.6,0
EQ037,2025-09-03 18:00:00,Running,5089.5,0
EQ037,2025-09-03 00:00:00,Standby,5094.1,0
EQ037,2025-09-04 06:00:00,Running,5099.3,0
EQ037,2025-09-04 12:00:00,Standby,5103.8,0
EQ037,2025-09-04 18:00:00,Stopped,5104.8,1
EQ037,2025-09-04 00:00:00,Running,5106.9,1
EQ037,2025-09-05 06:00:00,Standby,5112.7,0
EQ037,2025-09-05 12:00:00,Running,5118.2,0
EQ037,2025-09-05 18:00:00,Running,5121.9,0
EQ037,2025-09-05 00:00:00,Standby,5123.1,0
EQ037,2025-09-06 06:00:00,Maintenance,5126.0,1
EQ037,2025-09-06 12:00:00,Running,5128.2,0
EQ037,2025-09-06 18:00:00,Running,5128.3,1
EQ037,2025-09-06 00:00:00,Running,5131.3,0
EQ037,2025-09-07 06:00:00,Standby,5134.7,0
EQ037,2025-09-07 12:00:00,Running,5135.2,0
EQ037,2025-09-07 18:00:00,Running,5140.7,0
EQ037,2025-09-07 00:00:00,Standby,5141.6,0
EQ037,2025-09-08 06:00:00,Running,5142.4,0
EQ037,2025-09-08 12:00:00,Running,5146.8,0
EQ037,2025-09-08 18:00:00,Maintenance,5151.6,1
EQ037,2025-09-08 00:00:00,Standby,5153.5,0
EQ037,2025-09-09 06:00:00,Running,5155.0,0
EQ037,2025-09-09 12:00:00,Running,5155.2,0
EQ037,2025-09-09 18:00:00,Running,5156.5,0
EQ037,2025-09-09 00:00:00,Maintenance,5159.1,1
EQ037,2025-09-10 06:00:00,Stopped,5160.0,1
EQ037,2025-09-10 12:00:00,Running,5165.1,0
EQ037,2025-09-10 18:00:00,Running,5168.4,0
EQ037,2025-09-10 00:00:00,Maintenance,5169.6,1
EQ037,2025-09-11 06:00:00,Running,5172.0,0
EQ037,2025-09-11 12:00:00,Standby,5174.3,0
EQ037,2025-09-11 18:00:00,Running,5176.5,0
EQ037,2025-09-11 00:00:00,Stopped,5179.1,1
EQ037,2025-09-12 06:00:00,Running,5180.5,0
EQ037,2025-09-12 12:00:00,Standby,5184.7,1
EQ037,2025-09-12 18:00:00,Running,5188.9,0
EQ037,2025-09-12 00:00:00,Stopped,5192.4,1
EQ037,2025-09-13 06:00:00,Running,5198.3,0
EQ037,2025-09-13 12:00:00,Stopped,5201.5,1
EQ037,2025-09-13 18:00:00,Running,5202.9,0
EQ037,2025-09-13 00:00:00,Running,5208.8,0
EQ037,2025-09-14 06:00:00,Stopped,5210.1,1
EQ037,2025-09-14 12:00:00,Running,5212.9,0
EQ037,2025-09-14 18:00:00,Running,5213.3,0
EQ037,2025-09-14 00:00:00,Maintenance,5213.4,1
EQ037,2025-09-15 06:00:00,Running,5218.8,0
EQ037,2025-09-15 12:00:00,Running,5219.2,0
EQ037,2025-09-15 18:00:00,Running,5220.9,0
EQ037,2025-09-15 00:00:00,Running,5221.1,0
EQ037,2025-09-16 06:00:00,Standby,5225.7,0
EQ037,2025-09-16 12:00:00,Running,5229.7,0
EQ037,2025-09-16 18:00:00,Running,5231.5,0
EQ037,2025-09-16 00:00:00,Running,5234.5,0
EQ037,2025-09-17 06:00:00,Running,5240.4,0
EQ037,2025-09-17 12:00:00,Standby,5246.2,0
EQ037,2025-09-17 18:00:00,Running,5249.7,0
EQ037,2025-09-17 00:00:00,Stopped,5250.1,1
EQ037,2025-09-18 06:00:00,Running,5251.1,0
EQ037,2025-09-18 12:00:00,Running,5255.7,0
EQ037,2025-09-18 18:00:00,Maintenance,5260.7,1
EQ037,2025-09-18 00:00:00,Running,5265.1,0
EQ037,2025-09-19 06:00:00,Running,5267.5,1
EQ037,2025-09-19 12:00:00,Stopped,5271.6,1
EQ037,2025-09-19 18:00:00,Stopped,5273.9,1
EQ037,2025-09-19 00:00:00,Running,5275.0,0
EQ037,2025-09-20 06:00:00,Running,5277.6,1
EQ037,2025-09-20 12:00:00,Running,5279.2,1
EQ037,2025-09-20 18:00:00,Running,5283.1,0
EQ037,2025-09-20 00:00:00,Running,5283.7,0
EQ037,2025-09-21 06:00:00,Running,5284.1,0
EQ037,2025-09-21 12:00:00,Standby,5284.7,0
EQ037,2025-09-21 18:00:00,Running,5284.8,0
EQ037,2025-09-21 00:00:00,Running,5289.6,0
EQ037,2025-09-22 06:00:00,Standby,5290.0,0
EQ037,2025-09-22 12:00:00,Running,5293.0,0
EQ037,2025-09-22 18:00:00,Standby,5293.6,0
EQ037,2025-09-22 00:00:00,Standby,5295.8,1
EQ037,2025-09-23 06:00:00,Running,5300.9,0
EQ037,2025-09-23 12:00:00,Stopped,5303.9,1
EQ037,2025-09-23 18:00:00,Stopped,5306.6,1
EQ037,2025-09-23 00:00:00,Standby,5311.9,0
EQ037,2025-09-24 06:00:00,Stopped,5312.6,1
EQ037,2025-09-24 12:00:00,Maintenance,5318.2,1
EQ037,2025-09-24 18:00:00,Running,5321.7,0
EQ037,2025-09-24 00:00:00,Running,5322.9,1
EQ037,2025-09-25 06:00:00,Running,5324.9,0
EQ037,2025-09-25 12:00:00,Running,5329.9,0
EQ037,2025-09-25 18:00:00,Stopped,5335.6,1
EQ037,2025-09-25 00:00:00,Standby,5337.1,1
EQ037,2025-09-26 06:00:00,Running,5340.0,0
EQ037,2025-09-26 12:00:00,Stopped,5340.2,1
EQ037,2025-09-26 18:00:00,Running,5343.1,0
EQ037,2025-09-26 00:00:00,Stopped,5347.1,1
EQ037,2025-09-27 06:00:00,Stopped,5350.6,1
EQ037,2025-09-27 12:00:00,Stopped,5351.1,1
EQ037,2025-09-27 18:00:00,Standby,5354.5,0
EQ037,2025-09-27 00:00:00,Stopped,5357.6,1
EQ037,2025-09-28 06:00:00,Stopped,5361.5,1
EQ037,2025-09-28 12:00:00,Running,5366.1,1
EQ037,2025-09-28 18:00:00,Running,5368.5,0
EQ037,2025-09-28 00:00:00,Running,5371.4,0
EQ037,2025-09-29 06:00:00,Running,5373.7,0
EQ037,2025-09-29 12:00:00,Running,5375.4,0
EQ037,2025-09-29 18:00:00,Standby,5380.4,1
EQ037,2025-09-29 00:00:00,Running,5385.8,1
EQ037,2025-09-30 06:00:00,Stopped,5389.2,1
EQ037,2025-09-30 12:00:00,Running,5389.5,0
EQ037,2025-09-30 18:00:00,Running,5391.8,0
EQ037,2025-09-30 00:00:00,Running,5396.7,0
EQ038,2025-09-01 06:00:00,Running,5794.3,0
EQ038,2025-09-01 12:00:00,Standby,5794.6,0
EQ038,2025-09-01 18:00:00,Running,5795.7,0
EQ038,2025-09-01 00:00:00,Running,5800.0,0
EQ038,2025-09-02 06:00:00,Running,5803.7,0
EQ038,2025-09-02 12:00:00,Running,5809.1,0
EQ038,2025-09-02 18:00:00,Running,5814.5,0
EQ038,2025-09-02 00:00:00,Standby,5816.5,0
EQ038,2025-09-03 06:00:00,Running,5817.9,0
EQ038,2025-09-03 12:00:00,Maintenance,5820.3,1
EQ038,2025-09-03 18:00:00,Running,5824.0,0
EQ038,2025-09-03 00:00:00,Running,5828.1,0
EQ038,2025-09-04 06:00:00,Stopped,5833.5,1
EQ038,2025-09-04 12:00:00,Running,5837.4,0
EQ038,2025-09-04 18:00:00,Maintenance,5839.9,1
EQ038,2025-09-04 00:00:00,Running,5842.2,0
EQ038,2025-09-05 06:00:00,Stopped,5843.3,1
EQ038,2025-09-05 12:00:00,Stopped,5844.8,1
EQ038,2025-09-05 18:00:00,Running,5845.1,0
EQ038,2025-09-05 00:00:00,Stopped,5845.9,1
EQ038,2025-09-06 06:00:00,Standby,5846.6,1
EQ038,2025-09-06 12:00:00,Running,5847.0,0
EQ038,2025-09-06 18:00:00,Standby,5851.4,1
EQ038,2025-09-06 00:00:00,Maintenance,5855.7,1
EQ038,2025-09-07 06:00:00,Standby,5857.4,0
EQ038,2025-09-07 12:00:00,Maintenance,5859.0,1
EQ038,2025-09-07 18:00:00,Stopped,5861.4,1
EQ038,2025-09-07 00:00:00,Maintenance,5862.6,1
EQ038,2025-09-08 06:00:00,Running,5863.8,0
EQ038,2025-09-08 12:00:00,Standby,5866.7,1
EQ038,2025-09-08 18:00:00,Running,5869.0,1
EQ038,2025-09-08 00:00:00,Running,5869.4,0
EQ038,2025-09-09 06:00:00,Running,5873.8,0
EQ038,2025-09-09 12:00:00,Running,5877.8,0
EQ038,2025-09-09 18:00:00,Standby,5882.4,0
EQ038,2025-09-09 00:00:00,Stopped,5882.7,1
EQ038,2025-09-10 06:00:00,Running,5887.9,1
EQ038,2025-09-10 12:00:00,Running,5890.7,1
EQ038,2025-09-10 18:00:00,Maintenance,5891.0,1
EQ038,2025-09-10 00:00:00,Running,5894.0,0
EQ038,2025-09-11 06:00:00,Running,5896.0,0
EQ038,2025-09-11 12:00:00,Stopped,5896.2,1
EQ038,2025-09-11 18:00:00,Running,5899.8,0
EQ038,2025-09-11 00:00:00,Running,5903.1,1
EQ038,2025-09-12 06:00:00,Running,5903.5,1
EQ038,2025-09-12 12:00:00,Standby,5907.8,1
EQ038,2025-09-12 18:00:00,Stopped,5909.7,1
EQ038,2025-09-12 00:00:00,Running,5913.8,0
EQ038,2025-09-13 06:00:00,Running,5914.2,1
EQ038,2025-09-13 12:00:00,Running,5919.3,0
EQ038,2025-09-13 18:00:00,Stopped,5919.5,1
EQ038,2025-09-13 00:00:00,Standby,5924.4,1
EQ038,2025-09-14 06:00:00,Running,5926.7,0
EQ038,2025-09-14 12:00:00,Standby,5932.2,0
EQ038,2025-09-14 18:00:00,Running,5933.7,0
EQ038,2025-09-14 00:00:00,Maintenance,5937.5,1
EQ038,2025-09-15 06:00:00,Running,5940.2,0
EQ038,2025-09-15 12:00:00,Maintenance,5941.5,1
EQ038,2025-09-15 18:00:00,Running,5947.3,0
EQ038,2025-09-15 00:00:00,Running,5948.3,0
EQ038,2025-09-16 06:00:00,Stopped,5950.9,1
EQ038,2025-09-16 12:00:00,Running,5953.4,1
EQ038,2025-09-16 18:00:00,Maintenance,5958.5,1
EQ038,2025-09-16 00:00:00,Maintenance,5959.3,1
EQ038,2025-09-17 06:00:00,Standby,5961.7,0
EQ038,2025-09-17 12:00:00,Maintenance,5964.5,1
EQ038,2025-09-17 18:00:00,Running,5967.3,0
EQ038,2025-09-17 00:00:00,Running,5968.1,0
EQ038,2025-09-18 06:00:00,Standby,5972.4,0
EQ038,2025-09-18 12:00:00,Standby,5976.8,0
EQ038,2025-09-18 18:00:00,Stopped,5979.0,1
EQ038,2025-09-18 00:00:00,Running,5983.8,0
EQ038,2025-09-19 06:00:00,Running,5986.2,0
EQ038,2025-09-19 12:00:00,Running,5988.9,0
EQ038,2025-09-19 18:00:00,Maintenance,5994.6,1
EQ038,2025-09-19 00:00:00,Maintenance,5997.1,1
EQ038,2025-09-20 06:00:00,Running,6002.4,0
EQ038,2025-09-20 12:00:00,Standby,6005.0,0
EQ038,2025-09-20 18:00:00,Maintenance,6005.1,1
EQ038,2025-09-20 00:00:00,Running,6006.1,0
EQ038,2025-09-21 06:00:00,Maintenance,6010.2,1
EQ038,2025-09-21 12:00:00,Stopped,6014.0,1
EQ038,2025-09-21 18:00:00,Standby,6014.9,0
EQ038,2025-09-21 00:00:00,Running,6019.3,0
EQ038,2025-09-22 06:00:00,Stopped,6022.2,1
EQ038,2025-09-22 12:00:00,Standby,6025.4,0
EQ038,2025-09-22 18:00:00,Standby,6026.0,1
EQ038,2025-09-22 00:00:00,Running,6031.5,1
EQ038,2025-09-23 06:00:00,Maintenance,6033.5,1
EQ038,2025-09-23 12:00:00,Running,6035.6,0
EQ038,2025-09-23 18:00:00,Stopped,6041.3,1
EQ038,2025-09-23 00:00:00,Running,6045.0,1
EQ038,2025-09-24 06:00:00,Running,6047.7,0
EQ038,2025-09-24 12:00:00,Running,6049.5,1
EQ038,2025-09-24 18:00:00,Stopped,6050.5,1
EQ038,2025-09-24 00:00:00,Maintenance,6051.5,1
EQ038,2025-09-25 06:00:00,Running,6054.0,0
EQ038,2025-09-25 12:00:00,Standby,6058.2,0
EQ038,2025-09-25 18:00:00,Running,6059.7,0
EQ038,2025-09-25 00:00:00,Running,6065.2,0
EQ038,2025-09-26 06:00:00,Running,6070.5,1
EQ038,2025-09-26 12:00:00,Running,6075.1,0
EQ038,2025-09-26 18:00:00,Standby,6077.3,0
EQ038,2025-09-26 00:00:00,Running,6080.0,0
EQ038,2025-09-27 06:00:00,Running,6084.0,0
EQ038,2025-09-27 12:00:00,Running,6084.5,0
EQ038,2025-09-27 18:00:00,Running,6088.2,1
EQ038,2025-09-27 00:00:00,Standby,6088.9,0
EQ038,2025-09-28 06:00:00,Maintenance,6094.7,1
EQ038,2025-09-28 12:00:00,Running,6096.5,0
EQ038,2025-09-28 18:00:00,Stopped,6101.2,1
EQ038,2025-09-28 00:00:00,Running,6104.2,0
EQ038,2025-09-29 06:00:00,Standby,6110.2,0
EQ038,2025-09-29 12:00:00,Running,6113.3,0
EQ038,2025-09-29 18:00:00,Maintenance,6118.7,1
EQ038,2025-09-29 00:00:00,Running,6119.7,0
EQ038,2025-09-30 06:00:00,Standby,6121.3,0
EQ038,2025-09-30 12:00:00,Maintenance,6123.3,1
EQ038,2025-09-30 18:00:00,Running,6127.2,0
EQ038,2025-09-30 00:00:00,Standby,6127.4,0
EQ039,2025-09-01 06:00:00,Maintenance,7104.4,1
EQ039,2025-09-01 12:00:00,Standby,7105.6,0
EQ039,2025-09-01 18:00:00,Running,7109.8,0
EQ039,2025-09-01 00:00:00,Running,7112.0,0
EQ039,2025-09-02 06:00:00,Standby,7114.5,0
EQ039,2025-09-02 12:00:00,Stopped,7115.3,1
EQ039,2025-09-02 18:00:00,Running,7116.5,0
EQ039,2025-09-02 00:00:00,Running,7119.2,1
EQ039,2025-09-03 06:00:00,Standby,7124.7,0
EQ039,2025-09-03 12:00:00,Maintenance,7130.1,1
EQ039,2025-09-03 18:00:00,Running,7134.7,1
EQ039,2025-09-03 00:00:00,Running,7135.1,1
EQ039,2025-09-04 06:00:00,Standby,7135.6,0
EQ039,2025-09-04 12:00:00,Running,7140.0,0
EQ039,2025-09-04 18:00:00,Running,7140.4,0
EQ039,2025-09-04 00:00:00,Standby,7146.2,0
EQ039,2025-09-05 06:00:00,Standby,7150.2,0
EQ039,2025-09-05 12:00:00,Standby,7151.0,1
EQ039,2025-09-05 18:00:00,Maintenance,7156.6,1
EQ039,2025-09-05 00:00:00,Running,7157.1,0
EQ039,2025-09-06 06:00:00,Running,7158.4,0
EQ039,2025-09-06 12:00:00,Stopped,7160.7,1
EQ039,2025-09-06 18:00:00,Standby,7165.6,1
EQ039,2025-09-06 00:00:00,Stopped,7168.6,1
EQ039,2025-09-07 06:00:00,Stopped,7171.4,1
EQ039,2025-09-07 12:00:00,Stopped,7175.0,1
EQ039,2025-09-07 18:00:00,Maintenance,7177.7,1
EQ039,2025-09-07 00:00:00,Standby,7183.5,1
EQ039,2025-09-08 06:00:00,Running,7187.0,0
EQ039,2025-09-08 12:00:00,Running,7191.6,1
EQ039,2025-09-08 18:00:00,Running,7196.1,0
EQ039,2025-09-08 00:00:00,Running,7201.1,0
EQ039,2025-09-09 06:00:00,Running,7204.9,0
EQ039,2025-09-09 12:00:00,Running,7207.0,0
EQ039,2025-09-09 18:00:00,Running,7212.3,1
EQ039,2025-09-09 00:00:00,Standby,7213.3,0
EQ039,2025-09-10 06:00:00,Running,7218.7,0
EQ039,2025-09-10 12:00:00,Running,7221.3,0
EQ039,2025-09-10 18:00:00,Standby,7224.0,0
EQ039,2025-09-10 00:00:00,Maintenance,7228.0,1
EQ039,2025-09-11 06:00:00,Running,7233.5,0
EQ039,2025-09-11 12:00:00,Standby,7239.3,0
EQ039,2025-09-11 18:00:00,Standby,7241.2,0
EQ039,2025-09-11 00:00:00,Running,7243.4,0
EQ039,2025-09-12 06:00:00,Running,7246.7,0
EQ039,2025-09-12 12:00:00,Stopped,7248.1,1
EQ039,2025-09-12 18:00:00,Running,7250.6,0
EQ039,2025-09-12 00:00:00,Maintenance,7252.5,1
EQ039,2025-09-13 06:00:00,Stopped,7258.2,1
EQ039,2025-09-13 12:00:00,Running,7261.0,0
EQ039,2025-09-13 18:00:00,Running,7263.3,0
EQ039,2025-09-13 00:00:00,Maintenance,7268.5,1
EQ039,2025-09-14 06:00:00,Stopped,7270.8,1
EQ039,2025-09-14 12:00:00,Maintenance,7271.7,1
EQ039,2025-09-14 18:00:00,Running,7276.6,0
EQ039,2025-09-14 00:00:00,Maintenance,7277.5,1
EQ039,2025-09-15 06:00:00,Maintenance,7278.8,1
EQ039,2025-09-15 12:00:00,Running,7280.4,0
EQ039,2025-09-15 18:00:00,Running,7281.3,0
EQ039,2025-09-15 00:00:00,Stopped,7286.4,1
EQ039,2025-09-16 06:00:00,Running,7290.0,1
EQ039,2025-09-16 12:00:00,Running,7295.1,0
EQ039,2025-09-16 18:00:00,Running,7297.2,0
EQ039,2025-09-16 00:00:00,Running,7301.4,0
EQ039,2025-09-17 06:00:00,Standby,7304.5,1
EQ039,2025-09-17 12:00:00,Running,7307.4,0
EQ039,2025-09-17 18:00:00,Maintenance,7311.2,1
EQ039,2025-09-17 00:00:00,Running,7314.9,0
EQ039,2025-09-18 06:00:00,Standby,7318.1,0
EQ039,2025-09-18 12:00:00,Running,7322.2,0
EQ039,2025-09-18 18:00:00,Running,7325.0,0
EQ039,2025-09-18 00:00:00,Running,7326.5,0
EQ039,2025-09-19 06:00:00,Maintenance,7330.6,1
EQ039,2025-09-19 12:00:00,Maintenance,7336.0,1
EQ039,2025-09-19 18:00:00,Standby,7338.9,0
EQ039,2025-09-19 00:00:00,Running,7343.7,0
EQ039,2025-09-20 06:00:00,Standby,7349.5,0
EQ039,2025-09-20 12:00:00,Stopped,7352.9,1
EQ039,2025-09-20 18:00:00,Maintenance,7357.1,1
EQ039,2025-09-20 00:00:00,Standby,7358.6,0
EQ039,2025-09-21 06:00:00,Standby,7360.5,0
EQ039,2025-09-21 12:00:00,Maintenance,7362.8,1
EQ039,2025-09-21 18:00:00,Running,7366.0,0
EQ039,2025-09-21 00:00:00,Running,7371.7,0
EQ039,2025-09-22 06:00:00,Stopped,7372.1,1
EQ039,2025-09-22 12:00:00,Running,7376.7,1
EQ039,2025-09-22 18:00:00,Stopped,7378.9,1
EQ039,2025-09-22 00:00:00,Stopped,7381.7,1
EQ039,2025-09-23 06:00:00,Running,7383.8,1
EQ039,2025-09-23 12:00:00,Standby,7388.5,0
EQ039,2025-09-23 18:00:00,Maintenance,7391.4,1
EQ039,2025-09-23 00:00:00,Running,7392.6,0
EQ039,2025-09-24 06:00:00,Stopped,7393.7,1
EQ039,2025-09-24 12:00:00,Maintenance,7397.3,1
EQ039,2025-09-24 18:00:00,Running,7402.6,1
EQ039,2025-09-24 00:00:00,Standby,7404.1,0
EQ039,2025-09-25 06:00:00,Running,7409.2,0
EQ039,2025-09-25 12:00:00,Running,7411.0,0
EQ039,2025-09-25 18:00:00,Running,7413.5,0
EQ039,2025-09-25 00:00:00,Running,7419.5,0
EQ039,2025-09-26 06:00:00,Running,7420.4,0
EQ039,2025-09-26 12:00:00,Running,7426.0,0
EQ039,2025-09-26 18:00:00,Running,7429.6,1
EQ039,2025-09-26 00:00:00,Running,7431.5,0
EQ039,2025-09-27 06:00:00,Running,7433.5,1
EQ039,2025-09-27 12:00:00,Running,7438.5,1
EQ039,2025-09-27 18:00:00,Running,7441.1,1
EQ039,2025-09-27 00:00:00,Running,7444.8,1
EQ039,2025-09-28 06:00:00,Stopped,7448.7,1
EQ039,2025-09-28 12:00:00,Running,7448.9,0
EQ039,2025-09-28 18:00:00,Standby,7453.2,0
EQ039,2025-09-28 00:00:00,Running,7454.0,0
EQ039,2025-09-29 06:00:00,Running,7458.3,1
EQ039,2025-09-29 12:00:00,Running,7460.4,0
EQ039,2025-09-29 18:00:00,Running,7460.8,0
EQ039,2025-09-29 00:00:00,Running,7463.3,1
EQ039,2025-09-30 06:00:00,Stopped,7467.5,1
EQ039,2025-09-30 12:00:00,Standby,7468.7,1
EQ039,2025-09-30 18:00:00,Running,7473.9,0
EQ039,2025-09-30 00:00:00,Running,7478.0,1
EQ040,2025-09-01 06:00:00,Standby,1172.5,0
EQ040,2025-09-01 12:00:00,Running,1178.2,0
EQ040,2025-09-01 18:00:00,Maintenance,1179.0,1
EQ040,2025-09-01 00:00:00,Running,1182.8,0
EQ040,2025-09-02 06:00:00,Running,1184.5,0
EQ040,2025-09-02 12:00:00,Running,1187.0,0
EQ040,2025-09-02 18:00:00,Running,1187.2,0
EQ040,2025-09-02 00:00:00,Running,1189.3,0
EQ040,2025-09-03 06:00:00,Running,1192.4,0
EQ040,2025-09-03 12:00:00,Stopped,1194.8,1
EQ040,2025-09-03 18:00:00,Running,1198.6,1
EQ040,2025-09-03 00:00:00,Standby,1200.8,0
EQ040,2025-09-04 06:00:00,Running,1205.3,0
EQ040,2025-09-04 12:00:00,Running,1210.7,1
EQ040,2025-09-04 18:00:00,Running,1213.4,0
EQ040,2025-09-04 00:00:00,Running,1217.4,0
EQ040,2025-09-05 06:00:00,Stopped,1218.6,1
EQ040,2025-09-05 12:00:00,Running,1219.2,0
EQ040,2025-09-05 18:00:00,Maintenance,1220.4,1
EQ040,2025-09-05 00:00:00,Stopped,1224.8,1
EQ040,2025-09-06 06:00:00,Running,1226.1,0
EQ040,2025-09-06 12:00:00,Standby,1228.9,0
EQ040,2025-09-06 18:00:00,Standby,1234.2,0
EQ040,2025-09-06 00:00:00,Stopped,1235.5,1
EQ040,2025-09-07 06:00:00,Running,1240.5,1
EQ040,2025-09-07 12:00:00,Maintenance,1241.7,1
EQ040,2025-09-07 18:00:00,Maintenance,1244.0,1
EQ040,2025-09-07 00:00:00,Running,1247.6,0
EQ040,2025-09-08 06:00:00,Running,1251.0,0
EQ040,2025-09-08 12:00:00,Running,1256.1,0
EQ040,2025-09-08 18:00:00,Running,1261.4,0
EQ040,2025-09-08 00:00:00,Maintenance,1265.1,1
EQ040,2025-09-09 06:00:00,Maintenance,1270.8,1
EQ040,2025-09-09 12:00:00,Maintenance,1272.6,1
EQ040,2025-09-09 18:00:00,Running,1273.6,0
EQ040,2025-09-09 00:00:00,Running,1274.7,0
EQ040,2025-09-10 06:00:00,Running,1275.2,0
EQ040,2025-09-10 12:00:00,Running,1279.8,1
EQ040,2025-09-10 18:00:00,Maintenance,1281.6,1
EQ040,2025-09-10 00:00:00,Running,1286.9,0
EQ040,2025-09-11 06:00:00,Stopped,1288.1,1
EQ040,2025-09-11 12:00:00,Maintenance,1292.6,1
EQ040,2025-09-11 18:00:00,Standby,1298.2,1
EQ040,2025-09-11 00:00:00,Running,1298.7,1
EQ040,2025-09-12 06:00:00,Running,1302.2,0
EQ040,2025-09-12 12:00:00,Standby,1306.4,0
EQ040,2025-09-12 18:00:00,Running,1307.3,0
EQ040,2025-09-12 00:00:00,Running,1307.5,0
EQ040,2025-09-13 06:00:00,Running,1310.0,0
EQ040,2025-09-13 12:00:00,Maintenance,1313.5,1
EQ040,2025-09-13 18:00:00,Running,1318.1,1
EQ040,2025-09-13 00:00:00,Running,1321.0,0
EQ040,2025-09-14 06:00:00,Stopped,1321.1,1
EQ040,2025-09-14 12:00:00,Running,1322.5,0
EQ040,2025-09-14 18:00:00,Running,1326.4,1
EQ040,2025-09-14 00:00:00,Maintenance,1331.4,1
EQ040,2025-09-15 06:00:00,Running,1334.3,0
EQ040,2025-09-15 12:00:00,Running,1334.6,0
EQ040,2025-09-15 18:00:00,Running,1337.3,0
EQ040,2025-09-15 00:00:00,Running,1341.3,1
EQ040,2025-09-16 06:00:00,Running,1342.2,0
EQ040,2025-09-16 12:00:00,Stopped,1344.3,1
EQ040,2025-09-16 18:00:00,Running,1347.1,0
EQ040,2025-09-16 00:00:00,Running,1352.0,0
EQ040,2025-09-17 06:00:00,Stopped,1355.0,1
EQ040,2025-09-17 12:00:00,Standby,1357.6,0
EQ040,2025-09-17 18:00:00,Standby,1359.6,0
EQ040,2025-09-17 00:00:00,Running,1364.1,0
EQ040,2025-09-18 06:00:00,Maintenance,1365.1,1
EQ040,2025-09-18 12:00:00,Running,1370.3,0
EQ040,2025-09-18 18:00:00,Standby,1373.5,0
EQ040,2025-09-18 00:00:00,Stopped,1374.5,1
EQ040,2025-09-19 06:00:00,Stopped,1375.3,1
EQ040,2025-09-19 12:00:00,Stopped,1376.5,1
EQ040,2025-09-19 18:00:00,Standby,1379.0,1
EQ040,2025-09-19 00:00:00,Running,1379.3,0
EQ040,2025-09-20 06:00:00,Running,1384.9,1
EQ040,2025-09-20 12:00:00,Standby,1386.3,1
EQ040,2025-09-20 18:00:00,Stopped,1388.3,1
EQ040,2025-09-20 00:00:00,Running,1393.1,0
EQ040,2025-09-21 06:00:00,Standby,1397.0,0
EQ040,2025-09-21 12:00:00,Running,1401.5,0
EQ040,2025-09-21 18:00:00,Standby,1402.9,0
EQ040,2025-09-21 00:00:00,Standby,1407.1,1
EQ040,2025-09-22 06:00:00,Stopped,1411.4,1
EQ040,2025-09-22 12:00:00,Maintenance,1417.2,1
EQ040,2025-09-22 18:00:00,Stopped,1420.2,1
EQ040,2025-09-22 00:00:00,Maintenance,1424.4,1
EQ040,2025-09-23 06:00:00,Running,1426.2,0
EQ040,2025-09-23 12:00:00,Running,1431.9,0
EQ040,2025-09-23 18:00:00,Running,1433.7,1
EQ040,2025-09-23 00:00:00,Running,1437.8,0
EQ040,2025-09-24 06:00:00,Running,1438.5,0
EQ040,2025-09-24 12:00:00,Maintenance,1442.5,1
EQ040,2025-09-24 18:00:00,Running,1444.6,0
EQ040,2025-09-24 00:00:00,Running,1448.3,0
EQ040,2025-09-25 06:00:00,Maintenance,1452.1,1
EQ040,2025-09-25 12:00:00,Standby,1458.0,0
EQ040,2025-09-25 18:00:00,Running,1459.5,0
EQ040,2025-09-25 00:00:00,Running,1464.0,0
EQ040,2025-09-26 06:00:00,Stopped,1466.5,1
EQ040,2025-09-26 12:00:00,Standby,1472.2,0
EQ040,2025-09-26 18:00:00,Standby,1474.5,0
EQ040,2025-09-26 00:00:00,Maintenance,1479.1,1
EQ040,2025-09-27 06:00:00,Running,1479.7,0
EQ040,2025-09-27 12:00:00,Running,1483.5,0
EQ040,2025-09-27 18:00:00,Running,1485.5,0
EQ040,2025-09-27 00:00:00,Standby,1487.4,0
EQ040,2025-09-28 06:00:00,Standby,1490.1,0
EQ040,2025-09-28 12:00:00,Standby,1494.2,1
EQ040,2025-09-28 18:00:00,Standby,1494.4,0
EQ040,2025-09-28 00:00:00,Standby,1495.5,1
EQ040,2025-09-29 06:00:00,Running,1500.3,0
EQ040,2025-09-29 12:00:00,Standby,1501.8,0
EQ040,2025-09-29 18:00:00,Running,1502.8,0
EQ040,2025-09-29 00:00:00,Running,1503.0,0
EQ040,2025-09-30 06:00:00,Standby,1507.1,0
EQ040,2025-09-30 12:00:00,Maintenance,1507.6,1
EQ040,2025-09-30 18:00:00,Running,1509.9,0
EQ040,2025-09-30 00:00:00,Stopped,1513.8,1
EQ041,2025-09-01 06:00:00,Running,2237.7,0
EQ041,2025-09-01 12:00:00,Maintenance,2241.2,1
EQ041,2025-09-01 18:00:00,Running,2246.1,0
EQ041,2025-09-01 00:00:00,Maintenance,2246.8,1
EQ041,2025-09-02 06:00:00,Running,2252.7,1
EQ041,2025-09-02 12:00:00,Standby,2255.7,1
EQ041,2025-09-02 18:00:00,Stopped,2258.3,1
EQ041,2025-09-02 00:00:00,Stopped,2263.7,1
EQ041,2025-09-03 06:00:00,Running,2266.2,0
EQ041,2025-09-03 12:00:00,Running,2270.4,0
EQ041,2025-09-03 18:00:00,Running,2275.7,1
EQ041,2025-09-03 00:00:00,Standby,2278.7,0
EQ041,2025-09-04 06:00:00,Running,2279.5,0
EQ041,2025-09-04 12:00:00,Running,2280.6,1
EQ041,2025-09-04 18:00:00,Running,2283.9,0
EQ041,2025-09-04 00:00:00,Standby,2289.7,0
EQ041,2025-09-05 06:00:00,Standby,2290.4,0
EQ041,2025-09-05 12:00:00,Running,2292.2,0
EQ041,2025-09-05 18:00:00,Stopped,2294.5,1
EQ041,2025-09-05 00:00:00,Running,2294.6,0
EQ041,2025-09-06 06:00:00,Standby,2297.8,0
EQ041,2025-09-06 12:00:00,Running,2299.7,0
EQ041,2025-09-06 18:00:00,Running,2301.0,0
EQ041,2025-09-06 00:00:00,Standby,2302.3,0
EQ041,2025-09-07 06:00:00,Running,2306.1,0
EQ041,2025-09-07 12:00:00,Maintenance,2306.5,1
EQ041,2025-09-07 18:00:00,Standby,2307.4,0
EQ041,2025-09-07 00:00:00,Stopped,2310.3,1
EQ041,2025-09-08 06:00:00,Maintenance,2310.7,1
EQ041,2025-09-08 12:00:00,Running,2313.2,0
EQ041,2025-09-08 18:00:00,Standby,2318.2,0
EQ041,2025-09-08 00:00:00,Running,2318.5,0
EQ041,2025-09-09 06:00:00,Running,2319.7,0
EQ041,2025-09-09 12:00:00,Stopped,2321.9,1
EQ041,2025-09-09 18:00:00,Running,2323.2,0
EQ041,2025-09-09 00:00:00,Maintenance,2326.1,1
EQ041,2025-09-10 06:00:00,Maintenance,2329.2,1
EQ041,2025-09-10 12:00:00,Running,2333.0,0
EQ041,2025-09-10 18:00:00,Running,2336.0,0
EQ041,2025-09-10 00:00:00,Running,2338.5,0
EQ041,2025-09-11 06:00:00,Standby,2343.2,0
EQ041,2025-09-11 12:00:00,Stopped,2343.4,1
EQ041,2025-09-11 18:00:00,Running,2347.3,0
EQ041,2025-09-11 00:00:00,Maintenance,2349.3,1
EQ041,2025-09-12 06:00:00,Stopped,2352.9,1
EQ041,2025-09-12 12:00:00,Maintenance,2358.0,1
EQ041,2025-09-12 18:00:00,Running,2362.5,0
EQ041,2025-09-12 00:00:00,Stopped,2366.0,1
EQ041,2025-09-13 06:00:00,Standby,2369.6,0
EQ041,2025-09-13 12:00:00,Stopped,2370.4,1
EQ041,2025-09-13 18:00:00,Running,2376.3,0
EQ041,2025-09-13 00:00:00,Standby,2376.7,0
EQ041,2025-09-14 06:00:00,Standby,2381.9,0
EQ041,2025-09-14 12:00:00,Standby,2387.5,0
EQ041,2025-09-14 18:00:00,Running,2388.6,0
EQ041,2025-09-14 00:00:00,Maintenance,2389.8,1
EQ041,2025-09-15 06:00:00,Running,2391.5,0
EQ041,2025-09-15 12:00:00,Standby,2392.6,0
EQ041,2025-09-15 18:00:00,Standby,2397.4,0
EQ041,2025-09-15 00:00:00,Standby,2401.5,1
EQ041,2025-09-16 06:00:00,Stopped,2404.8,1
EQ041,2025-09-16 12:00:00,Running,2407.9,0
EQ041,2025-09-16 18:00:00,Running,2409.6,0
EQ041,2025-09-16 00:00:00,Running,2413.4,0
EQ041,2025-09-17 06:00:00,Running,2418.3,0
EQ041,2025-09-17 12:00:00,Running,2422.6,0
EQ041,2025-09-17 18:00:00,Maintenance,2425.4,1
EQ041,2025-09-17 00:00:00,Running,2425.8,0
EQ041,2025-09-18 06:00:00,Running,2429.1,0
EQ041,2025-09-18 12:00:00,Running,2434.0,1
EQ041,2025-09-18 18:00:00,Running,2439.6,0
EQ041,2025-09-18 00:00:00,Standby,2442.7,0
EQ041,2025-09-19 06:00:00,Running,2448.6,0
EQ041,2025-09-19 12:00:00,Standby,2449.2,0
EQ041,2025-09-19 18:00:00,Running,2450.0,0
EQ041,2025-09-19 00:00:00,Running,2456.0,0
EQ041,2025-09-20 06:00:00,Running,2456.6,1
EQ041,2025-09-20 12:00:00,Standby,2457.2,1
EQ041,2025-09-20 18:00:00,Stopped,2459.7,1
EQ041,2025-09-20 00:00:00,Running,2460.1,0
EQ041,2025-09-21 06:00:00,Running,2464.4,0
EQ041,2025-09-21 12:00:00,Running,2465.7,0
EQ041,2025-09-21 18:00:00,Standby,2471.3,0
EQ041,2025-09-21 00:00:00,Running,2471.4,0
EQ041,2025-09-22 06:00:00,Standby,2472.4,0
EQ041,2025-09-22 12:00:00,Maintenance,2474.7,1
EQ041,2025-09-22 18:00:00,Standby,2475.7,1
EQ041,2025-09-22 00:00:00,Standby,2481.5,0
EQ041,2025-09-23 06:00:00,Stopped,2482.2,1
EQ041,2025-09-23 12:00:00,Running,2483.7,0
EQ041,2025-09-23 18:00:00,Standby,2489.2,0
EQ041,2025-09-23 00:00:00,Running,2493.2,1
EQ041,2025-09-24 06:00:00,Running,2498.3,0
EQ041,2025-09-24 12:00:00,Running,2503.4,0
EQ041,2025-09-24 18:00:00,Running,2504.3,0
EQ041,2025-09-24 00:00:00,Maintenance,2509.4,1
EQ041,2025-09-25 06:00:00,Stopped,2509.5,1
EQ041,2025-09-25 12:00:00,Stopped,2510.7,1
EQ041,2025-09-25 18:00:00,Standby,2516.0,0
EQ041,2025-09-25 00:00:00,Running,2519.0,1
EQ041,2025-09-26 06:00:00,Running,2520.2,0
EQ041,2025-09-26 12:00:00,Running,2525.2,1
EQ041,2025-09-26 18:00:00,Standby,2527.6,1
EQ041,2025-09-26 00:00:00,Running,2529.2,0
EQ041,2025-09-27 06:00:00,Stopped,2534.6,1
EQ041,2025-09-27 12:00:00,Running,2540.4,0
EQ041,2025-09-27 18:00:00,Standby,2544.3,0
EQ041,2025-09-27 00:00:00,Running,2544.4,0
EQ041,2025-09-28 06:00:00,Standby,2544.5,0
EQ041,2025-09-28 12:00:00,Running,2547.0,0
EQ041,2025-09-28 18:00:00,Running,2548.6,0
EQ041,2025-09-28 00:00:00,Maintenance,2550.2,1
EQ041,2025-09-29 06:00:00,Running,2553.7,0
EQ041,2025-09-29 12:00:00,Standby,2554.9,0
EQ041,2025-09-29 18:00:00,Running,2555.2,0
EQ041,2025-09-29 00:00:00,Running,2556.2,0
EQ041,2025-09-30 06:00:00,Standby,2557.7,0
EQ041,2025-09-30 12:00:00,Standby,2558.6,0
EQ041,2025-09-30 18:00:00,Running,2563.8,0
EQ041,2025-09-30 00:00:00,Running,2564.8,0
EQ042,2025-09-01 06:00:00,Maintenance,1471.2,1
EQ042,2025-09-01 12:00:00,Standby,1476.4,0
EQ042,2025-09-01 18:00:00,Maintenance,1480.8,1
EQ042,2025-09-01 00:00:00,Running,1483.3,0
EQ042,2025-09-02 06:00:00,Running,1489.1,1
EQ042,2025-09-02 12:00:00,Standby,1493.7,1
EQ042,2025-09-02 18:00:00,Running,1496.9,0
EQ042,2025-09-02 00:00:00,Stopped,1500.2,1
EQ042,2025-09-03 06:00:00,Running,1503.4,1
EQ042,2025-09-03 12:00:00,Running,1505.4,0
EQ042,2025-09-03 18:00:00,Running,1510.3,0
EQ042,2025-09-03 00:00:00,Standby,1512.7,0
EQ042,2025-09-04 06:00:00,Running,1517.8,0
EQ042,2025-09-04 12:00:00,Running,1520.0,0
EQ042,2025-09-04 18:00:00,Stopped,1522.8,1
EQ042,2025-09-04 00:00:00,Running,1527.1,0
EQ042,2025-09-05 06:00:00,Running,1527.4,0
EQ042,2025-09-05 12:00:00,Maintenance,1528.2,1
EQ042,2025-09-05 18:00:00,Running,1531.1,0
EQ042,2025-09-05 00:00:00,Stopped,1534.4,1
EQ042,2025-09-06 06:00:00,Stopped,1539.7,1
EQ042,2025-09-06 12:00:00,Running,1542.8,0
EQ042,2025-09-06 18:00:00,Stopped,1546.3,1
EQ042,2025-09-06 00:00:00,Stopped,1548.7,1
EQ042,2025-09-07 06:00:00,Running,1549.7,0
EQ042,2025-09-07 12:00:00,Maintenance,1550.5,1
EQ042,2025-09-07 18:00:00,Running,1556.5,1
EQ042,2025-09-07 00:00:00,Stopped,1557.2,1
EQ042,2025-09-08 06:00:00,Maintenance,1559.5,1
EQ042,2025-09-08 12:00:00,Running,1562.4,1
EQ042,2025-09-08 18:00:00,Stopped,1563.7,1
EQ042,2025-09-08 00:00:00,Stopped,1568.2,1
EQ042,2025-09-09 06:00:00,Running,1572.8,0
EQ042,2025-09-09 12:00:00,Running,1575.2,0
EQ042,2025-09-09 18:00:00,Running,1580.6,0
EQ042,2025-09-09 00:00:00,Running,1584.9,0
EQ042,2025-09-10 06:00:00,Running,1585.7,0
EQ042,2025-09-10 12:00:00,Maintenance,1587.2,1
EQ042,2025-09-10 18:00:00,Running,1587.8,0
EQ042,2025-09-10 00:00:00,Running,1593.3,0
EQ042,2025-09-11 06:00:00,Maintenance,1598.5,1
EQ042,2025-09-11 12:00:00,Running,1603.4,0
EQ042,2025-09-11 18:00:00,Standby,1609.3,1
EQ042,2025-09-11 00:00:00,Stopped,1609.7,1
EQ042,2025-09-12 06:00:00,Running,1612.7,0
EQ042,2025-09-12 12:00:00,Running,1617.2,1
EQ042,2025-09-12 18:00:00,Standby,1620.3,1
EQ042,2025-09-12 00:00:00,Standby,1623.0,0
EQ042,2025-09-13 06:00:00,Running,1625.1,0
EQ042,2025-09-13 12:00:00,Running,1629.9,0
EQ042,2025-09-13 18:00:00,Standby,1634.5,0
EQ042,2025-09-13 00:00:00,Running,1638.5,0
EQ042,2025-09-14 06:00:00,Standby,1641.5,0
EQ042,2025-09-14 12:00:00,Maintenance,1642.4,1
EQ042,2025-09-14 18:00:00,Stopped,1644.4,1
EQ042,2025-09-14 00:00:00,Stopped,1648.8,1
EQ042,2025-09-15 06:00:00,Standby,1653.4,1
EQ042,2025-09-15 12:00:00,Running,1655.1,0
EQ042,2025-09-15 18:00:00,Running,1655.2,1
EQ042,2025-09-15 00:00:00,Running,1656.4,0
EQ042,2025-09-16 06:00:00,Stopped,1661.7,1
EQ042,2025-09-16 12:00:00,Running,1667.6,0
EQ042,2025-09-16 18:00:00,Running,1668.6,0
EQ042,2025-09-16 00:00:00,Running,1673.3,0
EQ042,2025-09-17 06:00:00,Running,1674.3,0
EQ042,2025-09-17 12:00:00,Standby,1678.3,1
EQ042,2025-09-17 18:00:00,Stopped,1680.4,1
EQ042,2025-09-17 00:00:00,Stopped,1682.6,1
EQ042,2025-09-18 06:00:00,Running,1686.1,0
EQ042,2025-09-18 12:00:00,Standby,1690.6,0
EQ042,2025-09-18 18:00:00,Standby,1691.5,0
EQ042,2025-09-18 00:00:00,Standby,1694.6,0
EQ042,2025-09-19 06:00:00,Running,1700.0,0
EQ042,2025-09-19 12:00:00,Running,1702.9,1
EQ042,2025-09-19 18:00:00,Running,1705.9,0
EQ042,2025-09-19 00:00:00,Stopped,1708.3,1
EQ042,2025-09-20 06:00:00,Maintenance,1710.1,1
EQ042,2025-09-20 12:00:00,Maintenance,1710.7,1
EQ042,2025-09-20 18:00:00,Running,1715.4,0
EQ042,2025-09-20 00:00:00,Maintenance,1716.9,1
EQ042,2025-09-21 06:00:00,Maintenance,1722.5,1
EQ042,2025-09-21 12:00:00,Standby,1725.0,0
EQ042,2025-09-21 18:00:00,Running,1726.8,0
EQ042,2025-09-21 00:00:00,Running,1732.5,0
EQ042,2025-09-22 06:00:00,Standby,1738.1,0
EQ042,2025-09-22 12:00:00,Running,1740.7,0
EQ042,2025-09-22 18:00:00,Running,1742.7,0
EQ042,2025-09-22 00:00:00,Running,1745.6,0
EQ042,2025-09-23 06:00:00,Maintenance,1751.2,1
EQ042,2025-09-23 12:00:00,Running,1753.8,0
EQ042,2025-09-23 18:00:00,Running,1758.6,0
EQ042,2025-09-23 00:00:00,Running,1762.2,0
EQ042,2025-09-24 06:00:00,Maintenance,1762.8,1
EQ042,2025-09-24 12:00:00,Running,1763.7,0
EQ042,2025-09-24 18:00:00,Running,1769.3,0
EQ042,2025-09-24 00:00:00,Stopped,1773.5,1
EQ042,2025-09-25 06:00:00,Running,1776.3,1
EQ042,2025-09-25 12:00:00,Running,1781.4,0
EQ042,2025-09-25 18:00:00,Standby,1785.6,0
EQ042,2025-09-25 00:00:00,Standby,1786.6,1
EQ042,2025-09-26 06:00:00,Running,1792.6,1
EQ042,2025-09-26 12:00:00,Running,1792.6,1
EQ042,2025-09-26 18:00:00,Maintenance,1797.3,1
EQ042,2025-09-26 00:00:00,Maintenance,1802.2,1
EQ042,2025-09-27 06:00:00,Running,1803.9,0
EQ042,2025-09-27 12:00:00,Stopped,1804.3,1
EQ042,2025-09-27 18:00:00,Standby,1807.1,1
EQ042,2025-09-27 00:00:00,Maintenance,1808.0,1
EQ042,2025-09-28 06:00:00,Stopped,1811.1,1
EQ042,2025-09-28 12:00:00,Running,1812.8,0
EQ042,2025-09-28 18:00:00,Running,1813.8,0
EQ042,2025-09-28 00:00:00,Running,1819.5,0
EQ042,2025-09-29 06:00:00,Running,1824.4,0
EQ042,2025-09-29 12:00:00,Running,1829.2,0
EQ042,2025-09-29 18:00:00,Stopped,1833.2,1
EQ042,2025-09-29 00:00:00,Running,1837.4,0
EQ042,2025-09-30 06:00:00,Running,1842.7,1
EQ042,2025-09-30 12:00:00,Running,1843.5,0
EQ042,2025-09-30 18:00:00,Stopped,1845.2,1
EQ042,2025-09-30 00:00:00,Running,1846.6,0
EQ043,2025-09-01 06:00:00,Running,4375.2,0
EQ043,2025-09-01 12:00:00,Standby,4377.0,0
EQ043,2025-09-01 18:00:00,Stopped,4382.4,1
EQ043,2025-09-01 00:00:00,Standby,4384.7,0
EQ043,2025-09-02 06:00:00,Running,4389.7,1
EQ043,2025-09-02 12:00:00,Stopped,4392.0,1
EQ043,2025-09-02 18:00:00,Stopped,4394.8,1
EQ043,2025-09-02 00:00:00,Maintenance,4399.5,1
EQ043,2025-09-03 06:00:00,Maintenance,4402.2,1
EQ043,2025-09-03 12:00:00,Stopped,4406.7,1
EQ043,2025-09-03 18:00:00,Stopped,4410.7,1
EQ043,2025-09-03 00:00:00,Maintenance,4415.2,1
EQ043,2025-09-04 06:00:00,Maintenance,4416.3,1
EQ043,2025-09-04 12:00:00,Maintenance,4417.3,1
EQ043,2025-09-04 18:00:00,Running,4422.6,1
EQ043,2025-09-04 00:00:00,Running,4423.4,1
EQ043,2025-09-05 06:00:00,Standby,4425.1,0
EQ043,2025-09-05 12:00:00,Running,4425.3,1
EQ043,2025-09-05 18:00:00,Running,4427.4,0
EQ043,2025-09-05 00:00:00,Standby,4428.0,0
EQ043,2025-09-06 06:00:00,Stopped,4433.8,1
EQ043,2025-09-06 12:00:00,Running,4437.9,1
EQ043,2025-09-06 18:00:00,Maintenance,4442.4,1
EQ043,2025-09-06 00:00:00,Running,4445.6,0
EQ043,2025-09-07 06:00:00,Standby,4446.8,0
EQ043,2025-09-07 12:00:00,Stopped,4451.2,1
EQ043,2025-09-07 18:00:00,Running,4454.7,0
EQ043,2025-09-07 00:00:00,Running,4457.4,0
EQ043,2025-09-08 06:00:00,Running,4460.9,1
EQ043,2025-09-08 12:00:00,Maintenance,4461.3,1
EQ043,2025-09-08 18:00:00,Stopped,4463.8,1
EQ043,2025-09-08 00:00:00,Running,4467.2,0
EQ043,2025-09-09 06:00:00,Maintenance,4472.2,1
EQ043,2025-09-09 12:00:00,Running,4477.5,0
EQ043,2025-09-09 18:00:00,Maintenance,4482.4,1
EQ043,2025-09-09 00:00:00,Standby,4484.8,0
EQ043,2025-09-10 06:00:00,Running,4486.1,0
EQ043,2025-09-10 12:00:00,Stopped,4487.5,1
EQ043,2025-09-10 18:00:00,Running,4488.0,1
EQ043,2025-09-10 00:00:00,Stopped,4491.2,1
EQ043,2025-09-11 06:00:00,Maintenance,4496.8,1
EQ043,2025-09-11 12:00:00,Running,4501.2,0
EQ043,2025-09-11 18:00:00,Stopped,4505.9,1
EQ043,2025-09-11 00:00:00,Stopped,4509.9,1
EQ043,2025-09-12 06:00:00,Running,4513.1,0
EQ043,2025-09-12 12:00:00,Standby,4518.2,0
EQ043,2025-09-12 18:00:00,Maintenance,4520.5,1
EQ043,2025-09-12 00:00:00,Stopped,4521.6,1
EQ043,2025-09-13 06:00:00,Standby,4524.2,1
EQ043,2025-09-13 12:00:00,Running,4527.1,0
EQ043,2025-09-13 18:00:00,Running,4531.5,0
EQ043,2025-09-13 00:00:00,Running,4533.0,0
EQ043,2025-09-14 06:00:00,Running,4537.4,0
EQ043,2025-09-14 12:00:00,Running,4539.1,0
EQ043,2025-09-14 18:00:00,Maintenance,4543.2,1
EQ043,2025-09-14 00:00:00,Standby,4544.1,1
EQ043,2025-09-15 06:00:00,Running,4549.8,0
EQ043,2025-09-15 12:00:00,Running,4554.4,0
EQ043,2025-09-15 18:00:00,Running,4559.0,1
EQ043,2025-09-15 00:00:00,Running,4564.0,0
EQ043,2025-09-16 06:00:00,Standby,4566.9,0
EQ043,2025-09-16 12:00:00,Standby,4569.0,0
EQ043,2025-09-16 18:00:00,Running,4573.8,1
EQ043,2025-09-16 00:00:00,Standby,4573.9,0
EQ043,2025-09-17 06:00:00,Maintenance,4578.7,1
EQ043,2025-09-17 12:00:00,Stopped,4579.2,1
EQ043,2025-09-17 18:00:00,Running,4580.2,1
EQ043,2025-09-17 00:00:00,Stopped,4583.4,1
EQ043,2025-09-18 06:00:00,Running,4587.2,0
EQ043,2025-09-18 12:00:00,Running,4592.0,0
EQ043,2025-09-18 18:00:00,Running,4596.7,0
EQ043,2025-09-18 00:00:00,Running,4600.4,1
EQ043,2025-09-19 06:00:00,Running,4604.6,0
EQ043,2025-09-19 12:00:00,Maintenance,4609.1,1
EQ043,2025-09-19 18:00:00,Stopped,4614.7,1
EQ043,2025-09-19 00:00:00,Stopped,4618.0,1
EQ043,2025-09-20 06:00:00,Running,4620.2,0
EQ043,2025-09-20 12:00:00,Maintenance,4620.4,1
EQ043,2025-09-20 18:00:00,Running,4620.5,0
EQ043,2025-09-20 00:00:00,Standby,4622.5,0
EQ043,2025-09-21 06:00:00,Stopped,4622.5,1
EQ043,2025-09-21 12:00:00,Running,4623.3,0
EQ043,2025-09-21 18:00:00,Running,4627.9,0
EQ043,2025-09-21 00:00:00,Standby,4631.2,0
EQ043,2025-09-22 06:00:00,Standby,4631.9,0
EQ043,2025-09-22 12:00:00,Stopped,4636.6,1
EQ043,2025-09-22 18:00:00,Standby,4639.8,0
EQ043,2025-09-22 00:00:00,Running,4640.4,1
EQ043,2025-09-23 06:00:00,Maintenance,4644.4,1
EQ043,2025-09-23 12:00:00,Maintenance,4648.6,1
EQ043,2025-09-23 18:00:00,Stopped,4654.6,1
EQ043,2025-09-23 00:00:00,Running,4660.5,0
EQ043,2025-09-24 06:00:00,Maintenance,4662.7,1
EQ043,2025-09-24 12:00:00,Running,4665.1,0
EQ043,2025-09-24 18:00:00,Running,4666.2,0
EQ043,2025-09-24 00:00:00,Running,4669.3,1
EQ043,2025-09-25 06:00:00,Standby,4670.0,1
EQ043,2025-09-25 12:00:00,Maintenance,4674.6,1
EQ043,2025-09-25 18:00:00,Running,4678.1,1
EQ043,2025-09-25 00:00:00,Standby,4678.4,1
EQ043,2025-09-26 06:00:00,Running,4682.9,0
EQ043,2025-09-26 12:00:00,Maintenance,4683.4,1
EQ043,2025-09-26 18:00:00,Stopped,4689.0,1
EQ043,2025-09-26 00:00:00,Maintenance,4692.3,1
EQ043,2025-09-27 06:00:00,Maintenance,4696.2,1
EQ043,2025-09-27 12:00:00,Running,4701.8,0
EQ043,2025-09-27 18:00:00,Running,4702.4,0
EQ043,2025-09-27 00:00:00,Running,4703.2,0
EQ043,2025-09-28 06:00:00,Running,4703.2,0
EQ043,2025-09-28 12:00:00,Maintenance,4703.5,1
EQ043,2025-09-28 18:00:00,Stopped,4705.9,1
EQ043,2025-09-28 00:00:00,Running,4711.5,1
EQ043,2025-09-29 06:00:00,Maintenance,4713.0,1
EQ043,2025-09-29 12:00:00,Running,4718.5,1
EQ043,2025-09-29 18:00:00,Stopped,4719.1,1
EQ043,2025-09-29 00:00:00,Stopped,4721.9,1
EQ043,2025-09-30 06:00:00,Stopped,4722.7,1
EQ043,2025-09-30 12:00:00,Stopped,4727.6,1
EQ043,2025-09-30 18:00:00,Standby,4730.0,0
EQ043,2025-09-30 00:00:00,Standby,4733.5,0
EQ044,2025-09-01 06:00:00,Stopped,6112.0,1
EQ044,2025-09-01 12:00:00,Running,6115.7,0
EQ044,2025-09-01 18:00:00,Running,6117.5,0
EQ044,2025-09-01 00:00:00,Running,6120.0,0
EQ044,2025-09-02 06:00:00,Standby,6123.7,0
EQ044,2025-09-02 12:00:00,Maintenance,6127.9,1
EQ044,2025-09-02 18:00:00,Running,6127.9,0
EQ044,2025-09-02 00:00:00,Running,6132.4,0
EQ044,2025-09-03 06:00:00,Standby,6137.3,0
EQ044,2025-09-03 12:00:00,Standby,6138.8,0
EQ044,2025-09-03 18:00:00,Stopped,6140.2,1
EQ044,2025-09-03 00:00:00,Running,6140.6,1
EQ044,2025-09-04 06:00:00,Running,6142.3,0
EQ044,2025-09-04 12:00:00,Running,6143.6,1
EQ044,2025-09-04 18:00:00,Running,6146.1,0
EQ044,2025-09-04 00:00:00,Running,6147.0,0
EQ044,2025-09-05 06:00:00,Standby,6149.2,1
EQ044,2025-09-05 12:00:00,Maintenance,6151.5,1
EQ044,2025-09-05 18:00:00,Standby,6155.5,0
EQ044,2025-09-05 00:00:00,Maintenance,6156.4,1
EQ044,2025-09-06 06:00:00,Running,6160.4,1
EQ044,2025-09-06 12:00:00,Maintenance,6161.9,1
EQ044,2025-09-06 18:00:00,Running,6162.2,0
EQ044,2025-09-06 00:00:00,Running,6162.6,0
EQ044,2025-09-07 06:00:00,Maintenance,6163.0,1
EQ044,2025-09-07 12:00:00,Running,6165.5,0
EQ044,2025-09-07 18:00:00,Maintenance,6166.3,1
EQ044,2025-09-07 00:00:00,Running,6166.4,0
EQ044,2025-09-08 06:00:00,Stopped,6169.6,1
EQ044,2025-09-08 12:00:00,Standby,6173.5,0
EQ044,2025-09-08 18:00:00,Running,6175.2,0
EQ044,2025-09-08 00:00:00,Running,6176.2,0
EQ044,2025-09-09 06:00:00,Running,6176.3,0
EQ044,2025-09-09 12:00:00,Running,6177.6,0
EQ044,2025-09-09 18:00:00,Maintenance,6180.7,1
EQ044,2025-09-09 00:00:00,Maintenance,6181.4,1
EQ044,2025-09-10 06:00:00,Stopped,6184.5,1
EQ044,2025-09-10 12:00:00,Standby,6188.4,0
EQ044,2025-09-10 18:00:00,Stopped,6192.9,1
EQ044,2025-09-10 00:00:00,Running,6198.2,0
EQ044,2025-09-11 06:00:00,Running,6203.1,0
EQ044,2025-09-11 12:00:00,Stopped,6207.1,1
EQ044,2025-09-11 18:00:00,Standby,6211.9,0
EQ044,2025-09-11 00:00:00,Standby,6214.9,1
EQ044,2025-09-12 06:00:00,Standby,6215.0,1
EQ044,2025-09-12 12:00:00,Stopped,6219.6,1
EQ044,2025-09-12 18:00:00,Running,6222.5,0
EQ044,2025-09-12 00:00:00,Running,6226.8,0
EQ044,2025-09-13 06:00:00,Running,6228.4,0
EQ044,2025-09-13 12:00:00,Running,6233.5,0
EQ044,2025-09-13 18:00:00,Standby,6234.1,0
EQ044,2025-09-13 00:00:00,Running,6235.6,1
EQ044,2025-09-14 06:00:00,Running,6238.4,0
EQ044,2025-09-14 12:00:00,Running,6239.8,0
EQ044,2025-09-14 18:00:00,Maintenance,6239.9,1
EQ044,2025-09-14 00:00:00,Running,6240.7,0
EQ044,2025-09-15 06:00:00,Running,6243.5,1
EQ044,2025-09-15 12:00:00,Standby,6244.1,0
EQ044,2025-09-15 18:00:00,Maintenance,6247.4,1
EQ044,2025-09-15 00:00:00,Stopped,6248.7,1
EQ044,2025-09-16 06:00:00,Running,6248.9,0
EQ044,2025-09-16 12:00:00,Running,6249.6,0
EQ044,2025-09-16 18:00:00,Running,6252.3,0
EQ044,2025-09-16 00:00:00,Running,6253.7,0
EQ044,2025-09-17 06:00:00,Running,6258.4,0
EQ044,2025-09-17 12:00:00,Standby,6263.0,0
EQ044,2025-09-17 18:00:00,Running,6266.2,0
EQ044,2025-09-17 00:00:00,Standby,6266.2,0
EQ044,2025-09-18 06:00:00,Stopped,6271.1,1
EQ044,2025-09-18 12:00:00,Running,6273.1,0
EQ044,2025-09-18 18:00:00,Running,6278.6,0
EQ044,2025-09-18 00:00:00,Running,6280.7,0
EQ044,2025-09-19 06:00:00,Running,6284.9,0
EQ044,2025-09-19 12:00:00,Running,6288.7,1
EQ044,2025-09-19 18:00:00,Running,6289.7,0
EQ044,2025-09-19 00:00:00,Running,6294.1,0
EQ044,2025-09-20 06:00:00,Running,6294.9,0
EQ044,2025-09-20 12:00:00,Running,6296.3,0
EQ044,2025-09-20 18:00:00,Running,6301.8,1
EQ044,2025-09-20 00:00:00,Running,6307.1,0
EQ044,2025-09-21 06:00:00,Running,6308.0,0
EQ044,2025-09-21 12:00:00,Running,6310.8,0
EQ044,2025-09-21 18:00:00,Running,6314.0,0
EQ044,2025-09-21 00:00:00,Standby,6314.7,0
EQ044,2025-09-22 06:00:00,Stopped,6316.0,1
EQ044,2025-09-22 12:00:00,Running,6317.4,1
EQ044,2025-09-22 18:00:00,Stopped,6319.0,1
EQ044,2025-09-22 00:00:00,Standby,6323.1,0
EQ044,2025-09-23 06:00:00,Maintenance,6328.7,1
EQ044,2025-09-23 12:00:00,Maintenance,6334.2,1
EQ044,2025-09-23 18:00:00,Maintenance,6339.5,1
EQ044,2025-09-23 00:00:00,Running,6342.7,0
EQ044,2025-09-24 06:00:00,Standby,6345.2,0
EQ044,2025-09-24 12:00:00,Standby,6346.9,0
EQ044,2025-09-24 18:00:00,Running,6351.3,0
EQ044,2025-09-24 00:00:00,Stopped,6351.4,1
EQ044,2025-09-25 06:00:00,Running,6354.6,0
EQ044,2025-09-25 12:00:00,Maintenance,6359.8,1
EQ044,2025-09-25 18:00:00,Running,6365.2,0
EQ044,2025-09-25 00:00:00,Running,6370.9,0
EQ044,2025-09-26 06:00:00,Running,6376.4,0
EQ044,2025-09-26 12:00:00,Standby,6377.2,0
EQ044,2025-09-26 18:00:00,Standby,6378.6,0
EQ044,2025-09-26 00:00:00,Running,6381.7,0
EQ044,2025-09-27 06:00:00,Standby,6383.1,0
EQ044,2025-09-27 12:00:00,Standby,6386.3,0
EQ044,2025-09-27 18:00:00,Running,6387.1,0
EQ044,2025-09-27 00:00:00,Running,6392.2,0
EQ044,2025-09-28 06:00:00,Running,6393.5,0
EQ044,2025-09-28 12:00:00,Standby,6397.2,0
EQ044,2025-09-28 18:00:00,Running,6400.5,0
EQ044,2025-09-28 00:00:00,Stopped,6402.4,1
EQ044,2025-09-29 06:00:00,Running,6407.5,0
EQ044,2025-09-29 12:00:00,Running,6412.2,0
EQ044,2025-09-29 18:00:00,Stopped,6416.3,1
EQ044,2025-09-29 00:00:00,Maintenance,6420.6,1
EQ044,2025-09-30 06:00:00,Running,6425.1,1
EQ044,2025-09-30 12:00:00,Standby,6429.2,1
EQ044,2025-09-30 18:00:00,Running,6431.8,0
EQ044,2025-09-30 00:00:00,Maintenance,6435.7,1
EQ045,2025-09-01 06:00:00,Standby,1400.9,0
EQ045,2025-09-01 12:00:00,Running,1403.2,0
EQ045,2025-09-01 18:00:00,Running,1407.1,0
EQ045,2025-09-01 00:00:00,Stopped,1408.7,1
EQ045,2025-09-02 06:00:00,Running,1412.3,0
EQ045,2025-09-02 12:00:00,Standby,1415.2,0
EQ045,2025-09-02 18:00:00,Maintenance,1415.7,1
EQ045,2025-09-02 00:00:00,Running,1418.7,0
EQ045,2025-09-03 06:00:00,Stopped,1420.6,1
EQ045,2025-09-03 12:00:00,Running,1423.4,0
EQ045,2025-09-03 18:00:00,Running,1427.4,1
EQ045,2025-09-03 00:00:00,Maintenance,1429.7,1
EQ045,2025-09-04 06:00:00,Standby,1434.0,1
EQ045,2025-09-04 12:00:00,Running,1436.3,1
EQ045,2025-09-04 18:00:00,Running,1441.1,0
EQ045,2025-09-04 00:00:00,Standby,1443.3,0
EQ045,2025-09-05 06:00:00,Running,1444.3,0
EQ045,2025-09-05 12:00:00,Standby,1447.6,0
EQ045,2025-09-05 18:00:00,Running,1450.0,0
EQ045,2025-09-05 00:00:00,Running,1453.7,0
EQ045,2025-09-06 06:00:00,Running,1459.7,0
EQ045,2025-09-06 12:00:00,Stopped,1464.4,1
EQ045,2025-09-06 18:00:00,Maintenance,1469.5,1
EQ045,2025-09-06 00:00:00,Standby,1469.9,1
EQ045,2025-09-07 06:00:00,Stopped,1475.5,1
EQ045,2025-09-07 12:00:00,Maintenance,1477.0,1
EQ045,2025-09-07 18:00:00,Standby,1482.5,0
EQ045,2025-09-07 00:00:00,Stopped,1484.1,1
EQ045,2025-09-08 06:00:00,Stopped,1489.9,1
EQ045,2025-09-08 12:00:00,Standby,1492.7,0
EQ045,2025-09-08 18:00:00,Maintenance,1494.2,1
EQ045,2025-09-08 00:00:00,Running,1495.3,0
EQ045,2025-09-09 06:00:00,Standby,1496.8,0
EQ045,2025-09-09 12:00:00,Standby,1499.2,1
EQ045,2025-09-09 18:00:00,Standby,1502.3,0
EQ045,2025-09-09 00:00:00,Standby,1504.1,0
EQ045,2025-09-10 06:00:00,Running,1509.4,1
EQ045,2025-09-10 12:00:00,Stopped,1510.2,1
EQ045,2025-09-10 18:00:00,Stopped,1515.3,1
EQ045,2025-09-10 00:00:00,Running,1521.1,1
EQ045,2025-09-11 06:00:00,Running,1521.3,0
EQ045,2025-09-11 12:00:00,Running,1525.1,0
EQ045,2025-09-11 18:00:00,Running,1527.3,0
EQ045,2025-09-11 00:00:00,Running,1528.4,0
EQ045,2025-09-12 06:00:00,Stopped,1532.7,1
EQ045,2025-09-12 12:00:00,Running,1533.8,0
EQ045,2025-09-12 18:00:00,Running,1538.2,0
EQ045,2025-09-12 00:00:00,Standby,1540.0,0
EQ045,2025-09-13 06:00:00,Stopped,1545.2,1
EQ045,2025-09-13 12:00:00,Standby,1548.4,0
EQ045,2025-09-13 18:00:00,Maintenance,1548.5,1
EQ045,2025-09-13 00:00:00,Running,1549.9,1
EQ045,2025-09-14 06:00:00,Standby,1554.9,0
EQ045,2025-09-14 12:00:00,Running,1555.7,0
EQ045,2025-09-14 18:00:00,Standby,1559.7,0
EQ045,2025-09-14 00:00:00,Running,1563.5,0
EQ045,2025-09-15 06:00:00,Maintenance,1565.2,1
EQ045,2025-09-15 12:00:00,Running,1571.0,0
EQ045,2025-09-15 18:00:00,Stopped,1572.2,1
EQ045,2025-09-15 00:00:00,Standby,1577.5,0
EQ045,2025-09-16 06:00:00,Running,1582.3,0
EQ045,2025-09-16 12:00:00,Stopped,1582.8,1
EQ045,2025-09-16 18:00:00,Stopped,1585.5,1
EQ045,2025-09-16 00:00:00,Running,1586.2,0
EQ045,2025-09-17 06:00:00,Running,1587.6,0
EQ045,2025-09-17 12:00:00,Running,1590.6,0
EQ045,2025-09-17 18:00:00,Running,1596.6,0
EQ045,2025-09-17 00:00:00,Running,1596.8,0
EQ045,2025-09-18 06:00:00,Running,1601.3,1
EQ045,2025-09-18 12:00:00,Stopped,1604.3,1
EQ045,2025-09-18 18:00:00,Maintenance,1610.2,1
EQ045,2025-09-18 00:00:00,Running,1615.4,0
EQ045,2025-09-19 06:00:00,Stopped,1619.7,1
EQ045,2025-09-19 12:00:00,Standby,1625.2,1
EQ045,2025-09-19 18:00:00,Running,1630.1,1
EQ045,2025-09-19 00:00:00,Standby,1632.6,0
EQ045,2025-09-20 06:00:00,Standby,1635.7,0
EQ045,2025-09-20 12:00:00,Running,1637.7,0
EQ045,2025-09-20 18:00:00,Standby,1642.1,0
EQ045,2025-09-20 00:00:00,Stopped,1645.7,1
EQ045,2025-09-21 06:00:00,Maintenance,1651.1,1
EQ045,2025-09-21 12:00:00,Maintenance,1656.4,1
EQ045,2025-09-21 18:00:00,Standby,1660.1,0
EQ045,2025-09-21 00:00:00,Running,1660.6,0
EQ045,2025-09-22 06:00:00,Standby,1665.8,0
EQ045,2025-09-22 12:00:00,Standby,1666.5,0
EQ045,2025-09-22 18:00:00,Running,1669.7,0
EQ045,2025-09-22 00:00:00,Running,1670.5,1
EQ045,2025-09-23 06:00:00,Maintenance,1671.7,1
EQ045,2025-09-23 12:00:00,Stopped,1672.6,1
EQ045,2025-09-23 18:00:00,Running,1673.5,0
EQ045,2025-09-23 00:00:00,Running,1675.5,0
EQ045,2025-09-24 06:00:00,Running,1675.7,0
EQ045,2025-09-24 12:00:00,Stopped,1680.1,1
EQ045,2025-09-24 18:00:00,Running,1685.7,0
EQ045,2025-09-24 00:00:00,Running,1685.8,0
EQ045,2025-09-25 06:00:00,Stopped,1687.2,1
EQ045,2025-09-25 12:00:00,Maintenance,1689.8,1
EQ045,2025-09-25 18:00:00,Maintenance,1694.3,1
EQ045,2025-09-25 00:00:00,Standby,1698.8,1
EQ045,2025-09-26 06:00:00,Running,1704.4,0
EQ045,2025-09-26 12:00:00,Maintenance,1709.6,1
EQ045,2025-09-26 18:00:00,Running,1711.8,0
EQ045,2025-09-26 00:00:00,Running,1716.7,0
EQ045,2025-09-27 06:00:00,Stopped,1719.0,1
EQ045,2025-09-27 12:00:00,Standby,1724.6,1
EQ045,2025-09-27 18:00:00,Running,1729.2,0
EQ045,2025-09-27 00:00:00,Running,1729.5,0
EQ045,2025-09-28 06:00:00,Running,1732.1,0
EQ045,2025-09-28 12:00:00,Running,1735.0,0
EQ045,2025-09-28 18:00:00,Stopped,1738.9,1
EQ045,2025-09-28 00:00:00,Running,1742.0,0
EQ045,2025-09-29 06:00:00,Running,1742.2,0
EQ045,2025-09-29 12:00:00,Running,1742.2,0
EQ045,2025-09-29 18:00:00,Standby,1743.4,0
EQ045,2025-09-29 00:00:00,Running,1747.4,0
EQ045,2025-09-30 06:00:00,Standby,1748.2,0
EQ045,2025-09-30 12:00:00,Running,1750.4,0
EQ045,2025-09-30 18:00:00,Stopped,1750.7,1
EQ045,2025-09-30 00:00:00,Standby,1754.9,0
EQ046,2025-09-01 06:00:00,Running,5243.2,0
EQ046,2025-09-01 12:00:00,Stopped,5248.0,1
EQ046,2025-09-01 18:00:00,Running,5248.1,1
EQ046,2025-09-01 00:00:00,Maintenance,5254.1,1
EQ046,2025-09-02 06:00:00,Standby,5258.6,1
EQ046,2025-09-02 12:00:00,Stopped,5262.3,1
EQ046,2025-09-02 18:00:00,Standby,5265.7,0
EQ046,2025-09-02 00:00:00,Running,5267.5,0
EQ046,2025-09-03 06:00:00,Standby,5271.1,0
EQ046,2025-09-03 12:00:00,Stopped,5275.2,1
EQ046,2025-09-03 18:00:00,Maintenance,5277.9,1
EQ046,2025-09-03 00:00:00,Maintenance,5279.7,1
EQ046,2025-09-04 06:00:00,Standby,5282.0,0
EQ046,2025-09-04 12:00:00,Maintenance,5283.5,1
EQ046,2025-09-04 18:00:00,Running,5283.6,1
EQ046,2025-09-04 00:00:00,Standby,5287.3,0
EQ046,2025-09-05 06:00:00,Maintenance,5288.5,1
EQ046,2025-09-05 12:00:00,Running,5289.6,1
EQ046,2025-09-05 18:00:00,Stopped,5294.5,1
EQ046,2025-09-05 00:00:00,Running,5300.3,1
EQ046,2025-09-06 06:00:00,Running,5305.9,0
EQ046,2025-09-06 12:00:00,Running,5311.8,0
EQ046,2025-09-06 18:00:00,Running,5312.5,0
EQ046,2025-09-06 00:00:00,Stopped,5318.3,1
EQ046,2025-09-07 06:00:00,Running,5322.8,0
EQ046,2025-09-07 12:00:00,Running,5327.1,0
EQ046,2025-09-07 18:00:00,Standby,5331.1,0
EQ046,2025-09-07 00:00:00,Standby,5332.6,0
EQ046,2025-09-08 06:00:00,Maintenance,5333.4,1
EQ046,2025-09-08 12:00:00,Maintenance,5337.9,1
EQ046,2025-09-08 18:00:00,Stopped,5343.8,1
EQ046,2025-09-08 00:00:00,Stopped,5349.2,1
EQ046,2025-09-09 06:00:00,Maintenance,5354.5,1
EQ046,2025-09-09 12:00:00,Running,5358.7,1
EQ046,2025-09-09 18:00:00,Standby,5362.0,0
EQ046,2025-09-09 00:00:00,Stopped,5362.9,1
EQ046,2025-09-10 06:00:00,Standby,5367.0,0
EQ046,2025-09-10 12:00:00,Running,5371.7,0
EQ046,2025-09-10 18:00:00,Running,5374.1,0
EQ046,2025-09-10 00:00:00,Running,5374.2,0
EQ046,2025-09-11 06:00:00,Running,5378.2,0
EQ046,2025-09-11 12:00:00,Standby,5379.3,1
EQ046,2025-09-11 18:00:00,Standby,5385.2,0
EQ046,2025-09-11 00:00:00,Stopped,5386.7,1
EQ046,2025-09-12 06:00:00,Running,5389.9,0
EQ046,2025-09-12 12:00:00,Running,5391.8,0
EQ046,2025-09-12 18:00:00,Standby,5392.0,0
EQ046,2025-09-12 00:00:00,Running,5394.9,0
EQ046,2025-09-13 06:00:00,Running,5400.0,1
EQ046,2025-09-13 12:00:00,Running,5405.3,0
EQ046,2025-09-13 18:00:00,Running,5410.3,1
EQ046,2025-09-13 00:00:00,Stopped,5413.3,1
EQ046,2025-09-14 06:00:00,Running,5418.2,0
EQ046,2025-09-14 12:00:00,Running,5423.3,0
EQ046,2025-09-14 18:00:00,Running,5426.5,1
EQ046,2025-09-14 00:00:00,Standby,5428.3,0
EQ046,2025-09-15 06:00:00,Standby,5430.2,0
EQ046,2025-09-15 12:00:00,Running,5435.4,0
EQ046,2025-09-15 18:00:00,Standby,5441.1,0
EQ046,2025-09-15 00:00:00,Standby,5441.4,0
EQ046,2025-09-16 06:00:00,Running,5443.0,0
EQ046,2025-09-16 12:00:00,Maintenance,5445.6,1
EQ046,2025-09-16 18:00:00,Standby,5445.9,0
EQ046,2025-09-16 00:00:00,Maintenance,5451.2,1
EQ046,2025-09-17 06:00:00,Stopped,5455.8,1
EQ046,2025-09-17 12:00:00,Running,5456.6,1
EQ046,2025-09-17 18:00:00,Running,5461.1,0
EQ046,2025-09-17 00:00:00,Running,5463.9,0
EQ046,2025-09-18 06:00:00,Running,5464.9,1
EQ046,2025-09-18 12:00:00,Standby,5469.5,0
EQ046,2025-09-18 18:00:00,Running,5472.6,0
EQ046,2025-09-18 00:00:00,Standby,5473.8,1
EQ046,2025-09-19 06:00:00,Running,5479.4,0
EQ046,2025-09-19 12:00:00,Maintenance,5481.3,1
EQ046,2025-09-19 18:00:00,Stopped,5482.3,1
EQ046,2025-09-19 00:00:00,Running,5483.0,0
EQ046,2025-09-20 06:00:00,Standby,5483.1,1
EQ046,2025-09-20 12:00:00,Stopped,5488.5,1
EQ046,2025-09-20 18:00:00,Running,5492.1,1
EQ046,2025-09-20 00:00:00,Running,5496.6,1
EQ046,2025-09-21 06:00:00,Running,5500.6,0
EQ046,2025-09-21 12:00:00,Running,5504.0,0
EQ046,2025-09-21 18:00:00,Running,5505.3,1
EQ046,2025-09-21 00:00:00,Running,5507.1,0
EQ046,2025-09-22 06:00:00,Running,5512.9,1
EQ046,2025-09-22 12:00:00,Maintenance,5514.8,1
EQ046,2025-09-22 18:00:00,Running,5517.9,0
EQ046,2025-09-22 00:00:00,Maintenance,5518.5,1
EQ046,2025-09-23 06:00:00,Running,5519.9,0
EQ046,2025-09-23 12:00:00,Running,5520.5,0
EQ046,2025-09-23 18:00:00,Running,5521.4,1
EQ046,2025-09-23 00:00:00,Running,5525.4,0
EQ046,2025-09-24 06:00:00,Running,5525.5,1
EQ046,2025-09-24 12:00:00,Running,5528.4,1
EQ046,2025-09-24 18:00:00,Stopped,5531.6,1
EQ046,2025-09-24 00:00:00,Running,5533.2,0
EQ046,2025-09-25 06:00:00,Maintenance,5535.7,1
EQ046,2025-09-25 12:00:00,Standby,5540.7,0
EQ046,2025-09-25 18:00:00,Stopped,5544.8,1
EQ046,2025-09-25 00:00:00,Running,5550.0,0
EQ046,2025-09-26 06:00:00,Running,5551.5,0
EQ046,2025-09-26 12:00:00,Running,5554.8,0
EQ046,2025-09-26 18:00:00,Maintenance,5557.3,1
EQ046,2025-09-26 00:00:00,Running,5560.0,0
EQ046,2025-09-27 06:00:00,Stopped,5563.0,1
EQ046,2025-09-27 12:00:00,Stopped,5566.3,1
EQ046,2025-09-27 18:00:00,Standby,5571.9,0
EQ046,2025-09-27 00:00:00,Running,5572.3,0
EQ046,2025-09-28 06:00:00,Maintenance,5575.3,1
EQ046,2025-09-28 12:00:00,Maintenance,5578.4,1
EQ046,2025-09-28 18:00:00,Stopped,5583.6,1
EQ046,2025-09-28 00:00:00,Running,5585.9,0
EQ046,2025-09-29 06:00:00,Running,5586.9,0
EQ046,2025-09-29 12:00:00,Running,5590.9,0
EQ046,2025-09-29 18:00:00,Running,5596.1,0
EQ046,2025-09-29 00:00:00,Running,5599.3,0
EQ046,2025-09-30 06:00:00,Running,5600.9,1
EQ046,2025-09-30 12:00:00,Standby,5604.0,0
EQ046,2025-09-30 18:00:00,Stopped,5605.0,1
EQ046,2025-09-30 00:00:00,Maintenance,5605.8,1
EQ047,2025-09-01 06:00:00,Maintenance,4979.6,1
EQ047,2025-09-01 12:00:00,Maintenance,4982.9,1
EQ047,2025-09-01 18:00:00,Standby,4984.3,0
EQ047,2025-09-01 00:00:00,Standby,4989.0,0
EQ047,2025-09-02 06:00:00,Maintenance,4994.7,1
EQ047,2025-09-02 12:00:00,Running,4999.8,0
EQ047,2025-09-02 18:00:00,Stopped,5005.5,1
EQ047,2025-09-02 00:00:00,Standby,5010.6,0
EQ047,2025-09-03 06:00:00,Running,5014.9,0
EQ047,2025-09-03 12:00:00,Running,5018.8,0
EQ047,2025-09-03 18:00:00,Running,5023.9,0
EQ047,2025-09-03 00:00:00,Standby,5024.3,0
EQ047,2025-09-04 06:00:00,Running,5028.1,0
EQ047,2025-09-04 12:00:00,Standby,5032.6,0
EQ047,2025-09-04 18:00:00,Running,5033.1,0
EQ047,2025-09-04 00:00:00,Maintenance,5034.5,1
EQ047,2025-09-05 06:00:00,Standby,5037.4,0
EQ047,2025-09-05 12:00:00,Standby,5038.5,0
EQ047,2025-09-05 18:00:00,Maintenance,5041.2,1
EQ047,2025-09-05 00:00:00,Running,5044.9,1
EQ047,2025-09-06 06:00:00,Stopped,5048.9,1
EQ047,2025-09-06 12:00:00,Running,5051.9,0
EQ047,2025-09-06 18:00:00,Standby,5055.3,0
EQ047,2025-09-06 00:00:00,Running,5060.4,0
EQ047,2025-09-07 06:00:00,Stopped,5061.2,1
EQ047,2025-09-07 12:00:00,Standby,5067.2,1
EQ047,2025-09-07 18:00:00,Running,5069.1,0
EQ047,2025-09-07 00:00:00,Standby,5070.2,0
EQ047,2025-09-08 06:00:00,Standby,5070.5,0
EQ047,2025-09-08 12:00:00,Running,5075.9,1
EQ047,2025-09-08 18:00:00,Running,5078.2,0
EQ047,2025-09-08 00:00:00,Standby,5081.6,0
EQ047,2025-09-09 06:00:00,Running,5083.3,1
EQ047,2025-09-09 12:00:00,Standby,5085.4,0
EQ047,2025-09-09 18:00:00,Running,5091.0,0
EQ047,2025-09-09 00:00:00,Running,5092.2,0
EQ047,2025-09-10 06:00:00,Running,5094.0,0
EQ047,2025-09-10 12:00:00,Standby,5094.8,0
EQ047,2025-09-10 18:00:00,Standby,5096.4,0
EQ047,2025-09-10 00:00:00,Running,5101.6,0
EQ047,2025-09-11 06:00:00,Running,5107.1,0
EQ047,2025-09-11 12:00:00,Maintenance,5109.1,1
EQ047,2025-09-11 18:00:00,Running,5113.2,1
EQ047,2025-09-11 00:00:00,Running,5115.2,0
EQ047,2025-09-12 06:00:00,Maintenance,5118.1,1
EQ047,2025-09-12 12:00:00,Maintenance,5120.2,1
EQ047,2025-09-12 18:00:00,Running,5122.6,0
EQ047,2025-09-12 00:00:00,Standby,5123.9,0
EQ047,2025-09-13 06:00:00,Standby,5126.1,0
EQ047,2025-09-13 12:00:00,Running,5129.1,0
EQ047,2025-09-13 18:00:00,Standby,5131.3,0
EQ047,2025-09-13 00:00:00,Maintenance,5134.2,1
EQ047,2025-09-14 06:00:00,Running,5139.3,0
EQ047,2025-09-14 12:00:00,Running,5143.8,0
EQ047,2025-09-14 18:00:00,Stopped,5145.5,1
EQ047,2025-09-14 00:00:00,Running,5147.3,1
EQ047,2025-09-15 06:00:00,Standby,5152.7,0
EQ047,2025-09-15 12:00:00,Stopped,5153.1,1
EQ047,2025-09-15 18:00:00,Stopped,5158.6,1
EQ047,2025-09-15 00:00:00,Standby,5159.8,1
EQ047,2025-09-16 06:00:00,Stopped,5161.8,1
EQ047,2025-09-16 12:00:00,Running,5162.3,0
EQ047,2025-09-16 18:00:00,Running,5162.8,0
EQ047,2025-09-16 00:00:00,Running,5167.8,1
EQ047,2025-09-17 06:00:00,Running,5168.8,0
EQ047,2025-09-17 12:00:00,Standby,5171.3,0
EQ047,2025-09-17 18:00:00,Stopped,5177.0,1
EQ047,2025-09-17 00:00:00,Running,5179.7,0
EQ047,2025-09-18 06:00:00,Running,5183.4,1
EQ047,2025-09-18 12:00:00,Maintenance,5184.3,1
EQ047,2025-09-18 18:00:00,Maintenance,5189.1,1
EQ047,2025-09-18 00:00:00,Running,5189.6,0
EQ047,2025-09-19 06:00:00,Stopped,5190.7,1
EQ047,2025-09-19 12:00:00,Running,5196.7,0
EQ047,2025-09-19 18:00:00,Standby,5200.1,0
EQ047,2025-09-19 00:00:00,Standby,5204.6,0
EQ047,2025-09-20 06:00:00,Running,5206.0,0
EQ047,2025-09-20 12:00:00,Standby,5210.6,0
EQ047,2025-09-20 18:00:00,Running,5216.2,0
EQ047,2025-09-20 00:00:00,Standby,5220.9,0
EQ047,2025-09-21 06:00:00,Running,5226.1,0
EQ047,2025-09-21 12:00:00,Standby,5230.6,0
EQ047,2025-09-21 18:00:00,Standby,5235.8,0
EQ047,2025-09-21 00:00:00,Running,5238.9,0
EQ047,2025-09-22 06:00:00,Maintenance,5244.3,1
EQ047,2025-09-22 12:00:00,Running,5248.7,0
EQ047,2025-09-22 18:00:00,Running,5253.9,0
EQ047,2025-09-22 00:00:00,Stopped,5258.9,1
EQ047,2025-09-23 06:00:00,Running,5260.7,0
EQ047,2025-09-23 12:00:00,Standby,5261.2,1
EQ047,2025-09-23 18:00:00,Standby,5261.4,0
EQ047,2025-09-23 00:00:00,Maintenance,5261.4,1
EQ047,2025-09-24 06:00:00,Running,5263.2,1
EQ047,2025-09-24 12:00:00,Standby,5268.5,0
EQ047,2025-09-24 18:00:00,Running,5272.4,0
EQ047,2025-09-24 00:00:00,Stopped,5278.3,1
EQ047,2025-09-25 06:00:00,Running,5280.2,0
EQ047,2025-09-25 12:00:00,Running,5283.1,0
EQ047,2025-09-25 18:00:00,Standby,5285.7,0
EQ047,2025-09-25 00:00:00,Stopped,5289.8,1
EQ047,2025-09-26 06:00:00,Running,5292.9,0
EQ047,2025-09-26 12:00:00,Standby,5296.6,0
EQ047,2025-09-26 18:00:00,Stopped,5297.5,1
EQ047,2025-09-26 00:00:00,Maintenance,5301.6,1
EQ047,2025-09-27 06:00:00,Maintenance,5304.1,1
EQ047,2025-09-27 12:00:00,Maintenance,5308.8,1
EQ047,2025-09-27 18:00:00,Stopped,5310.6,1
EQ047,2025-09-27 00:00:00,Running,5311.4,0
EQ047,2025-09-28 06:00:00,Stopped,5317.3,1
EQ047,2025-09-28 12:00:00,Stopped,5322.8,1
EQ047,2025-09-28 18:00:00,Running,5323.2,0
EQ047,2025-09-28 00:00:00,Running,5327.4,0
EQ047,2025-09-29 06:00:00,Stopped,5328.0,1
EQ047,2025-09-29 12:00:00,Running,5328.8,0
EQ047,2025-09-29 18:00:00,Standby,5332.7,0
EQ047,2025-09-29 00:00:00,Standby,5333.1,0
EQ047,2025-09-30 06:00:00,Stopped,5338.4,1
EQ047,2025-09-30 12:00:00,Standby,5341.3,0
EQ047,2025-09-30 18:00:00,Running,5343.4,0
EQ047,2025-09-30 00:00:00,Standby,5345.8,0
EQ048,2025-09-01 06:00:00,Standby,5944.3,1
EQ048,2025-09-01 12:00:00,Running,5945.9,0
EQ048,2025-09-01 18:00:00,Maintenance,5949.3,1
EQ048,2025-09-01 00:00:00,Running,5950.2,1
EQ048,2025-09-02 06:00:00,Standby,5951.1,1
EQ048,2025-09-02 12:00:00,Running,5956.2,0
EQ048,2025-09-02 18:00:00,Stopped,5958.5,1
EQ048,2025-09-02 00:00:00,Standby,5959.1,0
EQ048,2025-09-03 06:00:00,Running,5963.4,0
EQ048,2025-09-03 12:00:00,Maintenance,5967.3,1
EQ048,2025-09-03 18:00:00,Running,5968.6,0
EQ048,2025-09-03 00:00:00,Running,5969.9,0
EQ048,2025-09-04 06:00:00,Standby,5971.0,0
EQ048,2025-09-04 12:00:00,Stopped,5971.2,1
EQ048,2025-09-04 18:00:00,Running,5976.9,1
EQ048,2025-09-04 00:00:00,Maintenance,5978.2,1
EQ048,2025-09-05 06:00:00,Running,5978.8,1
EQ048,2025-09-05 12:00:00,Running,5983.9,0
EQ048,2025-09-05 18:00:00,Running,5987.2,0
EQ048,2025-09-05 00:00:00,Running,5989.2,0
EQ048,2025-09-06 06:00:00,Running,5993.9,0
EQ048,2025-09-06 12:00:00,Maintenance,5997.1,1
EQ048,2025-09-06 18:00:00,Running,5998.7,0
EQ048,2025-09-06 00:00:00,Running,6001.5,0
EQ048,2025-09-07 06:00:00,Stopped,6004.5,1
EQ048,2025-09-07 12:00:00,Running,6006.0,0
EQ048,2025-09-07 18:00:00,Running,6011.2,0
EQ048,2025-09-07 00:00:00,Standby,6014.2,0
EQ048,2025-09-08 06:00:00,Stopped,6014.9,1
EQ048,2025-09-08 12:00:00,Maintenance,6018.5,1
EQ048,2025-09-08 18:00:00,Stopped,6022.0,1
EQ048,2025-09-08 00:00:00,Running,6024.6,0
EQ048,2025-09-09 06:00:00,Running,6028.6,0
EQ048,2025-09-09 12:00:00,Standby,6034.1,0
EQ048,2025-09-09 18:00:00,Stopped,6035.4,1
EQ048,2025-09-09 00:00:00,Stopped,6040.3,1
EQ048,2025-09-10 06:00:00,Running,6046.0,0
EQ048,2025-09-10 12:00:00,Standby,6046.2,1
EQ048,2025-09-10 18:00:00,Standby,6047.0,0
EQ048,2025-09-10 00:00:00,Running,6051.4,0
EQ048,2025-09-11 06:00:00,Running,6051.6,1
EQ048,2025-09-11 12:00:00,Running,6054.5,0
EQ048,2025-09-11 18:00:00,Stopped,6058.6,1
EQ048,2025-09-11 00:00:00,Running,6063.8,0
EQ048,2025-09-12 06:00:00,Running,6068.0,0
EQ048,2025-09-12 12:00:00,Stopped,6073.3,1
EQ048,2025-09-12 18:00:00,Standby,6074.7,0
EQ048,2025-09-12 00:00:00,Standby,6079.5,0
EQ048,2025-09-13 06:00:00,Maintenance,6084.2,1
EQ048,2025-09-13 12:00:00,Stopped,6084.4,1
EQ048,2025-09-13 18:00:00,Running,6085.8,0
EQ048,2025-09-13 00:00:00,Running,6089.2,1
EQ048,2025-09-14 06:00:00,Stopped,6091.1,1
EQ048,2025-09-14 12:00:00,Running,6096.3,0
EQ048,2025-09-14 18:00:00,Maintenance,6101.5,1
EQ048,2025-09-14 00:00:00,Standby,6102.1,0
EQ048,2025-09-15 06:00:00,Stopped,6106.0,1
EQ048,2025-09-15 12:00:00,Running,6111.7,0
EQ048,2025-09-15 18:00:00,Stopped,6115.7,1
EQ048,2025-09-15 00:00:00,Running,6117.4,1
EQ048,2025-09-16 06:00:00,Maintenance,6120.5,1
EQ048,2025-09-16 12:00:00,Running,6126.0,0
EQ048,2025-09-16 18:00:00,Standby,6126.5,0
EQ048,2025-09-16 00:00:00,Standby,6130.2,0
EQ048,2025-09-17 06:00:00,Running,6134.0,0
EQ048,2025-09-17 12:00:00,Stopped,6134.7,1
EQ048,2025-09-17 18:00:00,Running,6140.2,0
EQ048,2025-09-17 00:00:00,Maintenance,6142.7,1
EQ048,2025-09-18 06:00:00,Stopped,6143.5,1
EQ048,2025-09-18 12:00:00,Running,6147.5,0
EQ048,2025-09-18 18:00:00,Running,6148.1,0
EQ048,2025-09-18 00:00:00,Maintenance,6148.4,1
EQ048,2025-09-19 06:00:00,Standby,6149.2,1
EQ048,2025-09-19 12:00:00,Running,6152.4,0
EQ048,2025-09-19 18:00:00,Running,6158.0,0
EQ048,2025-09-19 00:00:00,Stopped,6159.3,1
EQ048,2025-09-20 06:00:00,Running,6161.6,1
EQ048,2025-09-20 12:00:00,Running,6162.7,1
EQ048,2025-09-20 18:00:00,Standby,6164.5,0
EQ048,2025-09-20 00:00:00,Standby,6169.2,1
EQ048,2025-09-21 06:00:00,Running,6169.3,1
EQ048,2025-09-21 12:00:00,Standby,6172.4,0
EQ048,2025-09-21 18:00:00,Maintenance,6177.6,1
EQ048,2025-09-21 00:00:00,Standby,6178.4,0
EQ048,2025-09-22 06:00:00,Standby,6178.5,0
EQ048,2025-09-22 12:00:00,Stopped,6179.7,1
EQ048,2025-09-22 18:00:00,Stopped,6185.7,1
EQ048,2025-09-22 00:00:00,Running,6190.4,0
EQ048,2025-09-23 06:00:00,Stopped,6194.8,1
EQ048,2025-09-23 12:00:00,Running,6199.1,0
EQ048,2025-09-23 18:00:00,Standby,6203.8,0
EQ048,2025-09-23 00:00:00,Standby,6208.5,0
EQ048,2025-09-24 06:00:00,Running,6209.4,0
EQ048,2025-09-24 12:00:00,Running,6212.7,0
EQ048,2025-09-24 18:00:00,Standby,6217.3,0
EQ048,2025-09-24 00:00:00,Running,6218.9,0
EQ048,2025-09-25 06:00:00,Running,6219.8,0
EQ048,2025-09-25 12:00:00,Running,6220.1,0
EQ048,2025-09-25 18:00:00,Running,6223.0,0
EQ048,2025-09-25 00:00:00,Standby,6224.0,0
EQ048,2025-09-26 06:00:00,Standby,6228.3,0
EQ048,2025-09-26 12:00:00,Running,6231.8,0
EQ048,2025-09-26 18:00:00,Running,6237.0,1
EQ048,2025-09-26 00:00:00,Standby,6237.6,0
EQ048,2025-09-27 06:00:00,Running,6238.6,0
EQ048,2025-09-27 12:00:00,Maintenance,6242.4,1
EQ048,2025-09-27 18:00:00,Running,6247.6,0
EQ048,2025-09-27 00:00:00,Running,6247.7,1
EQ048,2025-09-28 06:00:00,Running,6253.4,0
EQ048,2025-09-28 12:00:00,Standby,6256.1,0
EQ048,2025-09-28 18:00:00,Running,6259.8,0
EQ048,2025-09-28 00:00:00,Running,6264.5,0
EQ048,2025-09-29 06:00:00,Running,6269.6,0
EQ048,2025-09-29 12:00:00,Maintenance,6271.1,1
EQ048,2025-09-29 18:00:00,Stopped,6271.9,1
EQ048,2025-09-29 00:00:00,Stopped,6274.7,1
EQ048,2025-09-30 06:00:00,Running,6275.1,1
EQ048,2025-09-30 12:00:00,Running,6275.8,0
EQ048,2025-09-30 18:00:00,Running,6280.2,0
EQ048,2025-09-30 00:00:00,Running,6282.9,0
EQ049,2025-09-01 06:00:00,Maintenance,2936.1,1
EQ049,2025-09-01 12:00:00,Running,2936.2,1
EQ049,2025-09-01 18:00:00,Running,2938.4,0
EQ049,2025-09-01 00:00:00,Running,2943.6,0
EQ049,2025-09-02 06:00:00,Running,2944.0,0
EQ049,2025-09-02 12:00:00,Running,2946.5,0
EQ049,2025-09-02 18:00:00,Running,2950.8,1
EQ049,2025-09-02 00:00:00,Running,2955.7,0
EQ049,2025-09-03 06:00:00,Running,2961.4,0
EQ049,2025-09-03 12:00:00,Running,2963.8,1
EQ049,2025-09-03 18:00:00,Running,2963.9,1
EQ049,2025-09-03 00:00:00,Running,2969.1,0
EQ049,2025-09-04 06:00:00,Standby,2973.3,0
EQ049,2025-09-04 12:00:00,Standby,2974.5,0
EQ049,2025-09-04 18:00:00,Standby,2980.5,0
EQ049,2025-09-04 00:00:00,Stopped,2985.2,1
EQ049,2025-09-05 06:00:00,Standby,2990.1,1
EQ049,2025-09-05 12:00:00,Maintenance,2995.6,1
EQ049,2025-09-05 18:00:00,Stopped,3000.9,1
EQ049,2025-09-05 00:00:00,Running,3003.0,1
EQ049,2025-09-06 06:00:00,Running,3003.8,0
EQ049,2025-09-06 12:00:00,Maintenance,3003.9,1
EQ049,2025-09-06 18:00:00,Running,3006.4,0
EQ049,2025-09-06 00:00:00,Running,3010.2,0
EQ049,2025-09-07 06:00:00,Running,3010.9,1
EQ049,2025-09-07 12:00:00,Running,3013.7,0
EQ049,2025-09-07 18:00:00,Maintenance,3013.9,1
EQ049,2025-09-07 00:00:00,Stopped,3015.5,1
EQ049,2025-09-08 06:00:00,Running,3018.8,0
EQ049,2025-09-08 12:00:00,Stopped,3022.2,1
EQ049,2025-09-08 18:00:00,Standby,3026.4,0
EQ049,2025-09-08 00:00:00,Standby,3030.4,0
EQ049,2025-09-09 06:00:00,Stopped,3032.3,1
EQ049,2025-09-09 12:00:00,Running,3036.0,0
EQ049,2025-09-09 18:00:00,Running,3039.9,0
EQ049,2025-09-09 00:00:00,Standby,3045.4,0
EQ049,2025-09-10 06:00:00,Stopped,3048.6,1
EQ049,2025-09-10 12:00:00,Running,3049.0,0
EQ049,2025-09-10 18:00:00,Running,3049.7,0
EQ049,2025-09-10 00:00:00,Running,3054.2,0
EQ049,2025-09-11 06:00:00,Running,3059.9,0
EQ049,2025-09-11 12:00:00,Running,3065.6,0
EQ049,2025-09-11 18:00:00,Running,3067.1,0
EQ049,2025-09-11 00:00:00,Stopped,3071.7,1
EQ049,2025-09-12 06:00:00,Running,3075.8,0
EQ049,2025-09-12 12:00:00,Standby,3077.5,0
EQ049,2025-09-12 18:00:00,Standby,3081.2,1
EQ049,2025-09-12 00:00:00,Stopped,3081.6,1
EQ049,2025-09-13 06:00:00,Stopped,3083.2,1
EQ049,2025-09-13 12:00:00,Maintenance,3088.3,1
EQ049,2025-09-13 18:00:00,Maintenance,3089.1,1
EQ049,2025-09-13 00:00:00,Running,3091.9,1
EQ049,2025-09-14 06:00:00,Maintenance,3097.0,1
EQ049,2025-09-14 12:00:00,Running,3102.0,0
EQ049,2025-09-14 18:00:00,Standby,3105.8,0
EQ049,2025-09-14 00:00:00,Standby,3110.9,0
EQ049,2025-09-15 06:00:00,Maintenance,3114.2,1
EQ049,2025-09-15 12:00:00,Maintenance,3114.7,1
EQ049,2025-09-15 18:00:00,Running,3118.4,0
EQ049,2025-09-15 00:00:00,Standby,3124.4,0
EQ049,2025-09-16 06:00:00,Standby,3129.8,0
EQ049,2025-09-16 12:00:00,Running,3129.9,0
EQ049,2025-09-16 18:00:00,Stopped,3132.9,1
EQ049,2025-09-16 00:00:00,Standby,3136.9,0
EQ049,2025-09-17 06:00:00,Running,3137.3,0
EQ049,2025-09-17 12:00:00,Standby,3138.9,0
EQ049,2025-09-17 18:00:00,Standby,3139.6,1
EQ049,2025-09-17 00:00:00,Maintenance,3144.9,1
EQ049,2025-09-18 06:00:00,Standby,3146.3,0
EQ049,2025-09-18 12:00:00,Maintenance,3152.1,1
EQ049,2025-09-18 18:00:00,Running,3155.3,0
EQ049,2025-09-18 00:00:00,Running,3158.5,1
EQ049,2025-09-19 06:00:00,Running,3162.5,0
EQ049,2025-09-19 12:00:00,Stopped,3163.6,1
EQ049,2025-09-19 18:00:00,Running,3165.4,0
EQ049,2025-09-19 00:00:00,Running,3169.4,0
EQ049,2025-09-20 06:00:00,Maintenance,3172.5,1
EQ049,2025-09-20 12:00:00,Running,3174.1,0
EQ049,2025-09-20 18:00:00,Running,3177.5,0
EQ049,2025-09-20 00:00:00,Standby,3182.0,0
EQ049,2025-09-21 06:00:00,Standby,3187.6,0
EQ049,2025-09-21 12:00:00,Running,3189.2,0
EQ049,2025-09-21 18:00:00,Standby,3189.9,0
EQ049,2025-09-21 00:00:00,Maintenance,3190.4,1
EQ049,2025-09-22 06:00:00,Standby,3193.0,1
EQ049,2025-09-22 12:00:00,Running,3194.5,0
EQ049,2025-09-22 18:00:00,Running,3199.4,0
EQ049,2025-09-22 00:00:00,Standby,3203.7,0
EQ049,2025-09-23 06:00:00,Running,3206.5,0
EQ049,2025-09-23 12:00:00,Stopped,3211.3,1
EQ049,2025-09-23 18:00:00,Standby,3213.1,0
EQ049,2025-09-23 00:00:00,Running,3215.6,0
EQ049,2025-09-24 06:00:00,Standby,3217.9,0
EQ049,2025-09-24 12:00:00,Standby,3223.5,0
EQ049,2025-09-24 18:00:00,Running,3226.6,0
EQ049,2025-09-24 00:00:00,Running,3227.5,0
EQ049,2025-09-25 06:00:00,Running,3228.5,0
EQ049,2025-09-25 12:00:00,Maintenance,3232.0,1
EQ049,2025-09-25 18:00:00,Running,3233.7,0
EQ049,2025-09-25 00:00:00,Standby,3239.5,1
EQ049,2025-09-26 06:00:00,Maintenance,3244.2,1
EQ049,2025-09-26 12:00:00,Running,3248.4,0
EQ049,2025-09-26 18:00:00,Running,3251.0,1
EQ049,2025-09-26 00:00:00,Maintenance,3253.4,1
EQ049,2025-09-27 06:00:00,Running,3256.6,0
EQ049,2025-09-27 12:00:00,Standby,3256.7,1
EQ049,2025-09-27 18:00:00,Stopped,3257.2,1
EQ049,2025-09-27 00:00:00,Running,3257.9,0
EQ049,2025-09-28 06:00:00,Maintenance,3263.9,1
EQ049,2025-09-28 12:00:00,Running,3269.8,0
EQ049,2025-09-28 18:00:00,Standby,3274.7,1
EQ049,2025-09-28 00:00:00,Running,3276.1,0
EQ049,2025-09-29 06:00:00,Running,3276.1,0
EQ049,2025-09-29 12:00:00,Running,3281.6,0
EQ049,2025-09-29 18:00:00,Running,3284.0,0
EQ049,2025-09-29 00:00:00,Stopped,3288.2,1
EQ049,2025-09-30 06:00:00,Maintenance,3290.4,1
EQ049,2025-09-30 12:00:00,Maintenance,3294.9,1
EQ049,2025-09-30 18:00:00,Running,3298.6,0
EQ049,2025-09-30 00:00:00,Running,3303.8,0
EQ050,2025-09-01 06:00:00,Running,5881.6,0
EQ050,2025-09-01 12:00:00,Stopped,5884.4,1
EQ050,2025-09-01 18:00:00,Stopped,5889.8,1
EQ050,2025-09-01 00:00:00,Maintenance,5890.2,1
EQ050,2025-09-02 06:00:00,Standby,5893.8,0
EQ050,2025-09-02 12:00:00,Standby,5894.1,0
EQ050,2025-09-02 18:00:00,Standby,5894.1,0
EQ050,2025-09-02 00:00:00,Running,5895.0,0
EQ050,2025-09-03 06:00:00,Running,5897.5,0
EQ050,2025-09-03 12:00:00,Stopped,5898.1,1
EQ050,2025-09-03 18:00:00,Running,5899.2,0
EQ050,2025-09-03 00:00:00,Running,5900.8,0
EQ050,2025-09-04 06:00:00,Running,5904.5,0
EQ050,2025-09-04 12:00:00,Maintenance,5908.7,1
EQ050,2025-09-04 18:00:00,Standby,5912.0,0
EQ050,2025-09-04 00:00:00,Running,5915.4,0
EQ050,2025-09-05 06:00:00,Standby,5917.4,0
EQ050,2025-09-05 12:00:00,Standby,5922.2,0
EQ050,2025-09-05 18:00:00,Running,5923.0,1
EQ050,2025-09-05 00:00:00,Standby,5928.1,1
EQ050,2025-09-06 06:00:00,Stopped,5934.1,1
EQ050,2025-09-06 12:00:00,Running,5939.4,0
EQ050,2025-09-06 18:00:00,Running,5942.2,1
EQ050,2025-09-06 00:00:00,Running,5943.6,0
EQ050,2025-09-07 06:00:00,Standby,5946.9,0
EQ050,2025-09-07 12:00:00,Running,5948.4,0
EQ050,2025-09-07 18:00:00,Maintenance,5952.3,1
EQ050,2025-09-07 00:00:00,Running,5954.3,0
EQ050,2025-09-08 06:00:00,Standby,5954.3,0
EQ050,2025-09-08 12:00:00,Running,5957.7,0
EQ050,2025-09-08 18:00:00,Stopped,5959.5,1
EQ050,2025-09-08 00:00:00,Maintenance,5961.0,1
EQ050,2025-09-09 06:00:00,Running,5967.0,0
EQ050,2025-09-09 12:00:00,Standby,5972.4,0
EQ050,2025-09-09 18:00:00,Maintenance,5976.1,1
EQ050,2025-09-09 00:00:00,Running,5978.1,0
EQ050,2025-09-10 06:00:00,Running,5983.0,1
EQ050,2025-09-10 12:00:00,Maintenance,5984.9,1
EQ050,2025-09-10 18:00:00,Maintenance,5987.8,1
EQ050,2025-09-10 00:00:00,Running,5988.0,0
EQ050,2025-09-11 06:00:00,Running,5992.6,0
EQ050,2025-09-11 12:00:00,Maintenance,5993.8,1
EQ050,2025-09-11 18:00:00,Standby,5996.4,0
EQ050,2025-09-11 00:00:00,Running,5997.9,0
EQ050,2025-09-12 06:00:00,Running,5998.7,0
EQ050,2025-09-12 12:00:00,Standby,6000.7,0
EQ050,2025-09-12 18:00:00,Running,6004.5,1
EQ050,2025-09-12 00:00:00,Standby,6010.1,0
EQ050,2025-09-13 06:00:00,Running,6012.7,0
EQ050,2025-09-13 12:00:00,Maintenance,6013.4,1
EQ050,2025-09-13 18:00:00,Running,6018.0,1
EQ050,2025-09-13 00:00:00,Running,6020.9,0
EQ050,2025-09-14 06:00:00,Standby,6021.7,0
EQ050,2025-09-14 12:00:00,Running,6021.9,1
EQ050,2025-09-14 18:00:00,Running,6027.8,0
EQ050,2025-09-14 00:00:00,Running,6032.9,0
EQ050,2025-09-15 06:00:00,Stopped,6034.4,1
EQ050,2025-09-15 12:00:00,Stopped,6038.2,1
EQ050,2025-09-15 18:00:00,Maintenance,6038.2,1
EQ050,2025-09-15 00:00:00,Maintenance,6041.4,1
EQ050,2025-09-16 06:00:00,Running,6047.3,0
EQ050,2025-09-16 12:00:00,Running,6050.7,0
EQ050,2025-09-16 18:00:00,Running,6054.2,1
EQ050,2025-09-16 00:00:00,Maintenance,6056.4,1
EQ050,2025-09-17 06:00:00,Maintenance,6061.8,1
EQ050,2025-09-17 12:00:00,Maintenance,6063.4,1
EQ050,2025-09-17 18:00:00,Running,6068.2,0
EQ050,2025-09-17 00:00:00,Maintenance,6072.0,1
EQ050,2025-09-18 06:00:00,Running,6072.7,1
EQ050,2025-09-18 12:00:00,Running,6074.2,0
EQ050,2025-09-18 18:00:00,Stopped,6079.5,1
EQ050,2025-09-18 00:00:00,Running,6083.7,0
EQ050,2025-09-19 06:00:00,Stopped,6088.9,1
EQ050,2025-09-19 12:00:00,Standby,6091.0,0
EQ050,2025-09-19 18:00:00,Stopped,6092.0,1
EQ050,2025-09-19 00:00:00,Maintenance,6097.7,1
EQ050,2025-09-20 06:00:00,Running,6101.7,1
EQ050,2025-09-20 12:00:00,Standby,6103.6,0
EQ050,2025-09-20 18:00:00,Running,6109.5,0
EQ050,2025-09-20 00:00:00,Running,6115.2,1
EQ050,2025-09-21 06:00:00,Running,6116.9,0
EQ050,2025-09-21 12:00:00,Running,6122.1,0
EQ050,2025-09-21 18:00:00,Stopped,6122.6,1
EQ050,2025-09-21 00:00:00,Running,6128.2,1
EQ050,2025-09-22 06:00:00,Maintenance,6129.9,1
EQ050,2025-09-22 12:00:00,Standby,6134.3,0
EQ050,2025-09-22 18:00:00,Running,6138.7,0
EQ050,2025-09-22 00:00:00,Maintenance,6141.4,1
EQ050,2025-09-23 06:00:00,Maintenance,6143.8,1
EQ050,2025-09-23 12:00:00,Running,6147.7,0
EQ050,2025-09-23 18:00:00,Standby,6148.7,1
EQ050,2025-09-23 00:00:00,Running,6151.9,0
EQ050,2025-09-24 06:00:00,Standby,6157.3,0
EQ050,2025-09-24 12:00:00,Running,6160.6,1
EQ050,2025-09-24 18:00:00,Stopped,6161.0,1
EQ050,2025-09-24 00:00:00,Stopped,6166.8,1
EQ050,2025-09-25 06:00:00,Stopped,6168.3,1
EQ050,2025-09-25 12:00:00,Stopped,6169.5,1
EQ050,2025-09-25 18:00:00,Running,6175.4,0
EQ050,2025-09-25 00:00:00,Running,6180.4,0
EQ050,2025-09-26 06:00:00,Running,6182.4,0
EQ050,2025-09-26 12:00:00,Running,6182.6,0
EQ050,2025-09-26 18:00:00,Maintenance,6186.8,1
EQ050,2025-09-26 00:00:00,Standby,6187.2,1
EQ050,2025-09-27 06:00:00,Maintenance,6189.8,1
EQ050,2025-09-27 12:00:00,Standby,6190.2,0
EQ050,2025-09-27 18:00:00,Running,6191.9,0
EQ050,2025-09-27 00:00:00,Running,6194.1,0
EQ050,2025-09-28 06:00:00,Running,6197.3,1
EQ050,2025-09-28 12:00:00,Stopped,6202.6,1
EQ050,2025-09-28 18:00:00,Standby,6206.3,0
EQ050,2025-09-28 00:00:00,Running,6206.9,0
EQ050,2025-09-29 06:00:00,Standby,6212.4,0
EQ050,2025-09-29 12:00:00,Stopped,6214.3,1
EQ050,2025-09-29 18:00:00,Standby,6217.5,1
EQ050,2025-09-29 00:00:00,Maintenance,6220.6,1
EQ050,2025-09-30 06:00:00,Running,6222.9,0
EQ050,2025-09-30 12:00:00,Standby,6228.8,0
EQ050,2025-09-30 18:00:00,Standby,6234.1,0
EQ050,2025-09-30 00:00:00,Stopped,6237.7,1
