Timestamp,Molten_Steel_Temp_C,Oxygen_Flow_Nm3min,Lance_Height_m,Carbon_Content_Percent,Phosphorus_Content_Percent,Sulfur_Content_Percent,Alloy_Addition_kg,Slag_Basicity,Furnace_Pressure_kPa,Tap_Weight_ton,Product_ID,Equipment_ID
2025-09-01 00:00:00,1633.18,799.22,2.4,0.0426,0.014,0.0067,534.19,3.24,99.1,311.29,P019,EQ002
2025-09-01 00:10:00,1630.7,853.55,2.56,0.0479,0.0131,0.0085,562.51,3.29,77.18,309.23,P001,EQ009
2025-09-01 00:20:00,1650.68,799.27,2.76,0.0663,0.0137,0.0083,523.73,2.72,98.75,320.95,P017,EQ016
2025-09-01 00:30:00,1659.43,720.65,2.96,0.0563,0.0117,0.0124,518.6,3.15,109.44,306.85,P025,EQ023
2025-09-01 00:40:00,1632.48,828.51,2.46,0.0482,0.0127,0.0079,498.47,3.06,96.08,314.04,P019,EQ030
2025-09-01 00:50:00,1634.96,803.82,2.29,0.0536,0.0181,0.0068,484.91,3.12,99.53,296.81,P006,EQ037
2025-09-01 01:00:00,1633.37,888.13,2.48,0.0445,0.0141,0.0104,541.98,2.99,113.81,308.0,P014,EQ044
2025-09-01 01:10:00,1676.91,747.62,2.67,0.0401,0.0115,0.0135,492.18,2.87,110.0,314.04,P030,EQ002
2025-09-01 01:20:00,1630.37,882.82,2.31,0.054,0.0185,0.0085,537.34,2.88,96.44,263.9,P003,EQ009
2025-09-01 01:30:00,1649.79,767.89,2.68,0.0497,0.0169,0.0084,465.18,2.92,96.6,298.38,P008,EQ016
2025-09-01 01:40:00,1624.03,826.51,2.32,0.0555,0.0108,0.0099,509.34,2.96,116.25,297.33,P025,EQ023
2025-09-01 01:50:00,1642.12,805.03,2.61,0.0509,0.0166,0.0102,632.37,3.0,98.65,299.7,P016,EQ030
2025-09-01 02:00:00,1627.77,844.97,2.63,0.0483,0.0148,0.0077,484.78,2.72,107.59,301.84,P022,EQ037
2025-09-01 02:10:00,1656.07,807.1,2.97,0.0469,0.0107,0.0112,469.05,2.7,107.65,268.52,P004,EQ044
2025-09-01 02:20:00,1652.33,811.06,2.31,0.0472,0.0143,0.008,536.77,3.05,102.39,303.82,P029,EQ002
2025-09-01 02:30:00,1687.56,824.17,2.42,0.0437,0.0177,0.0103,507.81,2.86,92.0,313.72,P011,EQ009
2025-09-01 02:40:00,1633.22,811.98,2.46,0.0511,0.0079,0.0122,484.47,3.08,109.07,312.15,P001,EQ016
2025-09-01 02:50:00,1645.63,815.95,2.18,0.0574,0.0185,0.0122,551.49,2.91,98.55,294.95,P010,EQ023
2025-09-01 03:00:00,1654.43,738.69,3.08,0.0671,0.0159,0.0106,492.19,2.88,96.96,271.34,P022,EQ030
2025-09-01 03:10:00,1648.73,883.36,2.33,0.0448,0.0164,0.0102,580.12,2.6,107.65,300.75,P022,EQ037
2025-09-01 03:20:00,1642.39,744.39,2.76,0.047,0.0184,0.0121,441.2,3.0,105.01,303.79,P004,EQ044
2025-09-01 03:30:00,1633.66,816.56,2.92,0.0529,0.0131,0.0134,499.37,2.83,111.98,302.27,P013,EQ002
2025-09-01 03:40:00,1648.98,787.0,2.15,0.0405,0.0185,0.0125,504.53,3.15,114.49,305.43,P012,EQ009
2025-09-01 03:50:00,1673.38,769.18,2.28,0.0392,0.0161,0.0063,480.85,2.95,102.75,271.71,P019,EQ016
2025-09-01 04:00:00,1650.65,788.7,2.12,0.0415,0.0193,0.0125,535.32,2.83,91.53,253.78,P030,EQ023
2025-09-01 04:10:00,1624.87,761.64,2.74,0.0381,0.0117,0.0098,565.32,2.81,93.16,317.24,P004,EQ030
2025-09-01 04:20:00,1672.98,760.35,2.57,0.0426,0.0167,0.0129,512.21,2.9,87.12,309.63,P027,EQ037
2025-09-01 04:30:00,1625.55,808.03,2.4,0.0364,0.0185,0.007,549.65,2.84,102.0,297.14,P011,EQ044
2025-09-01 04:40:00,1680.83,836.31,2.06,0.0435,0.0139,0.0079,513.63,2.88,98.97,282.59,P005,EQ002
2025-09-01 04:50:00,1625.89,800.88,2.33,0.0406,0.0145,0.01,576.63,3.01,116.85,328.58,P001,EQ009
2025-09-01 05:00:00,1614.54,798.15,2.42,0.0469,0.0129,0.0061,530.69,3.32,111.0,299.31,P003,EQ016
2025-09-01 05:10:00,1661.17,857.85,2.25,0.0344,0.0108,0.0125,477.26,3.08,116.26,313.88,P015,EQ023
2025-09-01 05:20:00,1673.15,766.77,2.98,0.0467,0.0137,0.0082,527.84,2.83,109.46,286.94,P027,EQ030
2025-09-01 05:30:00,1682.14,707.08,2.37,0.0522,0.0216,0.0127,497.3,3.0,100.16,303.5,P023,EQ037
2025-09-01 05:40:00,1623.32,769.64,1.95,0.016,0.0123,0.0115,500.48,2.96,92.91,298.07,P022,EQ044
2025-09-01 05:50:00,1654.7,766.91,2.12,0.0428,0.0133,0.0116,478.78,2.73,98.69,300.08,P016,EQ002
2025-09-01 06:00:00,1646.04,754.3,2.43,0.0496,0.0205,0.0109,565.29,3.08,97.17,298.67,P015,EQ009
2025-09-01 06:10:00,1640.95,777.16,2.95,0.0547,0.0154,0.0062,418.66,3.44,92.69,311.56,P021,EQ016
2025-09-01 06:20:00,1639.99,886.14,2.07,0.0415,0.0159,0.0062,496.33,3.21,92.48,309.05,P009,EQ023
2025-09-01 06:30:00,1641.54,736.07,2.5,0.0367,0.0182,0.0096,520.93,3.05,96.71,294.72,P020,EQ030
2025-09-01 06:40:00,1663.84,774.28,2.65,0.0452,0.0127,0.0101,526.7,3.01,110.3,294.49,P022,EQ037
2025-09-01 06:50:00,1643.12,893.1,2.23,0.0245,0.0153,0.0079,494.6,3.04,94.8,279.14,P001,EQ044
2025-09-01 07:00:00,1662.5,808.16,2.07,0.0506,0.0169,0.0139,473.11,3.19,90.91,282.51,P011,EQ002
2025-09-01 07:10:00,1658.42,823.08,2.29,0.0643,0.0151,0.0126,532.36,3.03,94.01,294.82,P002,EQ009
2025-09-01 07:20:00,1624.55,801.72,2.24,0.0534,0.0091,0.013,552.02,2.73,98.21,305.28,P021,EQ016
2025-09-01 07:30:00,1643.81,835.46,2.24,0.0237,0.0141,0.0126,501.49,3.01,102.7,303.13,P020,EQ023
2025-09-01 07:40:00,1617.47,775.99,2.46,0.0433,0.0093,0.009,528.28,3.1,112.44,323.54,P015,EQ030
2025-09-01 07:50:00,1611.25,798.31,2.49,0.0545,0.015,0.0097,495.59,2.96,88.71,303.89,P011,EQ037
2025-09-01 08:00:00,1614.04,788.5,2.12,0.0666,0.0119,0.0115,449.77,3.0,91.87,329.48,P024,EQ044
2025-09-01 08:10:00,1663.58,810.56,2.08,0.0411,0.0133,0.006,489.19,2.79,96.88,293.82,P024,EQ002
2025-09-01 08:20:00,1660.93,848.91,2.67,0.0409,0.0145,0.0102,491.59,3.29,101.73,296.75,P030,EQ009
2025-09-01 08:30:00,1649.36,790.25,2.71,0.0401,0.0133,0.0134,472.36,3.14,102.74,305.1,P026,EQ016
2025-09-01 08:40:00,1632.85,791.71,1.97,0.0454,0.02,0.0077,424.4,2.7,108.72,281.95,P019,EQ023
2025-09-01 08:50:00,1634.77,812.43,2.65,0.0627,0.0158,0.0102,504.38,3.17,96.09,302.28,P005,EQ030
2025-09-01 09:00:00,1639.07,767.39,2.58,0.0657,0.0157,0.013,466.14,3.05,101.91,278.57,P007,EQ037
2025-09-01 09:10:00,1621.89,733.62,2.18,0.0492,0.0158,0.0132,456.83,2.87,100.11,292.95,P028,EQ044
2025-09-01 09:20:00,1643.7,728.88,2.67,0.0618,0.0175,0.0101,440.36,2.84,82.65,293.8,P002,EQ002
2025-09-01 09:30:00,1657.42,828.08,1.91,0.0645,0.016,0.0104,625.42,2.93,114.04,317.72,P026,EQ009
2025-09-01 09:40:00,1617.44,804.13,2.8,0.0291,0.0139,0.0105,423.95,3.29,108.33,287.31,P021,EQ016
2025-09-01 09:50:00,1632.96,759.13,2.64,0.0573,0.0145,0.0061,483.06,3.08,88.69,291.14,P010,EQ023
2025-09-01 10:00:00,1635.06,868.31,2.87,0.043,0.0142,0.0116,460.36,3.26,109.29,287.13,P011,EQ030
2025-09-01 10:10:00,1664.38,897.26,2.57,0.0573,0.024,0.0092,491.45,2.97,105.63,307.91,P026,EQ037
2025-09-01 10:20:00,1634.42,768.93,2.89,0.0537,0.0128,0.011,511.87,3.3,98.22,289.69,P002,EQ044
2025-09-01 10:30:00,1676.13,834.18,2.6,0.0609,0.011,0.0106,569.24,2.98,104.45,277.52,P024,EQ002
2025-09-01 10:40:00,1641.98,743.16,2.61,0.0486,0.0194,0.0112,476.72,2.89,122.38,291.69,P003,EQ009
2025-09-01 10:50:00,1647.03,843.17,2.66,0.0611,0.0116,0.0083,499.63,3.16,105.85,305.33,P018,EQ016
2025-09-01 11:00:00,1654.6,736.97,2.84,0.0591,0.0151,0.0069,528.52,3.15,78.58,308.71,P020,EQ023
2025-09-01 11:10:00,1656.66,894.96,2.69,0.0519,0.0122,0.0124,447.23,2.71,90.1,305.53,P013,EQ030
2025-09-01 11:20:00,1633.01,814.85,3.02,0.0501,0.0168,0.0131,391.37,3.04,86.23,275.96,P003,EQ037
2025-09-01 11:30:00,1644.77,811.7,2.61,0.0694,0.0176,0.0167,528.74,3.05,99.84,312.18,P013,EQ044
2025-09-01 11:40:00,1684.0,797.38,2.77,0.0559,0.0157,0.0127,427.58,3.12,92.48,286.14,P009,EQ002
2025-09-01 11:50:00,1654.32,711.58,2.76,0.0629,0.0132,0.0083,481.04,2.98,84.81,296.02,P006,EQ009
2025-09-01 12:00:00,1636.15,724.99,2.4,0.0506,0.0132,0.011,510.43,2.97,92.34,300.53,P008,EQ016
2025-09-01 12:10:00,1666.71,825.05,2.98,0.0526,0.0195,0.0112,528.96,3.17,93.29,299.32,P025,EQ023
2025-09-01 12:20:00,1660.43,763.63,1.95,0.0367,0.0166,0.0081,500.34,3.36,89.32,294.02,P028,EQ030
2025-09-01 12:30:00,1638.51,826.17,2.67,0.0563,0.0201,0.0099,494.91,3.1,102.78,311.21,P013,EQ037
2025-09-01 12:40:00,1675.06,739.71,1.99,0.0465,0.0125,0.0109,533.15,2.68,106.16,297.88,P003,EQ044
2025-09-01 12:50:00,1655.06,873.13,2.21,0.0513,0.0101,0.011,449.46,3.31,117.31,302.27,P001,EQ002
2025-09-01 13:00:00,1604.56,733.63,2.53,0.0235,0.0151,0.0122,467.46,2.88,93.21,307.47,P028,EQ009
2025-09-01 13:10:00,1661.73,788.2,2.88,0.054,0.0125,0.0107,543.94,2.85,90.52,310.65,P007,EQ016
2025-09-01 13:20:00,1646.56,767.64,2.23,0.0355,0.0153,0.0098,575.95,2.89,83.13,305.08,P006,EQ023
2025-09-01 13:30:00,1658.41,778.65,2.27,0.0526,0.0152,0.0125,523.27,2.94,107.52,288.07,P013,EQ030
2025-09-01 13:40:00,1661.1,762.46,2.42,0.0432,0.0125,0.0076,498.84,3.04,106.16,281.29,P025,EQ037
2025-09-01 13:50:00,1627.59,708.88,2.52,0.0587,0.0143,0.0138,505.8,2.93,75.4,267.35,P013,EQ044
2025-09-01 14:00:00,1647.5,904.36,2.52,0.0416,0.0117,0.0111,469.19,2.6,81.67,274.15,P010,EQ002
2025-09-01 14:10:00,1645.94,788.31,2.43,0.0402,0.0194,0.0075,528.62,2.95,105.44,313.92,P021,EQ009
2025-09-01 14:20:00,1640.51,805.25,2.19,0.0537,0.0079,0.0106,590.26,3.21,114.87,321.65,P025,EQ016
2025-09-01 14:30:00,1668.15,868.47,2.67,0.0725,0.0162,0.0088,442.41,2.96,101.86,301.17,P021,EQ023
2025-09-01 14:40:00,1641.1,773.19,2.91,0.057,0.0173,0.0114,553.43,2.76,92.33,305.93,P005,EQ030
2025-09-01 14:50:00,1640.79,755.28,2.44,0.038,0.0107,0.0085,387.84,3.06,107.66,321.64,P004,EQ037
2025-09-01 15:00:00,1637.4,799.56,1.71,0.056,0.0139,0.0092,427.38,3.01,109.75,287.86,P010,EQ044
2025-09-01 15:10:00,1595.25,854.23,2.21,0.0527,0.011,0.011,435.42,2.97,94.66,302.04,P016,EQ002
2025-09-01 15:20:00,1631.48,813.1,2.85,0.0721,0.019,0.0099,663.17,3.24,101.42,290.52,P026,EQ009
2025-09-01 15:30:00,1650.75,764.56,2.29,0.0527,0.0138,0.0165,399.56,3.06,100.99,261.34,P014,EQ016
2025-09-01 15:40:00,1640.15,835.82,3.09,0.049,0.0186,0.0092,520.85,2.84,83.59,308.93,P024,EQ023
2025-09-01 15:50:00,1671.46,789.05,2.83,0.0518,0.0103,0.0055,426.29,2.77,103.35,304.55,P026,EQ030
2025-09-01 16:00:00,1674.84,711.99,2.43,0.0571,0.016,0.0119,486.8,3.18,119.6,297.73,P030,EQ037
2025-09-01 16:10:00,1664.54,790.91,2.33,0.0346,0.0147,0.0088,498.6,2.95,112.96,330.85,P010,EQ044
2025-09-01 16:20:00,1642.98,748.12,2.55,0.0366,0.014,0.0126,423.28,2.76,101.37,274.87,P029,EQ002
2025-09-01 16:30:00,1635.69,806.54,2.4,0.0391,0.0126,0.0119,492.65,2.81,100.96,304.1,P022,EQ009
2025-09-01 16:40:00,1678.97,746.67,2.55,0.0584,0.0099,0.0129,517.61,3.19,88.25,303.27,P020,EQ016
2025-09-01 16:50:00,1627.76,668.23,2.54,0.0617,0.0154,0.0128,570.63,2.5,96.74,311.94,P005,EQ023
2025-09-01 17:00:00,1614.11,751.0,2.8,0.0519,0.0198,0.0091,520.99,2.61,100.92,280.71,P012,EQ030
2025-09-01 17:10:00,1637.02,763.76,2.48,0.0479,0.0209,0.0148,480.9,3.27,111.02,280.96,P022,EQ037
2025-09-01 17:20:00,1681.82,850.18,2.48,0.0578,0.0162,0.0133,489.07,2.95,90.79,289.69,P004,EQ044
2025-09-01 17:30:00,1655.67,789.65,2.32,0.0468,0.0089,0.0105,595.89,3.26,101.23,308.38,P027,EQ002
2025-09-01 17:40:00,1630.13,767.57,2.03,0.0403,0.0103,0.0079,546.41,3.05,114.82,300.36,P012,EQ009
2025-09-01 17:50:00,1660.37,665.54,1.99,0.0336,0.0118,0.0101,364.17,3.24,113.05,307.88,P017,EQ016
2025-09-01 18:00:00,1645.96,808.55,2.52,0.0586,0.0157,0.0099,529.29,2.87,107.89,298.73,P007,EQ023
2025-09-01 18:10:00,1646.76,804.45,2.67,0.0339,0.0194,0.0127,483.07,3.44,80.76,316.75,P016,EQ030
2025-09-01 18:20:00,1636.8,801.33,3.0,0.0624,0.0214,0.014,495.47,3.18,90.1,283.91,P015,EQ037
2025-09-01 18:30:00,1631.23,754.06,2.52,0.0387,0.0149,0.009,388.58,3.42,113.46,282.24,P029,EQ044
2025-09-01 18:40:00,1688.23,829.2,2.52,0.0583,0.0119,0.0101,562.21,2.93,119.05,303.26,P013,EQ002
2025-09-01 18:50:00,1632.28,848.0,2.3,0.0482,0.0098,0.0126,604.82,2.97,110.41,298.73,P016,EQ009
2025-09-01 19:00:00,1640.54,797.04,3.05,0.0605,0.0159,0.0088,499.51,2.96,94.85,306.81,P009,EQ016
2025-09-01 19:10:00,1641.37,867.29,2.94,0.0484,0.0178,0.0086,502.71,3.01,97.74,298.04,P019,EQ023
2025-09-01 19:20:00,1659.84,822.11,2.63,0.0635,0.0157,0.0099,516.42,3.35,94.08,313.26,P020,EQ030
2025-09-01 19:30:00,1658.01,837.97,2.88,0.0491,0.0148,0.0074,590.54,2.92,80.63,292.64,P014,EQ037
2025-09-01 19:40:00,1641.61,863.96,2.8,0.0528,0.0106,0.009,437.67,3.51,108.34,308.76,P003,EQ044
2025-09-01 19:50:00,1648.67,770.36,2.38,0.0688,0.0183,0.0082,415.54,3.11,107.91,296.42,P025,EQ002
2025-09-01 20:00:00,1675.01,834.66,2.56,0.0564,0.0151,0.0101,413.79,2.97,108.99,306.72,P014,EQ009
2025-09-01 20:10:00,1652.82,741.76,2.34,0.0371,0.0138,0.0083,553.43,3.1,107.44,280.42,P026,EQ016
2025-09-01 20:20:00,1661.52,760.62,2.56,0.0479,0.0143,0.0088,495.63,3.27,117.37,305.43,P012,EQ023
2025-09-01 20:30:00,1639.09,744.84,2.77,0.0493,0.0182,0.0087,461.8,2.83,103.47,280.12,P020,EQ030
2025-09-01 20:40:00,1660.52,743.09,2.52,0.052,0.0131,0.0104,514.16,3.03,117.3,294.57,P006,EQ037
2025-09-01 20:50:00,1625.83,838.61,2.4,0.0588,0.0138,0.0079,379.67,2.94,105.72,304.55,P014,EQ044
2025-09-01 21:00:00,1681.65,787.5,2.25,0.0618,0.0155,0.0098,518.08,3.03,112.68,314.0,P021,EQ002
2025-09-01 21:10:00,1648.01,780.9,2.51,0.0495,0.0185,0.0095,449.42,3.25,115.08,318.52,P014,EQ009
2025-09-01 21:20:00,1660.53,794.2,2.58,0.0571,0.0153,0.0099,493.64,2.84,96.01,311.69,P003,EQ016
2025-09-01 21:30:00,1673.15,748.38,2.3,0.0558,0.0142,0.0106,486.06,3.47,91.76,279.64,P002,EQ023
2025-09-01 21:40:00,1638.48,723.95,2.2,0.0458,0.0203,0.0115,443.95,2.81,104.06,305.81,P017,EQ030
2025-09-01 21:50:00,1649.15,858.51,2.37,0.052,0.0169,0.0089,528.74,2.98,100.0,295.84,P011,EQ037
2025-09-01 22:00:00,1634.77,825.46,2.53,0.0269,0.014,0.0104,565.88,3.26,86.48,312.35,P015,EQ044
2025-09-01 22:10:00,1647.42,820.47,2.37,0.0364,0.0161,0.01,491.17,2.86,98.3,292.77,P022,EQ002
2025-09-01 22:20:00,1614.12,826.21,2.35,0.0582,0.0193,0.0098,526.67,2.93,86.23,293.52,P008,EQ009
2025-09-01 22:30:00,1663.0,796.79,2.36,0.0499,0.0151,0.0116,524.03,2.92,83.36,299.17,P021,EQ016
2025-09-01 22:40:00,1647.64,867.68,3.3,0.0597,0.0051,0.0095,489.33,2.66,116.13,302.07,P022,EQ023
2025-09-01 22:50:00,1631.45,851.16,2.9,0.0408,0.0145,0.0124,556.87,3.1,92.83,308.1,P023,EQ030
2025-09-01 23:00:00,1638.16,810.53,2.85,0.0519,0.016,0.0115,610.09,2.77,104.79,287.43,P005,EQ037
2025-09-01 23:10:00,1694.11,860.23,2.3,0.059,0.0174,0.0083,553.19,2.65,93.68,309.71,P030,EQ044
2025-09-01 23:20:00,1624.59,778.56,2.39,0.0327,0.0166,0.0118,500.87,3.17,107.46,313.14,P016,EQ002
2025-09-01 23:30:00,1661.83,830.79,2.47,0.0621,0.019,0.0087,483.96,2.97,111.05,326.89,P017,EQ009
2025-09-01 23:40:00,1628.72,751.76,2.32,0.0516,0.0144,0.0109,452.31,2.74,105.28,310.29,P021,EQ016
2025-09-01 23:50:00,1638.1,849.88,2.52,0.0204,0.0151,0.0117,596.44,2.9,106.29,311.0,P021,EQ023
2025-09-02 00:00:00,1656.56,806.56,2.88,0.0649,0.0151,0.0103,513.99,3.05,83.19,312.99,P017,EQ030
2025-09-02 00:10:00,1656.47,837.34,2.17,0.0525,0.013,0.0073,546.98,2.96,92.86,282.19,P003,EQ037
2025-09-02 00:20:00,1647.08,694.86,2.56,0.0495,0.0133,0.0082,496.16,2.74,81.13,320.71,P010,EQ044
2025-09-02 00:30:00,1623.9,811.16,3.19,0.045,0.0141,0.0082,474.77,2.81,100.75,294.07,P015,EQ002
2025-09-02 00:40:00,1650.84,808.56,2.2,0.0534,0.014,0.0127,425.9,3.09,98.25,290.62,P014,EQ009
2025-09-02 00:50:00,1628.18,776.51,2.81,0.0464,0.0185,0.0085,491.15,3.17,90.49,278.09,P003,EQ016
2025-09-02 01:00:00,1643.07,780.36,2.64,0.0531,0.0181,0.0069,553.04,2.51,99.38,291.74,P030,EQ023
2025-09-02 01:10:00,1668.48,786.96,2.31,0.047,0.0111,0.0065,515.67,3.25,102.6,289.81,P026,EQ030
2025-09-02 01:20:00,1682.42,868.54,2.8,0.0467,0.01,0.0122,541.1,2.85,90.41,270.29,P016,EQ037
2025-09-02 01:30:00,1630.25,829.91,2.35,0.0504,0.0204,0.0099,406.49,2.79,101.3,292.75,P010,EQ044
2025-09-02 01:40:00,1606.86,804.01,2.77,0.0595,0.018,0.0088,479.04,3.17,108.94,292.89,P005,EQ002
2025-09-02 01:50:00,1657.04,838.52,2.65,0.0696,0.0146,0.0083,518.07,2.76,115.64,297.06,P005,EQ009
2025-09-02 02:00:00,1647.74,702.65,1.98,0.0561,0.0113,0.0106,493.49,3.04,95.48,287.64,P022,EQ016
2025-09-02 02:10:00,1640.27,734.12,3.24,0.0612,0.0171,0.008,472.71,2.88,115.1,309.04,P029,EQ023
2025-09-02 02:20:00,1665.71,723.26,2.35,0.0463,0.0142,0.0114,473.57,2.92,80.71,324.02,P010,EQ030
2025-09-02 02:30:00,1644.33,860.56,1.65,0.0715,0.0135,0.0103,449.46,2.97,83.81,295.98,P027,EQ037
2025-09-02 02:40:00,1644.05,729.63,2.41,0.0604,0.0143,0.012,580.94,2.94,96.34,305.49,P008,EQ044
2025-09-02 02:50:00,1674.36,753.37,2.52,0.0642,0.0179,0.0114,519.87,2.77,95.18,315.99,P017,EQ002
2025-09-02 03:00:00,1656.22,779.94,2.56,0.0588,0.0108,0.0071,456.01,3.24,88.34,287.76,P014,EQ009
2025-09-02 03:10:00,1671.82,810.37,2.52,0.0465,0.0184,0.0082,534.95,2.75,81.59,328.22,P010,EQ016
2025-09-02 03:20:00,1653.93,801.67,2.36,0.0504,0.0163,0.0096,374.51,3.09,95.92,296.24,P019,EQ023
2025-09-02 03:30:00,1661.4,864.11,2.3,0.0585,0.0157,0.0105,441.32,3.26,105.13,295.46,P002,EQ030
2025-09-02 03:40:00,1655.59,781.1,2.08,0.0527,0.0134,0.0114,545.01,2.91,114.39,286.78,P018,EQ037
2025-09-02 03:50:00,1649.9,765.12,2.37,0.0611,0.0161,0.0109,506.46,3.06,109.34,306.9,P003,EQ044
2025-09-02 04:00:00,1666.84,771.2,2.22,0.0526,0.0156,0.0106,536.11,2.73,98.06,282.23,P030,EQ002
2025-09-02 04:10:00,1625.58,833.88,2.29,0.0522,0.0154,0.0105,362.12,2.73,116.08,296.06,P002,EQ009
2025-09-02 04:20:00,1632.47,866.75,2.7,0.0496,0.0162,0.0117,580.71,3.0,120.45,308.22,P017,EQ016
2025-09-02 04:30:00,1628.51,845.43,2.26,0.0349,0.0131,0.0121,498.4,3.3,107.04,310.77,P004,EQ023
2025-09-02 04:40:00,1636.28,781.04,2.89,0.06,0.0167,0.0066,494.28,2.95,89.47,292.6,P017,EQ030
2025-09-02 04:50:00,1649.66,757.99,2.79,0.0467,0.0151,0.0113,513.06,2.91,110.91,296.15,P014,EQ037
2025-09-02 05:00:00,1663.78,834.27,2.34,0.0466,0.0144,0.0098,453.78,2.97,106.95,305.78,P014,EQ044
2025-09-02 05:10:00,1654.58,761.98,2.53,0.0523,0.018,0.0062,518.19,3.35,110.58,304.64,P004,EQ002
2025-09-02 05:20:00,1655.46,824.24,2.09,0.0529,0.0208,0.0087,555.12,2.86,98.83,282.77,P015,EQ009
2025-09-02 05:30:00,1643.33,860.11,2.4,0.0525,0.0163,0.0043,479.54,2.79,107.31,287.79,P022,EQ016
2025-09-02 05:40:00,1655.38,857.54,2.57,0.0476,0.0193,0.0122,545.42,3.04,94.92,281.75,P024,EQ023
2025-09-02 05:50:00,1673.11,779.19,1.99,0.0695,0.017,0.0118,479.73,3.14,105.09,274.11,P019,EQ030
2025-09-02 06:00:00,1638.09,822.35,2.59,0.0575,0.0137,0.0082,499.97,3.05,112.74,271.58,P027,EQ037
2025-09-02 06:10:00,1645.19,749.37,2.11,0.06,0.0138,0.0115,463.09,3.03,92.94,283.61,P009,EQ044
2025-09-02 06:20:00,1659.53,808.7,2.83,0.0401,0.0176,0.0109,540.23,2.7,94.36,320.65,P012,EQ002
2025-09-02 06:30:00,1660.18,812.54,2.26,0.0432,0.0152,0.0071,472.08,3.12,97.42,297.65,P009,EQ009
2025-09-02 06:40:00,1653.81,768.14,2.42,0.0506,0.0127,0.0086,511.51,2.98,108.79,300.88,P019,EQ016
2025-09-02 06:50:00,1656.73,707.07,2.53,0.0609,0.0169,0.0131,468.46,3.1,86.02,340.85,P003,EQ023
2025-09-02 07:00:00,1636.67,825.11,2.54,0.029,0.0159,0.0094,408.24,2.76,95.73,313.55,P025,EQ030
2025-09-02 07:10:00,1653.66,898.99,2.34,0.0398,0.0163,0.0104,523.41,2.78,106.97,309.11,P017,EQ037
2025-09-02 07:20:00,1642.74,726.57,2.84,0.0736,0.0186,0.0113,579.64,2.88,113.22,321.32,P001,EQ044
2025-09-02 07:30:00,1661.61,836.02,2.39,0.0489,0.01,0.0112,386.09,3.06,108.72,307.92,P004,EQ002
2025-09-02 07:40:00,1644.92,773.15,2.21,0.0325,0.0202,0.0083,548.62,2.86,104.76,291.65,P024,EQ009
2025-09-02 07:50:00,1628.53,824.08,2.3,0.0473,0.0145,0.0095,527.76,3.35,104.09,316.87,P022,EQ016
2025-09-02 08:00:00,1627.84,844.46,2.25,0.0614,0.0162,0.0118,451.39,2.97,87.58,297.92,P015,EQ023
2025-09-02 08:10:00,1676.41,809.24,2.31,0.0537,0.0169,0.0102,613.87,3.57,106.69,300.85,P006,EQ030
2025-09-02 08:20:00,1619.12,849.56,2.38,0.07,0.0122,0.0083,503.37,3.14,102.5,288.85,P026,EQ037
2025-09-02 08:30:00,1644.24,768.24,2.18,0.0519,0.0175,0.0134,504.34,3.12,106.33,312.06,P006,EQ044
2025-09-02 08:40:00,1646.12,741.65,2.43,0.0628,0.0148,0.0123,411.55,3.2,87.6,284.46,P027,EQ002
2025-09-02 08:50:00,1653.23,681.71,2.43,0.0299,0.0133,0.0099,472.53,3.28,110.26,329.68,P013,EQ009
2025-09-02 09:00:00,1703.5,879.63,2.7,0.0379,0.0202,0.0127,482.88,3.04,86.66,299.85,P002,EQ016
2025-09-02 09:10:00,1616.67,796.77,2.19,0.0425,0.0155,0.0102,513.1,3.19,102.49,307.57,P003,EQ023
2025-09-02 09:20:00,1648.01,842.12,2.59,0.0444,0.0135,0.0112,472.01,3.09,110.4,317.44,P014,EQ030
2025-09-02 09:30:00,1646.57,769.74,2.61,0.0472,0.0139,0.0117,509.75,3.05,111.42,311.85,P029,EQ037
2025-09-02 09:40:00,1619.46,758.98,2.77,0.0714,0.0123,0.0107,563.58,3.15,91.8,319.85,P023,EQ044
2025-09-02 09:50:00,1651.44,781.51,2.8,0.0503,0.0154,0.0083,463.01,2.9,105.24,306.19,P010,EQ002
2025-09-02 10:00:00,1617.33,841.47,2.99,0.0505,0.0132,0.0119,539.82,2.76,86.29,313.77,P011,EQ009
2025-09-02 10:10:00,1669.03,768.44,2.63,0.0493,0.0207,0.0123,502.9,3.01,109.18,320.27,P019,EQ016
2025-09-02 10:20:00,1673.11,853.36,1.71,0.0437,0.0136,0.0117,548.47,3.07,102.69,319.35,P024,EQ023
2025-09-02 10:30:00,1637.79,748.81,3.03,0.0497,0.0183,0.0096,495.87,2.79,106.58,290.0,P015,EQ030
2025-09-02 10:40:00,1625.45,743.34,3.17,0.0615,0.0109,0.0126,456.12,2.9,99.68,291.84,P025,EQ037
2025-09-02 10:50:00,1608.68,899.17,2.15,0.0443,0.0164,0.0071,521.03,2.88,91.81,278.74,P022,EQ044
2025-09-02 11:00:00,1659.85,871.34,2.75,0.0486,0.0175,0.0113,477.17,3.04,83.35,305.1,P015,EQ002
2025-09-02 11:10:00,1645.85,761.41,2.56,0.0541,0.016,0.0116,523.36,2.98,97.22,280.4,P020,EQ009
2025-09-02 11:20:00,1596.61,817.23,2.91,0.0589,0.0163,0.0075,533.42,2.92,103.13,315.81,P026,EQ016
2025-09-02 11:30:00,1673.72,843.62,2.26,0.0448,0.0153,0.0126,581.2,3.03,101.06,316.93,P009,EQ023
2025-09-02 11:40:00,1667.16,806.63,2.48,0.0412,0.0176,0.0096,469.95,3.06,96.07,288.94,P011,EQ030
2025-09-02 11:50:00,1654.8,876.3,2.9,0.0469,0.0226,0.0088,538.45,2.88,105.97,295.77,P030,EQ037
2025-09-02 12:00:00,1637.41,844.33,2.74,0.0548,0.0144,0.0161,503.09,3.29,78.58,298.81,P028,EQ044
2025-09-02 12:10:00,1645.74,821.36,2.62,0.0381,0.0195,0.0093,530.35,3.16,87.41,295.23,P026,EQ002
2025-09-02 12:20:00,1623.55,714.8,2.48,0.0672,0.0143,0.0089,457.59,2.99,85.47,305.47,P006,EQ009
2025-09-02 12:30:00,1606.85,861.43,3.0,0.0479,0.0131,0.0079,570.93,3.17,94.33,309.16,P007,EQ016
2025-09-02 12:40:00,1642.49,785.43,2.43,0.0572,0.0138,0.0105,512.43,3.24,83.93,310.68,P006,EQ023
2025-09-02 12:50:00,1623.64,839.38,2.57,0.0466,0.0195,0.0122,484.46,3.13,98.09,300.88,P003,EQ030
2025-09-02 13:00:00,1650.52,711.23,2.64,0.0414,0.0181,0.0111,499.73,3.02,82.52,279.54,P024,EQ037
2025-09-02 13:10:00,1639.55,826.17,2.63,0.0523,0.0164,0.0064,418.48,2.78,94.85,287.3,P020,EQ044
2025-09-02 13:20:00,1651.35,772.7,2.23,0.0439,0.0156,0.0105,544.93,3.11,97.21,296.41,P009,EQ002
2025-09-02 13:30:00,1650.35,776.38,2.27,0.0576,0.0188,0.0087,470.28,3.28,85.7,291.79,P028,EQ009
2025-09-02 13:40:00,1634.55,802.09,2.98,0.0366,0.0137,0.0093,475.35,3.11,119.67,327.94,P022,EQ016
2025-09-02 13:50:00,1649.55,802.18,2.39,0.0529,0.0186,0.012,421.47,2.92,102.87,297.99,P004,EQ023
2025-09-02 14:00:00,1632.13,766.23,2.69,0.0406,0.0144,0.0121,529.52,2.74,96.24,296.81,P014,EQ030
2025-09-02 14:10:00,1682.0,884.69,2.51,0.0362,0.0126,0.0113,495.88,2.86,95.75,311.59,P018,EQ037
2025-09-02 14:20:00,1625.69,797.29,2.76,0.0721,0.0175,0.0122,446.23,3.11,115.58,281.64,P001,EQ044
2025-09-02 14:30:00,1655.53,845.08,2.36,0.0358,0.0139,0.0094,418.91,2.74,92.63,302.39,P001,EQ002
2025-09-02 14:40:00,1620.07,888.21,2.37,0.036,0.0166,0.0114,410.24,2.52,102.25,322.78,P013,EQ009
2025-09-02 14:50:00,1656.77,848.08,2.36,0.0499,0.0136,0.0102,517.05,2.82,103.35,320.75,P004,EQ016
2025-09-02 15:00:00,1635.24,774.26,2.9,0.0481,0.0199,0.0084,442.27,3.12,91.15,288.25,P001,EQ023
2025-09-02 15:10:00,1634.97,742.93,2.29,0.0483,0.0163,0.0074,490.72,2.69,91.2,298.29,P006,EQ030
2025-09-02 15:20:00,1642.94,781.69,2.09,0.0425,0.0153,0.0083,508.28,3.17,95.4,296.96,P021,EQ037
2025-09-02 15:30:00,1654.16,816.16,2.49,0.066,0.0158,0.0099,421.72,3.22,113.22,326.25,P016,EQ044
2025-09-02 15:40:00,1603.14,761.73,2.42,0.0501,0.0202,0.0105,540.32,3.25,84.75,302.18,P015,EQ002
2025-09-02 15:50:00,1685.3,795.46,2.57,0.0573,0.0121,0.0105,535.65,2.66,110.44,305.09,P023,EQ009
2025-09-02 16:00:00,1690.29,777.21,2.13,0.0441,0.0131,0.0127,511.95,3.0,97.34,286.57,P013,EQ016
2025-09-02 16:10:00,1667.94,699.82,2.32,0.0444,0.0094,0.0103,539.66,2.97,101.57,293.43,P028,EQ023
2025-09-02 16:20:00,1647.64,760.6,2.47,0.0465,0.0166,0.0104,509.54,3.05,105.42,310.29,P022,EQ030
2025-09-02 16:30:00,1650.61,765.65,2.69,0.0511,0.0147,0.0094,504.57,2.91,79.86,311.7,P024,EQ037
2025-09-02 16:40:00,1660.34,752.23,2.43,0.0477,0.0133,0.0116,540.13,3.16,105.29,319.24,P020,EQ044
2025-09-02 16:50:00,1649.22,926.93,2.16,0.0504,0.0153,0.0083,536.73,2.93,106.42,311.13,P024,EQ002
2025-09-02 17:00:00,1662.49,887.71,2.52,0.0714,0.0125,0.0081,471.37,3.3,96.82,302.84,P016,EQ009
2025-09-02 17:10:00,1661.9,783.38,2.45,0.0565,0.0165,0.0104,512.28,3.03,97.2,302.23,P010,EQ016
2025-09-02 17:20:00,1631.41,724.89,2.24,0.0361,0.0153,0.0095,444.95,3.25,101.42,349.12,P020,EQ023
2025-09-02 17:30:00,1659.02,788.91,2.16,0.0511,0.0213,0.0063,522.74,3.31,86.41,271.42,P027,EQ030
2025-09-02 17:40:00,1648.49,785.76,2.53,0.0311,0.0163,0.0095,494.57,2.89,113.86,296.85,P020,EQ037
2025-09-02 17:50:00,1641.38,795.7,2.46,0.0512,0.0132,0.0105,517.94,3.12,90.44,297.44,P012,EQ044
2025-09-02 18:00:00,1679.57,796.0,2.6,0.0528,0.0152,0.0096,537.2,2.56,111.43,324.99,P023,EQ002
2025-09-02 18:10:00,1672.24,768.7,3.28,0.0277,0.0122,0.006,503.51,2.89,109.52,277.53,P022,EQ009
2025-09-02 18:20:00,1610.64,832.16,2.52,0.0594,0.0134,0.0127,556.06,2.84,96.14,287.37,P023,EQ016
2025-09-02 18:30:00,1668.5,770.62,2.62,0.0591,0.0118,0.0086,466.7,3.11,105.81,300.92,P022,EQ023
2025-09-02 18:40:00,1634.4,799.46,2.43,0.0476,0.0188,0.0112,472.14,2.89,103.01,300.28,P013,EQ030
2025-09-02 18:50:00,1631.79,743.02,2.29,0.0434,0.0114,0.0103,473.5,3.1,92.98,316.6,P026,EQ037
2025-09-02 19:00:00,1619.54,708.93,2.53,0.0481,0.017,0.0081,520.92,3.44,103.95,313.53,P010,EQ044
2025-09-02 19:10:00,1686.91,792.09,2.74,0.0473,0.0121,0.0065,476.74,2.75,89.28,313.1,P003,EQ002
2025-09-02 19:20:00,1645.85,764.86,2.15,0.0456,0.0142,0.0068,502.8,3.0,125.08,280.18,P005,EQ009
2025-09-02 19:30:00,1636.47,697.31,2.9,0.0431,0.0139,0.0085,465.24,3.36,94.49,300.45,P005,EQ016
2025-09-02 19:40:00,1643.53,805.64,2.88,0.0599,0.0129,0.0063,368.28,3.11,97.35,291.75,P001,EQ023
2025-09-02 19:50:00,1646.24,745.97,2.31,0.0621,0.0185,0.0126,499.21,2.72,111.37,293.03,P007,EQ030
2025-09-02 20:00:00,1645.89,794.84,2.69,0.0494,0.0145,0.0091,567.65,3.09,111.5,318.66,P004,EQ037
2025-09-02 20:10:00,1660.74,809.63,2.51,0.0365,0.0163,0.0116,522.06,2.85,83.55,330.91,P027,EQ044
2025-09-02 20:20:00,1657.76,828.84,2.6,0.0512,0.0153,0.0079,565.42,2.87,103.72,322.66,P001,EQ002
2025-09-02 20:30:00,1653.4,771.9,2.74,0.056,0.0116,0.011,480.8,2.94,104.21,310.56,P023,EQ009
2025-09-02 20:40:00,1670.92,882.84,2.56,0.0593,0.0171,0.0088,530.87,3.25,93.22,311.17,P007,EQ016
2025-09-02 20:50:00,1643.04,823.81,2.34,0.047,0.0174,0.0093,446.04,2.85,99.14,287.3,P028,EQ023
2025-09-02 21:00:00,1640.3,879.73,1.83,0.0502,0.0152,0.0079,518.26,3.21,85.22,291.92,P001,EQ030
2025-09-02 21:10:00,1658.19,758.46,2.28,0.0541,0.0112,0.0099,637.66,2.65,87.79,307.66,P007,EQ037
2025-09-02 21:20:00,1664.21,773.73,2.02,0.0503,0.0133,0.0123,576.74,2.64,110.57,305.4,P016,EQ044
2025-09-02 21:30:00,1646.64,734.58,3.03,0.0407,0.0177,0.0108,472.63,2.87,122.69,339.78,P021,EQ002
2025-09-02 21:40:00,1638.43,851.57,3.11,0.0504,0.0124,0.0109,446.7,2.82,115.49,306.97,P005,EQ009
2025-09-02 21:50:00,1683.12,825.25,2.38,0.0405,0.0224,0.0102,454.23,3.15,103.78,272.4,P021,EQ016
2025-09-02 22:00:00,1644.93,799.64,2.41,0.06,0.0152,0.0082,544.55,2.78,107.44,318.29,P008,EQ023
2025-09-02 22:10:00,1659.87,837.79,2.89,0.0609,0.0165,0.0076,542.06,3.33,98.6,288.41,P014,EQ030
2025-09-02 22:20:00,1673.71,674.24,2.62,0.0463,0.0128,0.0101,521.61,2.98,108.26,287.01,P027,EQ037
2025-09-02 22:30:00,1646.67,897.56,2.32,0.0437,0.0187,0.0117,538.03,2.95,100.31,280.78,P021,EQ044
2025-09-02 22:40:00,1653.49,944.46,2.25,0.0697,0.0171,0.0099,426.48,3.0,87.31,290.97,P028,EQ002
2025-09-02 22:50:00,1627.97,758.42,2.5,0.0393,0.0109,0.0139,563.55,2.86,92.63,291.96,P026,EQ009
2025-09-02 23:00:00,1671.2,858.96,2.35,0.0428,0.0152,0.0102,493.54,2.93,112.54,311.9,P018,EQ016
2025-09-02 23:10:00,1650.56,744.72,2.52,0.0449,0.0141,0.0127,503.69,3.21,112.35,302.99,P007,EQ023
2025-09-02 23:20:00,1640.8,687.22,2.92,0.0549,0.013,0.0164,463.4,3.3,96.93,294.78,P003,EQ030
2025-09-02 23:30:00,1625.75,711.51,2.6,0.0492,0.0166,0.0084,413.59,3.02,105.75,331.85,P010,EQ037
2025-09-02 23:40:00,1668.79,797.66,2.48,0.044,0.0175,0.0102,559.3,3.02,98.81,306.26,P025,EQ044
2025-09-02 23:50:00,1624.98,794.61,2.77,0.0454,0.0149,0.0105,447.2,3.05,98.8,303.57,P015,EQ002
2025-09-03 00:00:00,1642.95,818.02,2.65,0.0498,0.0169,0.0104,462.78,3.16,99.35,300.21,P005,EQ009
2025-09-03 00:10:00,1661.14,753.64,2.71,0.018,0.0146,0.0096,531.73,2.84,108.8,291.41,P016,EQ016
2025-09-03 00:20:00,1647.79,834.0,2.41,0.0535,0.016,0.0086,521.95,2.9,105.0,289.38,P014,EQ023
2025-09-03 00:30:00,1653.12,753.41,2.68,0.0391,0.0168,0.0119,547.51,3.08,96.12,294.57,P001,EQ030
2025-09-03 00:40:00,1667.69,851.12,2.19,0.0346,0.0116,0.0119,552.32,2.83,98.12,301.22,P004,EQ037
2025-09-03 00:50:00,1637.61,795.35,2.45,0.0509,0.016,0.0113,528.78,2.73,113.78,303.56,P006,EQ044
2025-09-03 01:00:00,1662.88,764.83,2.05,0.041,0.0127,0.0091,506.59,2.87,99.47,311.65,P029,EQ002
2025-09-03 01:10:00,1656.28,843.33,2.29,0.0421,0.0158,0.0118,551.53,2.77,98.21,322.89,P005,EQ009
2025-09-03 01:20:00,1651.14,862.3,2.04,0.0526,0.0148,0.01,480.04,2.97,103.19,277.59,P024,EQ016
2025-09-03 01:30:00,1647.61,779.46,2.46,0.0428,0.0124,0.0103,485.54,2.9,102.33,311.26,P023,EQ023
2025-09-03 01:40:00,1654.14,817.84,2.54,0.0491,0.0101,0.0107,547.28,3.13,86.49,301.89,P015,EQ030
2025-09-03 01:50:00,1652.08,882.58,1.95,0.0517,0.0115,0.007,494.82,2.87,105.83,297.01,P016,EQ037
2025-09-03 02:00:00,1672.61,818.57,2.89,0.066,0.0138,0.0123,456.97,2.73,103.15,294.41,P016,EQ044
2025-09-03 02:10:00,1615.45,804.99,2.52,0.0455,0.0179,0.0082,410.9,3.05,108.1,302.67,P001,EQ002
2025-09-03 02:20:00,1675.53,878.37,2.9,0.0493,0.0202,0.0103,459.6,2.82,104.12,310.32,P028,EQ009
2025-09-03 02:30:00,1654.89,808.6,2.88,0.0627,0.0109,0.006,511.79,3.28,109.63,309.91,P015,EQ016
2025-09-03 02:40:00,1643.85,769.35,3.36,0.0564,0.0198,0.0079,496.04,2.77,107.5,320.64,P019,EQ023
2025-09-03 02:50:00,1634.93,754.98,2.61,0.0722,0.0128,0.0098,415.52,3.0,113.46,306.13,P008,EQ030
2025-09-03 03:00:00,1644.09,825.09,2.94,0.0458,0.0122,0.0083,550.87,3.0,108.61,307.24,P007,EQ037
2025-09-03 03:10:00,1622.94,821.19,2.42,0.0515,0.0159,0.0107,504.73,3.02,107.81,281.47,P010,EQ044
2025-09-03 03:20:00,1620.94,832.69,2.21,0.0388,0.0154,0.0111,477.85,2.95,93.04,270.36,P019,EQ002
2025-09-03 03:30:00,1635.94,861.45,2.68,0.0544,0.0148,0.0127,426.23,2.92,118.44,297.21,P027,EQ009
2025-09-03 03:40:00,1637.69,859.25,2.55,0.0462,0.0161,0.0085,607.46,2.83,99.67,311.93,P027,EQ016
2025-09-03 03:50:00,1672.49,765.03,2.47,0.0393,0.013,0.0118,564.74,3.34,110.91,305.9,P013,EQ023
2025-09-03 04:00:00,1653.93,758.35,2.6,0.0534,0.0166,0.0082,439.67,2.89,117.09,290.1,P002,EQ030
2025-09-03 04:10:00,1631.43,890.34,2.42,0.0581,0.014,0.0082,493.14,3.07,97.7,312.67,P011,EQ037
2025-09-03 04:20:00,1637.25,871.12,2.14,0.0491,0.0135,0.0083,427.59,3.28,110.29,286.36,P001,EQ044
2025-09-03 04:30:00,1661.99,776.77,2.84,0.0487,0.0134,0.0096,505.24,3.27,101.76,315.86,P004,EQ002
2025-09-03 04:40:00,1612.35,722.77,2.3,0.0603,0.0124,0.0085,308.23,3.08,99.66,249.57,P021,EQ009
2025-09-03 04:50:00,1644.44,618.9,2.5,0.0557,0.0149,0.0112,465.19,3.31,104.5,277.16,P028,EQ016
2025-09-03 05:00:00,1667.96,739.66,2.48,0.0545,0.0146,0.0111,512.8,3.4,94.6,302.34,P023,EQ023
2025-09-03 05:10:00,1608.36,837.81,2.28,0.0446,0.0154,0.0094,455.2,2.65,100.63,310.93,P014,EQ030
2025-09-03 05:20:00,1673.61,766.1,2.3,0.0391,0.0117,0.0101,507.22,3.19,100.29,300.31,P014,EQ037
2025-09-03 05:30:00,1636.65,851.53,2.83,0.0478,0.0107,0.0136,568.49,2.78,123.58,293.1,P028,EQ044
2025-09-03 05:40:00,1654.63,818.01,2.07,0.0391,0.0154,0.0081,514.34,3.04,83.16,296.27,P016,EQ002
2025-09-03 05:50:00,1621.86,770.12,2.03,0.0484,0.0163,0.0106,600.6,3.29,95.4,293.49,P024,EQ009
2025-09-03 06:00:00,1676.89,863.22,2.45,0.0429,0.0178,0.0122,472.43,3.07,92.72,283.26,P019,EQ016
2025-09-03 06:10:00,1618.4,682.32,2.21,0.0654,0.0158,0.0115,465.14,2.72,101.27,283.84,P020,EQ023
2025-09-03 06:20:00,1638.8,771.85,2.79,0.0322,0.0141,0.0088,489.73,3.16,104.67,319.85,P024,EQ030
2025-09-03 06:30:00,1655.4,703.7,2.78,0.0397,0.0193,0.0116,502.89,2.86,94.96,307.45,P018,EQ037
2025-09-03 06:40:00,1646.13,834.59,2.26,0.0378,0.0124,0.0071,518.31,3.13,80.89,299.51,P010,EQ044
2025-09-03 06:50:00,1646.23,687.23,2.62,0.0537,0.0165,0.0094,408.74,3.01,109.94,294.36,P002,EQ002
2025-09-03 07:00:00,1643.48,788.13,2.85,0.0655,0.0118,0.009,512.53,2.88,103.21,249.92,P016,EQ009
2025-09-03 07:10:00,1642.9,867.59,2.54,0.0525,0.012,0.0118,518.52,2.83,105.03,282.89,P013,EQ016
2025-09-03 07:20:00,1690.1,859.5,2.18,0.0453,0.0137,0.0096,418.57,3.22,104.45,302.47,P016,EQ023
2025-09-03 07:30:00,1643.58,796.43,2.37,0.0766,0.015,0.0078,480.78,3.06,104.7,292.04,P017,EQ030
2025-09-03 07:40:00,1636.04,829.26,2.37,0.0508,0.0156,0.01,461.21,3.14,89.02,296.05,P019,EQ037
2025-09-03 07:50:00,1639.88,861.35,2.81,0.0453,0.0126,0.008,534.27,2.83,88.57,279.57,P024,EQ044
2025-09-03 08:00:00,1649.22,737.13,2.59,0.041,0.0177,0.0109,573.25,2.65,110.47,312.53,P020,EQ002
2025-09-03 08:10:00,1660.39,813.81,1.79,0.0657,0.0134,0.0102,510.1,2.92,89.99,289.69,P030,EQ009
2025-09-03 08:20:00,1689.66,819.74,2.96,0.0456,0.0178,0.0106,501.23,3.04,116.99,306.04,P022,EQ016
2025-09-03 08:30:00,1638.19,743.45,2.91,0.0438,0.0203,0.0156,460.52,2.92,110.47,278.06,P029,EQ023
2025-09-03 08:40:00,1630.91,878.8,2.43,0.0423,0.0111,0.0126,479.95,3.04,85.27,323.35,P027,EQ030
2025-09-03 08:50:00,1656.34,795.09,2.34,0.0547,0.0218,0.01,522.56,2.92,109.8,293.23,P028,EQ037
2025-09-03 09:00:00,1665.33,797.15,1.96,0.0592,0.015,0.009,434.85,3.17,91.03,311.16,P016,EQ044
2025-09-03 09:10:00,1633.54,747.64,2.45,0.0592,0.0151,0.0053,501.61,2.83,100.66,277.0,P008,EQ002
2025-09-03 09:20:00,1627.75,867.21,2.44,0.0796,0.0123,0.012,452.49,2.96,100.54,306.2,P023,EQ009
2025-09-03 09:30:00,1677.7,693.8,2.58,0.0487,0.0135,0.0087,500.28,2.76,75.97,303.22,P002,EQ016
2025-09-03 09:40:00,1669.18,822.24,2.71,0.0568,0.0115,0.0135,455.99,2.92,104.03,297.02,P017,EQ023
2025-09-03 09:50:00,1648.4,719.07,2.4,0.0426,0.0151,0.0102,456.88,3.25,98.66,328.68,P001,EQ030
2025-09-03 10:00:00,1596.75,829.48,2.84,0.0545,0.0154,0.0096,512.49,2.86,83.63,295.75,P014,EQ037
2025-09-03 10:10:00,1695.6,708.57,2.05,0.0307,0.0126,0.0108,463.59,2.84,101.06,283.7,P019,EQ044
2025-09-03 10:20:00,1618.95,766.32,2.34,0.0506,0.0143,0.0055,451.22,2.79,115.99,309.12,P011,EQ002
2025-09-03 10:30:00,1643.53,846.54,2.67,0.0599,0.0131,0.0109,603.38,2.95,96.49,299.06,P018,EQ009
2025-09-03 10:40:00,1634.11,694.32,2.07,0.048,0.0101,0.0115,575.93,2.85,101.84,325.17,P003,EQ016
2025-09-03 10:50:00,1669.23,838.26,2.21,0.0473,0.0108,0.0111,559.89,2.88,96.67,305.12,P009,EQ023
2025-09-03 11:00:00,1676.05,780.72,2.61,0.0714,0.0163,0.0114,428.41,3.03,91.34,283.78,P029,EQ030
2025-09-03 11:10:00,1660.24,837.33,2.63,0.071,0.0154,0.01,553.87,3.28,109.3,296.54,P021,EQ037
2025-09-03 11:20:00,1634.98,767.96,2.28,0.0664,0.0118,0.0092,454.37,3.06,101.15,295.99,P014,EQ044
2025-09-03 11:30:00,1646.16,752.38,2.58,0.0639,0.0174,0.0107,426.17,3.19,119.55,323.75,P029,EQ002
2025-09-03 11:40:00,1664.13,853.92,2.74,0.0484,0.0139,0.0088,438.57,3.01,112.91,301.73,P016,EQ009
2025-09-03 11:50:00,1647.84,771.63,2.44,0.0329,0.011,0.0096,623.05,3.13,81.81,307.73,P004,EQ016
2025-09-03 12:00:00,1674.95,744.77,2.83,0.0464,0.014,0.0094,491.4,3.38,89.35,289.71,P016,EQ023
2025-09-03 12:10:00,1619.4,811.58,1.71,0.054,0.0175,0.0113,474.93,2.95,96.57,307.56,P020,EQ030
2025-09-03 12:20:00,1633.3,906.34,2.55,0.0509,0.0117,0.0116,468.73,2.82,99.85,300.82,P021,EQ037
2025-09-03 12:30:00,1647.48,784.39,2.34,0.0495,0.0119,0.0078,433.8,3.2,101.19,300.86,P012,EQ044
2025-09-03 12:40:00,1670.34,833.97,2.38,0.0563,0.0147,0.0101,509.45,3.02,105.69,300.33,P015,EQ002
2025-09-03 12:50:00,1670.41,862.05,2.65,0.0588,0.0179,0.0064,513.72,2.98,113.63,314.05,P023,EQ009
2025-09-03 13:00:00,1687.57,890.32,3.09,0.0603,0.0139,0.0098,476.1,3.09,98.45,319.84,P014,EQ016
2025-09-03 13:10:00,1669.61,801.6,2.1,0.0532,0.0197,0.0078,636.18,3.14,98.32,312.54,P001,EQ023
2025-09-03 13:20:00,1681.43,844.21,2.55,0.0396,0.017,0.0078,498.12,2.81,92.97,295.24,P006,EQ030
2025-09-03 13:30:00,1684.99,899.36,2.27,0.0452,0.014,0.0093,477.39,3.03,109.24,289.69,P010,EQ037
2025-09-03 13:40:00,1657.84,778.48,2.23,0.0674,0.0159,0.0074,494.53,3.05,104.43,310.04,P024,EQ044
2025-09-03 13:50:00,1646.98,692.72,2.81,0.0561,0.0166,0.0098,459.01,3.32,97.9,296.35,P007,EQ002
2025-09-03 14:00:00,1633.64,685.7,1.91,0.0321,0.0212,0.0101,463.81,3.51,96.82,293.35,P016,EQ009
2025-09-03 14:10:00,1661.2,926.32,2.56,0.0545,0.0124,0.0104,441.33,3.0,110.77,316.15,P012,EQ016
2025-09-03 14:20:00,1650.47,803.24,2.63,0.0505,0.0165,0.0135,525.02,3.11,101.82,284.7,P015,EQ023
2025-09-03 14:30:00,1621.05,836.7,2.6,0.0426,0.0132,0.0099,442.17,2.99,122.0,302.26,P008,EQ030
2025-09-03 14:40:00,1645.5,790.1,2.63,0.0427,0.0143,0.0102,456.47,2.91,91.52,310.33,P017,EQ037
2025-09-03 14:50:00,1656.42,773.51,2.19,0.0598,0.0195,0.009,570.27,2.61,94.8,319.05,P008,EQ044
2025-09-03 15:00:00,1700.85,859.89,3.01,0.0546,0.0064,0.0103,448.46,3.67,96.39,310.21,P019,EQ002
2025-09-03 15:10:00,1658.52,761.53,2.26,0.0499,0.014,0.0119,422.18,3.06,111.25,315.46,P030,EQ009
2025-09-03 15:20:00,1667.71,767.91,2.37,0.0564,0.0101,0.0107,522.79,3.37,80.73,296.14,P022,EQ016
2025-09-03 15:30:00,1651.39,772.12,2.54,0.044,0.0121,0.0104,537.39,2.96,98.55,278.91,P011,EQ023
2025-09-03 15:40:00,1677.56,871.62,2.56,0.033,0.0142,0.012,476.03,3.26,96.12,292.23,P030,EQ030
2025-09-03 15:50:00,1645.91,720.87,2.58,0.0538,0.0141,0.0119,454.95,3.35,108.14,297.27,P020,EQ037
2025-09-03 16:00:00,1660.8,780.15,2.68,0.0496,0.0166,0.0099,500.64,3.35,96.27,309.75,P028,EQ044
2025-09-03 16:10:00,1637.88,842.21,2.82,0.0228,0.0156,0.0076,582.86,2.92,106.91,276.45,P027,EQ002
2025-09-03 16:20:00,1641.89,762.64,2.64,0.0467,0.0203,0.0101,514.02,3.31,95.32,297.85,P023,EQ009
2025-09-03 16:30:00,1653.07,870.63,2.42,0.047,0.0101,0.0072,473.01,2.8,122.13,301.68,P022,EQ016
2025-09-03 16:40:00,1657.07,782.69,2.94,0.0579,0.0108,0.0095,518.07,2.88,91.69,316.36,P015,EQ023
2025-09-03 16:50:00,1654.16,816.5,2.29,0.0587,0.0145,0.008,583.87,3.08,84.75,322.48,P005,EQ030
2025-09-03 17:00:00,1622.98,822.66,3.12,0.053,0.0167,0.0075,506.02,2.89,106.66,289.59,P029,EQ037
2025-09-03 17:10:00,1695.87,828.27,2.38,0.0485,0.0189,0.0105,496.72,3.14,110.82,303.68,P010,EQ044
2025-09-03 17:20:00,1655.15,882.26,2.38,0.0419,0.0135,0.0095,456.26,2.78,82.11,290.6,P024,EQ002
2025-09-03 17:30:00,1630.62,791.97,2.56,0.0557,0.0124,0.0113,493.51,2.69,106.95,307.62,P023,EQ009
2025-09-03 17:40:00,1656.26,808.49,2.18,0.0667,0.0091,0.0099,600.56,2.52,98.7,311.64,P013,EQ016
2025-09-03 17:50:00,1662.69,795.33,2.46,0.0418,0.0144,0.0097,384.27,3.45,99.55,314.69,P014,EQ023
2025-09-03 18:00:00,1686.22,876.87,2.3,0.0497,0.0179,0.0087,498.7,2.79,95.0,322.88,P027,EQ030
2025-09-03 18:10:00,1638.25,725.07,2.83,0.0311,0.017,0.0086,487.84,3.22,100.43,326.51,P022,EQ037
2025-09-03 18:20:00,1639.11,898.7,2.74,0.0589,0.0104,0.0081,522.42,3.15,104.51,284.84,P021,EQ044
2025-09-03 18:30:00,1605.99,753.27,2.31,0.0483,0.0158,0.0083,495.87,2.96,95.29,290.12,P024,EQ002
2025-09-03 18:40:00,1651.98,804.78,2.38,0.0627,0.0138,0.0106,527.16,2.8,82.31,295.5,P012,EQ009
2025-09-03 18:50:00,1632.11,846.59,2.54,0.0478,0.0123,0.0126,452.83,2.94,111.45,317.84,P026,EQ016
2025-09-03 19:00:00,1617.74,745.52,2.58,0.0626,0.0172,0.0057,499.23,2.97,99.65,278.89,P016,EQ023
2025-09-03 19:10:00,1662.81,833.19,2.38,0.0553,0.0128,0.0125,532.05,2.86,96.15,284.53,P026,EQ030
2025-09-03 19:20:00,1663.03,733.26,2.54,0.0561,0.0134,0.0113,406.02,2.93,101.79,292.8,P028,EQ037
2025-09-03 19:30:00,1682.74,799.9,2.74,0.0573,0.0166,0.011,517.33,3.25,82.11,316.73,P006,EQ044
2025-09-03 19:40:00,1663.98,738.55,2.59,0.053,0.0127,0.0107,510.86,3.23,96.36,298.32,P020,EQ002
2025-09-03 19:50:00,1663.18,784.94,3.09,0.0437,0.0164,0.0142,463.2,2.74,102.95,302.57,P007,EQ009
2025-09-03 20:00:00,1628.23,875.08,2.0,0.0459,0.0177,0.0099,559.16,3.37,102.43,315.34,P010,EQ016
2025-09-03 20:10:00,1644.28,873.41,2.55,0.0549,0.0165,0.0106,457.28,2.78,109.55,293.63,P023,EQ023
2025-09-03 20:20:00,1618.69,783.26,2.25,0.0513,0.0133,0.008,478.94,3.15,91.41,309.73,P024,EQ030
2025-09-03 20:30:00,1670.07,858.2,1.83,0.0589,0.0158,0.0098,448.45,3.18,118.49,321.19,P003,EQ037
2025-09-03 20:40:00,1672.48,858.67,2.27,0.0681,0.0129,0.0111,526.69,2.87,83.71,313.36,P022,EQ044
2025-09-03 20:50:00,1650.77,822.79,2.61,0.0476,0.0119,0.0119,458.24,2.95,109.73,302.64,P016,EQ002
2025-09-03 21:00:00,1655.05,780.92,2.96,0.0541,0.0148,0.0098,503.86,3.55,100.01,310.87,P005,EQ009
2025-09-03 21:10:00,1643.04,818.7,2.42,0.0555,0.0139,0.0095,521.24,2.82,106.65,330.24,P006,EQ016
2025-09-03 21:20:00,1666.85,730.29,2.53,0.0639,0.0162,0.0098,471.23,2.79,89.69,266.25,P007,EQ023
2025-09-03 21:30:00,1635.63,894.34,2.83,0.0521,0.0143,0.0117,451.83,2.62,88.97,305.29,P006,EQ030
2025-09-03 21:40:00,1658.91,787.8,2.99,0.0362,0.0172,0.007,525.89,2.61,95.48,299.94,P020,EQ037
2025-09-03 21:50:00,1651.17,884.15,2.66,0.0453,0.0164,0.0059,490.92,2.87,91.93,321.22,P016,EQ044
2025-09-03 22:00:00,1626.89,813.55,2.05,0.064,0.014,0.0102,546.82,2.65,115.77,303.48,P004,EQ002
2025-09-03 22:10:00,1634.46,835.67,2.86,0.0449,0.0147,0.0096,572.68,2.88,78.19,316.28,P026,EQ009
2025-09-03 22:20:00,1625.67,833.01,2.09,0.0642,0.0148,0.0089,503.19,2.85,99.37,307.08,P014,EQ016
2025-09-03 22:30:00,1648.15,782.4,2.48,0.0485,0.015,0.0084,444.96,2.9,93.16,299.04,P016,EQ023
2025-09-03 22:40:00,1620.19,757.14,2.53,0.0503,0.019,0.0112,560.32,3.36,90.13,301.09,P010,EQ030
2025-09-03 22:50:00,1658.67,902.22,2.65,0.0548,0.0131,0.0075,512.6,3.07,111.08,311.31,P008,EQ037
2025-09-03 23:00:00,1658.94,740.05,2.96,0.0305,0.009,0.0091,535.68,3.15,119.4,300.5,P007,EQ044
2025-09-03 23:10:00,1671.5,784.42,2.3,0.058,0.0186,0.0101,551.84,2.95,82.15,310.69,P018,EQ002
2025-09-03 23:20:00,1649.96,774.04,2.77,0.0599,0.0163,0.0105,464.55,2.98,78.25,297.87,P002,EQ009
2025-09-03 23:30:00,1670.27,795.86,2.01,0.0569,0.0214,0.0124,510.31,3.13,109.67,278.87,P001,EQ016
2025-09-03 23:40:00,1633.96,810.06,2.51,0.0574,0.0202,0.0141,497.09,2.7,94.32,304.23,P012,EQ023
2025-09-03 23:50:00,1655.83,756.57,2.51,0.0616,0.0144,0.0094,566.07,2.69,92.83,322.68,P029,EQ030
2025-09-04 00:00:00,1619.38,839.7,2.66,0.0544,0.0164,0.0108,536.89,3.1,93.58,297.86,P009,EQ037
2025-09-04 00:10:00,1654.15,819.5,2.45,0.026,0.0145,0.0114,483.8,3.11,99.67,302.32,P012,EQ044
2025-09-04 00:20:00,1588.93,825.77,2.13,0.0572,0.0123,0.0099,473.71,3.31,92.17,305.71,P022,EQ002
2025-09-04 00:30:00,1643.64,739.86,2.94,0.0628,0.0171,0.0082,452.04,2.83,107.47,322.65,P006,EQ009
2025-09-04 00:40:00,1684.21,733.05,1.79,0.0485,0.0173,0.0096,584.15,3.09,116.0,309.17,P006,EQ016
2025-09-04 00:50:00,1642.65,828.78,2.53,0.0403,0.0194,0.011,433.64,3.16,83.59,276.99,P027,EQ023
2025-09-04 01:00:00,1644.8,767.32,2.26,0.0505,0.0115,0.0103,502.87,3.08,96.07,309.37,P028,EQ030
2025-09-04 01:10:00,1662.12,709.91,2.96,0.0419,0.015,0.014,544.81,3.11,103.11,272.29,P029,EQ037
2025-09-04 01:20:00,1671.36,860.84,2.91,0.048,0.0096,0.0113,443.1,3.25,116.36,291.9,P017,EQ044
2025-09-04 01:30:00,1676.38,735.44,2.09,0.0352,0.0167,0.0091,553.42,2.97,95.32,285.06,P002,EQ002
2025-09-04 01:40:00,1646.64,820.69,2.91,0.0338,0.0141,0.0086,407.38,2.78,99.93,274.59,P026,EQ009
2025-09-04 01:50:00,1591.89,781.86,2.54,0.0505,0.0118,0.0061,579.59,3.07,91.43,321.64,P003,EQ016
2025-09-04 02:00:00,1663.31,874.52,2.97,0.0635,0.0166,0.0131,583.63,3.38,103.85,302.0,P011,EQ023
2025-09-04 02:10:00,1670.08,803.4,2.44,0.0605,0.0113,0.013,460.61,3.0,88.1,299.02,P014,EQ030
2025-09-04 02:20:00,1643.94,729.9,2.13,0.0526,0.0178,0.0099,421.92,3.0,83.78,301.28,P004,EQ037
2025-09-04 02:30:00,1630.88,861.2,2.36,0.0507,0.0159,0.0094,558.9,2.87,98.99,305.38,P020,EQ044
2025-09-04 02:40:00,1654.49,787.66,2.17,0.0611,0.02,0.0087,458.1,2.8,98.75,302.43,P008,EQ002
2025-09-04 02:50:00,1682.78,701.33,2.42,0.0339,0.0155,0.011,439.76,3.01,90.3,310.9,P004,EQ009
2025-09-04 03:00:00,1602.44,859.96,2.89,0.0486,0.0148,0.0104,515.72,3.47,108.32,295.0,P018,EQ016
2025-09-04 03:10:00,1608.08,670.89,2.98,0.0346,0.0149,0.0109,500.44,2.94,90.43,305.38,P008,EQ023
2025-09-04 03:20:00,1690.03,650.53,2.55,0.0589,0.0163,0.0086,462.43,3.15,100.25,345.28,P016,EQ030
2025-09-04 03:30:00,1650.41,748.02,2.14,0.0204,0.0099,0.0091,570.48,2.89,108.14,320.53,P009,EQ037
2025-09-04 03:40:00,1633.24,805.87,2.35,0.0611,0.0121,0.011,569.73,3.13,90.63,293.62,P011,EQ044
2025-09-04 03:50:00,1642.98,817.17,2.11,0.0351,0.0128,0.0124,484.52,3.04,98.62,310.56,P026,EQ002
2025-09-04 04:00:00,1660.87,762.95,2.64,0.064,0.0131,0.0099,546.44,2.82,106.67,283.07,P012,EQ009
2025-09-04 04:10:00,1615.61,748.39,2.52,0.073,0.0188,0.0152,557.54,3.08,88.88,329.55,P025,EQ016
2025-09-04 04:20:00,1629.71,923.98,2.68,0.0511,0.0186,0.0118,549.88,3.04,99.8,331.16,P002,EQ023
2025-09-04 04:30:00,1659.56,723.55,2.54,0.0566,0.0157,0.009,595.94,3.16,83.28,309.96,P025,EQ030
2025-09-04 04:40:00,1629.38,774.81,2.58,0.0447,0.0181,0.011,550.41,2.82,116.46,287.82,P029,EQ037
2025-09-04 04:50:00,1647.61,758.68,2.96,0.0688,0.0139,0.0094,523.43,2.79,92.11,300.32,P018,EQ044
2025-09-04 05:00:00,1650.87,779.58,2.43,0.0536,0.0123,0.0102,615.41,3.06,95.77,285.63,P009,EQ002
2025-09-04 05:10:00,1659.76,813.45,2.33,0.0364,0.0146,0.0084,484.28,3.05,112.56,286.38,P029,EQ009
2025-09-04 05:20:00,1667.29,792.82,2.27,0.0436,0.0126,0.0102,350.46,3.06,93.8,320.99,P005,EQ016
2025-09-04 05:30:00,1667.39,769.14,2.32,0.0497,0.0157,0.0062,454.97,3.07,100.05,283.29,P028,EQ023
2025-09-04 05:40:00,1626.02,680.33,2.58,0.0526,0.0084,0.0072,544.49,2.77,96.64,296.09,P023,EQ030
2025-09-04 05:50:00,1626.02,856.53,3.1,0.0501,0.0192,0.0097,530.65,3.0,81.57,311.24,P028,EQ037
2025-09-04 06:00:00,1655.08,719.33,2.43,0.056,0.0092,0.0099,500.59,3.0,106.91,297.98,P017,EQ044
2025-09-04 06:10:00,1627.37,783.52,2.51,0.0396,0.0155,0.0084,536.58,2.89,84.94,290.39,P020,EQ002
2025-09-04 06:20:00,1678.91,844.4,2.14,0.0468,0.0144,0.0062,451.83,2.86,95.56,280.75,P022,EQ009
2025-09-04 06:30:00,1654.36,829.39,2.6,0.0628,0.0169,0.0122,553.59,2.9,115.0,303.66,P004,EQ016
2025-09-04 06:40:00,1631.03,808.91,3.03,0.0487,0.0098,0.0093,486.77,3.22,96.57,286.09,P023,EQ023
2025-09-04 06:50:00,1649.17,804.12,2.81,0.063,0.0132,0.0107,520.62,2.95,104.25,306.7,P002,EQ030
2025-09-04 07:00:00,1669.07,793.51,2.49,0.0554,0.0127,0.0108,506.44,3.36,99.91,298.84,P030,EQ037
2025-09-04 07:10:00,1641.52,906.63,2.16,0.062,0.0137,0.0089,485.24,3.25,94.34,286.72,P015,EQ044
2025-09-04 07:20:00,1666.02,881.52,2.49,0.0607,0.0234,0.0101,543.53,3.25,88.54,299.75,P026,EQ002
2025-09-04 07:30:00,1655.73,806.77,2.49,0.0622,0.0171,0.008,501.98,2.84,89.94,284.14,P015,EQ009
2025-09-04 07:40:00,1651.83,867.81,2.24,0.0573,0.0152,0.0141,514.02,2.72,100.51,279.35,P027,EQ016
2025-09-04 07:50:00,1656.9,856.77,2.44,0.0379,0.0166,0.0077,519.71,3.31,89.4,311.77,P025,EQ023
2025-09-04 08:00:00,1631.9,791.57,2.73,0.0576,0.0105,0.0089,522.75,2.98,109.26,299.81,P004,EQ030
2025-09-04 08:10:00,1649.31,762.16,3.03,0.0542,0.0112,0.0072,475.21,2.89,88.82,295.31,P004,EQ037
2025-09-04 08:20:00,1647.96,753.05,2.81,0.0589,0.0221,0.0107,496.06,3.44,87.8,312.63,P026,EQ044
2025-09-04 08:30:00,1691.59,750.73,2.79,0.0696,0.0159,0.0068,546.86,3.07,109.05,319.7,P020,EQ002
2025-09-04 08:40:00,1626.31,838.47,2.55,0.0539,0.0179,0.0107,364.42,3.15,104.32,282.52,P020,EQ009
2025-09-04 08:50:00,1631.49,828.03,2.39,0.0349,0.0113,0.0103,562.41,3.11,91.72,315.23,P026,EQ016
2025-09-04 09:00:00,1648.03,852.8,2.87,0.0459,0.0131,0.0094,450.5,3.23,97.16,321.88,P028,EQ023
2025-09-04 09:10:00,1658.42,832.2,2.42,0.0522,0.0152,0.0111,576.44,2.97,90.07,300.18,P004,EQ030
2025-09-04 09:20:00,1669.24,839.13,2.53,0.0452,0.012,0.0095,472.97,3.09,98.18,298.49,P027,EQ037
2025-09-04 09:30:00,1651.41,847.47,2.27,0.0513,0.0133,0.0108,446.03,2.93,106.04,312.06,P018,EQ044
2025-09-04 09:40:00,1644.5,758.05,2.66,0.0504,0.0192,0.0086,533.01,2.8,97.79,286.35,P002,EQ002
2025-09-04 09:50:00,1655.5,712.45,2.91,0.0524,0.012,0.0087,430.33,3.12,98.17,291.55,P017,EQ009
2025-09-04 10:00:00,1644.86,762.67,2.76,0.0213,0.0125,0.0057,536.21,3.06,111.64,303.18,P004,EQ016
2025-09-04 10:10:00,1636.08,807.28,2.44,0.0386,0.0142,0.0138,542.0,2.95,119.15,298.45,P006,EQ023
2025-09-04 10:20:00,1635.34,766.19,2.43,0.0387,0.0143,0.0074,463.75,2.83,103.26,306.69,P021,EQ030
2025-09-04 10:30:00,1613.51,843.44,2.17,0.0603,0.0151,0.0082,506.18,3.49,111.69,301.16,P004,EQ037
2025-09-04 10:40:00,1672.72,865.09,2.47,0.0303,0.0119,0.0103,605.68,2.57,79.23,305.87,P028,EQ044
2025-09-04 10:50:00,1626.26,824.85,2.79,0.038,0.0161,0.0094,436.33,3.31,90.36,314.04,P007,EQ002
2025-09-04 11:00:00,1696.12,807.09,1.89,0.048,0.0192,0.0141,544.49,3.04,102.26,300.14,P030,EQ009
2025-09-04 11:10:00,1623.83,744.56,2.41,0.0472,0.0129,0.012,602.93,2.8,102.56,319.53,P012,EQ016
2025-09-04 11:20:00,1628.92,714.96,2.65,0.0443,0.013,0.0117,512.98,3.12,113.58,314.02,P006,EQ023
2025-09-04 11:30:00,1623.07,784.47,2.48,0.0541,0.0113,0.0076,434.84,2.87,108.56,291.84,P024,EQ030
2025-09-04 11:40:00,1638.92,779.95,2.86,0.054,0.0134,0.0124,487.56,2.97,116.31,302.04,P010,EQ037
2025-09-04 11:50:00,1640.15,752.55,2.42,0.0527,0.018,0.0069,527.76,3.42,97.88,295.58,P023,EQ044
2025-09-04 12:00:00,1674.87,875.32,2.38,0.0651,0.0135,0.01,468.86,3.04,109.59,302.27,P015,EQ002
2025-09-04 12:10:00,1654.01,765.34,2.39,0.0493,0.0135,0.0123,569.4,2.77,85.4,287.42,P025,EQ009
2025-09-04 12:20:00,1665.39,767.68,1.73,0.0491,0.0155,0.0135,515.83,3.15,97.48,304.54,P017,EQ016
2025-09-04 12:30:00,1638.87,834.01,2.75,0.0404,0.0155,0.0109,559.89,3.16,114.69,307.68,P016,EQ023
2025-09-04 12:40:00,1618.36,776.31,2.19,0.0482,0.0144,0.0147,622.49,3.22,99.75,302.62,P024,EQ030
2025-09-04 12:50:00,1667.59,755.41,2.8,0.0461,0.0183,0.0099,476.87,2.91,80.71,300.08,P028,EQ037
2025-09-04 13:00:00,1696.88,839.26,2.49,0.0611,0.0142,0.0099,476.77,3.07,117.3,304.52,P004,EQ044
2025-09-04 13:10:00,1644.49,706.3,2.47,0.0507,0.0135,0.0086,428.88,2.71,87.31,322.79,P005,EQ002
2025-09-04 13:20:00,1677.06,880.25,2.6,0.0329,0.0155,0.0118,438.99,3.14,106.78,287.68,P021,EQ009
2025-09-04 13:30:00,1704.64,849.47,1.95,0.0722,0.0108,0.0074,543.17,2.77,96.5,285.04,P012,EQ016
2025-09-04 13:40:00,1608.06,810.11,2.63,0.0676,0.008,0.0077,401.11,2.77,97.18,311.03,P011,EQ023
2025-09-04 13:50:00,1610.29,824.38,2.55,0.0476,0.0172,0.0138,576.78,3.18,102.64,275.99,P027,EQ030
2025-09-04 14:00:00,1683.04,762.19,2.65,0.0506,0.017,0.0116,511.61,2.77,114.42,286.14,P005,EQ037
2025-09-04 14:10:00,1644.54,835.49,2.4,0.045,0.0194,0.0122,476.87,2.95,89.87,279.63,P004,EQ044
2025-09-04 14:20:00,1665.38,842.88,2.65,0.0632,0.01,0.0089,583.59,2.89,121.73,301.52,P028,EQ002
2025-09-04 14:30:00,1641.18,794.74,2.43,0.0776,0.015,0.0125,500.93,2.97,97.48,309.78,P007,EQ009
2025-09-04 14:40:00,1663.74,897.51,2.27,0.0493,0.0166,0.0116,445.09,3.47,108.34,291.76,P015,EQ016
2025-09-04 14:50:00,1650.34,786.86,2.35,0.0424,0.0143,0.0098,476.56,2.57,91.75,293.62,P014,EQ023
2025-09-04 15:00:00,1674.48,742.9,2.24,0.0475,0.018,0.0065,520.82,3.03,97.24,309.75,P025,EQ030
2025-09-04 15:10:00,1620.6,779.39,2.59,0.0415,0.0113,0.0094,554.53,3.07,84.07,277.27,P025,EQ037
2025-09-04 15:20:00,1658.62,733.95,2.48,0.0453,0.0143,0.0124,410.0,2.96,90.31,320.66,P001,EQ044
2025-09-04 15:30:00,1626.67,734.17,2.69,0.0555,0.0138,0.0104,444.87,2.85,99.82,316.5,P008,EQ002
2025-09-04 15:40:00,1689.23,822.27,2.26,0.0553,0.0187,0.0063,452.02,3.16,87.24,322.54,P027,EQ009
2025-09-04 15:50:00,1642.99,841.41,2.57,0.036,0.0122,0.0114,517.11,2.8,91.09,316.05,P026,EQ016
2025-09-04 16:00:00,1633.8,854.17,2.61,0.0563,0.014,0.0134,571.17,3.31,82.4,289.35,P016,EQ023
2025-09-04 16:10:00,1658.23,844.46,2.85,0.0479,0.0134,0.0127,450.8,2.97,92.07,328.94,P011,EQ030
2025-09-04 16:20:00,1636.08,789.02,2.55,0.0589,0.0191,0.0089,500.39,2.87,97.74,294.8,P010,EQ037
2025-09-04 16:30:00,1659.36,871.5,2.6,0.06,0.0179,0.0056,523.83,2.93,88.66,299.28,P017,EQ044
2025-09-04 16:40:00,1643.56,852.79,2.76,0.0346,0.0103,0.0111,510.17,3.28,101.68,293.2,P006,EQ002
2025-09-04 16:50:00,1650.68,780.17,2.31,0.0309,0.0092,0.0085,464.26,3.21,93.89,284.22,P003,EQ009
2025-09-04 17:00:00,1684.72,770.41,2.42,0.0457,0.0117,0.0075,474.95,2.71,95.89,317.31,P009,EQ016
2025-09-04 17:10:00,1644.35,837.42,2.63,0.0451,0.0111,0.0104,427.51,3.16,94.76,311.23,P012,EQ023
2025-09-04 17:20:00,1624.07,806.09,2.67,0.042,0.0128,0.0099,493.07,3.11,108.43,312.54,P023,EQ030
2025-09-04 17:30:00,1637.27,777.69,2.35,0.0622,0.0165,0.0097,589.44,3.28,89.4,298.61,P025,EQ037
2025-09-04 17:40:00,1644.29,835.24,2.79,0.0543,0.0157,0.0071,590.18,3.11,96.23,290.07,P014,EQ044
2025-09-04 17:50:00,1664.39,777.21,1.98,0.084,0.0074,0.0102,505.56,2.97,104.12,286.66,P012,EQ002
2025-09-04 18:00:00,1667.64,830.22,2.36,0.0413,0.024,0.0078,466.48,3.18,104.01,314.6,P021,EQ009
2025-09-04 18:10:00,1665.62,792.99,2.48,0.0457,0.0145,0.0128,491.14,3.0,104.85,300.26,P022,EQ016
2025-09-04 18:20:00,1629.8,850.91,2.36,0.043,0.0135,0.0114,474.49,3.13,109.05,282.97,P008,EQ023
2025-09-04 18:30:00,1633.96,876.45,1.93,0.0448,0.0144,0.0104,521.51,2.91,87.34,314.92,P005,EQ030
2025-09-04 18:40:00,1663.56,750.06,2.28,0.0484,0.0088,0.0095,453.82,3.17,80.59,294.55,P025,EQ037
2025-09-04 18:50:00,1637.37,664.62,2.46,0.0482,0.0144,0.0097,579.18,2.85,98.36,285.41,P025,EQ044
2025-09-04 19:00:00,1649.99,804.01,2.53,0.0502,0.0139,0.0086,494.1,2.9,97.6,297.01,P017,EQ002
2025-09-04 19:10:00,1670.76,830.1,2.51,0.0533,0.0169,0.0126,443.11,3.22,123.62,342.13,P014,EQ009
2025-09-04 19:20:00,1655.54,831.09,1.93,0.0504,0.013,0.0088,497.49,3.14,108.56,292.61,P026,EQ016
2025-09-04 19:30:00,1675.48,818.44,2.49,0.0573,0.0164,0.0137,543.17,3.29,94.73,288.06,P008,EQ023
2025-09-04 19:40:00,1644.45,791.23,2.64,0.0337,0.0199,0.0061,403.43,2.84,102.28,271.31,P005,EQ030
2025-09-04 19:50:00,1674.7,842.86,2.26,0.0613,0.0135,0.0104,545.53,3.07,102.1,301.29,P026,EQ037
2025-09-04 20:00:00,1621.0,770.42,2.63,0.0564,0.0176,0.0101,495.93,3.31,114.72,319.33,P014,EQ044
2025-09-04 20:10:00,1640.99,885.57,2.04,0.0377,0.014,0.008,430.39,3.15,127.25,293.12,P014,EQ002
2025-09-04 20:20:00,1660.5,839.35,2.37,0.0682,0.0142,0.0103,558.27,3.24,94.34,295.66,P030,EQ009
2025-09-04 20:30:00,1655.77,836.0,2.29,0.0586,0.0167,0.0093,473.41,2.86,91.42,293.64,P014,EQ016
2025-09-04 20:40:00,1671.32,763.62,2.56,0.053,0.009,0.0104,470.52,3.24,92.06,288.43,P029,EQ023
2025-09-04 20:50:00,1636.05,825.96,2.8,0.0665,0.0167,0.0072,466.79,2.88,88.61,307.31,P015,EQ030
2025-09-04 21:00:00,1631.58,822.33,2.31,0.059,0.0162,0.0132,523.03,3.05,106.43,304.64,P028,EQ037
2025-09-04 21:10:00,1651.98,722.59,2.22,0.0491,0.0163,0.0134,506.87,2.88,94.82,323.26,P017,EQ044
2025-09-04 21:20:00,1657.85,886.51,2.38,0.0668,0.0124,0.0131,485.75,3.23,98.29,289.43,P026,EQ002
2025-09-04 21:30:00,1628.4,827.53,2.64,0.0646,0.0131,0.0115,496.94,3.05,114.71,272.32,P022,EQ009
2025-09-04 21:40:00,1632.73,692.42,2.09,0.0718,0.0129,0.0119,482.57,2.85,82.44,324.81,P012,EQ016
2025-09-04 21:50:00,1684.82,811.69,2.96,0.0453,0.0115,0.0072,497.28,2.89,99.92,283.09,P001,EQ023
2025-09-04 22:00:00,1672.1,786.73,2.23,0.069,0.0159,0.0101,511.89,2.97,100.46,302.95,P015,EQ030
2025-09-04 22:10:00,1653.99,821.02,2.75,0.0602,0.0164,0.0098,575.24,3.21,94.14,293.92,P005,EQ037
2025-09-04 22:20:00,1659.22,859.35,2.62,0.0476,0.0219,0.0093,469.51,3.08,111.06,318.37,P025,EQ044
2025-09-04 22:30:00,1649.79,775.43,2.48,0.0567,0.0123,0.0103,542.92,3.04,105.07,287.09,P001,EQ002
2025-09-04 22:40:00,1629.25,785.43,1.98,0.0443,0.0158,0.005,469.21,2.74,100.33,293.12,P023,EQ009
2025-09-04 22:50:00,1660.76,855.89,2.75,0.07,0.0142,0.0081,453.53,3.3,87.02,311.59,P026,EQ016
2025-09-04 23:00:00,1658.36,876.67,2.67,0.0384,0.0153,0.0105,533.05,2.87,109.56,308.22,P017,EQ023
2025-09-04 23:10:00,1663.98,869.66,2.7,0.0549,0.0133,0.0119,563.82,2.98,85.99,304.1,P003,EQ030
2025-09-04 23:20:00,1660.32,841.61,2.95,0.0359,0.0138,0.0114,565.95,2.98,113.7,301.88,P003,EQ037
2025-09-04 23:30:00,1634.09,764.51,2.41,0.0475,0.0149,0.0097,482.13,2.8,128.46,282.47,P011,EQ044
2025-09-04 23:40:00,1625.24,771.11,2.57,0.0619,0.018,0.0116,436.58,2.67,94.24,291.07,P011,EQ002
2025-09-04 23:50:00,1693.23,779.4,2.21,0.0525,0.0186,0.0146,566.78,3.15,105.53,300.46,P013,EQ009
2025-09-05 00:00:00,1665.24,824.53,1.84,0.0508,0.012,0.0098,522.73,3.44,91.38,303.92,P025,EQ016
2025-09-05 00:10:00,1662.05,898.36,2.85,0.0525,0.0166,0.0075,455.21,3.12,80.93,312.86,P006,EQ023
2025-09-05 00:20:00,1614.14,781.11,2.62,0.0432,0.0177,0.0108,514.99,2.96,95.16,286.55,P014,EQ030
2025-09-05 00:30:00,1671.89,736.53,2.36,0.063,0.0161,0.0089,461.65,2.87,88.42,320.04,P002,EQ037
2025-09-05 00:40:00,1649.95,779.83,2.33,0.0591,0.0158,0.0102,504.7,3.06,97.05,292.91,P013,EQ044
2025-09-05 00:50:00,1639.97,845.24,2.1,0.045,0.0201,0.0098,434.5,2.92,76.69,271.84,P025,EQ002
2025-09-05 01:00:00,1661.37,768.83,2.49,0.0559,0.0181,0.0115,503.63,2.88,107.4,308.22,P002,EQ009
2025-09-05 01:10:00,1681.81,715.13,2.21,0.0543,0.0118,0.0074,504.4,2.58,102.36,302.83,P022,EQ016
2025-09-05 01:20:00,1645.89,872.05,2.83,0.0386,0.0144,0.0072,519.26,3.07,116.12,294.45,P030,EQ023
2025-09-05 01:30:00,1645.11,845.48,2.76,0.0534,0.0126,0.0073,473.91,2.8,99.15,308.81,P021,EQ030
2025-09-05 01:40:00,1633.71,769.86,2.56,0.0602,0.0167,0.0106,514.08,2.84,110.1,317.33,P005,EQ037
2025-09-05 01:50:00,1638.46,728.05,2.49,0.0437,0.0128,0.0123,498.67,2.97,98.13,311.12,P029,EQ044
2025-09-05 02:00:00,1641.86,795.2,2.41,0.0638,0.0179,0.0123,569.95,2.87,107.96,275.64,P019,EQ002
2025-09-05 02:10:00,1626.49,842.6,2.5,0.0436,0.017,0.0053,410.26,3.16,104.51,300.82,P002,EQ009
2025-09-05 02:20:00,1644.43,781.44,2.8,0.0643,0.0154,0.008,595.39,2.84,102.27,281.7,P021,EQ016
2025-09-05 02:30:00,1631.75,764.4,2.72,0.0616,0.0172,0.0078,553.21,3.02,100.4,330.11,P023,EQ023
2025-09-05 02:40:00,1680.28,856.11,2.45,0.0537,0.0107,0.0106,504.82,3.21,112.76,321.78,P026,EQ030
2025-09-05 02:50:00,1661.7,777.39,2.49,0.0497,0.013,0.0111,466.19,2.82,90.87,301.85,P022,EQ037
2025-09-05 03:00:00,1616.81,820.88,2.54,0.054,0.0179,0.0123,483.52,3.13,106.59,301.55,P029,EQ044
2025-09-05 03:10:00,1662.3,766.72,2.01,0.0648,0.0122,0.0111,499.04,3.43,107.9,330.41,P017,EQ002
2025-09-05 03:20:00,1658.33,809.79,2.76,0.0556,0.0154,0.0116,414.41,2.91,98.26,307.85,P010,EQ009
2025-09-05 03:30:00,1642.61,772.45,2.08,0.0653,0.0211,0.0105,372.77,2.55,90.87,283.0,P014,EQ016
2025-09-05 03:40:00,1640.28,860.09,2.51,0.0594,0.013,0.0112,549.68,2.76,96.09,302.66,P013,EQ023
2025-09-05 03:50:00,1633.07,830.36,2.67,0.0464,0.021,0.0123,485.57,3.11,100.17,291.9,P029,EQ030
2025-09-05 04:00:00,1661.37,834.02,2.55,0.0584,0.0124,0.0073,530.12,2.76,101.0,280.62,P022,EQ037
2025-09-05 04:10:00,1643.64,734.58,1.83,0.065,0.0114,0.0107,535.35,3.0,106.64,319.96,P023,EQ044
2025-09-05 04:20:00,1594.32,803.33,2.47,0.0507,0.0138,0.0104,525.41,3.29,103.26,279.1,P018,EQ002
2025-09-05 04:30:00,1647.43,812.94,2.2,0.0761,0.0146,0.01,599.18,2.86,110.06,301.38,P028,EQ009
2025-09-05 04:40:00,1667.84,855.14,2.92,0.0463,0.0129,0.0093,549.86,2.78,117.19,325.9,P010,EQ016
2025-09-05 04:50:00,1640.74,775.79,3.13,0.0399,0.0185,0.014,496.03,2.87,117.01,274.07,P024,EQ023
2025-09-05 05:00:00,1648.75,843.24,2.44,0.0597,0.0112,0.0114,507.67,2.73,86.59,308.93,P024,EQ030
2025-09-05 05:10:00,1628.3,844.96,2.77,0.0456,0.0103,0.0097,588.02,3.01,97.54,290.5,P011,EQ037
2025-09-05 05:20:00,1668.59,851.13,2.0,0.0433,0.0136,0.0052,535.62,2.65,114.31,300.16,P030,EQ044
2025-09-05 05:30:00,1615.55,849.46,2.78,0.0589,0.0203,0.0117,495.41,3.09,95.11,298.11,P012,EQ002
2025-09-05 05:40:00,1648.21,753.42,3.27,0.0418,0.0146,0.0064,436.45,2.93,92.93,320.4,P001,EQ009
2025-09-05 05:50:00,1620.31,855.13,2.31,0.0494,0.0169,0.012,427.99,2.87,115.64,311.33,P027,EQ016
2025-09-05 06:00:00,1650.54,735.45,2.42,0.0526,0.0188,0.0089,476.43,2.91,97.16,263.13,P009,EQ023
2025-09-05 06:10:00,1624.19,820.16,2.8,0.0437,0.0153,0.0094,470.39,2.95,108.03,271.66,P029,EQ030
2025-09-05 06:20:00,1655.6,880.39,2.97,0.0455,0.0182,0.0054,498.03,2.92,110.71,305.14,P017,EQ037
2025-09-05 06:30:00,1688.03,814.76,2.64,0.0556,0.0096,0.0094,457.58,3.2,90.17,326.61,P020,EQ044
2025-09-05 06:40:00,1674.96,843.77,2.35,0.0468,0.0182,0.0093,509.21,3.05,102.71,313.88,P030,EQ002
2025-09-05 06:50:00,1636.6,788.31,2.13,0.0436,0.0141,0.0107,527.08,3.1,101.27,279.22,P005,EQ009
2025-09-05 07:00:00,1617.11,801.49,2.7,0.0464,0.0165,0.008,534.81,3.21,72.55,308.45,P023,EQ016
2025-09-05 07:10:00,1684.71,767.01,2.5,0.0512,0.0126,0.0095,558.62,3.25,106.18,276.5,P013,EQ023
2025-09-05 07:20:00,1659.2,761.71,2.35,0.0643,0.0158,0.0081,467.86,3.03,104.66,294.81,P015,EQ030
2025-09-05 07:30:00,1674.24,808.91,2.34,0.064,0.0174,0.0076,525.2,2.74,108.48,312.46,P021,EQ037
2025-09-05 07:40:00,1644.04,806.01,2.7,0.04,0.0154,0.0101,539.8,3.0,106.2,295.05,P007,EQ044
2025-09-05 07:50:00,1662.08,828.23,2.9,0.0579,0.0218,0.014,478.44,2.73,93.63,293.86,P029,EQ002
2025-09-05 08:00:00,1659.49,865.95,3.59,0.049,0.015,0.0084,515.94,2.98,98.51,310.86,P018,EQ009
2025-09-05 08:10:00,1665.09,761.47,2.68,0.0381,0.0093,0.0082,527.0,2.98,72.83,294.83,P020,EQ016
2025-09-05 08:20:00,1630.05,731.49,2.9,0.0613,0.0175,0.011,517.43,3.3,94.73,305.12,P026,EQ023
2025-09-05 08:30:00,1661.78,747.1,2.23,0.0485,0.0197,0.0064,470.24,2.83,107.98,313.19,P020,EQ030
2025-09-05 08:40:00,1651.12,807.9,2.71,0.0448,0.0144,0.0084,555.25,3.05,105.57,295.89,P021,EQ037
2025-09-05 08:50:00,1660.89,764.0,2.45,0.0658,0.0198,0.0133,509.81,2.87,89.42,321.86,P015,EQ044
2025-09-05 09:00:00,1652.3,858.0,2.98,0.058,0.0105,0.0119,490.65,3.21,103.53,289.2,P023,EQ002
2025-09-05 09:10:00,1613.1,812.32,2.82,0.0693,0.021,0.0116,517.03,2.59,107.13,281.12,P012,EQ009
2025-09-05 09:20:00,1672.57,777.62,2.87,0.0347,0.018,0.0077,533.58,2.79,78.05,294.65,P029,EQ016
2025-09-05 09:30:00,1653.06,785.35,2.48,0.053,0.0168,0.0131,500.0,3.18,105.89,260.94,P026,EQ023
2025-09-05 09:40:00,1626.14,796.48,3.02,0.0516,0.0186,0.0094,544.83,2.75,96.28,309.23,P026,EQ030
2025-09-05 09:50:00,1670.38,828.67,2.43,0.0521,0.0121,0.0106,451.64,2.89,110.11,288.41,P021,EQ037
2025-09-05 10:00:00,1646.53,855.55,2.57,0.0325,0.0186,0.0094,520.2,2.89,106.93,296.94,P013,EQ044
2025-09-05 10:10:00,1607.25,800.91,2.5,0.0408,0.0187,0.0115,506.41,2.68,69.57,307.43,P025,EQ002
2025-09-05 10:20:00,1675.39,795.95,2.64,0.0611,0.017,0.0095,478.11,2.7,103.25,292.16,P007,EQ009
2025-09-05 10:30:00,1622.89,728.67,2.62,0.0426,0.0152,0.0116,486.15,3.19,86.31,304.67,P029,EQ016
2025-09-05 10:40:00,1639.69,885.4,2.3,0.0473,0.01,0.0082,510.32,3.0,109.2,308.93,P010,EQ023
2025-09-05 10:50:00,1618.05,786.86,2.54,0.058,0.0173,0.0101,484.09,2.94,112.06,310.95,P003,EQ030
2025-09-05 11:00:00,1654.79,852.77,2.27,0.0564,0.0121,0.0103,544.79,2.92,97.87,281.14,P002,EQ037
2025-09-05 11:10:00,1647.71,851.36,2.61,0.0381,0.0195,0.0081,614.11,2.92,94.85,298.92,P018,EQ044
2025-09-05 11:20:00,1641.11,856.65,2.56,0.0467,0.0173,0.0112,478.52,3.07,101.47,288.72,P011,EQ002
2025-09-05 11:30:00,1649.32,844.43,1.96,0.0572,0.0132,0.0131,542.06,3.31,101.96,284.88,P013,EQ009
2025-09-05 11:40:00,1667.23,922.13,2.77,0.0628,0.0123,0.009,625.17,2.84,80.53,282.92,P024,EQ016
2025-09-05 11:50:00,1671.75,783.13,2.32,0.031,0.0188,0.0112,515.67,3.03,103.36,285.09,P024,EQ023
2025-09-05 12:00:00,1670.2,699.08,2.51,0.0607,0.018,0.0115,458.53,3.19,101.98,313.5,P024,EQ030
2025-09-05 12:10:00,1679.99,770.64,2.89,0.0432,0.0159,0.0084,596.91,3.1,92.63,312.34,P029,EQ037
2025-09-05 12:20:00,1666.79,720.08,2.63,0.0424,0.0179,0.0095,533.66,2.91,96.32,288.16,P005,EQ044
2025-09-05 12:30:00,1632.98,835.32,2.24,0.0648,0.0225,0.0082,512.05,2.9,101.76,298.9,P017,EQ002
2025-09-05 12:40:00,1621.02,789.78,2.35,0.0369,0.0152,0.0087,464.79,3.16,87.65,279.99,P018,EQ009
2025-09-05 12:50:00,1663.82,702.1,2.7,0.0646,0.0135,0.0116,459.23,3.09,94.66,267.62,P010,EQ016
2025-09-05 13:00:00,1664.69,797.16,2.18,0.0653,0.0161,0.0077,499.2,3.06,96.33,299.46,P007,EQ023
2025-09-05 13:10:00,1619.33,835.43,2.37,0.0388,0.0198,0.0091,514.22,2.88,105.68,297.45,P003,EQ030
2025-09-05 13:20:00,1626.38,755.42,2.21,0.0502,0.0191,0.0129,498.52,2.98,98.34,289.75,P017,EQ037
2025-09-05 13:30:00,1627.61,767.87,2.58,0.0626,0.0148,0.0106,408.59,3.02,88.85,309.15,P018,EQ044
2025-09-05 13:40:00,1672.56,702.84,2.25,0.0378,0.0213,0.0104,543.91,3.05,99.86,300.37,P010,EQ002
2025-09-05 13:50:00,1661.03,752.77,2.05,0.0511,0.0167,0.0075,447.28,2.82,113.9,326.19,P017,EQ009
2025-09-05 14:00:00,1647.65,735.88,2.47,0.0565,0.0141,0.0095,445.85,2.85,113.02,316.45,P011,EQ016
2025-09-05 14:10:00,1652.4,748.16,2.45,0.0667,0.0156,0.011,395.76,2.75,113.63,311.16,P025,EQ023
2025-09-05 14:20:00,1633.38,834.89,3.11,0.0457,0.0105,0.0109,471.93,3.25,96.78,277.84,P021,EQ030
2025-09-05 14:30:00,1637.46,687.92,2.61,0.0352,0.013,0.0087,491.39,3.25,82.84,277.56,P006,EQ037
2025-09-05 14:40:00,1641.75,794.12,2.41,0.0466,0.0167,0.0114,527.94,3.19,101.18,296.38,P001,EQ044
2025-09-05 14:50:00,1673.98,814.66,2.77,0.0486,0.0136,0.0115,521.74,3.14,101.81,294.5,P001,EQ002
2025-09-05 15:00:00,1648.38,710.59,2.49,0.034,0.0107,0.0093,546.41,2.89,115.38,294.22,P029,EQ009
2025-09-05 15:10:00,1656.07,782.55,2.61,0.0468,0.0118,0.0089,604.14,3.17,102.15,294.76,P026,EQ016
2025-09-05 15:20:00,1652.99,792.58,2.53,0.069,0.0171,0.0068,521.73,2.89,116.51,297.64,P018,EQ023
2025-09-05 15:30:00,1617.4,775.86,3.07,0.0597,0.018,0.0102,476.58,3.23,97.47,290.85,P019,EQ030
2025-09-05 15:40:00,1636.51,841.98,2.5,0.043,0.0132,0.008,502.22,3.06,99.19,298.07,P009,EQ037
2025-09-05 15:50:00,1638.11,881.3,2.34,0.0636,0.0137,0.0142,530.58,2.97,115.31,309.57,P008,EQ044
2025-09-05 16:00:00,1689.87,790.6,2.29,0.0453,0.0119,0.0085,544.58,3.13,98.71,290.51,P027,EQ002
2025-09-05 16:10:00,1654.49,744.6,2.86,0.0446,0.0204,0.0119,435.46,2.88,114.3,296.13,P025,EQ009
2025-09-05 16:20:00,1663.09,750.97,2.71,0.0282,0.0144,0.0121,508.95,3.02,95.52,296.62,P010,EQ016
2025-09-05 16:30:00,1650.21,765.18,2.66,0.0414,0.0176,0.0097,490.66,2.9,130.82,317.22,P024,EQ023
2025-09-05 16:40:00,1646.32,790.7,2.23,0.0485,0.0153,0.006,545.25,2.97,117.86,303.95,P014,EQ030
2025-09-05 16:50:00,1651.6,758.15,2.78,0.0547,0.0178,0.0071,493.81,2.95,113.47,286.74,P017,EQ037
2025-09-05 17:00:00,1668.61,764.37,2.01,0.0573,0.0166,0.0093,528.24,3.19,93.93,297.62,P004,EQ044
2025-09-05 17:10:00,1662.15,783.57,2.42,0.0416,0.0135,0.0103,508.27,3.23,87.18,315.42,P024,EQ002
2025-09-05 17:20:00,1678.93,784.61,2.68,0.0637,0.0163,0.0141,474.39,3.55,106.03,324.32,P002,EQ009
2025-09-05 17:30:00,1653.16,855.4,3.09,0.0397,0.012,0.0111,603.98,2.78,90.43,312.19,P027,EQ016
2025-09-05 17:40:00,1653.62,830.8,2.88,0.0614,0.0133,0.01,462.11,2.79,87.37,299.01,P012,EQ023
2025-09-05 17:50:00,1672.53,812.69,2.12,0.0656,0.018,0.0092,474.55,3.15,99.99,281.07,P009,EQ030
2025-09-05 18:00:00,1636.71,825.96,2.89,0.0581,0.0157,0.011,464.24,2.94,94.93,298.14,P021,EQ037
2025-09-05 18:10:00,1632.91,739.21,2.63,0.0487,0.0139,0.011,365.15,2.93,101.25,306.92,P017,EQ044
2025-09-05 18:20:00,1628.26,782.05,2.32,0.0548,0.0133,0.0089,446.93,2.92,91.58,301.18,P012,EQ002
2025-09-05 18:30:00,1682.3,768.47,2.12,0.0426,0.022,0.0125,518.54,3.01,80.96,293.26,P004,EQ009
2025-09-05 18:40:00,1699.65,798.35,2.65,0.0604,0.0122,0.0091,548.34,3.07,82.75,293.47,P002,EQ016
2025-09-05 18:50:00,1639.64,752.98,2.45,0.042,0.0215,0.0076,462.25,3.27,90.2,275.25,P025,EQ023
2025-09-05 19:00:00,1598.44,824.03,2.36,0.0532,0.0169,0.0106,506.07,2.82,90.01,297.02,P021,EQ030
2025-09-05 19:10:00,1645.94,822.32,2.52,0.0553,0.0147,0.0107,549.79,2.76,109.76,314.7,P004,EQ037
2025-09-05 19:20:00,1635.51,755.29,2.98,0.0548,0.0145,0.0071,421.0,3.16,106.72,294.52,P015,EQ044
2025-09-05 19:30:00,1669.1,722.76,2.53,0.0455,0.0201,0.0103,478.4,3.12,97.64,302.1,P010,EQ002
2025-09-05 19:40:00,1686.72,797.55,2.27,0.0632,0.0165,0.0117,523.65,3.05,125.06,298.79,P019,EQ009
2025-09-05 19:50:00,1641.86,820.58,2.23,0.0363,0.0128,0.0118,415.09,3.1,120.5,286.26,P024,EQ016
2025-09-05 20:00:00,1668.8,841.3,2.96,0.0683,0.0173,0.0132,474.92,3.02,100.91,306.0,P001,EQ023
2025-09-05 20:10:00,1660.57,808.62,2.49,0.0365,0.0195,0.011,537.82,2.98,108.58,297.86,P015,EQ030
2025-09-05 20:20:00,1661.45,762.44,2.41,0.0431,0.0142,0.0087,466.51,2.95,94.93,293.99,P011,EQ037
2025-09-05 20:30:00,1681.28,797.17,2.99,0.0572,0.0129,0.0084,429.49,2.84,99.04,318.05,P008,EQ044
2025-09-05 20:40:00,1634.9,846.61,2.74,0.0505,0.0106,0.0078,472.73,3.0,110.9,297.99,P026,EQ002
2025-09-05 20:50:00,1643.6,836.57,2.42,0.0548,0.0184,0.0118,431.53,3.06,99.5,312.62,P024,EQ009
2025-09-05 21:00:00,1664.26,750.47,2.28,0.0602,0.0145,0.0097,546.78,3.08,105.06,281.94,P019,EQ016
2025-09-05 21:10:00,1636.98,806.77,2.79,0.0535,0.0178,0.009,380.12,3.32,87.68,299.76,P019,EQ023
2025-09-05 21:20:00,1626.77,774.35,2.6,0.0571,0.0152,0.008,536.03,2.96,107.69,314.37,P023,EQ030
2025-09-05 21:30:00,1647.93,826.95,2.86,0.0443,0.0162,0.0115,501.76,3.26,111.58,304.96,P029,EQ037
2025-09-05 21:40:00,1645.61,774.45,3.23,0.056,0.0189,0.0113,571.79,2.98,95.97,299.7,P021,EQ044
2025-09-05 21:50:00,1637.98,827.06,2.24,0.0671,0.014,0.0071,518.37,3.12,117.03,301.26,P022,EQ002
2025-09-05 22:00:00,1663.94,757.66,2.38,0.0506,0.0159,0.0102,557.87,3.46,89.69,307.17,P018,EQ009
2025-09-05 22:10:00,1640.67,898.73,2.25,0.0495,0.0168,0.0119,497.45,3.25,70.28,323.71,P028,EQ016
2025-09-05 22:20:00,1656.65,884.94,2.87,0.0225,0.0205,0.0145,429.05,2.92,95.31,309.19,P020,EQ023
2025-09-05 22:30:00,1629.83,817.59,2.67,0.0453,0.0149,0.0075,480.53,2.98,85.4,311.54,P008,EQ030
2025-09-05 22:40:00,1652.06,732.28,2.21,0.0418,0.0163,0.011,564.15,2.84,104.13,294.13,P012,EQ037
2025-09-05 22:50:00,1668.24,786.01,2.09,0.0499,0.0164,0.0126,496.17,2.96,92.41,296.81,P010,EQ044
2025-09-05 23:00:00,1674.04,862.11,2.47,0.0518,0.0095,0.0123,409.0,3.1,95.33,276.74,P010,EQ002
2025-09-05 23:10:00,1643.01,709.5,2.72,0.0677,0.0149,0.0132,454.74,3.27,108.44,295.85,P022,EQ009
2025-09-05 23:20:00,1632.83,767.77,2.96,0.0615,0.0115,0.0124,589.72,2.99,103.46,291.08,P026,EQ016
2025-09-05 23:30:00,1645.13,776.53,2.8,0.0651,0.013,0.0129,467.3,3.06,124.55,286.93,P027,EQ023
2025-09-05 23:40:00,1631.04,791.47,2.53,0.0545,0.0189,0.0102,516.33,3.17,94.91,283.97,P023,EQ030
2025-09-05 23:50:00,1630.73,807.25,2.31,0.036,0.0142,0.0101,527.2,3.26,92.19,290.81,P019,EQ037
2025-09-06 00:00:00,1663.29,875.8,2.68,0.0612,0.0133,0.0104,575.6,2.61,88.93,294.91,P022,EQ044
2025-09-06 00:10:00,1631.03,820.63,2.46,0.0327,0.0125,0.008,451.25,3.01,93.87,290.81,P005,EQ002
2025-09-06 00:20:00,1649.64,796.48,2.46,0.036,0.0122,0.0092,473.12,2.88,99.0,251.17,P023,EQ009
2025-09-06 00:30:00,1651.34,851.59,2.6,0.0583,0.0162,0.0101,522.43,3.05,110.91,292.78,P013,EQ016
2025-09-06 00:40:00,1656.01,800.51,2.87,0.0503,0.016,0.0108,534.5,3.05,100.0,295.58,P017,EQ023
2025-09-06 00:50:00,1627.57,766.16,1.94,0.0726,0.0187,0.0108,551.62,3.04,109.82,307.03,P024,EQ030
2025-09-06 01:00:00,1651.82,792.41,2.78,0.0562,0.0127,0.0096,454.46,3.04,85.35,290.45,P008,EQ037
2025-09-06 01:10:00,1655.15,692.39,2.53,0.0528,0.0129,0.0111,494.8,2.76,91.89,287.11,P004,EQ044
2025-09-06 01:20:00,1629.41,812.51,2.83,0.0527,0.0163,0.0095,593.26,3.05,96.65,307.06,P011,EQ002
2025-09-06 01:30:00,1636.22,895.02,3.05,0.0518,0.0165,0.0097,407.59,3.09,114.22,308.57,P017,EQ009
2025-09-06 01:40:00,1644.57,774.42,3.06,0.0378,0.0112,0.0059,470.05,2.9,101.71,275.4,P019,EQ016
2025-09-06 01:50:00,1634.67,817.67,2.22,0.0478,0.0116,0.0117,457.81,2.73,83.24,315.58,P007,EQ023
2025-09-06 02:00:00,1658.77,820.63,2.46,0.05,0.0215,0.0101,577.05,3.03,105.66,334.64,P027,EQ030
2025-09-06 02:10:00,1637.77,811.31,2.15,0.0492,0.0191,0.0119,505.59,3.36,102.3,308.81,P025,EQ037
2025-09-06 02:20:00,1635.42,871.41,2.31,0.0393,0.0156,0.0123,520.53,2.58,96.54,293.55,P012,EQ044
2025-09-06 02:30:00,1681.93,798.23,2.49,0.053,0.0142,0.0108,452.05,3.01,89.85,296.19,P015,EQ002
2025-09-06 02:40:00,1653.2,781.43,2.47,0.047,0.0178,0.0102,626.39,3.3,90.37,297.28,P004,EQ009
2025-09-06 02:50:00,1640.25,768.92,2.33,0.0453,0.0166,0.0149,557.41,2.94,92.77,294.22,P005,EQ016
2025-09-06 03:00:00,1686.74,895.84,2.31,0.0423,0.0169,0.0093,628.15,2.87,94.65,311.4,P023,EQ023
2025-09-06 03:10:00,1621.46,788.38,2.21,0.0498,0.0155,0.0078,562.29,3.18,117.75,321.93,P014,EQ030
2025-09-06 03:20:00,1655.35,879.18,2.63,0.0549,0.0197,0.0111,492.59,3.15,86.1,295.2,P027,EQ037
2025-09-06 03:30:00,1679.52,807.69,2.41,0.0469,0.0103,0.0099,534.93,2.91,118.41,322.6,P014,EQ044
2025-09-06 03:40:00,1656.34,832.07,2.97,0.045,0.0183,0.0099,591.11,3.16,124.68,290.31,P003,EQ002
2025-09-06 03:50:00,1650.1,895.88,2.42,0.0502,0.0177,0.0106,462.45,3.11,104.65,272.82,P003,EQ009
2025-09-06 04:00:00,1637.3,802.72,2.39,0.0481,0.0167,0.0103,444.94,3.19,91.39,301.59,P002,EQ016
2025-09-06 04:10:00,1676.55,707.82,2.12,0.041,0.015,0.0079,524.57,3.01,83.05,311.26,P014,EQ023
2025-09-06 04:20:00,1702.75,808.87,2.05,0.0633,0.0195,0.0122,520.46,2.9,82.34,286.04,P029,EQ030
2025-09-06 04:30:00,1633.96,658.2,2.38,0.0598,0.0157,0.0125,505.22,3.26,86.96,340.4,P005,EQ037
2025-09-06 04:40:00,1645.19,769.02,2.88,0.0466,0.0166,0.0099,464.83,2.85,89.4,291.41,P016,EQ044
2025-09-06 04:50:00,1625.8,841.51,2.37,0.0591,0.0129,0.0106,483.58,3.15,91.76,292.0,P007,EQ002
2025-09-06 05:00:00,1644.35,874.58,2.65,0.0592,0.0168,0.0077,504.66,2.71,95.17,311.69,P015,EQ009
2025-09-06 05:10:00,1651.0,783.45,2.68,0.0679,0.0107,0.0094,477.39,2.67,90.51,315.5,P003,EQ016
2025-09-06 05:20:00,1664.67,789.09,2.47,0.0544,0.0155,0.0096,404.41,2.96,96.8,318.55,P012,EQ023
2025-09-06 05:30:00,1606.8,767.64,2.95,0.0383,0.0177,0.0088,616.86,2.97,110.31,277.45,P022,EQ030
2025-09-06 05:40:00,1617.28,830.92,2.42,0.0614,0.0171,0.0076,545.07,3.44,76.36,299.57,P017,EQ037
2025-09-06 05:50:00,1674.98,839.05,3.2,0.0639,0.0137,0.0103,540.88,3.01,111.79,334.45,P013,EQ044
2025-09-06 06:00:00,1635.97,801.89,2.74,0.0535,0.0057,0.0118,555.33,3.17,107.29,304.84,P019,EQ002
2025-09-06 06:10:00,1646.25,798.31,2.96,0.0564,0.0159,0.0094,506.66,3.38,97.67,291.59,P018,EQ009
2025-09-06 06:20:00,1677.61,862.75,2.3,0.0459,0.0163,0.01,516.25,2.86,103.32,279.07,P017,EQ016
2025-09-06 06:30:00,1659.87,839.81,2.11,0.0349,0.0179,0.0082,443.12,3.05,104.96,309.89,P025,EQ023
2025-09-06 06:40:00,1630.71,737.75,2.75,0.0473,0.0193,0.0115,494.11,2.55,88.32,308.75,P013,EQ030
2025-09-06 06:50:00,1685.23,862.86,2.17,0.0376,0.0172,0.0142,565.39,2.9,89.17,306.07,P028,EQ037
2025-09-06 07:00:00,1717.15,848.19,2.64,0.0489,0.0101,0.0097,474.03,2.75,95.55,280.56,P009,EQ044
2025-09-06 07:10:00,1673.81,805.6,2.62,0.0736,0.0194,0.0075,462.77,3.15,88.7,292.46,P019,EQ002
2025-09-06 07:20:00,1658.66,737.74,2.39,0.049,0.0128,0.0114,481.4,2.93,98.33,280.56,P016,EQ009
2025-09-06 07:30:00,1639.29,788.1,2.43,0.0392,0.0143,0.0101,548.3,2.69,84.42,312.03,P021,EQ016
2025-09-06 07:40:00,1622.41,888.81,2.68,0.0279,0.0147,0.0081,455.72,2.88,112.97,294.15,P014,EQ023
2025-09-06 07:50:00,1669.58,768.78,2.04,0.0517,0.0161,0.0073,607.35,3.04,93.26,322.16,P015,EQ030
2025-09-06 08:00:00,1640.92,814.11,2.37,0.0437,0.0093,0.0106,506.01,3.15,92.02,302.47,P023,EQ037
2025-09-06 08:10:00,1674.61,840.88,2.66,0.0605,0.0095,0.01,448.39,3.07,92.3,285.15,P030,EQ044
2025-09-06 08:20:00,1664.46,785.54,2.09,0.0595,0.0151,0.0088,660.41,2.89,105.0,296.97,P016,EQ002
2025-09-06 08:30:00,1650.01,803.9,2.23,0.0656,0.0133,0.0076,518.01,2.77,121.7,272.11,P024,EQ009
2025-09-06 08:40:00,1684.39,790.88,2.87,0.0453,0.0161,0.0084,501.06,2.63,86.5,315.03,P014,EQ016
2025-09-06 08:50:00,1672.88,820.65,2.62,0.0679,0.019,0.0105,483.62,2.96,95.4,280.86,P027,EQ023
2025-09-06 09:00:00,1646.92,748.6,2.67,0.0636,0.0193,0.0116,506.73,3.17,90.88,286.38,P006,EQ030
2025-09-06 09:10:00,1607.78,805.27,2.09,0.0541,0.0174,0.0097,497.3,2.77,108.22,310.43,P005,EQ037
2025-09-06 09:20:00,1652.22,758.72,2.24,0.0485,0.0131,0.0092,514.36,3.18,103.75,276.59,P017,EQ044
2025-09-06 09:30:00,1676.51,820.17,3.05,0.0642,0.0115,0.0074,518.06,2.49,100.64,301.99,P005,EQ002
2025-09-06 09:40:00,1640.63,781.39,2.45,0.0471,0.0167,0.009,527.66,2.84,106.33,287.44,P016,EQ009
2025-09-06 09:50:00,1677.82,828.49,2.24,0.0418,0.0161,0.0107,494.98,3.18,86.14,282.77,P023,EQ016
2025-09-06 10:00:00,1672.83,888.32,2.38,0.0506,0.0109,0.0097,625.83,2.78,102.38,304.91,P015,EQ023
2025-09-06 10:10:00,1670.15,838.9,2.45,0.0479,0.0216,0.011,424.6,3.27,92.45,287.32,P005,EQ030
2025-09-06 10:20:00,1636.73,913.24,2.03,0.0517,0.0171,0.0091,523.54,2.84,98.69,306.05,P023,EQ037
2025-09-06 10:30:00,1700.23,788.99,2.94,0.032,0.0129,0.0122,372.39,3.3,95.56,319.77,P017,EQ044
2025-09-06 10:40:00,1638.02,841.8,2.66,0.0644,0.0134,0.011,463.5,3.09,98.41,301.74,P028,EQ002
2025-09-06 10:50:00,1634.23,813.79,2.55,0.0561,0.0169,0.0063,642.34,3.01,108.13,307.49,P017,EQ009
2025-09-06 11:00:00,1632.21,833.35,2.65,0.0364,0.0106,0.0075,446.83,2.79,86.05,301.92,P004,EQ016
2025-09-06 11:10:00,1655.99,769.32,2.99,0.057,0.0193,0.0139,481.3,3.46,97.95,319.63,P023,EQ023
2025-09-06 11:20:00,1643.08,759.97,2.46,0.0518,0.0173,0.0102,579.33,2.93,110.78,308.35,P007,EQ030
2025-09-06 11:30:00,1690.52,825.52,2.88,0.0449,0.0131,0.0091,494.57,2.81,101.25,290.03,P015,EQ037
2025-09-06 11:40:00,1657.36,789.51,2.91,0.053,0.0098,0.008,388.14,3.21,106.68,293.11,P016,EQ044
2025-09-06 11:50:00,1650.93,670.01,2.47,0.0613,0.0191,0.0104,573.32,3.21,94.29,288.64,P002,EQ002
2025-09-06 12:00:00,1658.08,790.46,2.35,0.0546,0.0105,0.0087,521.71,3.12,109.48,295.41,P024,EQ009
2025-09-06 12:10:00,1622.02,954.08,2.75,0.0595,0.0118,0.0125,603.74,3.39,108.9,284.43,P006,EQ016
2025-09-06 12:20:00,1635.63,666.09,2.49,0.0445,0.0158,0.0056,524.59,3.4,81.82,313.34,P018,EQ023
2025-09-06 12:30:00,1650.5,775.58,2.66,0.072,0.014,0.009,466.02,3.16,89.46,292.5,P012,EQ030
2025-09-06 12:40:00,1625.51,844.49,2.47,0.0494,0.0141,0.0094,432.15,3.05,104.91,295.69,P030,EQ037
2025-09-06 12:50:00,1657.72,941.36,2.43,0.0545,0.0147,0.0081,542.02,3.1,96.37,307.27,P004,EQ044
2025-09-06 13:00:00,1651.09,701.2,2.41,0.0344,0.0196,0.0096,442.66,2.74,93.28,249.36,P020,EQ002
2025-09-06 13:10:00,1640.69,738.92,2.92,0.0608,0.0143,0.0093,531.37,2.78,86.55,295.91,P028,EQ009
2025-09-06 13:20:00,1661.5,854.9,2.67,0.0559,0.0098,0.0089,527.0,3.08,107.91,312.67,P014,EQ016
2025-09-06 13:30:00,1655.03,851.61,2.23,0.0388,0.0114,0.0032,461.52,2.76,103.98,294.26,P004,EQ023
2025-09-06 13:40:00,1647.08,765.73,2.61,0.0542,0.0167,0.0118,403.24,3.12,98.44,285.2,P004,EQ030
2025-09-06 13:50:00,1649.71,770.63,2.5,0.0583,0.022,0.01,520.74,2.53,89.0,295.6,P012,EQ037
2025-09-06 14:00:00,1637.64,774.1,2.05,0.0533,0.0126,0.0106,497.09,3.08,92.59,316.54,P019,EQ044
2025-09-06 14:10:00,1647.41,788.63,2.43,0.0441,0.0139,0.011,500.54,3.1,97.61,311.31,P010,EQ002
2025-09-06 14:20:00,1635.87,791.5,2.48,0.045,0.0177,0.0094,573.09,2.84,92.15,283.33,P002,EQ009
2025-09-06 14:30:00,1605.08,812.17,2.49,0.0554,0.0135,0.0097,476.01,3.2,108.92,291.7,P017,EQ016
2025-09-06 14:40:00,1632.02,865.0,2.75,0.0564,0.0153,0.0104,531.92,3.36,95.16,302.69,P005,EQ023
2025-09-06 14:50:00,1637.54,773.36,2.66,0.0473,0.011,0.0097,517.16,3.07,105.7,316.0,P004,EQ030
2025-09-06 15:00:00,1652.23,661.92,2.52,0.0588,0.0136,0.0105,633.87,3.18,107.33,285.89,P012,EQ037
2025-09-06 15:10:00,1672.47,807.57,2.47,0.05,0.0086,0.01,506.45,3.05,104.38,287.54,P010,EQ044
2025-09-06 15:20:00,1648.76,796.85,2.38,0.0372,0.0152,0.0087,478.13,3.13,93.67,295.9,P012,EQ002
2025-09-06 15:30:00,1647.06,742.45,2.53,0.0448,0.0172,0.0078,510.56,3.07,114.87,302.17,P010,EQ009
2025-09-06 15:40:00,1661.28,849.67,2.0,0.0433,0.0182,0.0068,420.63,2.85,110.14,271.61,P010,EQ016
2025-09-06 15:50:00,1650.52,888.17,2.32,0.0347,0.015,0.0114,488.07,3.02,102.67,308.26,P016,EQ023
2025-09-06 16:00:00,1651.8,801.43,2.3,0.0409,0.0171,0.0103,503.26,2.91,107.27,308.55,P001,EQ030
2025-09-06 16:10:00,1669.87,762.08,2.68,0.0579,0.0087,0.0098,438.62,2.9,102.59,291.98,P026,EQ037
2025-09-06 16:20:00,1638.61,744.44,2.71,0.0563,0.0153,0.0089,533.12,2.84,97.74,303.06,P005,EQ044
2025-09-06 16:30:00,1675.78,785.05,2.35,0.0244,0.0144,0.0116,567.11,3.22,124.08,329.87,P005,EQ002
2025-09-06 16:40:00,1661.73,778.14,2.31,0.0716,0.0146,0.0085,532.29,3.13,93.15,280.4,P026,EQ009
2025-09-06 16:50:00,1659.37,803.17,2.34,0.062,0.0114,0.0099,524.2,3.32,90.75,258.5,P019,EQ016
2025-09-06 17:00:00,1677.71,768.06,2.07,0.0463,0.0142,0.0094,454.85,3.44,96.49,292.01,P014,EQ023
2025-09-06 17:10:00,1666.38,716.64,2.26,0.0302,0.0118,0.006,411.73,2.76,101.35,294.15,P002,EQ030
2025-09-06 17:20:00,1631.25,773.64,2.74,0.0414,0.0233,0.0116,483.13,2.95,89.81,280.49,P030,EQ037
2025-09-06 17:30:00,1668.28,813.93,2.61,0.068,0.0184,0.0084,587.6,3.31,103.37,310.65,P029,EQ044
2025-09-06 17:40:00,1682.28,778.01,2.73,0.0546,0.0217,0.0089,467.5,2.83,100.35,334.53,P010,EQ002
2025-09-06 17:50:00,1678.79,792.48,2.31,0.0392,0.0164,0.0103,484.54,3.09,104.04,295.68,P029,EQ009
2025-09-06 18:00:00,1667.22,735.86,2.53,0.0361,0.0138,0.0113,493.78,2.9,109.41,318.91,P010,EQ016
2025-09-06 18:10:00,1637.99,858.69,2.65,0.0546,0.0127,0.0112,491.37,3.1,101.18,310.37,P007,EQ023
2025-09-06 18:20:00,1635.09,811.96,2.99,0.0491,0.0138,0.0075,523.31,3.04,116.64,320.0,P006,EQ030
2025-09-06 18:30:00,1650.15,829.99,2.46,0.0579,0.0165,0.0116,489.08,3.45,103.85,288.32,P027,EQ037
2025-09-06 18:40:00,1636.22,740.89,2.42,0.0458,0.0119,0.0089,449.07,2.66,110.04,306.52,P024,EQ044
2025-09-06 18:50:00,1662.44,826.66,2.53,0.0631,0.0157,0.0097,478.16,2.89,89.38,317.58,P016,EQ002
2025-09-06 19:00:00,1623.73,785.82,3.47,0.0559,0.0143,0.0096,598.26,3.12,101.05,300.34,P001,EQ009
2025-09-06 19:10:00,1632.68,773.82,2.11,0.0465,0.0144,0.0088,604.49,2.92,109.68,308.68,P004,EQ016
2025-09-06 19:20:00,1661.76,792.35,2.58,0.0421,0.0154,0.0062,501.22,3.06,94.81,311.15,P018,EQ023
2025-09-06 19:30:00,1660.82,741.25,2.32,0.0412,0.0165,0.0101,482.86,3.07,90.39,292.63,P012,EQ030
2025-09-06 19:40:00,1643.54,815.97,2.82,0.0204,0.0105,0.0077,548.47,3.03,102.55,317.21,P003,EQ037
2025-09-06 19:50:00,1633.58,777.69,2.27,0.0596,0.0139,0.0095,436.76,3.29,85.1,309.73,P028,EQ044
2025-09-06 20:00:00,1629.47,890.29,2.72,0.0483,0.0115,0.0106,522.87,2.67,89.34,310.1,P002,EQ002
2025-09-06 20:10:00,1649.73,794.02,2.13,0.0372,0.0147,0.0059,578.06,2.99,97.06,291.78,P014,EQ009
2025-09-06 20:20:00,1669.52,827.2,2.35,0.0449,0.0098,0.0102,559.47,3.23,117.88,328.05,P016,EQ016
2025-09-06 20:30:00,1658.43,839.99,2.36,0.049,0.0121,0.0075,482.09,2.93,99.14,283.31,P019,EQ023
2025-09-06 20:40:00,1665.46,827.53,2.56,0.0514,0.0209,0.0099,485.37,3.14,82.86,305.19,P010,EQ030
2025-09-06 20:50:00,1651.14,790.51,2.49,0.0647,0.0204,0.0143,419.69,2.74,98.24,306.05,P019,EQ037
2025-09-06 21:00:00,1641.1,835.73,2.35,0.0568,0.0189,0.0098,546.21,2.97,97.0,296.94,P015,EQ044
2025-09-06 21:10:00,1611.43,751.89,3.08,0.0522,0.0194,0.0097,492.95,3.31,98.22,298.37,P029,EQ002
2025-09-06 21:20:00,1640.5,867.92,2.35,0.0621,0.0174,0.0129,433.99,3.27,93.39,305.37,P011,EQ009
2025-09-06 21:30:00,1672.68,760.55,2.8,0.0276,0.0147,0.0065,587.85,2.95,94.85,285.32,P026,EQ016
2025-09-06 21:40:00,1622.88,846.89,2.04,0.0514,0.0175,0.0076,554.4,3.48,101.12,328.56,P013,EQ023
2025-09-06 21:50:00,1652.35,743.05,2.47,0.0493,0.0174,0.0091,478.25,2.97,106.52,310.55,P016,EQ030
2025-09-06 22:00:00,1671.12,820.29,2.2,0.0467,0.0129,0.0127,442.0,2.77,104.44,302.11,P027,EQ037
2025-09-06 22:10:00,1657.22,821.56,2.88,0.0618,0.0132,0.0107,560.31,2.84,86.41,325.24,P024,EQ044
2025-09-06 22:20:00,1672.24,800.43,2.28,0.0421,0.0167,0.0086,404.67,2.99,105.06,325.52,P027,EQ002
2025-09-06 22:30:00,1638.1,812.96,2.37,0.0436,0.0172,0.0117,502.94,2.98,85.98,260.88,P020,EQ009
2025-09-06 22:40:00,1655.7,778.05,2.65,0.0665,0.0178,0.0121,528.19,3.04,109.84,282.66,P005,EQ016
2025-09-06 22:50:00,1686.28,825.17,2.71,0.0426,0.0149,0.0096,439.99,3.07,102.1,276.33,P025,EQ023
2025-09-06 23:00:00,1639.9,826.17,2.52,0.0409,0.014,0.0123,476.87,3.19,122.5,289.25,P005,EQ030
2025-09-06 23:10:00,1629.11,781.0,2.55,0.0544,0.0113,0.0099,533.57,2.94,90.7,313.32,P017,EQ037
2025-09-06 23:20:00,1658.75,818.28,2.3,0.0276,0.0125,0.011,417.26,2.96,95.26,306.83,P021,EQ044
2025-09-06 23:30:00,1625.65,748.66,2.54,0.0551,0.0192,0.0119,417.43,2.89,100.76,300.34,P015,EQ002
2025-09-06 23:40:00,1609.76,792.47,2.9,0.0578,0.0195,0.0078,479.87,3.13,105.72,279.27,P025,EQ009
2025-09-06 23:50:00,1688.92,727.14,2.5,0.0454,0.018,0.0115,574.67,2.93,95.07,328.53,P015,EQ016
2025-09-07 00:00:00,1673.09,830.77,3.08,0.0595,0.0145,0.0131,473.97,3.16,89.43,302.67,P022,EQ023
2025-09-07 00:10:00,1629.84,842.66,2.46,0.0445,0.016,0.0121,545.93,3.14,100.0,295.54,P015,EQ030
2025-09-07 00:20:00,1643.52,844.97,2.95,0.0473,0.021,0.0139,454.02,3.07,118.08,296.49,P005,EQ037
2025-09-07 00:30:00,1647.78,769.71,2.59,0.0499,0.0167,0.0112,515.79,3.13,104.24,298.35,P028,EQ044
2025-09-07 00:40:00,1667.24,797.65,2.94,0.0489,0.0169,0.0134,545.1,2.95,111.66,310.27,P024,EQ002
2025-09-07 00:50:00,1629.55,751.87,2.56,0.0531,0.0165,0.0104,529.62,2.99,100.02,298.02,P011,EQ009
2025-09-07 01:00:00,1657.47,733.44,2.41,0.0437,0.0202,0.0113,465.26,3.07,123.49,310.83,P003,EQ016
2025-09-07 01:10:00,1646.83,776.4,2.55,0.0384,0.0153,0.0069,519.76,3.0,112.16,309.7,P026,EQ023
2025-09-07 01:20:00,1687.52,882.41,2.53,0.0401,0.0176,0.0105,490.77,2.95,83.87,285.61,P020,EQ030
2025-09-07 01:30:00,1669.88,763.16,2.28,0.0554,0.0187,0.0103,471.83,2.92,97.51,291.27,P022,EQ037
2025-09-07 01:40:00,1619.72,819.75,1.95,0.0466,0.0191,0.0082,545.56,3.01,101.9,312.54,P020,EQ044
2025-09-07 01:50:00,1625.33,788.72,2.81,0.045,0.0191,0.01,491.67,2.79,82.7,306.2,P014,EQ002
2025-09-07 02:00:00,1644.54,831.84,2.26,0.0608,0.017,0.0122,498.55,3.15,118.24,313.49,P013,EQ009
2025-09-07 02:10:00,1652.43,754.62,2.53,0.061,0.0111,0.0085,512.73,2.95,102.34,301.82,P008,EQ016
2025-09-07 02:20:00,1619.9,795.61,2.06,0.0533,0.0163,0.0108,537.16,3.25,99.17,311.86,P029,EQ023
2025-09-07 02:30:00,1635.17,781.7,1.98,0.0551,0.0161,0.0076,413.41,2.94,89.01,312.77,P013,EQ030
2025-09-07 02:40:00,1661.96,768.96,2.62,0.0492,0.0149,0.011,481.43,3.08,99.8,293.38,P011,EQ037
2025-09-07 02:50:00,1671.41,858.84,2.29,0.0509,0.0153,0.0092,506.09,3.25,83.65,309.59,P018,EQ044
2025-09-07 03:00:00,1644.86,778.85,2.52,0.0431,0.0129,0.009,423.94,3.34,96.33,293.56,P002,EQ002
2025-09-07 03:10:00,1636.74,855.99,2.66,0.0544,0.0186,0.0146,539.9,2.68,81.48,310.72,P022,EQ009
2025-09-07 03:20:00,1659.66,917.52,2.82,0.0474,0.0208,0.0106,473.54,2.91,91.88,308.82,P029,EQ016
2025-09-07 03:30:00,1671.68,817.94,3.21,0.0452,0.0099,0.0086,562.63,3.15,84.37,271.45,P015,EQ023
2025-09-07 03:40:00,1638.81,791.11,2.85,0.0449,0.02,0.0119,527.3,3.43,95.37,314.65,P024,EQ030
2025-09-07 03:50:00,1637.78,770.43,2.33,0.0433,0.0158,0.01,454.03,2.99,96.87,289.2,P009,EQ037
2025-09-07 04:00:00,1685.36,897.9,2.24,0.0648,0.0138,0.0091,384.13,3.09,100.51,265.78,P021,EQ044
2025-09-07 04:10:00,1631.44,709.08,2.6,0.0565,0.0135,0.01,532.15,2.91,86.91,322.96,P003,EQ002
2025-09-07 04:20:00,1658.31,798.22,2.63,0.0435,0.0128,0.0089,488.85,2.94,99.0,324.92,P028,EQ009
2025-09-07 04:30:00,1650.58,838.91,2.38,0.058,0.0166,0.01,512.23,3.06,88.7,284.66,P006,EQ016
2025-09-07 04:40:00,1599.68,783.11,2.46,0.0544,0.0221,0.0125,598.9,2.9,100.4,319.04,P023,EQ023
2025-09-07 04:50:00,1618.68,789.91,2.88,0.0519,0.0189,0.0137,508.24,3.05,95.41,266.76,P001,EQ030
2025-09-07 05:00:00,1676.07,736.43,1.9,0.0599,0.0142,0.0097,527.79,2.65,89.88,310.48,P019,EQ037
2025-09-07 05:10:00,1646.14,772.22,2.74,0.0635,0.014,0.0102,567.08,2.87,75.65,274.05,P021,EQ044
2025-09-07 05:20:00,1635.95,804.24,2.41,0.0422,0.014,0.0089,465.92,2.77,86.39,286.82,P026,EQ002
2025-09-07 05:30:00,1658.85,827.13,2.4,0.0556,0.017,0.0112,497.42,3.66,92.97,304.83,P025,EQ009
2025-09-07 05:40:00,1637.17,815.2,2.82,0.0543,0.0135,0.0119,491.35,3.13,110.3,309.31,P023,EQ016
2025-09-07 05:50:00,1653.18,817.92,2.41,0.0283,0.0114,0.0144,489.85,2.88,107.1,291.16,P010,EQ023
2025-09-07 06:00:00,1643.87,832.45,2.94,0.0608,0.0195,0.0087,572.19,2.81,91.61,295.77,P018,EQ030
2025-09-07 06:10:00,1658.06,761.24,2.82,0.0654,0.0106,0.008,630.11,3.05,106.53,277.89,P021,EQ037
2025-09-07 06:20:00,1661.1,809.75,2.85,0.0489,0.0158,0.0074,563.87,2.94,105.03,272.96,P004,EQ044
2025-09-07 06:30:00,1632.99,752.2,2.43,0.0401,0.012,0.0117,512.52,3.0,93.86,289.88,P021,EQ002
2025-09-07 06:40:00,1654.92,696.25,2.62,0.0583,0.0197,0.0091,530.36,3.02,107.97,348.18,P018,EQ009
2025-09-07 06:50:00,1662.22,823.15,2.63,0.0485,0.0183,0.0059,505.6,3.22,94.24,302.19,P003,EQ016
2025-09-07 07:00:00,1676.63,759.03,2.57,0.0482,0.0212,0.0095,469.84,2.86,105.67,319.07,P007,EQ023
2025-09-07 07:10:00,1650.64,795.44,2.87,0.0456,0.0191,0.0099,423.8,3.11,95.84,299.51,P020,EQ030
2025-09-07 07:20:00,1671.61,775.01,1.89,0.0379,0.0151,0.0096,475.21,3.12,106.18,291.52,P018,EQ037
2025-09-07 07:30:00,1651.09,739.25,2.33,0.0436,0.0154,0.0077,504.47,3.01,83.22,298.06,P019,EQ044
2025-09-07 07:40:00,1654.7,745.5,2.7,0.0345,0.0157,0.0093,483.8,2.81,94.98,295.3,P025,EQ002
2025-09-07 07:50:00,1610.76,736.41,2.63,0.0634,0.0113,0.0086,451.21,3.15,96.07,288.55,P002,EQ009
2025-09-07 08:00:00,1629.86,807.11,2.5,0.0515,0.0091,0.0061,450.87,2.89,97.1,294.66,P019,EQ016
2025-09-07 08:10:00,1663.9,826.08,2.89,0.0495,0.0157,0.0058,482.0,3.21,109.19,295.0,P017,EQ023
2025-09-07 08:20:00,1659.58,750.23,2.72,0.0554,0.0154,0.0084,459.37,3.11,112.39,295.57,P007,EQ030
2025-09-07 08:30:00,1656.34,769.97,2.23,0.0534,0.0151,0.0107,524.41,2.99,117.44,292.82,P025,EQ037
2025-09-07 08:40:00,1625.17,866.89,2.66,0.0497,0.0182,0.011,447.16,3.1,94.03,300.52,P016,EQ044
2025-09-07 08:50:00,1637.42,820.87,2.48,0.0433,0.0148,0.0103,507.01,2.96,90.14,277.32,P017,EQ002
2025-09-07 09:00:00,1637.37,788.25,2.68,0.0553,0.0144,0.0094,518.66,3.04,99.84,295.43,P029,EQ009
2025-09-07 09:10:00,1669.15,826.98,2.42,0.0573,0.0059,0.0076,474.83,2.76,110.95,311.38,P001,EQ016
2025-09-07 09:20:00,1665.64,703.38,2.63,0.0609,0.0154,0.0107,495.72,3.36,92.43,297.16,P004,EQ023
2025-09-07 09:30:00,1656.17,718.24,2.43,0.0499,0.011,0.01,430.27,3.07,94.84,309.01,P022,EQ030
2025-09-07 09:40:00,1660.77,872.07,2.62,0.0569,0.013,0.0073,528.53,3.05,96.61,294.94,P030,EQ037
2025-09-07 09:50:00,1635.21,880.67,2.42,0.0598,0.0138,0.0093,537.21,2.82,95.9,281.46,P018,EQ044
2025-09-07 10:00:00,1670.73,870.5,2.57,0.0346,0.0143,0.0076,489.5,3.02,117.33,275.4,P006,EQ002
2025-09-07 10:10:00,1652.16,893.62,2.34,0.0654,0.0127,0.0121,595.99,2.86,105.89,302.67,P001,EQ009
2025-09-07 10:20:00,1653.18,793.71,2.61,0.0614,0.018,0.01,536.75,2.82,112.29,294.82,P009,EQ016
2025-09-07 10:30:00,1641.71,914.51,2.71,0.0599,0.0136,0.0105,404.52,3.37,98.38,288.2,P026,EQ023
2025-09-07 10:40:00,1657.65,785.51,2.94,0.0354,0.0162,0.0079,538.62,3.06,95.75,312.27,P007,EQ030
2025-09-07 10:50:00,1672.45,756.85,2.82,0.0684,0.02,0.0104,561.75,3.03,101.61,292.49,P008,EQ037
2025-09-07 11:00:00,1645.43,774.28,2.55,0.0495,0.0142,0.0089,493.54,3.0,89.51,281.49,P027,EQ044
2025-09-07 11:10:00,1623.45,777.39,2.13,0.0567,0.0162,0.0126,573.05,3.4,108.71,312.41,P023,EQ002
2025-09-07 11:20:00,1672.25,842.31,2.71,0.0736,0.0173,0.0066,516.02,2.57,98.82,291.65,P027,EQ009
2025-09-07 11:30:00,1655.58,824.09,2.44,0.0551,0.0196,0.0115,486.56,3.04,102.72,317.84,P029,EQ016
2025-09-07 11:40:00,1644.92,783.77,2.52,0.0368,0.0119,0.0086,425.71,2.46,107.82,319.58,P019,EQ023
2025-09-07 11:50:00,1654.47,829.08,2.74,0.0469,0.0152,0.0041,548.41,3.18,97.13,301.56,P015,EQ030
2025-09-07 12:00:00,1640.94,717.83,2.36,0.0533,0.0163,0.0095,466.2,2.83,100.15,286.88,P003,EQ037
2025-09-07 12:10:00,1687.01,766.67,2.7,0.0538,0.0121,0.0068,498.77,3.11,84.32,303.26,P026,EQ044
2025-09-07 12:20:00,1692.71,690.92,3.06,0.0378,0.009,0.0053,527.68,2.67,103.15,308.02,P018,EQ002
2025-09-07 12:30:00,1633.24,863.14,2.43,0.0507,0.0114,0.0101,524.82,2.73,82.72,295.95,P020,EQ009
2025-09-07 12:40:00,1635.36,815.04,2.58,0.066,0.0151,0.0058,550.45,2.99,114.45,300.6,P011,EQ016
2025-09-07 12:50:00,1648.81,799.02,2.83,0.0465,0.0198,0.0091,437.72,3.23,108.99,296.02,P013,EQ023
2025-09-07 13:00:00,1606.93,787.21,2.96,0.0455,0.0172,0.0091,519.28,2.88,96.49,309.24,P019,EQ030
2025-09-07 13:10:00,1658.09,882.77,2.43,0.0485,0.0151,0.0132,566.88,2.99,116.91,293.62,P002,EQ037
2025-09-07 13:20:00,1670.12,818.47,2.45,0.035,0.0101,0.0109,529.03,2.96,119.34,288.33,P016,EQ044
2025-09-07 13:30:00,1674.07,856.36,2.77,0.0435,0.0138,0.0091,400.57,2.9,102.75,286.62,P028,EQ002
2025-09-07 13:40:00,1665.69,861.73,2.51,0.0411,0.0174,0.0115,503.85,3.54,102.36,304.95,P030,EQ009
2025-09-07 13:50:00,1668.24,738.12,2.6,0.0487,0.011,0.0109,475.19,3.17,91.92,303.14,P001,EQ016
2025-09-07 14:00:00,1650.13,824.35,2.75,0.043,0.0142,0.0116,468.36,2.67,103.22,281.29,P011,EQ023
2025-09-07 14:10:00,1680.32,820.72,2.94,0.0451,0.0115,0.0102,565.09,2.8,92.71,298.95,P014,EQ030
2025-09-07 14:20:00,1670.26,672.28,2.89,0.0487,0.018,0.0123,483.03,2.45,106.93,300.64,P006,EQ037
2025-09-07 14:30:00,1636.11,901.11,1.7,0.0534,0.0159,0.0069,502.39,2.96,105.01,280.63,P014,EQ044
2025-09-07 14:40:00,1661.92,881.37,2.59,0.0738,0.0168,0.0095,476.89,3.1,103.52,289.94,P001,EQ002
2025-09-07 14:50:00,1649.13,776.04,2.86,0.0446,0.0152,0.0095,509.86,2.75,80.32,297.24,P028,EQ009
2025-09-07 15:00:00,1671.08,765.88,2.55,0.0376,0.0138,0.0075,555.58,2.98,104.04,307.15,P017,EQ016
2025-09-07 15:10:00,1614.69,749.06,2.42,0.0503,0.0095,0.0077,508.3,3.36,89.96,275.32,P011,EQ023
2025-09-07 15:20:00,1617.65,861.84,2.57,0.0516,0.016,0.0114,449.95,3.1,94.31,305.06,P013,EQ030
2025-09-07 15:30:00,1663.74,808.89,2.77,0.0539,0.0186,0.0111,497.67,3.2,114.04,305.27,P009,EQ037
2025-09-07 15:40:00,1634.49,684.35,2.5,0.0306,0.016,0.0086,497.25,3.07,96.04,298.24,P003,EQ044
2025-09-07 15:50:00,1662.29,824.08,2.76,0.065,0.0162,0.0116,491.66,3.01,109.47,310.66,P004,EQ002
2025-09-07 16:00:00,1672.37,816.81,2.37,0.0572,0.0153,0.0097,542.87,3.28,120.42,284.99,P004,EQ009
2025-09-07 16:10:00,1663.11,869.3,2.59,0.0449,0.0128,0.0064,542.77,3.3,97.04,265.4,P018,EQ016
2025-09-07 16:20:00,1642.58,767.8,2.81,0.0384,0.0152,0.0107,404.93,3.33,100.6,308.77,P006,EQ023
2025-09-07 16:30:00,1617.31,819.89,2.59,0.0397,0.0117,0.0105,466.02,2.8,99.64,303.44,P010,EQ030
2025-09-07 16:40:00,1667.1,905.42,3.14,0.0434,0.0118,0.0138,480.84,3.33,109.09,305.49,P005,EQ037
2025-09-07 16:50:00,1634.94,790.78,2.05,0.0302,0.0158,0.0074,447.33,3.01,93.12,339.91,P006,EQ044
2025-09-07 17:00:00,1656.64,733.01,2.03,0.0433,0.0131,0.0102,505.15,2.82,100.52,279.79,P009,EQ002
2025-09-07 17:10:00,1701.78,722.43,2.61,0.0477,0.0158,0.01,533.06,2.82,101.74,330.61,P025,EQ009
2025-09-07 17:20:00,1674.15,796.96,2.98,0.048,0.0162,0.0127,556.26,3.11,98.65,295.77,P003,EQ016
2025-09-07 17:30:00,1660.9,783.08,2.84,0.0542,0.0135,0.009,486.4,2.89,107.62,298.03,P005,EQ023
2025-09-07 17:40:00,1645.1,846.4,2.35,0.0422,0.02,0.0093,603.27,2.75,79.24,311.5,P010,EQ030
2025-09-07 17:50:00,1640.31,708.0,2.37,0.0673,0.017,0.007,410.99,3.09,97.89,300.91,P014,EQ037
2025-09-07 18:00:00,1672.8,771.14,2.01,0.0554,0.015,0.009,585.9,3.01,108.21,311.66,P022,EQ044
2025-09-07 18:10:00,1630.94,760.95,2.67,0.0595,0.0183,0.0113,467.31,3.29,111.9,277.52,P006,EQ002
2025-09-07 18:20:00,1651.39,811.78,1.91,0.051,0.0143,0.01,553.29,3.1,121.44,316.82,P002,EQ009
2025-09-07 18:30:00,1690.01,762.26,2.61,0.0675,0.0201,0.0092,540.77,3.14,105.49,304.2,P020,EQ016
2025-09-07 18:40:00,1660.08,782.52,2.37,0.0337,0.0146,0.0073,518.58,3.19,105.01,275.29,P011,EQ023
2025-09-07 18:50:00,1660.98,768.96,2.31,0.0505,0.009,0.0089,488.07,3.0,115.84,281.47,P006,EQ030
2025-09-07 19:00:00,1631.08,861.11,2.72,0.0528,0.0165,0.0124,526.44,3.05,100.37,292.51,P001,EQ037
2025-09-07 19:10:00,1638.54,907.06,2.25,0.0563,0.0188,0.0085,488.56,3.0,111.42,296.9,P023,EQ044
2025-09-07 19:20:00,1637.07,777.52,2.34,0.0454,0.0178,0.0099,511.91,3.2,109.56,288.21,P002,EQ002
2025-09-07 19:30:00,1657.96,741.82,2.36,0.0637,0.0139,0.0068,430.98,3.01,104.58,299.96,P010,EQ009
2025-09-07 19:40:00,1645.52,843.01,2.48,0.0495,0.0146,0.0084,461.92,2.85,100.02,317.99,P013,EQ016
2025-09-07 19:50:00,1671.83,835.21,3.18,0.0557,0.0101,0.0092,448.13,3.3,93.96,294.87,P004,EQ023
2025-09-07 20:00:00,1649.36,917.15,2.96,0.0611,0.0138,0.0109,412.3,3.11,91.19,289.3,P011,EQ030
2025-09-07 20:10:00,1683.28,899.53,2.22,0.0648,0.0136,0.0085,521.39,3.09,84.27,278.67,P005,EQ037
2025-09-07 20:20:00,1661.15,731.82,2.64,0.0458,0.0121,0.0103,554.91,2.79,91.37,293.9,P014,EQ044
2025-09-07 20:30:00,1648.77,807.1,2.36,0.04,0.0143,0.011,499.55,3.21,105.55,298.24,P029,EQ002
2025-09-07 20:40:00,1634.14,763.36,2.31,0.0506,0.0182,0.0101,540.19,2.87,90.26,295.91,P011,EQ009
2025-09-07 20:50:00,1664.08,876.08,2.32,0.0442,0.0119,0.0083,508.7,2.96,104.1,323.14,P009,EQ016
2025-09-07 21:00:00,1674.77,912.37,2.73,0.0564,0.0129,0.0097,564.38,3.12,101.04,287.33,P013,EQ023
2025-09-07 21:10:00,1681.41,812.63,1.95,0.0376,0.0127,0.0087,593.24,3.05,99.87,287.82,P027,EQ030
2025-09-07 21:20:00,1632.36,933.58,2.47,0.0562,0.0165,0.011,476.15,3.18,98.63,292.19,P029,EQ037
2025-09-07 21:30:00,1604.62,724.59,2.6,0.0476,0.0125,0.0101,555.41,2.91,91.39,308.65,P004,EQ044
2025-09-07 21:40:00,1651.15,862.27,2.86,0.0536,0.0144,0.0103,620.58,3.02,104.11,291.12,P002,EQ002
2025-09-07 21:50:00,1645.49,779.33,2.36,0.0546,0.0121,0.0108,570.29,2.7,114.63,304.67,P007,EQ009
2025-09-07 22:00:00,1648.39,850.13,2.61,0.0482,0.0174,0.0086,457.82,2.89,101.08,284.38,P008,EQ016
2025-09-07 22:10:00,1673.55,819.19,2.23,0.0427,0.0186,0.01,455.46,3.38,87.51,288.03,P025,EQ023
2025-09-07 22:20:00,1696.49,795.83,2.67,0.0411,0.0113,0.0114,468.14,2.87,109.98,311.59,P020,EQ030
2025-09-07 22:30:00,1650.12,740.5,2.09,0.0548,0.0145,0.0087,523.93,3.21,88.6,305.25,P019,EQ037
2025-09-07 22:40:00,1642.26,839.23,2.43,0.0611,0.0147,0.0096,583.06,3.08,104.55,276.43,P008,EQ044
2025-09-07 22:50:00,1627.46,780.86,2.64,0.0616,0.0128,0.0115,501.4,2.68,117.67,287.29,P016,EQ002
2025-09-07 23:00:00,1645.32,758.71,2.61,0.0494,0.0164,0.0081,532.24,3.18,119.76,282.1,P017,EQ009
2025-09-07 23:10:00,1623.19,899.61,2.28,0.0567,0.0182,0.0082,439.45,2.94,102.27,293.01,P025,EQ016
2025-09-07 23:20:00,1676.54,794.61,2.88,0.0521,0.0149,0.0115,563.88,3.19,102.94,265.47,P017,EQ023
2025-09-07 23:30:00,1655.05,793.69,2.8,0.0484,0.0131,0.0132,523.91,2.89,92.18,319.9,P013,EQ030
2025-09-07 23:40:00,1626.64,785.5,2.66,0.0672,0.0152,0.0109,436.76,2.86,94.87,309.59,P004,EQ037
2025-09-07 23:50:00,1638.12,858.57,2.78,0.0654,0.0168,0.0097,617.49,3.02,91.61,309.91,P009,EQ044
2025-09-08 00:00:00,1656.19,856.8,2.06,0.0549,0.0183,0.0114,595.55,3.05,100.14,299.9,P002,EQ002
2025-09-08 00:10:00,1692.22,813.05,2.5,0.0399,0.017,0.0082,579.24,3.03,108.1,276.16,P011,EQ009
2025-09-08 00:20:00,1639.94,865.36,2.32,0.0297,0.0087,0.0134,573.75,2.91,101.62,286.4,P015,EQ016
2025-09-08 00:30:00,1669.46,864.98,2.56,0.0268,0.0156,0.0106,523.0,3.05,103.55,294.78,P018,EQ023
2025-09-08 00:40:00,1668.47,787.1,1.65,0.0579,0.0167,0.0099,374.53,3.06,90.23,303.37,P014,EQ030
2025-09-08 00:50:00,1642.17,815.31,2.58,0.0547,0.015,0.0087,476.37,2.98,91.72,277.74,P003,EQ037
2025-09-08 01:00:00,1620.11,812.12,2.75,0.0574,0.0172,0.0092,450.52,3.15,96.35,318.4,P016,EQ044
2025-09-08 01:10:00,1631.48,846.15,2.24,0.0507,0.0101,0.0109,519.52,2.96,104.57,307.49,P001,EQ002
2025-09-08 01:20:00,1663.13,829.04,2.4,0.0427,0.0132,0.01,521.37,2.86,87.66,278.07,P014,EQ009
2025-09-08 01:30:00,1663.84,792.66,2.35,0.0569,0.0122,0.0118,493.59,2.69,87.08,296.52,P021,EQ016
2025-09-08 01:40:00,1668.97,913.49,2.25,0.043,0.0164,0.0091,467.49,2.83,95.39,305.5,P008,EQ023
2025-09-08 01:50:00,1619.55,787.57,2.98,0.0435,0.0096,0.0122,468.69,3.14,99.08,297.61,P030,EQ030
2025-09-08 02:00:00,1668.5,856.75,2.31,0.0386,0.021,0.0122,444.12,2.85,104.49,307.09,P029,EQ037
2025-09-08 02:10:00,1671.3,761.75,2.5,0.0512,0.0154,0.008,489.06,3.32,116.54,309.48,P001,EQ044
2025-09-08 02:20:00,1638.19,771.01,2.48,0.065,0.0138,0.0095,466.89,3.32,104.9,303.48,P009,EQ002
2025-09-08 02:30:00,1641.36,773.93,2.17,0.0468,0.0142,0.0094,537.03,2.76,108.16,301.72,P018,EQ009
2025-09-08 02:40:00,1657.48,820.28,2.97,0.0411,0.0175,0.0101,433.8,2.93,97.51,304.9,P019,EQ016
2025-09-08 02:50:00,1669.59,763.42,2.25,0.0473,0.017,0.0127,473.99,3.19,97.23,285.84,P022,EQ023
2025-09-08 03:00:00,1657.54,823.43,2.97,0.0556,0.014,0.0114,519.26,2.79,125.56,304.28,P004,EQ030
2025-09-08 03:10:00,1639.7,823.36,2.45,0.0362,0.0132,0.0066,444.57,3.14,129.5,309.3,P008,EQ037
2025-09-08 03:20:00,1657.6,767.05,2.15,0.0488,0.0144,0.0082,414.34,2.95,102.84,276.15,P025,EQ044
2025-09-08 03:30:00,1676.75,776.86,1.94,0.0404,0.0159,0.0095,550.72,2.8,110.53,305.62,P018,EQ002
2025-09-08 03:40:00,1666.92,806.21,2.51,0.0511,0.0178,0.0094,463.26,3.04,104.41,312.05,P021,EQ009
2025-09-08 03:50:00,1628.72,784.12,2.47,0.0431,0.0155,0.0131,429.55,3.22,106.05,289.86,P026,EQ016
2025-09-08 04:00:00,1618.72,839.45,2.43,0.0565,0.0154,0.0133,493.41,2.58,100.09,301.12,P005,EQ023
2025-09-08 04:10:00,1646.92,921.69,2.49,0.0615,0.0216,0.0079,500.11,3.07,92.88,292.01,P010,EQ030
2025-09-08 04:20:00,1638.1,902.06,2.05,0.046,0.0187,0.011,511.79,3.04,112.52,286.68,P019,EQ037
2025-09-08 04:30:00,1683.32,810.32,2.52,0.0526,0.0153,0.0074,562.27,3.09,105.87,293.16,P014,EQ044
2025-09-08 04:40:00,1649.23,873.78,2.75,0.0369,0.0185,0.0108,375.57,3.06,85.18,299.47,P015,EQ002
2025-09-08 04:50:00,1636.11,827.89,2.42,0.0449,0.0115,0.0131,443.49,3.09,90.65,302.9,P003,EQ009
2025-09-08 05:00:00,1618.64,834.09,2.29,0.0754,0.0119,0.0089,488.46,3.07,104.47,326.23,P028,EQ016
2025-09-08 05:10:00,1663.97,837.42,2.12,0.055,0.0163,0.011,512.51,2.93,89.64,313.63,P021,EQ023
2025-09-08 05:20:00,1659.61,780.45,2.36,0.0497,0.0144,0.0125,536.62,3.08,99.67,275.69,P017,EQ030
2025-09-08 05:30:00,1640.94,729.65,2.16,0.0532,0.0139,0.0093,499.1,3.17,100.29,314.74,P007,EQ037
2025-09-08 05:40:00,1668.93,789.52,2.53,0.0177,0.0174,0.0091,479.17,3.11,86.17,304.37,P026,EQ044
2025-09-08 05:50:00,1698.67,725.83,2.38,0.0443,0.0183,0.0077,374.53,3.22,96.57,306.55,P005,EQ002
2025-09-08 06:00:00,1665.71,764.25,2.08,0.0678,0.013,0.0086,568.31,2.94,109.18,298.93,P012,EQ009
2025-09-08 06:10:00,1633.4,751.86,2.07,0.051,0.012,0.0076,502.3,2.54,123.12,299.88,P018,EQ016
2025-09-08 06:20:00,1676.05,764.05,2.23,0.0317,0.0127,0.0137,557.25,2.92,97.5,285.1,P006,EQ023
2025-09-08 06:30:00,1640.34,805.01,2.76,0.0511,0.0145,0.0107,541.74,2.92,101.32,285.87,P026,EQ030
2025-09-08 06:40:00,1669.14,833.36,2.38,0.0628,0.0113,0.0093,431.7,3.19,114.53,277.63,P008,EQ037
2025-09-08 06:50:00,1671.79,832.86,2.42,0.0477,0.0182,0.011,533.7,2.77,115.33,284.13,P018,EQ044
2025-09-08 07:00:00,1644.62,697.47,2.07,0.0494,0.0131,0.0116,476.79,2.88,102.93,301.75,P014,EQ002
2025-09-08 07:10:00,1614.65,694.53,2.55,0.04,0.0154,0.0077,464.69,2.88,100.34,325.48,P030,EQ009
2025-09-08 07:20:00,1674.93,718.98,2.61,0.0342,0.0157,0.0073,559.18,2.79,114.09,312.24,P018,EQ016
2025-09-08 07:30:00,1639.52,730.73,2.72,0.0639,0.0204,0.0107,462.9,3.02,94.12,313.88,P015,EQ023
2025-09-08 07:40:00,1642.15,780.77,2.71,0.0472,0.0233,0.0113,538.17,2.82,82.85,289.12,P002,EQ030
2025-09-08 07:50:00,1669.02,819.33,2.5,0.0679,0.0211,0.0098,419.13,3.12,103.03,302.45,P001,EQ037
2025-09-08 08:00:00,1628.27,721.1,2.09,0.0605,0.0161,0.0103,469.76,2.68,97.5,269.84,P027,EQ044
2025-09-08 08:10:00,1635.06,747.25,1.79,0.0508,0.0152,0.0104,452.25,3.41,95.82,307.43,P015,EQ002
2025-09-08 08:20:00,1636.44,789.63,2.73,0.0553,0.0152,0.0099,559.74,2.89,106.51,326.15,P027,EQ009
2025-09-08 08:30:00,1652.56,872.3,2.72,0.028,0.0149,0.0102,541.37,2.88,100.09,282.78,P020,EQ016
2025-09-08 08:40:00,1627.6,723.15,2.38,0.0535,0.0133,0.0093,476.89,2.97,117.43,316.17,P010,EQ023
2025-09-08 08:50:00,1689.51,732.55,2.51,0.0419,0.0119,0.0072,542.3,2.7,104.49,285.3,P021,EQ030
2025-09-08 09:00:00,1635.13,792.43,2.83,0.0401,0.0123,0.0098,490.12,3.12,108.41,320.33,P006,EQ037
2025-09-08 09:10:00,1680.18,790.19,2.76,0.0592,0.0198,0.0111,518.3,2.93,105.93,317.97,P001,EQ044
2025-09-08 09:20:00,1650.23,719.08,2.36,0.0711,0.0108,0.0138,484.3,2.74,90.4,309.71,P002,EQ002
2025-09-08 09:30:00,1645.34,785.79,2.8,0.0332,0.0169,0.0097,430.74,3.16,94.68,327.3,P030,EQ009
2025-09-08 09:40:00,1646.05,800.62,2.39,0.0433,0.012,0.0136,673.28,2.99,102.85,309.94,P030,EQ016
2025-09-08 09:50:00,1668.05,795.29,2.35,0.038,0.007,0.0115,551.93,2.98,91.23,287.85,P016,EQ023
2025-09-08 10:00:00,1678.18,783.01,2.68,0.0476,0.0164,0.0115,550.09,2.71,96.69,308.19,P009,EQ030
2025-09-08 10:10:00,1671.48,790.95,2.09,0.0548,0.0148,0.0098,504.79,3.15,104.96,292.5,P020,EQ037
2025-09-08 10:20:00,1647.26,801.0,2.16,0.048,0.0137,0.0079,484.84,3.1,104.67,271.67,P009,EQ044
2025-09-08 10:30:00,1672.68,752.1,3.15,0.0471,0.0175,0.0104,476.82,2.9,105.25,298.53,P027,EQ002
2025-09-08 10:40:00,1655.62,793.31,2.58,0.0685,0.013,0.0102,464.19,3.43,105.22,288.22,P022,EQ009
2025-09-08 10:50:00,1656.54,803.43,2.86,0.0584,0.0118,0.0113,457.53,3.12,96.87,324.73,P013,EQ016
2025-09-08 11:00:00,1634.82,825.07,2.2,0.0599,0.0146,0.0107,444.69,2.88,113.83,279.28,P012,EQ023
2025-09-08 11:10:00,1660.62,823.17,2.34,0.0433,0.0165,0.0069,500.44,3.12,90.97,311.22,P027,EQ030
2025-09-08 11:20:00,1632.62,802.3,2.26,0.0694,0.0138,0.0098,463.3,2.8,92.09,309.34,P021,EQ037
2025-09-08 11:30:00,1637.4,817.64,2.57,0.0441,0.0142,0.01,539.64,3.09,98.88,285.45,P007,EQ044
2025-09-08 11:40:00,1662.81,860.22,2.47,0.0502,0.0096,0.0146,487.74,2.91,120.62,284.08,P019,EQ002
2025-09-08 11:50:00,1649.66,812.64,2.7,0.043,0.0146,0.0123,416.83,3.44,109.45,293.13,P027,EQ009
2025-09-08 12:00:00,1635.54,717.48,2.34,0.0232,0.0176,0.0086,515.24,2.83,102.32,310.78,P017,EQ016
2025-09-08 12:10:00,1669.01,779.8,2.59,0.0437,0.0137,0.0126,460.47,3.08,93.75,315.93,P010,EQ023
2025-09-08 12:20:00,1677.8,902.08,2.52,0.0532,0.0161,0.0085,462.79,3.11,90.82,306.81,P002,EQ030
2025-09-08 12:30:00,1648.75,752.53,2.51,0.0458,0.014,0.0144,485.31,2.87,106.8,294.5,P006,EQ037
2025-09-08 12:40:00,1641.21,853.31,2.24,0.0453,0.0144,0.0066,471.57,2.99,90.89,274.3,P024,EQ044
2025-09-08 12:50:00,1663.23,824.33,1.94,0.0371,0.0198,0.0091,453.03,2.78,90.83,288.16,P018,EQ002
2025-09-08 13:00:00,1655.35,883.47,2.76,0.0548,0.0133,0.0082,461.55,2.61,98.42,327.67,P019,EQ009
2025-09-08 13:10:00,1628.81,791.89,2.18,0.0482,0.0173,0.0116,366.42,2.89,93.71,306.51,P003,EQ016
2025-09-08 13:20:00,1665.36,737.02,2.8,0.0491,0.0093,0.0071,471.22,2.79,101.2,277.22,P010,EQ023
2025-09-08 13:30:00,1645.83,755.38,2.43,0.0375,0.0078,0.0112,582.72,3.04,103.23,302.56,P003,EQ030
2025-09-08 13:40:00,1661.68,720.49,2.09,0.0421,0.0138,0.0077,463.29,3.32,112.66,272.62,P013,EQ037
2025-09-08 13:50:00,1645.21,848.29,2.44,0.0551,0.0143,0.0102,408.82,3.45,106.18,284.25,P023,EQ044
2025-09-08 14:00:00,1631.67,884.52,2.62,0.0378,0.0154,0.0086,437.96,3.06,106.98,303.36,P004,EQ002
2025-09-08 14:10:00,1634.62,811.72,2.82,0.0431,0.0158,0.0099,462.12,3.37,106.92,295.02,P027,EQ009
2025-09-08 14:20:00,1682.8,819.14,3.09,0.0335,0.0123,0.0095,467.84,2.77,96.27,262.99,P005,EQ016
2025-09-08 14:30:00,1637.89,808.27,2.53,0.0429,0.0144,0.0095,557.24,3.11,82.29,311.01,P024,EQ023
2025-09-08 14:40:00,1646.51,874.56,2.77,0.0595,0.0165,0.0081,534.37,3.02,99.45,304.53,P018,EQ030
2025-09-08 14:50:00,1658.05,765.73,2.49,0.0377,0.0155,0.0119,523.51,2.87,78.49,293.26,P009,EQ037
2025-09-08 15:00:00,1627.57,841.61,2.92,0.0576,0.0082,0.0125,573.34,2.91,93.81,344.93,P029,EQ044
2025-09-08 15:10:00,1662.9,817.85,2.43,0.0489,0.0116,0.0083,500.67,2.94,91.31,310.52,P014,EQ002
2025-09-08 15:20:00,1651.66,827.06,2.4,0.0755,0.0153,0.0108,503.29,3.5,79.37,296.43,P007,EQ009
2025-09-08 15:30:00,1619.05,812.64,1.87,0.0541,0.0098,0.0116,441.4,2.99,94.05,309.07,P020,EQ016
2025-09-08 15:40:00,1643.96,800.68,2.62,0.0377,0.015,0.011,451.38,3.19,71.37,296.09,P017,EQ023
2025-09-08 15:50:00,1660.45,702.4,2.29,0.0426,0.0181,0.0106,459.79,3.08,108.99,292.36,P026,EQ030
2025-09-08 16:00:00,1671.34,793.12,2.33,0.0456,0.0177,0.0121,509.11,2.64,97.8,297.16,P011,EQ037
2025-09-08 16:10:00,1620.75,709.97,2.77,0.0408,0.0158,0.0119,586.81,3.05,113.62,289.67,P029,EQ044
2025-09-08 16:20:00,1642.23,814.66,2.28,0.0578,0.0089,0.005,600.02,2.96,108.77,279.18,P022,EQ002
2025-09-08 16:30:00,1666.37,753.59,2.15,0.0538,0.0135,0.008,438.16,3.05,91.0,327.8,P011,EQ009
2025-09-08 16:40:00,1666.23,805.47,2.38,0.0528,0.0164,0.0112,463.64,3.09,92.32,311.11,P021,EQ016
2025-09-08 16:50:00,1653.57,848.53,2.51,0.04,0.0188,0.0096,501.15,2.86,86.92,281.8,P009,EQ023
2025-09-08 17:00:00,1665.52,703.62,2.53,0.0534,0.0139,0.0133,529.73,3.08,77.85,277.58,P025,EQ030
2025-09-08 17:10:00,1616.82,760.5,2.71,0.0452,0.0112,0.0094,492.72,2.86,96.25,267.14,P023,EQ037
2025-09-08 17:20:00,1662.14,819.94,2.33,0.0594,0.0134,0.0065,497.26,2.67,89.24,282.86,P015,EQ044
2025-09-08 17:30:00,1648.66,804.8,2.57,0.0548,0.0171,0.0076,423.32,2.72,106.24,304.25,P009,EQ002
2025-09-08 17:40:00,1666.34,803.73,2.96,0.0362,0.014,0.0071,512.19,2.96,98.17,283.26,P008,EQ009
2025-09-08 17:50:00,1641.75,868.28,2.61,0.0481,0.0153,0.0111,567.42,3.3,91.1,308.3,P022,EQ016
2025-09-08 18:00:00,1644.37,834.22,2.78,0.0355,0.0138,0.0097,427.28,2.91,98.44,289.74,P011,EQ023
2025-09-08 18:10:00,1650.02,833.19,2.53,0.0606,0.0101,0.0109,618.25,2.91,93.04,307.14,P011,EQ030
2025-09-08 18:20:00,1665.27,785.47,2.44,0.0465,0.0143,0.0118,517.45,2.95,95.75,288.48,P007,EQ037
2025-09-08 18:30:00,1657.57,815.2,2.77,0.0546,0.0189,0.0093,484.89,2.9,116.89,291.78,P015,EQ044
2025-09-08 18:40:00,1668.52,905.86,2.88,0.0554,0.0148,0.0074,538.93,2.9,86.49,259.26,P020,EQ002
2025-09-08 18:50:00,1657.14,870.17,3.13,0.0557,0.0194,0.0107,450.96,2.86,101.07,300.82,P011,EQ009
2025-09-08 19:00:00,1656.16,823.72,2.63,0.0361,0.0183,0.008,517.27,2.85,99.27,281.89,P001,EQ016
2025-09-08 19:10:00,1652.74,779.31,2.7,0.0445,0.0176,0.0117,458.27,2.96,107.06,295.83,P030,EQ023
2025-09-08 19:20:00,1637.73,848.83,2.76,0.0603,0.0133,0.0135,436.91,3.0,88.37,302.7,P023,EQ030
2025-09-08 19:30:00,1664.84,854.82,2.07,0.0494,0.0186,0.0113,422.31,3.31,96.37,296.18,P005,EQ037
2025-09-08 19:40:00,1646.12,835.75,2.07,0.0406,0.0145,0.0088,626.96,2.86,101.94,297.9,P021,EQ044
2025-09-08 19:50:00,1649.82,771.24,2.6,0.0455,0.0189,0.0108,481.72,3.06,114.7,287.32,P030,EQ002
2025-09-08 20:00:00,1627.24,829.53,2.48,0.0536,0.0099,0.0089,447.9,3.04,94.2,283.45,P001,EQ009
2025-09-08 20:10:00,1623.66,838.93,2.88,0.0437,0.0132,0.0105,524.94,2.97,105.75,290.67,P020,EQ016
2025-09-08 20:20:00,1652.69,742.16,2.6,0.0379,0.0212,0.0126,460.36,2.61,114.76,309.31,P016,EQ023
2025-09-08 20:30:00,1602.09,779.4,2.28,0.0611,0.0154,0.0106,486.12,3.08,94.93,304.59,P001,EQ030
2025-09-08 20:40:00,1672.59,709.82,2.43,0.0552,0.016,0.0077,514.46,3.01,91.96,290.16,P029,EQ037
2025-09-08 20:50:00,1668.82,807.34,2.44,0.0511,0.017,0.008,458.67,2.79,78.43,355.33,P001,EQ044
2025-09-08 21:00:00,1605.99,817.62,2.63,0.0473,0.0173,0.0105,502.57,3.04,89.35,297.6,P022,EQ002
2025-09-08 21:10:00,1629.21,785.59,2.77,0.0457,0.0182,0.0134,462.07,2.98,105.41,307.22,P006,EQ009
2025-09-08 21:20:00,1659.03,859.2,2.68,0.0521,0.0159,0.0097,443.54,3.03,107.27,301.95,P014,EQ016
2025-09-08 21:30:00,1655.53,861.0,2.67,0.0671,0.0171,0.0084,427.08,3.06,99.01,271.68,P018,EQ023
2025-09-08 21:40:00,1620.78,877.77,3.06,0.0354,0.0176,0.0083,581.21,3.57,104.72,290.63,P029,EQ030
2025-09-08 21:50:00,1637.36,829.47,2.37,0.0568,0.0159,0.0084,566.9,2.83,92.92,285.79,P023,EQ037
2025-09-08 22:00:00,1659.97,834.86,2.35,0.0572,0.0144,0.0071,443.74,2.77,102.42,310.24,P023,EQ044
2025-09-08 22:10:00,1649.5,808.91,2.57,0.0482,0.0116,0.0061,454.06,3.29,90.55,299.92,P016,EQ002
2025-09-08 22:20:00,1631.51,796.07,2.17,0.0664,0.0113,0.0112,438.85,3.29,91.59,279.11,P025,EQ009
2025-09-08 22:30:00,1627.85,761.57,1.91,0.0332,0.0121,0.0072,508.0,2.79,102.32,309.81,P013,EQ016
2025-09-08 22:40:00,1676.97,934.78,2.35,0.0455,0.0102,0.0094,527.99,2.86,101.47,286.48,P018,EQ023
2025-09-08 22:50:00,1628.44,717.73,2.53,0.0491,0.0122,0.0096,459.61,2.95,81.58,300.71,P003,EQ030
2025-09-08 23:00:00,1631.53,708.93,2.73,0.061,0.0204,0.0116,579.24,2.91,96.84,303.62,P026,EQ037
2025-09-08 23:10:00,1657.2,844.54,2.63,0.0483,0.0111,0.0111,577.78,3.09,110.64,304.16,P029,EQ044
2025-09-08 23:20:00,1687.98,735.11,2.5,0.051,0.0173,0.0068,523.13,2.72,96.88,294.94,P021,EQ002
2025-09-08 23:30:00,1681.53,815.64,2.44,0.0328,0.017,0.0083,504.99,3.38,98.42,284.26,P021,EQ009
2025-09-08 23:40:00,1658.69,842.7,2.59,0.0667,0.0181,0.0072,528.8,2.87,122.76,325.37,P003,EQ016
2025-09-08 23:50:00,1689.13,905.87,2.63,0.0414,0.017,0.0055,602.35,3.63,111.45,287.12,P018,EQ023
2025-09-09 00:00:00,1660.29,807.84,2.19,0.0448,0.0135,0.0062,531.11,3.07,102.95,301.09,P001,EQ030
2025-09-09 00:10:00,1663.83,844.8,2.5,0.0484,0.0131,0.0076,450.09,3.21,111.99,298.04,P029,EQ037
2025-09-09 00:20:00,1649.24,827.01,2.52,0.0541,0.0108,0.0089,492.22,2.89,94.21,303.83,P027,EQ044
2025-09-09 00:30:00,1632.57,749.96,2.83,0.0387,0.0141,0.0119,511.54,3.42,98.54,312.1,P027,EQ002
2025-09-09 00:40:00,1623.77,813.22,2.67,0.0632,0.0104,0.0118,537.77,2.64,85.39,280.01,P022,EQ009
2025-09-09 00:50:00,1660.77,837.4,2.77,0.0333,0.0165,0.0069,413.72,3.08,107.74,272.17,P015,EQ016
2025-09-09 01:00:00,1662.32,876.04,2.71,0.0505,0.0123,0.0082,458.24,3.2,116.36,286.06,P022,EQ023
2025-09-09 01:10:00,1641.21,743.87,2.44,0.0568,0.012,0.0061,536.78,3.52,98.97,298.34,P004,EQ030
2025-09-09 01:20:00,1638.9,777.23,2.87,0.0516,0.0164,0.0066,503.81,3.09,106.29,308.44,P012,EQ037
2025-09-09 01:30:00,1630.68,802.56,2.16,0.0446,0.0139,0.0103,469.91,3.07,83.61,299.08,P027,EQ044
2025-09-09 01:40:00,1663.74,787.55,2.69,0.0525,0.0212,0.0079,462.04,2.83,95.15,312.01,P013,EQ002
2025-09-09 01:50:00,1653.0,772.73,2.52,0.0556,0.0125,0.0081,518.17,2.96,113.77,292.94,P027,EQ009
2025-09-09 02:00:00,1634.47,778.26,1.91,0.0481,0.0171,0.0103,513.45,2.9,91.47,301.25,P020,EQ016
2025-09-09 02:10:00,1653.07,845.2,2.66,0.0567,0.0172,0.0066,524.24,3.43,96.15,274.72,P012,EQ023
2025-09-09 02:20:00,1637.96,791.67,2.65,0.0694,0.0157,0.0113,514.65,3.09,112.73,307.64,P013,EQ030
2025-09-09 02:30:00,1652.84,903.01,2.04,0.0522,0.0179,0.0103,475.64,3.15,104.04,312.99,P006,EQ037
2025-09-09 02:40:00,1660.79,786.67,2.46,0.0426,0.0164,0.0102,475.34,3.13,97.86,299.25,P027,EQ044
2025-09-09 02:50:00,1636.13,867.24,2.68,0.054,0.0103,0.0097,442.92,3.04,101.19,288.32,P025,EQ002
2025-09-09 03:00:00,1626.57,768.66,2.49,0.0581,0.0187,0.0099,567.34,2.9,116.49,282.63,P026,EQ009
2025-09-09 03:10:00,1643.44,707.82,2.81,0.0633,0.0098,0.0123,477.09,2.48,105.78,305.89,P023,EQ016
2025-09-09 03:20:00,1649.14,832.3,2.44,0.0388,0.0175,0.013,463.31,3.3,100.01,285.07,P001,EQ023
2025-09-09 03:30:00,1643.6,861.07,2.62,0.0471,0.017,0.0087,573.16,2.96,103.41,299.82,P004,EQ030
2025-09-09 03:40:00,1635.51,811.75,2.83,0.0625,0.0096,0.0053,536.16,3.36,95.35,304.18,P015,EQ037
2025-09-09 03:50:00,1629.29,741.83,2.41,0.0464,0.02,0.01,574.93,2.84,91.73,304.22,P012,EQ044
2025-09-09 04:00:00,1631.52,814.17,2.13,0.0671,0.0126,0.0078,509.47,3.0,94.13,304.18,P030,EQ002
2025-09-09 04:10:00,1655.46,893.4,2.59,0.0401,0.0161,0.0089,501.3,2.86,103.46,304.42,P007,EQ009
2025-09-09 04:20:00,1644.8,810.19,3.06,0.0574,0.0129,0.0089,502.79,3.04,107.88,322.05,P015,EQ016
2025-09-09 04:30:00,1609.31,774.36,2.55,0.0572,0.0179,0.0106,454.61,2.56,88.62,300.3,P001,EQ023
2025-09-09 04:40:00,1638.89,737.96,2.22,0.0571,0.0142,0.011,450.96,3.14,98.21,308.66,P008,EQ030
2025-09-09 04:50:00,1663.36,741.96,2.68,0.0336,0.0112,0.0077,486.81,2.88,111.62,288.9,P024,EQ037
2025-09-09 05:00:00,1664.15,764.95,1.98,0.0527,0.0176,0.0093,434.06,2.75,94.89,312.78,P001,EQ044
2025-09-09 05:10:00,1660.23,721.79,2.38,0.0651,0.0101,0.0119,480.27,3.02,86.58,296.74,P025,EQ002
2025-09-09 05:20:00,1642.67,777.1,2.21,0.0561,0.0177,0.0111,455.33,2.9,94.04,303.59,P009,EQ009
2025-09-09 05:30:00,1669.47,860.69,2.23,0.0387,0.0227,0.0069,422.81,2.8,96.54,316.52,P022,EQ016
2025-09-09 05:40:00,1649.64,788.99,2.46,0.057,0.0162,0.015,494.21,2.8,102.39,283.83,P030,EQ023
2025-09-09 05:50:00,1667.2,831.75,2.33,0.0514,0.0159,0.0086,408.52,3.23,100.15,289.41,P023,EQ030
2025-09-09 06:00:00,1671.74,813.45,1.78,0.0453,0.0155,0.0113,510.79,2.68,96.53,297.06,P012,EQ037
2025-09-09 06:10:00,1616.47,799.94,2.35,0.0418,0.0113,0.0114,552.85,3.11,79.53,309.16,P007,EQ044
2025-09-09 06:20:00,1665.67,829.8,1.92,0.0676,0.0119,0.009,515.44,3.32,102.32,303.15,P003,EQ002
2025-09-09 06:30:00,1670.04,726.13,2.28,0.0415,0.0134,0.0133,461.0,3.1,102.74,299.81,P027,EQ009
2025-09-09 06:40:00,1642.41,866.59,2.46,0.0668,0.0153,0.0073,415.86,2.8,74.09,328.73,P020,EQ016
2025-09-09 06:50:00,1655.31,781.39,2.87,0.0342,0.0189,0.0083,488.89,2.96,80.34,310.64,P021,EQ023
2025-09-09 07:00:00,1663.44,837.05,2.79,0.0494,0.0113,0.0067,493.58,2.77,103.4,290.41,P010,EQ030
2025-09-09 07:10:00,1639.76,825.55,2.26,0.0582,0.0145,0.0102,515.2,2.82,101.35,300.14,P026,EQ037
2025-09-09 07:20:00,1640.82,791.09,2.62,0.0613,0.0158,0.0074,545.33,3.13,115.36,286.59,P023,EQ044
2025-09-09 07:30:00,1648.85,796.25,2.93,0.0487,0.0079,0.0067,428.79,3.03,89.67,291.39,P008,EQ002
2025-09-09 07:40:00,1645.47,725.32,2.76,0.0585,0.0117,0.0122,466.63,3.08,109.64,287.65,P008,EQ009
2025-09-09 07:50:00,1692.03,802.42,2.34,0.0479,0.0166,0.0093,469.86,3.36,75.53,316.4,P016,EQ016
2025-09-09 08:00:00,1642.47,811.42,2.41,0.041,0.0122,0.0108,520.72,3.19,118.1,295.44,P012,EQ023
2025-09-09 08:10:00,1645.77,833.47,2.58,0.0438,0.015,0.0088,574.51,2.97,97.76,299.53,P002,EQ030
2025-09-09 08:20:00,1641.14,788.2,2.6,0.0292,0.0177,0.011,498.06,3.26,74.22,313.16,P009,EQ037
2025-09-09 08:30:00,1643.76,851.9,2.7,0.039,0.0221,0.0086,467.46,2.73,101.65,297.63,P016,EQ044
2025-09-09 08:40:00,1656.75,759.28,2.41,0.0506,0.0127,0.0085,528.66,2.84,97.42,307.33,P029,EQ002
2025-09-09 08:50:00,1671.11,783.02,2.31,0.0458,0.0115,0.0104,510.88,2.93,88.73,308.03,P023,EQ009
2025-09-09 09:00:00,1608.92,806.39,3.04,0.0658,0.0162,0.0101,446.57,3.07,80.58,320.69,P023,EQ016
2025-09-09 09:10:00,1662.03,809.04,2.93,0.0512,0.015,0.0131,490.57,3.1,94.6,299.41,P020,EQ023
2025-09-09 09:20:00,1642.99,826.26,2.75,0.0516,0.0162,0.0113,459.78,3.27,105.49,319.35,P007,EQ030
2025-09-09 09:30:00,1674.77,882.87,2.78,0.0514,0.0193,0.01,537.63,3.03,105.68,304.67,P001,EQ037
2025-09-09 09:40:00,1654.15,756.19,2.34,0.0573,0.0137,0.012,460.17,3.13,94.66,293.08,P007,EQ044
2025-09-09 09:50:00,1641.1,864.11,2.25,0.0668,0.0139,0.009,568.8,3.37,103.48,286.54,P027,EQ002
2025-09-09 10:00:00,1661.34,795.09,2.93,0.0471,0.0173,0.014,492.43,3.13,104.61,300.44,P021,EQ009
2025-09-09 10:10:00,1651.07,831.13,2.21,0.05,0.0109,0.0095,435.29,3.08,69.31,273.56,P013,EQ016
2025-09-09 10:20:00,1627.51,833.47,2.49,0.0451,0.0131,0.0094,510.65,2.94,99.35,319.69,P004,EQ023
2025-09-09 10:30:00,1620.76,802.32,2.55,0.0603,0.0083,0.0123,619.74,3.17,94.7,268.85,P028,EQ030
2025-09-09 10:40:00,1633.0,808.93,2.67,0.0472,0.0185,0.0117,406.02,3.09,97.97,297.21,P009,EQ037
2025-09-09 10:50:00,1660.79,869.53,2.49,0.041,0.0143,0.0077,522.53,2.84,99.05,288.67,P019,EQ044
2025-09-09 11:00:00,1666.11,886.31,1.79,0.0574,0.0156,0.0133,417.66,3.08,92.74,300.44,P017,EQ002
2025-09-09 11:10:00,1609.96,791.3,2.5,0.0544,0.0123,0.0068,555.57,3.38,101.61,284.59,P016,EQ009
2025-09-09 11:20:00,1631.36,690.78,2.82,0.0407,0.0153,0.0102,497.65,3.11,101.53,307.95,P006,EQ016
2025-09-09 11:30:00,1692.18,809.32,2.35,0.0357,0.0178,0.0097,445.37,3.22,91.88,266.71,P018,EQ023
2025-09-09 11:40:00,1648.62,857.57,2.7,0.0529,0.019,0.0067,537.71,3.06,93.83,288.1,P007,EQ030
2025-09-09 11:50:00,1633.08,898.03,2.59,0.0653,0.0186,0.0114,580.15,3.26,120.82,314.69,P022,EQ037
2025-09-09 12:00:00,1658.24,776.49,2.52,0.0549,0.0116,0.0087,580.08,3.46,105.74,278.37,P024,EQ044
2025-09-09 12:10:00,1672.25,796.74,2.75,0.0527,0.0139,0.007,543.58,3.04,78.32,329.2,P019,EQ002
2025-09-09 12:20:00,1665.56,838.3,2.26,0.0505,0.0106,0.0124,455.36,3.01,122.32,330.25,P022,EQ009
2025-09-09 12:30:00,1655.44,829.89,2.33,0.0286,0.0194,0.0064,531.48,2.64,119.8,285.64,P022,EQ016
2025-09-09 12:40:00,1622.86,777.26,2.36,0.0475,0.0141,0.01,511.48,3.06,103.28,330.4,P020,EQ023
2025-09-09 12:50:00,1679.14,814.15,2.52,0.0472,0.0128,0.0081,557.63,2.96,95.2,293.29,P019,EQ030
2025-09-09 13:00:00,1629.99,831.67,2.59,0.0574,0.0178,0.0118,531.84,2.75,84.77,255.89,P006,EQ037
2025-09-09 13:10:00,1632.39,789.59,2.16,0.0469,0.0147,0.009,511.71,2.97,110.64,294.22,P003,EQ044
2025-09-09 13:20:00,1602.88,859.89,2.42,0.0379,0.0121,0.0108,557.6,2.78,116.37,296.39,P019,EQ002
2025-09-09 13:30:00,1675.64,871.16,3.2,0.0489,0.01,0.0074,579.22,2.85,102.83,306.49,P005,EQ009
2025-09-09 13:40:00,1686.3,820.65,2.51,0.0431,0.0138,0.0106,463.22,3.13,96.88,277.69,P024,EQ016
2025-09-09 13:50:00,1624.64,745.24,2.53,0.0538,0.0206,0.0099,444.85,2.82,95.17,283.34,P003,EQ023
2025-09-09 14:00:00,1662.13,801.64,2.6,0.0637,0.0141,0.0111,451.81,3.06,96.48,286.91,P005,EQ030
2025-09-09 14:10:00,1655.79,796.76,2.23,0.0499,0.009,0.0089,420.62,2.77,122.84,288.99,P009,EQ037
2025-09-09 14:20:00,1655.85,702.06,2.43,0.0521,0.0153,0.0135,439.47,3.04,112.73,295.11,P030,EQ044
2025-09-09 14:30:00,1643.13,869.43,1.89,0.0442,0.0156,0.0062,477.73,3.07,87.18,316.28,P019,EQ002
2025-09-09 14:40:00,1677.74,815.48,2.42,0.0482,0.0143,0.009,560.43,2.96,95.24,293.5,P028,EQ009
2025-09-09 14:50:00,1684.36,800.48,2.31,0.0514,0.0088,0.0091,532.4,2.88,126.24,304.97,P008,EQ016
2025-09-09 15:00:00,1652.49,833.09,2.0,0.0641,0.0124,0.0106,439.6,2.9,92.45,314.9,P029,EQ023
2025-09-09 15:10:00,1677.94,851.51,2.93,0.044,0.0138,0.0095,507.76,3.19,104.83,296.09,P017,EQ030
2025-09-09 15:20:00,1628.96,865.65,2.27,0.0495,0.0097,0.0054,583.71,3.04,89.8,308.11,P024,EQ037
2025-09-09 15:30:00,1653.99,820.29,2.43,0.0457,0.0148,0.0066,537.13,2.92,98.05,321.45,P026,EQ044
2025-09-09 15:40:00,1631.49,795.84,2.65,0.0567,0.014,0.0104,491.71,2.93,102.18,294.21,P009,EQ002
2025-09-09 15:50:00,1659.29,800.52,2.77,0.0427,0.0107,0.0084,513.79,3.47,93.99,289.89,P007,EQ009
2025-09-09 16:00:00,1664.05,823.98,2.79,0.0469,0.0093,0.0113,520.2,3.15,100.26,309.38,P028,EQ016
2025-09-09 16:10:00,1642.35,762.5,2.36,0.0722,0.0159,0.0105,383.17,2.83,130.66,289.06,P022,EQ023
2025-09-09 16:20:00,1660.13,777.47,2.36,0.0428,0.0131,0.0109,491.5,3.04,100.99,302.23,P001,EQ030
2025-09-09 16:30:00,1653.1,910.02,2.18,0.0481,0.0172,0.0085,454.44,3.07,88.93,312.17,P023,EQ037
2025-09-09 16:40:00,1658.56,745.02,2.36,0.0414,0.018,0.017,539.75,3.04,99.62,284.69,P022,EQ044
2025-09-09 16:50:00,1656.91,772.45,2.98,0.0357,0.0149,0.0099,380.51,2.92,101.44,294.83,P018,EQ002
2025-09-09 17:00:00,1646.72,823.08,1.88,0.048,0.019,0.011,539.94,3.26,101.88,320.72,P020,EQ009
2025-09-09 17:10:00,1647.94,849.44,2.29,0.0483,0.0134,0.0129,477.65,3.08,101.61,282.3,P009,EQ016
2025-09-09 17:20:00,1637.64,796.64,2.65,0.0561,0.016,0.012,411.96,2.83,95.34,259.97,P022,EQ023
2025-09-09 17:30:00,1635.73,733.73,1.77,0.0514,0.015,0.0112,544.22,2.8,97.06,280.05,P018,EQ030
2025-09-09 17:40:00,1641.09,769.64,2.97,0.0686,0.016,0.0097,443.43,3.16,99.52,302.93,P029,EQ037
2025-09-09 17:50:00,1620.89,855.59,2.69,0.0588,0.0156,0.0098,448.01,3.23,89.05,285.03,P015,EQ044
2025-09-09 18:00:00,1654.12,818.16,2.7,0.0417,0.0133,0.0093,568.84,2.94,83.47,296.5,P001,EQ002
2025-09-09 18:10:00,1660.12,837.81,2.67,0.0473,0.0162,0.0091,467.83,2.91,92.24,304.97,P014,EQ009
2025-09-09 18:20:00,1645.1,840.18,2.47,0.0582,0.0139,0.0081,462.91,3.15,102.31,296.35,P021,EQ016
2025-09-09 18:30:00,1637.62,821.35,2.55,0.0484,0.0168,0.0119,461.22,3.12,90.52,264.41,P022,EQ023
2025-09-09 18:40:00,1630.18,862.29,2.69,0.0531,0.0135,0.0068,510.22,3.16,87.35,318.68,P021,EQ030
2025-09-09 18:50:00,1638.64,778.47,2.16,0.052,0.0156,0.0083,496.87,2.58,105.83,315.64,P002,EQ037
2025-09-09 19:00:00,1651.57,781.06,2.75,0.0378,0.0117,0.0074,523.19,2.98,100.3,282.23,P028,EQ044
2025-09-09 19:10:00,1641.54,810.5,2.41,0.0656,0.0106,0.0075,433.44,3.07,93.36,292.74,P011,EQ002
2025-09-09 19:20:00,1688.3,794.36,2.73,0.0538,0.0169,0.0084,470.36,2.96,90.21,303.96,P014,EQ009
2025-09-09 19:30:00,1652.47,803.94,2.83,0.0433,0.0065,0.011,555.03,3.28,110.91,293.13,P028,EQ016
2025-09-09 19:40:00,1649.22,819.19,2.37,0.0541,0.0081,0.0112,415.52,3.29,89.48,285.97,P014,EQ023
2025-09-09 19:50:00,1651.46,712.44,2.19,0.0477,0.0122,0.0142,538.54,3.03,96.79,306.23,P009,EQ030
2025-09-09 20:00:00,1672.68,809.47,2.06,0.0579,0.0116,0.0105,591.27,3.32,96.13,305.78,P004,EQ037
2025-09-09 20:10:00,1682.88,808.57,2.4,0.0444,0.0216,0.0144,430.82,3.2,98.21,294.85,P022,EQ044
2025-09-09 20:20:00,1659.53,742.42,2.36,0.0586,0.0163,0.011,490.1,3.14,97.79,295.46,P017,EQ002
2025-09-09 20:30:00,1646.66,794.82,2.16,0.0639,0.0158,0.0087,409.38,2.88,104.9,296.44,P015,EQ009
2025-09-09 20:40:00,1652.56,785.68,2.56,0.0472,0.0175,0.0069,497.41,2.51,98.44,278.61,P016,EQ016
2025-09-09 20:50:00,1650.28,792.04,2.42,0.049,0.0143,0.0111,495.44,3.26,111.44,295.43,P012,EQ023
2025-09-09 21:00:00,1637.3,852.26,2.32,0.0496,0.0203,0.0088,522.74,3.03,85.87,313.14,P017,EQ030
2025-09-09 21:10:00,1625.83,842.53,3.03,0.055,0.0095,0.007,542.58,3.37,111.48,311.5,P025,EQ037
2025-09-09 21:20:00,1615.33,731.91,2.96,0.0372,0.01,0.0079,526.56,2.8,113.09,316.33,P002,EQ044
2025-09-09 21:30:00,1665.76,773.09,2.47,0.0666,0.0125,0.0051,526.92,2.69,106.75,304.68,P029,EQ002
2025-09-09 21:40:00,1659.0,919.7,2.17,0.0592,0.0154,0.0084,518.41,3.21,99.34,304.82,P024,EQ009
2025-09-09 21:50:00,1646.95,826.57,2.81,0.0461,0.015,0.0084,472.8,3.17,97.72,270.09,P008,EQ016
2025-09-09 22:00:00,1663.84,828.24,2.27,0.0604,0.0177,0.011,639.91,3.01,98.79,304.83,P002,EQ023
2025-09-09 22:10:00,1628.38,821.9,2.44,0.051,0.0162,0.0047,438.3,3.05,93.74,281.28,P009,EQ030
2025-09-09 22:20:00,1674.22,720.13,2.41,0.0637,0.0155,0.0122,570.08,2.85,107.98,316.35,P030,EQ037
2025-09-09 22:30:00,1646.25,723.0,3.11,0.0427,0.0154,0.0109,441.14,2.86,85.76,278.65,P014,EQ044
2025-09-09 22:40:00,1637.08,890.09,2.65,0.0326,0.017,0.011,465.45,3.14,79.36,288.66,P018,EQ002
2025-09-09 22:50:00,1634.91,788.76,2.6,0.0401,0.0143,0.0116,509.46,3.25,89.78,272.99,P015,EQ009
2025-09-09 23:00:00,1644.47,892.37,2.06,0.065,0.0133,0.0115,491.58,2.6,103.3,284.25,P011,EQ016
2025-09-09 23:10:00,1643.03,793.99,2.18,0.0382,0.0114,0.0087,474.01,3.02,120.17,316.73,P001,EQ023
2025-09-09 23:20:00,1675.01,836.38,2.87,0.0625,0.0153,0.0112,371.98,3.06,104.55,331.11,P013,EQ030
2025-09-09 23:30:00,1627.74,843.56,2.12,0.0382,0.007,0.01,523.98,2.8,85.07,296.68,P007,EQ037
2025-09-09 23:40:00,1630.33,844.26,1.77,0.0658,0.0113,0.01,540.58,2.75,73.6,304.41,P011,EQ044
2025-09-09 23:50:00,1647.32,865.6,2.83,0.0589,0.0184,0.0084,513.28,2.62,113.64,317.7,P003,EQ002
2025-09-10 00:00:00,1630.22,912.23,2.61,0.0427,0.0144,0.012,507.67,3.04,107.9,308.76,P029,EQ009
2025-09-10 00:10:00,1653.0,769.15,2.19,0.0408,0.012,0.0111,507.54,2.78,115.42,298.57,P019,EQ016
2025-09-10 00:20:00,1657.35,767.95,2.75,0.0663,0.0135,0.0109,481.67,3.0,89.7,309.4,P026,EQ023
2025-09-10 00:30:00,1642.98,849.18,2.38,0.05,0.0156,0.0104,442.23,3.11,95.61,294.18,P001,EQ030
2025-09-10 00:40:00,1590.54,839.5,2.89,0.0471,0.0119,0.0075,371.94,3.1,112.45,309.21,P024,EQ037
2025-09-10 00:50:00,1663.02,788.72,2.32,0.0381,0.0155,0.007,472.8,3.4,92.71,310.03,P008,EQ044
2025-09-10 01:00:00,1640.49,801.88,2.81,0.0528,0.014,0.0081,553.98,2.87,102.65,297.29,P023,EQ002
2025-09-10 01:10:00,1648.74,848.33,2.38,0.0388,0.0102,0.0123,483.75,3.11,103.01,306.34,P014,EQ009
2025-09-10 01:20:00,1649.55,783.66,2.58,0.0273,0.0124,0.0125,558.97,2.83,98.3,306.97,P003,EQ016
2025-09-10 01:30:00,1646.04,870.64,2.88,0.0573,0.0217,0.0101,502.38,3.0,88.25,316.86,P030,EQ023
2025-09-10 01:40:00,1613.04,770.33,2.82,0.0701,0.0206,0.0107,444.96,3.11,82.56,304.55,P008,EQ030
2025-09-10 01:50:00,1684.9,777.1,2.8,0.0419,0.0163,0.0074,512.9,3.06,95.61,302.91,P007,EQ037
2025-09-10 02:00:00,1651.46,839.09,2.38,0.0388,0.018,0.0097,454.74,3.21,116.48,300.35,P006,EQ044
2025-09-10 02:10:00,1643.94,783.41,2.36,0.0417,0.0156,0.0092,514.19,3.35,98.22,291.33,P011,EQ002
2025-09-10 02:20:00,1699.02,768.38,2.55,0.0478,0.0142,0.0105,522.67,3.02,109.85,281.63,P010,EQ009
2025-09-10 02:30:00,1623.39,876.9,3.01,0.0416,0.0131,0.0091,399.61,2.87,96.21,298.93,P003,EQ016
2025-09-10 02:40:00,1649.77,805.59,2.26,0.0352,0.0178,0.0124,450.82,3.58,84.99,304.53,P021,EQ023
2025-09-10 02:50:00,1645.58,832.27,2.3,0.0666,0.0134,0.008,464.0,3.16,85.81,318.64,P021,EQ030
2025-09-10 03:00:00,1639.64,781.09,2.65,0.0793,0.0156,0.0147,494.88,2.98,121.31,281.63,P004,EQ037
2025-09-10 03:10:00,1618.9,752.5,2.94,0.0584,0.0159,0.0107,451.71,3.31,92.71,261.07,P001,EQ044
2025-09-10 03:20:00,1631.12,812.26,2.42,0.0504,0.0135,0.0072,491.02,2.72,106.96,284.64,P016,EQ002
2025-09-10 03:30:00,1656.46,792.39,2.77,0.0511,0.012,0.0099,575.16,2.77,96.66,296.31,P014,EQ009
2025-09-10 03:40:00,1652.62,797.5,3.1,0.071,0.0183,0.0113,426.21,2.82,103.84,309.1,P026,EQ016
2025-09-10 03:50:00,1672.28,829.81,2.7,0.0435,0.0092,0.0124,509.36,3.09,77.36,297.73,P001,EQ023
2025-09-10 04:00:00,1645.64,723.24,2.85,0.0471,0.016,0.0106,479.23,2.83,122.22,268.78,P019,EQ030
2025-09-10 04:10:00,1641.1,776.79,2.67,0.0621,0.0141,0.0085,510.1,2.85,97.92,285.16,P026,EQ037
2025-09-10 04:20:00,1688.85,751.54,2.73,0.0395,0.0157,0.0109,563.22,3.09,107.22,279.36,P021,EQ044
2025-09-10 04:30:00,1645.72,861.42,2.68,0.0526,0.0167,0.0095,515.01,2.83,92.89,293.42,P030,EQ002
2025-09-10 04:40:00,1653.5,817.6,2.76,0.0576,0.0145,0.0119,542.63,3.07,96.63,299.63,P011,EQ009
2025-09-10 04:50:00,1633.65,751.54,3.06,0.0664,0.0152,0.01,475.76,3.0,86.31,332.29,P027,EQ016
2025-09-10 05:00:00,1645.75,747.02,2.78,0.0769,0.0156,0.0106,620.71,2.61,83.84,305.53,P009,EQ023
2025-09-10 05:10:00,1626.47,827.31,2.36,0.0546,0.0115,0.0103,540.17,3.38,109.01,279.31,P008,EQ030
2025-09-10 05:20:00,1650.67,802.53,2.48,0.0606,0.0106,0.0085,399.18,2.9,117.79,282.4,P004,EQ037
2025-09-10 05:30:00,1655.81,787.77,1.89,0.0585,0.0137,0.0088,573.84,3.1,98.4,285.46,P016,EQ044
2025-09-10 05:40:00,1686.81,860.33,1.95,0.0529,0.0166,0.0104,496.34,3.05,103.01,307.69,P008,EQ002
2025-09-10 05:50:00,1663.53,803.53,1.96,0.0442,0.0202,0.0104,518.64,2.96,96.41,279.33,P011,EQ009
2025-09-10 06:00:00,1657.68,768.55,2.73,0.03,0.0179,0.0071,511.93,2.86,103.18,303.04,P027,EQ016
2025-09-10 06:10:00,1669.72,754.41,2.54,0.0614,0.0153,0.0114,437.01,3.06,81.72,296.63,P002,EQ023
2025-09-10 06:20:00,1604.67,779.02,3.1,0.0598,0.0159,0.0099,523.06,3.11,90.1,302.93,P027,EQ030
2025-09-10 06:30:00,1676.19,750.22,2.99,0.0507,0.0105,0.0103,448.99,3.05,106.11,313.92,P011,EQ037
2025-09-10 06:40:00,1644.9,803.55,2.78,0.0418,0.013,0.0114,546.78,2.71,97.28,296.27,P017,EQ044
2025-09-10 06:50:00,1665.22,777.62,2.46,0.0535,0.0184,0.0122,472.86,2.89,86.02,295.01,P026,EQ002
2025-09-10 07:00:00,1653.67,776.26,2.3,0.0462,0.0192,0.009,510.67,3.15,107.2,321.27,P008,EQ009
2025-09-10 07:10:00,1621.49,698.48,2.68,0.0286,0.0187,0.0101,553.0,3.3,68.34,317.53,P003,EQ016
2025-09-10 07:20:00,1673.01,753.64,2.46,0.0588,0.0186,0.0113,440.29,2.74,99.93,284.01,P025,EQ023
2025-09-10 07:30:00,1640.78,755.31,3.0,0.0512,0.0126,0.0066,468.89,3.2,88.26,300.45,P020,EQ030
2025-09-10 07:40:00,1652.08,859.62,2.65,0.0496,0.012,0.0107,505.14,3.13,98.07,318.05,P020,EQ037
2025-09-10 07:50:00,1661.27,725.78,3.17,0.0516,0.0199,0.0086,578.82,3.44,79.95,296.16,P015,EQ044
2025-09-10 08:00:00,1615.41,810.74,2.41,0.0629,0.0163,0.0099,479.93,2.97,120.35,293.93,P025,EQ002
2025-09-10 08:10:00,1639.95,729.06,2.72,0.0537,0.0181,0.0118,429.33,3.01,107.52,292.21,P004,EQ009
2025-09-10 08:20:00,1634.22,771.6,2.8,0.0323,0.015,0.0104,482.07,2.8,114.16,270.83,P021,EQ016
2025-09-10 08:30:00,1672.75,804.9,2.45,0.062,0.026,0.0086,522.61,3.15,98.79,315.28,P015,EQ023
2025-09-10 08:40:00,1669.32,771.95,2.41,0.0479,0.0133,0.0048,529.51,2.65,93.36,300.78,P019,EQ030
2025-09-10 08:50:00,1619.94,758.66,2.31,0.0508,0.0112,0.0095,523.03,3.31,108.71,296.97,P004,EQ037
2025-09-10 09:00:00,1615.8,735.83,2.63,0.0416,0.0224,0.0079,503.21,3.14,119.09,280.09,P003,EQ044
2025-09-10 09:10:00,1649.13,751.76,2.48,0.0553,0.0163,0.0119,508.97,3.18,89.79,308.61,P002,EQ002
2025-09-10 09:20:00,1636.89,796.59,2.99,0.0421,0.0097,0.0106,502.72,2.83,130.4,276.4,P030,EQ009
2025-09-10 09:30:00,1664.61,753.61,2.27,0.0476,0.0136,0.0102,450.22,3.2,96.71,311.16,P002,EQ016
2025-09-10 09:40:00,1630.02,864.2,2.65,0.0308,0.0162,0.0113,584.16,2.66,76.66,302.88,P013,EQ023
2025-09-10 09:50:00,1623.22,847.72,2.26,0.0284,0.0139,0.012,433.28,2.97,99.2,291.55,P011,EQ030
2025-09-10 10:00:00,1654.99,858.86,2.33,0.0544,0.02,0.0064,522.31,3.02,93.89,283.68,P029,EQ037
2025-09-10 10:10:00,1663.19,864.59,2.06,0.0433,0.0141,0.0055,511.86,3.01,93.58,312.6,P028,EQ044
2025-09-10 10:20:00,1636.84,756.6,2.7,0.0369,0.0107,0.0093,486.91,3.03,89.83,295.56,P023,EQ002
2025-09-10 10:30:00,1613.8,749.08,2.52,0.0688,0.0142,0.0062,592.94,2.89,87.94,263.23,P003,EQ009
2025-09-10 10:40:00,1640.17,737.66,2.57,0.0491,0.0198,0.0093,582.29,3.17,113.77,306.2,P026,EQ016
2025-09-10 10:50:00,1662.47,779.76,3.03,0.0541,0.0113,0.0098,419.46,2.8,106.55,304.17,P005,EQ023
2025-09-10 11:00:00,1662.45,852.62,2.14,0.0656,0.0197,0.008,506.36,3.2,108.55,281.96,P002,EQ030
2025-09-10 11:10:00,1689.23,770.95,2.53,0.0556,0.0193,0.0079,434.71,3.0,114.01,323.49,P030,EQ037
2025-09-10 11:20:00,1668.87,843.1,2.88,0.0466,0.0151,0.0137,495.55,3.04,86.85,305.95,P026,EQ044
2025-09-10 11:30:00,1632.94,857.47,2.78,0.0558,0.0176,0.0081,461.22,2.73,94.66,307.82,P015,EQ002
2025-09-10 11:40:00,1654.38,792.31,2.49,0.0631,0.0217,0.0073,450.45,3.14,95.92,310.09,P002,EQ009
2025-09-10 11:50:00,1648.0,871.61,2.67,0.0321,0.0142,0.011,477.17,3.18,105.49,328.89,P010,EQ016
2025-09-10 12:00:00,1635.05,805.48,2.58,0.0489,0.0147,0.0084,560.29,3.17,102.18,292.05,P020,EQ023
2025-09-10 12:10:00,1643.76,870.97,2.17,0.0623,0.0191,0.0051,559.53,2.85,106.37,274.67,P021,EQ030
2025-09-10 12:20:00,1647.41,795.72,2.63,0.0501,0.0136,0.0094,420.16,3.02,109.37,310.49,P014,EQ037
2025-09-10 12:30:00,1644.98,781.12,2.26,0.0568,0.0131,0.0107,513.24,3.02,98.97,322.91,P003,EQ044
2025-09-10 12:40:00,1635.56,756.22,2.53,0.039,0.0135,0.0111,474.05,3.11,92.88,322.27,P004,EQ002
2025-09-10 12:50:00,1639.18,813.14,2.71,0.0601,0.0142,0.0079,543.95,2.91,110.84,306.01,P022,EQ009
2025-09-10 13:00:00,1658.68,694.44,2.15,0.0439,0.0161,0.0096,513.54,3.08,101.88,318.88,P002,EQ016
2025-09-10 13:10:00,1638.59,830.85,1.92,0.0445,0.0102,0.0069,540.43,3.06,86.39,298.77,P018,EQ023
2025-09-10 13:20:00,1632.59,830.95,2.22,0.0468,0.012,0.0122,464.5,2.9,88.82,316.19,P002,EQ030
2025-09-10 13:30:00,1629.47,777.39,2.22,0.0522,0.0194,0.0083,522.16,3.14,103.97,301.74,P010,EQ037
2025-09-10 13:40:00,1646.54,774.66,2.03,0.0366,0.0163,0.0101,552.37,3.03,84.83,284.83,P028,EQ044
2025-09-10 13:50:00,1654.35,819.97,2.49,0.0389,0.0151,0.0094,488.0,3.15,104.63,316.74,P013,EQ002
2025-09-10 14:00:00,1683.64,898.39,2.95,0.0497,0.0123,0.0094,442.42,3.07,101.17,307.04,P013,EQ009
2025-09-10 14:10:00,1639.0,676.05,2.55,0.0523,0.0144,0.0086,428.84,3.01,97.09,303.6,P004,EQ016
2025-09-10 14:20:00,1635.6,813.05,1.84,0.0504,0.0133,0.0092,550.8,2.78,104.99,295.1,P020,EQ023
2025-09-10 14:30:00,1610.62,778.96,2.6,0.0418,0.0147,0.0074,528.95,3.11,107.41,297.84,P025,EQ030
2025-09-10 14:40:00,1664.93,782.32,2.35,0.0485,0.015,0.0101,459.61,2.96,100.69,275.73,P014,EQ037
2025-09-10 14:50:00,1636.02,817.48,3.03,0.0662,0.0145,0.0111,497.69,2.58,119.1,309.27,P008,EQ044
2025-09-10 15:00:00,1640.38,822.1,2.55,0.0412,0.0105,0.0103,600.81,3.3,111.83,295.1,P028,EQ002
2025-09-10 15:10:00,1671.14,800.33,2.17,0.0446,0.0136,0.0116,425.78,2.69,96.63,291.99,P020,EQ009
2025-09-10 15:20:00,1667.04,774.52,2.51,0.0531,0.0165,0.0089,449.94,3.13,111.75,307.18,P026,EQ016
2025-09-10 15:30:00,1669.0,783.63,2.52,0.0586,0.0116,0.0129,503.45,3.17,110.87,303.13,P022,EQ023
2025-09-10 15:40:00,1631.53,853.86,2.43,0.0454,0.014,0.0141,491.38,2.98,92.75,288.47,P020,EQ030
2025-09-10 15:50:00,1650.84,862.62,2.45,0.0555,0.0156,0.0103,452.69,3.28,86.04,297.41,P001,EQ037
2025-09-10 16:00:00,1667.46,724.92,2.48,0.0522,0.0109,0.0134,477.07,2.9,92.51,289.42,P015,EQ044
2025-09-10 16:10:00,1608.02,843.84,2.44,0.0548,0.0143,0.0105,497.23,2.77,118.96,293.33,P013,EQ002
2025-09-10 16:20:00,1636.14,782.35,2.37,0.0572,0.0133,0.0106,503.58,3.08,129.91,296.47,P015,EQ009
2025-09-10 16:30:00,1657.39,875.14,2.31,0.0353,0.0136,0.0097,514.05,2.99,89.11,295.51,P026,EQ016
2025-09-10 16:40:00,1697.04,743.43,2.56,0.0488,0.0182,0.0105,374.68,3.0,85.07,283.43,P014,EQ023
2025-09-10 16:50:00,1671.62,836.26,2.08,0.0599,0.0146,0.0101,588.73,2.82,111.13,293.56,P029,EQ030
2025-09-10 17:00:00,1603.8,794.88,2.81,0.0288,0.0143,0.0102,465.58,2.96,85.54,295.52,P020,EQ037
2025-09-10 17:10:00,1614.81,805.32,2.43,0.0481,0.0163,0.0087,478.76,3.1,93.33,293.12,P020,EQ044
2025-09-10 17:20:00,1673.47,786.13,2.16,0.0485,0.0152,0.0141,500.51,3.17,102.54,316.91,P004,EQ002
2025-09-10 17:30:00,1681.72,789.78,3.05,0.0515,0.0139,0.0112,555.88,2.91,94.81,296.27,P011,EQ009
2025-09-10 17:40:00,1663.44,803.76,2.54,0.0477,0.0216,0.0103,462.03,2.88,78.84,292.71,P021,EQ016
2025-09-10 17:50:00,1618.94,857.43,2.14,0.0507,0.0137,0.0117,472.03,3.15,96.91,295.31,P022,EQ023
2025-09-10 18:00:00,1637.82,697.42,2.9,0.0314,0.0162,0.0097,547.8,3.3,105.5,309.8,P026,EQ030
2025-09-10 18:10:00,1630.62,829.95,2.35,0.032,0.0118,0.0077,550.42,3.12,119.73,310.31,P001,EQ037
2025-09-10 18:20:00,1637.67,760.67,2.48,0.0546,0.0189,0.0087,404.53,3.06,113.4,299.67,P015,EQ044
2025-09-10 18:30:00,1664.76,786.44,2.26,0.0584,0.015,0.0091,433.94,3.02,108.58,306.08,P017,EQ002
2025-09-10 18:40:00,1651.49,830.78,2.33,0.0571,0.0153,0.0113,512.4,3.15,107.27,284.61,P011,EQ009
2025-09-10 18:50:00,1628.4,756.52,3.06,0.053,0.0151,0.0055,515.29,3.11,103.32,297.0,P019,EQ016
2025-09-10 19:00:00,1664.99,841.2,2.58,0.0404,0.01,0.0125,453.81,3.19,111.16,297.5,P007,EQ023
2025-09-10 19:10:00,1633.42,807.28,2.9,0.0593,0.0141,0.0115,611.76,3.3,107.97,323.62,P004,EQ030
2025-09-10 19:20:00,1649.06,907.34,2.42,0.047,0.0144,0.0085,443.76,2.65,111.25,298.15,P004,EQ037
2025-09-10 19:30:00,1643.59,704.06,2.4,0.0441,0.0118,0.0103,458.4,2.82,96.32,319.2,P001,EQ044
2025-09-10 19:40:00,1666.42,742.85,2.83,0.0421,0.0165,0.0105,553.44,2.78,98.02,292.77,P020,EQ002
2025-09-10 19:50:00,1662.51,770.56,2.35,0.0635,0.0151,0.0098,400.69,3.09,105.12,330.7,P023,EQ009
2025-09-10 20:00:00,1630.67,763.27,3.06,0.0557,0.0103,0.0097,559.52,2.63,84.07,292.79,P003,EQ016
2025-09-10 20:10:00,1633.38,800.99,2.08,0.0549,0.0139,0.0143,546.66,2.93,103.69,321.29,P019,EQ023
2025-09-10 20:20:00,1633.02,838.42,1.97,0.0418,0.0129,0.0094,516.55,3.04,100.9,292.3,P026,EQ030
2025-09-10 20:30:00,1653.98,816.9,2.74,0.0407,0.012,0.0127,461.66,3.2,105.93,304.34,P027,EQ037
2025-09-10 20:40:00,1659.56,722.91,2.21,0.0484,0.0112,0.0099,513.16,3.1,104.28,297.4,P007,EQ044
2025-09-10 20:50:00,1650.6,866.36,2.45,0.044,0.0143,0.0074,513.41,2.82,104.05,300.74,P029,EQ002
2025-09-10 21:00:00,1626.03,842.32,3.03,0.0565,0.0193,0.0117,506.48,3.11,80.89,305.5,P019,EQ009
2025-09-10 21:10:00,1659.08,855.34,2.44,0.0578,0.0181,0.0093,462.83,3.06,95.57,310.0,P005,EQ016
2025-09-10 21:20:00,1659.44,757.74,1.85,0.0203,0.0082,0.0117,501.58,2.87,108.3,305.59,P021,EQ023
2025-09-10 21:30:00,1688.17,790.49,2.22,0.0526,0.0076,0.009,455.47,3.19,79.65,316.61,P017,EQ030
2025-09-10 21:40:00,1684.18,782.76,2.27,0.0628,0.0177,0.0112,510.22,2.81,109.69,321.14,P009,EQ037
2025-09-10 21:50:00,1611.47,842.28,2.37,0.0505,0.0211,0.0083,570.29,3.44,102.08,292.88,P012,EQ044
2025-09-10 22:00:00,1684.64,779.38,2.58,0.0415,0.0186,0.0091,488.12,2.83,86.74,317.66,P014,EQ002
2025-09-10 22:10:00,1656.59,784.29,2.22,0.0352,0.015,0.0103,420.08,2.96,81.94,296.97,P016,EQ009
2025-09-10 22:20:00,1679.4,806.27,2.47,0.0558,0.0162,0.006,503.46,2.8,110.78,312.88,P024,EQ016
2025-09-10 22:30:00,1677.41,816.36,2.14,0.0529,0.0128,0.009,481.9,2.96,110.28,311.3,P020,EQ023
2025-09-10 22:40:00,1595.23,800.37,2.31,0.0396,0.0138,0.0099,463.2,3.05,86.96,288.51,P015,EQ030
2025-09-10 22:50:00,1629.62,827.07,2.27,0.0541,0.0106,0.0105,447.68,2.97,81.19,301.37,P006,EQ037
2025-09-10 23:00:00,1640.21,794.53,2.33,0.0528,0.0162,0.0124,543.49,2.92,94.62,288.17,P008,EQ044
2025-09-10 23:10:00,1622.28,741.21,3.05,0.058,0.0173,0.0095,476.9,2.72,109.39,294.44,P005,EQ002
2025-09-10 23:20:00,1655.59,737.7,2.82,0.0567,0.0142,0.0094,462.8,2.69,80.76,301.78,P026,EQ009
2025-09-10 23:30:00,1634.1,802.52,2.88,0.0491,0.013,0.0128,461.82,2.87,91.78,307.68,P002,EQ016
2025-09-10 23:40:00,1633.28,735.17,2.31,0.0559,0.0169,0.0102,634.39,2.96,100.56,287.68,P002,EQ023
2025-09-10 23:50:00,1657.91,845.16,2.64,0.0638,0.0131,0.0077,487.54,3.07,104.01,331.43,P005,EQ030
2025-09-11 00:00:00,1625.41,730.93,2.41,0.0507,0.0076,0.0126,459.65,3.23,103.9,310.39,P010,EQ037
2025-09-11 00:10:00,1645.11,786.95,2.59,0.0666,0.0163,0.0077,485.65,2.88,101.44,307.1,P019,EQ044
2025-09-11 00:20:00,1643.69,853.69,2.59,0.0489,0.018,0.01,489.98,2.88,104.78,295.67,P014,EQ002
2025-09-11 00:30:00,1639.09,788.55,2.07,0.0698,0.016,0.0069,515.32,3.2,100.77,301.07,P017,EQ009
2025-09-11 00:40:00,1613.87,760.64,2.65,0.0651,0.0187,0.0126,504.2,2.95,92.35,308.68,P021,EQ016
2025-09-11 00:50:00,1646.0,865.27,3.2,0.0522,0.0073,0.0101,502.64,3.18,100.9,325.88,P025,EQ023
2025-09-11 01:00:00,1625.16,862.51,2.46,0.0467,0.0103,0.0099,522.8,3.3,94.93,296.95,P012,EQ030
2025-09-11 01:10:00,1649.33,825.56,1.91,0.0574,0.0143,0.0126,475.14,3.05,96.74,315.55,P010,EQ037
2025-09-11 01:20:00,1643.88,785.62,2.4,0.0481,0.0201,0.0078,518.09,3.3,76.57,294.88,P019,EQ044
2025-09-11 01:30:00,1682.71,818.66,2.48,0.0502,0.0137,0.0077,423.47,2.93,113.11,298.65,P029,EQ002
2025-09-11 01:40:00,1613.01,761.7,1.99,0.0513,0.018,0.0092,518.35,3.02,89.52,272.42,P018,EQ009
2025-09-11 01:50:00,1646.18,829.29,2.48,0.0575,0.0222,0.0114,474.59,2.9,101.31,302.45,P025,EQ016
2025-09-11 02:00:00,1654.46,849.63,2.37,0.0436,0.0189,0.0106,545.64,3.0,102.63,275.93,P005,EQ023
2025-09-11 02:10:00,1652.66,808.78,2.32,0.0463,0.0137,0.0078,545.22,3.17,100.65,312.08,P005,EQ030
2025-09-11 02:20:00,1671.73,810.13,2.38,0.0618,0.013,0.0096,543.25,3.05,109.19,299.2,P016,EQ037
2025-09-11 02:30:00,1658.76,714.33,2.74,0.0586,0.0111,0.0133,424.42,2.91,62.27,293.41,P010,EQ044
2025-09-11 02:40:00,1691.63,872.49,2.43,0.0624,0.0142,0.0084,478.37,2.87,104.46,293.72,P020,EQ002
2025-09-11 02:50:00,1661.83,854.58,2.73,0.0486,0.0152,0.0098,394.02,3.28,112.85,312.85,P011,EQ009
2025-09-11 03:00:00,1667.19,735.34,2.34,0.0505,0.0114,0.0128,413.69,2.9,122.52,279.91,P010,EQ016
2025-09-11 03:10:00,1620.33,848.89,2.7,0.0458,0.0161,0.0101,455.28,2.68,107.85,317.8,P012,EQ023
2025-09-11 03:20:00,1632.36,652.21,2.57,0.0459,0.0146,0.0094,434.44,3.2,123.32,305.09,P001,EQ030
2025-09-11 03:30:00,1626.6,842.62,2.44,0.0399,0.0162,0.0118,495.8,3.13,103.09,300.54,P017,EQ037
2025-09-11 03:40:00,1661.87,882.31,2.57,0.0511,0.013,0.0091,514.73,3.26,99.41,252.63,P019,EQ044
2025-09-11 03:50:00,1668.36,801.22,2.16,0.0548,0.0137,0.0107,455.17,2.91,116.25,323.89,P022,EQ002
2025-09-11 04:00:00,1657.5,835.64,2.83,0.0499,0.0161,0.0065,491.46,2.93,108.37,285.11,P022,EQ009
2025-09-11 04:10:00,1693.15,825.6,2.39,0.0593,0.0182,0.0102,573.6,2.86,87.04,303.01,P005,EQ016
2025-09-11 04:20:00,1669.01,824.66,2.26,0.0512,0.0175,0.0123,496.71,3.49,101.82,301.96,P002,EQ023
2025-09-11 04:30:00,1630.83,728.41,3.01,0.0304,0.0121,0.0068,423.52,2.78,103.43,300.32,P008,EQ030
2025-09-11 04:40:00,1635.93,796.09,2.33,0.0476,0.0187,0.0122,496.04,2.89,89.65,301.03,P017,EQ037
2025-09-11 04:50:00,1673.91,756.39,2.36,0.0478,0.0182,0.0122,525.27,2.68,81.75,314.79,P027,EQ044
2025-09-11 05:00:00,1654.56,803.67,2.88,0.0324,0.0142,0.0082,512.97,3.09,101.42,311.99,P027,EQ002
2025-09-11 05:10:00,1665.43,732.29,2.39,0.0401,0.0125,0.0111,483.8,2.95,80.83,299.89,P018,EQ009
2025-09-11 05:20:00,1678.8,886.42,2.33,0.0549,0.0182,0.0091,455.01,2.79,92.09,301.71,P028,EQ016
2025-09-11 05:30:00,1608.45,821.46,2.2,0.0526,0.0127,0.0114,416.12,3.33,108.65,263.53,P002,EQ023
2025-09-11 05:40:00,1646.88,765.65,2.46,0.0455,0.0194,0.0083,526.86,2.51,105.83,294.42,P014,EQ030
2025-09-11 05:50:00,1646.47,826.2,3.23,0.0704,0.0149,0.0119,469.71,2.61,92.59,351.68,P012,EQ037
2025-09-11 06:00:00,1646.14,775.07,2.45,0.0542,0.0189,0.0103,543.08,3.45,103.17,301.32,P007,EQ044
2025-09-11 06:10:00,1655.06,780.81,2.22,0.0413,0.0139,0.0104,482.46,3.25,93.47,319.94,P007,EQ002
2025-09-11 06:20:00,1636.04,791.75,2.33,0.0535,0.0102,0.0109,553.97,3.05,83.47,293.82,P021,EQ009
2025-09-11 06:30:00,1671.03,833.93,2.42,0.05,0.0172,0.009,431.15,2.58,107.97,299.92,P030,EQ016
2025-09-11 06:40:00,1659.49,794.28,3.2,0.0354,0.0197,0.0107,467.17,2.89,105.58,298.33,P007,EQ023
2025-09-11 06:50:00,1662.26,732.68,2.13,0.045,0.017,0.01,507.14,2.89,100.87,271.49,P026,EQ030
2025-09-11 07:00:00,1622.02,884.68,2.24,0.0608,0.0175,0.009,517.52,2.56,113.93,309.85,P003,EQ037
2025-09-11 07:10:00,1665.26,832.05,2.26,0.0661,0.0143,0.0104,476.95,2.97,99.76,300.07,P011,EQ044
2025-09-11 07:20:00,1654.12,810.95,2.5,0.0654,0.0156,0.0113,537.12,3.07,115.23,296.43,P007,EQ002
2025-09-11 07:30:00,1633.8,760.85,2.56,0.0532,0.014,0.0104,574.56,2.49,102.62,303.73,P022,EQ009
2025-09-11 07:40:00,1676.09,725.43,2.75,0.0438,0.0131,0.01,543.63,3.15,93.89,301.26,P016,EQ016
2025-09-11 07:50:00,1632.26,844.4,2.52,0.0423,0.017,0.0103,469.65,3.24,91.11,310.04,P023,EQ023
2025-09-11 08:00:00,1675.14,838.79,2.62,0.0555,0.0184,0.0074,604.87,2.92,102.65,309.13,P023,EQ030
2025-09-11 08:10:00,1644.94,752.67,2.45,0.045,0.009,0.0069,579.84,2.83,103.98,298.97,P015,EQ037
2025-09-11 08:20:00,1652.32,839.76,2.53,0.0487,0.0141,0.0105,549.26,2.93,104.02,305.18,P020,EQ044
2025-09-11 08:30:00,1617.86,921.14,2.44,0.0626,0.0148,0.0122,506.29,3.13,101.99,298.04,P023,EQ002
2025-09-11 08:40:00,1647.25,823.02,2.64,0.0645,0.0136,0.011,457.47,2.54,106.74,293.45,P011,EQ009
2025-09-11 08:50:00,1662.8,766.37,2.05,0.0499,0.0124,0.0106,481.38,3.08,107.51,297.0,P028,EQ016
2025-09-11 09:00:00,1648.2,740.77,1.76,0.0404,0.0196,0.008,528.3,3.07,109.12,299.87,P019,EQ023
2025-09-11 09:10:00,1622.8,790.9,2.53,0.0496,0.0153,0.0095,498.61,2.93,108.58,285.53,P019,EQ030
2025-09-11 09:20:00,1678.75,779.47,2.18,0.0755,0.015,0.0121,478.8,3.03,114.85,288.21,P011,EQ037
2025-09-11 09:30:00,1648.0,717.06,2.39,0.0407,0.0161,0.0125,470.8,3.2,103.0,304.12,P020,EQ044
2025-09-11 09:40:00,1661.46,816.59,2.4,0.0367,0.0156,0.0088,452.09,2.82,105.75,313.81,P010,EQ002
2025-09-11 09:50:00,1668.0,882.08,2.59,0.0282,0.0115,0.0095,512.01,2.59,90.55,315.5,P014,EQ009
2025-09-11 10:00:00,1651.18,792.23,2.86,0.0542,0.0125,0.0104,490.54,3.01,99.23,305.96,P011,EQ016
2025-09-11 10:10:00,1651.52,858.71,2.67,0.0491,0.018,0.0071,490.59,3.33,106.56,295.34,P006,EQ023
2025-09-11 10:20:00,1647.26,813.42,2.25,0.0475,0.0151,0.0085,522.64,2.72,107.24,275.49,P004,EQ030
2025-09-11 10:30:00,1634.68,831.95,2.69,0.0583,0.0134,0.0097,450.74,2.81,90.31,291.37,P015,EQ037
2025-09-11 10:40:00,1642.46,744.02,2.37,0.0433,0.0164,0.0065,433.95,3.15,106.79,272.06,P029,EQ044
2025-09-11 10:50:00,1635.07,738.01,2.7,0.0394,0.0094,0.0099,479.65,3.1,88.96,288.38,P026,EQ002
2025-09-11 11:00:00,1641.05,855.94,2.58,0.0444,0.0134,0.0087,540.25,2.97,110.67,272.62,P030,EQ009
2025-09-11 11:10:00,1639.98,806.33,2.47,0.0408,0.0187,0.0114,452.58,2.81,112.31,315.41,P002,EQ016
2025-09-11 11:20:00,1636.1,825.49,2.33,0.052,0.0181,0.0114,599.65,2.99,116.6,306.96,P016,EQ023
2025-09-11 11:30:00,1656.38,747.95,2.37,0.0379,0.0163,0.0098,459.18,2.89,94.53,301.47,P008,EQ030
2025-09-11 11:40:00,1624.94,795.27,2.35,0.039,0.0125,0.0059,525.84,3.19,113.43,318.27,P030,EQ037
2025-09-11 11:50:00,1658.91,767.74,2.18,0.0708,0.0218,0.0093,545.9,2.8,95.87,306.38,P001,EQ044
2025-09-11 12:00:00,1630.33,743.51,2.25,0.0512,0.0206,0.0077,542.95,2.57,116.08,293.46,P021,EQ002
2025-09-11 12:10:00,1649.21,750.2,2.75,0.0583,0.0157,0.0078,495.19,3.06,110.26,325.67,P008,EQ009
2025-09-11 12:20:00,1652.51,727.23,2.53,0.0518,0.0154,0.0088,497.06,2.89,106.32,295.38,P023,EQ016
2025-09-11 12:30:00,1661.94,762.53,2.66,0.0551,0.0155,0.0073,420.19,2.51,93.43,290.85,P008,EQ023
2025-09-11 12:40:00,1621.64,731.34,3.11,0.0352,0.0119,0.0077,472.4,3.11,92.08,313.29,P015,EQ030
2025-09-11 12:50:00,1635.77,807.74,2.54,0.0366,0.016,0.0075,470.0,2.79,91.36,298.58,P020,EQ037
2025-09-11 13:00:00,1660.59,787.73,2.58,0.0551,0.0101,0.0113,529.23,3.26,102.19,288.2,P007,EQ044
2025-09-11 13:10:00,1633.69,783.77,2.4,0.0575,0.0155,0.0105,462.1,3.53,98.29,283.74,P008,EQ002
2025-09-11 13:20:00,1665.36,878.75,2.54,0.0454,0.0115,0.0083,547.02,2.82,92.84,303.64,P016,EQ009
2025-09-11 13:30:00,1623.32,874.64,2.51,0.0524,0.0116,0.0076,509.84,3.05,92.45,288.47,P024,EQ016
2025-09-11 13:40:00,1619.22,737.62,1.94,0.0744,0.0174,0.0084,475.86,3.05,110.79,285.53,P025,EQ023
2025-09-11 13:50:00,1678.68,866.83,2.93,0.0646,0.0134,0.0074,520.79,2.86,90.91,294.85,P027,EQ030
2025-09-11 14:00:00,1613.17,801.84,2.91,0.0545,0.0157,0.0119,557.97,2.93,98.36,295.66,P011,EQ037
2025-09-11 14:10:00,1631.95,839.29,2.71,0.0367,0.0132,0.012,508.38,2.98,102.52,325.24,P026,EQ044
2025-09-11 14:20:00,1625.16,787.57,2.37,0.0577,0.0164,0.0122,420.18,3.06,89.5,305.55,P024,EQ002
2025-09-11 14:30:00,1655.23,788.71,2.51,0.0583,0.0179,0.01,417.29,2.87,105.73,316.25,P013,EQ009
2025-09-11 14:40:00,1664.43,806.43,2.61,0.0522,0.0112,0.0084,480.84,2.8,89.79,324.58,P007,EQ016
2025-09-11 14:50:00,1677.14,795.04,2.73,0.0524,0.0138,0.0087,524.56,2.71,97.93,295.11,P013,EQ023
2025-09-11 15:00:00,1658.11,838.98,2.74,0.025,0.0171,0.0111,539.92,2.77,108.49,328.13,P006,EQ030
2025-09-11 15:10:00,1625.69,735.7,2.86,0.0459,0.0142,0.0088,547.94,3.17,117.1,322.48,P027,EQ037
2025-09-11 15:20:00,1692.53,716.24,2.82,0.0417,0.0154,0.0107,436.37,3.11,87.41,278.43,P001,EQ044
2025-09-11 15:30:00,1675.78,863.16,2.8,0.0634,0.0166,0.0088,504.39,2.94,105.1,282.23,P012,EQ002
2025-09-11 15:40:00,1685.15,816.28,2.38,0.0505,0.0149,0.0086,553.53,2.73,91.67,311.28,P001,EQ009
2025-09-11 15:50:00,1635.89,746.45,2.97,0.0564,0.0088,0.012,496.37,2.93,97.91,301.73,P003,EQ016
2025-09-11 16:00:00,1670.58,835.2,2.71,0.0646,0.0196,0.0104,534.17,3.1,97.91,316.21,P012,EQ023
2025-09-11 16:10:00,1663.33,804.27,2.11,0.0487,0.0151,0.0087,508.57,3.22,98.58,270.1,P001,EQ030
2025-09-11 16:20:00,1633.02,818.93,2.42,0.0449,0.0138,0.013,605.77,3.19,118.06,314.65,P018,EQ037
2025-09-11 16:30:00,1654.18,779.03,2.17,0.0564,0.0187,0.0128,447.24,3.22,93.31,318.82,P004,EQ044
2025-09-11 16:40:00,1625.58,810.96,2.78,0.037,0.0179,0.0094,455.77,3.0,122.49,305.76,P005,EQ002
2025-09-11 16:50:00,1712.04,769.68,2.44,0.0667,0.0092,0.0097,381.94,3.19,112.28,275.34,P010,EQ009
2025-09-11 17:00:00,1632.99,760.32,2.34,0.0409,0.0133,0.0095,454.68,2.8,99.86,311.55,P015,EQ016
2025-09-11 17:10:00,1659.66,731.87,2.73,0.0489,0.0157,0.0122,485.4,2.84,81.91,307.96,P007,EQ023
2025-09-11 17:20:00,1647.93,867.13,2.41,0.034,0.0174,0.0129,585.96,3.13,79.74,304.95,P021,EQ030
2025-09-11 17:30:00,1656.25,728.69,2.8,0.0299,0.0258,0.0115,557.75,2.89,103.94,300.49,P019,EQ037
2025-09-11 17:40:00,1663.46,817.48,2.15,0.0575,0.0183,0.011,523.23,2.59,97.04,281.85,P030,EQ044
2025-09-11 17:50:00,1638.64,721.0,2.4,0.0506,0.0169,0.0111,572.89,3.01,98.28,323.07,P025,EQ002
2025-09-11 18:00:00,1649.67,843.56,2.87,0.038,0.0159,0.0091,477.74,3.06,121.65,294.49,P012,EQ009
2025-09-11 18:10:00,1677.77,829.68,2.13,0.0719,0.0183,0.0113,450.64,3.23,102.29,285.18,P002,EQ016
2025-09-11 18:20:00,1669.61,763.63,2.61,0.0485,0.0143,0.0107,510.52,2.88,101.07,298.46,P001,EQ023
2025-09-11 18:30:00,1674.68,800.06,2.0,0.0487,0.0111,0.0063,473.61,2.87,101.99,287.47,P007,EQ030
2025-09-11 18:40:00,1629.04,814.21,2.69,0.06,0.0116,0.0144,531.39,2.5,98.39,294.45,P007,EQ037
2025-09-11 18:50:00,1650.87,735.64,2.27,0.0598,0.0158,0.0103,530.41,2.94,80.63,306.79,P010,EQ044
2025-09-11 19:00:00,1686.47,765.21,1.79,0.0348,0.0146,0.0086,552.83,2.94,101.16,301.08,P006,EQ002
2025-09-11 19:10:00,1668.24,882.95,2.43,0.0439,0.0108,0.0108,541.38,2.79,106.12,334.31,P008,EQ009
2025-09-11 19:20:00,1638.0,870.93,2.44,0.0531,0.0143,0.0115,470.04,2.8,109.4,292.56,P029,EQ016
2025-09-11 19:30:00,1656.34,778.33,2.06,0.041,0.0177,0.0057,367.0,2.93,120.86,323.99,P009,EQ023
2025-09-11 19:40:00,1670.7,866.23,2.5,0.0469,0.0113,0.0124,481.57,2.84,113.03,297.47,P024,EQ030
2025-09-11 19:50:00,1638.55,833.1,2.25,0.0372,0.01,0.0108,499.47,3.19,92.23,269.3,P006,EQ037
2025-09-11 20:00:00,1623.6,844.07,2.1,0.0588,0.017,0.0114,493.37,3.2,118.15,305.21,P011,EQ044
2025-09-11 20:10:00,1647.54,800.55,2.18,0.0467,0.0201,0.009,518.2,2.88,110.85,302.94,P028,EQ002
2025-09-11 20:20:00,1659.81,796.25,2.8,0.0369,0.0172,0.0066,521.0,3.18,109.7,289.0,P018,EQ009
2025-09-11 20:30:00,1651.45,768.58,2.52,0.056,0.014,0.0097,510.89,2.89,84.2,293.57,P008,EQ016
2025-09-11 20:40:00,1644.87,848.38,2.94,0.0503,0.0141,0.0071,561.18,3.0,94.16,315.52,P006,EQ023
2025-09-11 20:50:00,1622.41,746.24,2.51,0.0556,0.0118,0.0079,513.86,2.87,97.7,266.37,P007,EQ030
2025-09-11 21:00:00,1647.38,821.35,1.72,0.0298,0.0136,0.0129,509.38,2.8,111.37,281.84,P001,EQ037
2025-09-11 21:10:00,1645.71,850.63,2.47,0.0697,0.0131,0.0132,538.9,2.94,108.19,290.92,P006,EQ044
2025-09-11 21:20:00,1654.49,851.37,2.24,0.0365,0.0112,0.0122,531.96,2.81,106.67,303.47,P027,EQ002
2025-09-11 21:30:00,1646.67,803.26,3.11,0.0469,0.0148,0.011,573.71,3.32,81.84,313.73,P009,EQ009
2025-09-11 21:40:00,1634.71,829.79,2.34,0.0395,0.0137,0.0077,469.18,3.24,105.31,300.32,P030,EQ016
2025-09-11 21:50:00,1625.4,776.03,2.43,0.0477,0.0176,0.0084,474.46,3.04,102.1,304.35,P004,EQ023
2025-09-11 22:00:00,1648.18,808.32,2.52,0.0263,0.0119,0.0108,555.02,3.31,71.96,321.87,P001,EQ030
2025-09-11 22:10:00,1633.15,834.18,2.45,0.0586,0.018,0.0076,530.81,2.47,107.5,307.08,P027,EQ037
2025-09-11 22:20:00,1673.93,813.69,2.56,0.0414,0.0149,0.0107,487.29,3.19,119.41,313.15,P022,EQ044
2025-09-11 22:30:00,1656.22,735.58,2.66,0.0486,0.0187,0.0111,516.58,2.91,104.27,304.22,P005,EQ002
2025-09-11 22:40:00,1643.85,808.58,2.19,0.044,0.018,0.0075,508.52,2.9,103.69,300.95,P013,EQ009
2025-09-11 22:50:00,1626.96,824.06,3.01,0.0333,0.0128,0.0104,529.57,3.13,111.13,310.83,P021,EQ016
2025-09-11 23:00:00,1637.18,820.89,2.66,0.0451,0.0164,0.0086,536.47,2.97,95.85,305.57,P026,EQ023
2025-09-11 23:10:00,1618.81,880.97,2.09,0.0439,0.0151,0.0133,485.95,2.61,100.6,313.73,P029,EQ030
2025-09-11 23:20:00,1651.94,780.13,2.05,0.0463,0.0162,0.0114,489.84,3.21,115.99,315.73,P004,EQ037
2025-09-11 23:30:00,1701.42,828.67,2.9,0.0418,0.0106,0.0085,555.32,2.72,111.55,311.24,P011,EQ044
2025-09-11 23:40:00,1644.41,736.2,2.24,0.0477,0.0242,0.0099,506.22,2.83,103.98,300.65,P030,EQ002
2025-09-11 23:50:00,1670.58,824.89,2.43,0.0526,0.0155,0.0122,500.48,2.87,96.21,292.57,P007,EQ009
2025-09-12 00:00:00,1661.04,812.07,2.2,0.0341,0.014,0.0106,557.2,2.91,96.75,296.32,P010,EQ016
2025-09-12 00:10:00,1643.28,841.28,2.47,0.0464,0.0188,0.0114,473.81,2.9,104.26,282.25,P015,EQ023
2025-09-12 00:20:00,1651.63,814.64,2.1,0.0617,0.0117,0.007,520.29,2.75,79.31,276.83,P008,EQ030
2025-09-12 00:30:00,1635.97,843.13,1.72,0.0553,0.0101,0.0136,495.49,2.54,112.44,289.23,P012,EQ037
2025-09-12 00:40:00,1676.47,809.05,2.44,0.0551,0.0072,0.0107,420.33,3.52,99.76,290.18,P026,EQ044
2025-09-12 00:50:00,1630.09,843.74,2.43,0.0438,0.0151,0.0104,416.7,2.78,116.02,296.17,P012,EQ002
2025-09-12 01:00:00,1629.67,860.64,2.69,0.0573,0.0135,0.0139,475.41,2.65,104.45,311.97,P022,EQ009
2025-09-12 01:10:00,1655.14,785.73,2.68,0.054,0.0134,0.0108,474.17,3.14,102.99,270.77,P006,EQ016
2025-09-12 01:20:00,1653.03,881.08,2.69,0.047,0.0142,0.0107,585.4,2.74,104.01,304.84,P017,EQ023
2025-09-12 01:30:00,1641.69,768.9,2.63,0.0552,0.0206,0.0097,425.08,3.06,105.95,303.16,P026,EQ030
2025-09-12 01:40:00,1695.97,763.72,2.48,0.0404,0.0117,0.0076,553.01,3.3,110.69,308.37,P020,EQ037
2025-09-12 01:50:00,1675.61,812.2,2.6,0.0658,0.011,0.0099,508.04,3.14,113.92,306.31,P029,EQ044
2025-09-12 02:00:00,1672.23,823.31,2.43,0.0467,0.0126,0.008,552.35,2.99,105.35,296.14,P014,EQ002
2025-09-12 02:10:00,1673.43,727.75,2.12,0.0492,0.0094,0.0125,492.1,2.72,92.46,296.67,P029,EQ009
2025-09-12 02:20:00,1654.99,841.91,3.04,0.0497,0.0176,0.0088,537.58,2.99,111.1,293.72,P023,EQ016
2025-09-12 02:30:00,1632.41,782.25,1.61,0.0419,0.0108,0.0109,522.83,2.81,109.97,303.46,P003,EQ023
2025-09-12 02:40:00,1643.5,800.52,2.44,0.0602,0.014,0.0145,434.95,2.61,71.51,291.95,P004,EQ030
2025-09-12 02:50:00,1647.18,760.81,2.43,0.0652,0.0188,0.0091,478.02,2.79,109.6,286.6,P005,EQ037
2025-09-12 03:00:00,1665.42,698.01,2.49,0.0556,0.0158,0.009,531.15,2.91,97.62,297.95,P029,EQ044
2025-09-12 03:10:00,1643.75,846.92,2.04,0.042,0.0172,0.0066,527.43,3.28,100.25,286.43,P030,EQ002
2025-09-12 03:20:00,1636.53,767.22,2.19,0.0494,0.0078,0.0092,487.38,3.34,106.33,283.93,P005,EQ009
2025-09-12 03:30:00,1649.75,845.61,2.46,0.0573,0.0097,0.011,540.0,2.76,104.87,313.76,P026,EQ016
2025-09-12 03:40:00,1653.69,845.03,2.16,0.054,0.0211,0.0119,440.06,3.29,91.46,291.52,P007,EQ023
2025-09-12 03:50:00,1676.66,840.49,2.39,0.0599,0.0119,0.0121,515.93,2.97,93.77,274.72,P007,EQ030
2025-09-12 04:00:00,1644.7,745.19,2.58,0.0509,0.0167,0.011,530.98,3.01,89.85,276.43,P018,EQ037
2025-09-12 04:10:00,1629.65,880.86,2.46,0.0492,0.0182,0.0089,518.78,2.9,110.16,287.11,P013,EQ044
2025-09-12 04:20:00,1656.16,755.15,2.29,0.0452,0.0151,0.0104,494.18,2.75,103.12,288.56,P023,EQ002
2025-09-12 04:30:00,1632.69,733.88,2.1,0.0604,0.0116,0.0095,463.19,3.3,88.65,306.59,P012,EQ009
2025-09-12 04:40:00,1669.88,852.91,2.62,0.037,0.0132,0.0074,555.97,2.86,76.48,305.26,P011,EQ016
2025-09-12 04:50:00,1653.52,887.41,2.55,0.0592,0.0106,0.0074,554.85,3.05,83.84,312.59,P020,EQ023
2025-09-12 05:00:00,1649.93,832.95,2.85,0.0447,0.0146,0.0094,453.66,3.3,120.86,325.95,P014,EQ030
2025-09-12 05:10:00,1655.93,769.38,2.79,0.028,0.0134,0.014,503.07,3.09,101.69,276.03,P021,EQ037
2025-09-12 05:20:00,1672.82,791.01,2.33,0.0731,0.0145,0.0092,546.53,2.98,99.94,296.97,P008,EQ044
2025-09-12 05:30:00,1675.93,883.87,2.54,0.0472,0.0132,0.0121,457.06,3.37,84.16,322.01,P030,EQ002
2025-09-12 05:40:00,1652.18,820.19,1.79,0.0585,0.0103,0.0096,548.79,2.89,87.45,298.3,P002,EQ009
2025-09-12 05:50:00,1604.55,863.59,2.33,0.056,0.0196,0.0104,543.98,3.11,104.35,293.46,P025,EQ016
2025-09-12 06:00:00,1657.33,830.84,2.46,0.0538,0.0137,0.0099,416.35,2.85,92.85,304.26,P020,EQ023
2025-09-12 06:10:00,1642.51,793.95,1.9,0.0496,0.0108,0.0107,584.91,2.9,112.92,282.83,P019,EQ030
2025-09-12 06:20:00,1650.01,733.24,2.01,0.0474,0.0135,0.0096,469.75,3.07,103.36,319.56,P007,EQ037
2025-09-12 06:30:00,1632.46,819.91,2.46,0.0377,0.0137,0.0077,444.93,2.74,96.67,311.09,P028,EQ044
2025-09-12 06:40:00,1687.24,779.32,2.43,0.0608,0.0133,0.0128,508.39,2.88,98.67,322.38,P018,EQ002
2025-09-12 06:50:00,1606.44,831.4,2.83,0.0607,0.0166,0.0077,475.53,3.04,103.97,315.1,P010,EQ009
2025-09-12 07:00:00,1658.93,816.89,2.72,0.0558,0.0197,0.0087,526.12,2.81,88.66,289.34,P026,EQ016
2025-09-12 07:10:00,1620.3,823.05,2.95,0.0519,0.015,0.0131,554.13,2.88,103.44,296.43,P005,EQ023
2025-09-12 07:20:00,1639.61,820.2,2.52,0.0629,0.0208,0.0064,479.01,3.06,89.04,299.41,P011,EQ030
2025-09-12 07:30:00,1652.25,680.64,2.43,0.0384,0.0155,0.0101,553.19,3.29,117.28,296.15,P008,EQ037
2025-09-12 07:40:00,1631.06,766.99,2.38,0.0386,0.0104,0.0108,559.04,3.11,95.38,267.52,P002,EQ044
2025-09-12 07:50:00,1680.01,786.58,2.0,0.0418,0.0132,0.0095,566.31,2.86,104.86,320.11,P021,EQ002
2025-09-12 08:00:00,1684.0,817.35,2.71,0.0406,0.0141,0.0099,534.0,2.81,94.75,283.23,P026,EQ009
2025-09-12 08:10:00,1639.68,781.45,2.94,0.0515,0.0145,0.0076,513.22,3.54,100.16,305.72,P009,EQ016
2025-09-12 08:20:00,1693.26,808.97,2.73,0.0691,0.0143,0.0123,524.87,3.26,101.43,291.72,P028,EQ023
2025-09-12 08:30:00,1669.08,789.92,2.55,0.0387,0.0198,0.0068,411.76,3.22,97.29,271.59,P005,EQ030
2025-09-12 08:40:00,1667.69,856.69,2.49,0.0479,0.014,0.0118,491.59,2.6,103.96,289.16,P028,EQ037
2025-09-12 08:50:00,1676.79,731.05,2.73,0.0351,0.0181,0.0084,496.89,3.16,105.22,300.36,P017,EQ044
2025-09-12 09:00:00,1682.61,797.29,2.59,0.0677,0.0156,0.0122,630.0,2.92,112.85,277.99,P019,EQ002
2025-09-12 09:10:00,1643.58,873.35,2.44,0.047,0.0197,0.0131,391.24,3.11,92.67,282.68,P029,EQ009
2025-09-12 09:20:00,1610.85,777.84,2.74,0.0345,0.0158,0.008,505.46,2.83,102.58,322.53,P016,EQ016
2025-09-12 09:30:00,1635.45,860.1,2.22,0.0718,0.0158,0.011,478.91,3.01,110.95,278.86,P007,EQ023
2025-09-12 09:40:00,1637.87,735.98,2.78,0.0529,0.0158,0.0111,491.31,3.29,101.71,321.31,P024,EQ030
2025-09-12 09:50:00,1658.38,799.59,2.6,0.0342,0.0163,0.0123,513.36,2.95,98.6,299.5,P003,EQ037
2025-09-12 10:00:00,1643.81,762.75,2.89,0.0499,0.0159,0.0149,469.09,3.15,87.68,307.48,P026,EQ044
2025-09-12 10:10:00,1682.69,961.06,2.51,0.0472,0.014,0.0076,450.92,2.7,95.34,321.59,P016,EQ002
2025-09-12 10:20:00,1648.0,775.08,2.79,0.0524,0.0179,0.0114,462.41,3.33,104.79,302.57,P026,EQ009
2025-09-12 10:30:00,1655.79,835.5,2.73,0.0308,0.0148,0.0109,570.42,2.56,103.86,305.71,P022,EQ016
2025-09-12 10:40:00,1654.7,821.44,2.21,0.0323,0.0149,0.0074,510.52,3.02,100.22,309.87,P020,EQ023
2025-09-12 10:50:00,1647.89,720.26,2.5,0.0449,0.0111,0.0088,552.24,3.24,91.74,328.78,P003,EQ030
2025-09-12 11:00:00,1639.88,798.84,2.85,0.0486,0.0142,0.0111,532.03,3.09,112.78,291.92,P006,EQ037
2025-09-12 11:10:00,1643.1,813.81,2.45,0.0461,0.0167,0.0076,504.56,3.11,107.48,307.3,P017,EQ044
2025-09-12 11:20:00,1621.59,809.23,3.03,0.05,0.0173,0.0064,488.68,2.93,96.09,321.02,P013,EQ002
2025-09-12 11:30:00,1650.35,844.21,2.82,0.06,0.0123,0.0076,571.12,3.27,86.61,304.05,P025,EQ009
2025-09-12 11:40:00,1641.72,795.05,2.45,0.0512,0.0193,0.0123,498.38,2.62,107.39,308.33,P029,EQ016
2025-09-12 11:50:00,1654.38,767.56,2.74,0.057,0.0141,0.0102,488.08,2.92,121.03,283.76,P021,EQ023
2025-09-12 12:00:00,1679.11,782.31,2.81,0.0426,0.0155,0.0104,496.41,3.18,113.8,293.6,P025,EQ030
2025-09-12 12:10:00,1654.48,802.11,2.09,0.0459,0.0145,0.0088,502.93,2.89,95.23,282.07,P017,EQ037
2025-09-12 12:20:00,1656.21,852.91,2.2,0.0602,0.0147,0.0094,543.53,3.0,90.97,318.45,P012,EQ044
2025-09-12 12:30:00,1619.03,817.66,2.73,0.0428,0.0161,0.0097,555.41,2.97,107.45,270.51,P016,EQ002
2025-09-12 12:40:00,1644.08,836.9,2.71,0.0509,0.0127,0.0121,560.96,3.26,100.2,324.87,P017,EQ009
2025-09-12 12:50:00,1639.7,865.65,2.41,0.0508,0.0147,0.0097,405.82,2.86,74.25,297.67,P015,EQ016
2025-09-12 13:00:00,1670.06,720.82,1.86,0.0393,0.0172,0.0072,525.92,2.97,95.73,282.35,P006,EQ023
2025-09-12 13:10:00,1646.6,812.58,2.8,0.0509,0.02,0.0122,513.45,2.76,99.46,322.82,P011,EQ030
2025-09-12 13:20:00,1678.84,852.58,2.5,0.0447,0.0129,0.0121,430.63,2.97,101.62,300.27,P023,EQ037
2025-09-12 13:30:00,1635.77,862.54,2.35,0.0459,0.014,0.0103,610.62,2.68,91.04,320.73,P012,EQ044
2025-09-12 13:40:00,1639.08,882.05,2.24,0.0327,0.0159,0.0108,451.41,3.14,97.09,310.33,P017,EQ002
2025-09-12 13:50:00,1640.75,977.46,2.56,0.0624,0.0153,0.0096,466.08,2.84,88.56,305.14,P023,EQ009
2025-09-12 14:00:00,1653.26,823.68,2.69,0.0493,0.0151,0.0094,484.45,3.1,93.69,288.16,P016,EQ016
2025-09-12 14:10:00,1637.21,851.81,2.73,0.0491,0.0185,0.0108,470.5,3.15,92.9,290.48,P023,EQ023
2025-09-12 14:20:00,1630.5,771.61,2.49,0.0575,0.0128,0.0089,645.82,3.13,95.47,322.52,P016,EQ030
2025-09-12 14:30:00,1635.52,735.62,2.81,0.0384,0.0135,0.0069,523.15,2.68,109.59,301.59,P016,EQ037
2025-09-12 14:40:00,1643.22,835.9,2.35,0.0462,0.0139,0.0099,544.84,3.13,93.58,272.23,P009,EQ044
2025-09-12 14:50:00,1673.89,771.47,3.04,0.0375,0.0165,0.0122,545.06,3.22,93.99,315.22,P019,EQ002
2025-09-12 15:00:00,1610.69,825.86,2.91,0.0703,0.0203,0.0077,523.55,2.82,103.72,328.79,P013,EQ009
2025-09-12 15:10:00,1636.81,770.89,2.46,0.0483,0.0209,0.0091,560.65,2.96,92.77,279.04,P021,EQ016
2025-09-12 15:20:00,1669.48,821.85,1.96,0.0446,0.0083,0.0098,579.62,3.03,90.17,324.44,P030,EQ023
2025-09-12 15:30:00,1651.05,753.85,2.58,0.0543,0.0184,0.0086,534.74,2.86,100.16,307.07,P026,EQ030
2025-09-12 15:40:00,1697.94,869.39,2.1,0.0632,0.0166,0.0083,540.8,2.87,100.54,304.65,P019,EQ037
2025-09-12 15:50:00,1634.21,716.16,2.58,0.0438,0.0097,0.008,544.2,3.1,96.89,315.94,P021,EQ044
2025-09-12 16:00:00,1665.11,770.93,2.77,0.0491,0.013,0.0109,597.12,3.25,121.65,295.01,P002,EQ002
2025-09-12 16:10:00,1668.24,799.29,2.66,0.0484,0.0102,0.0099,524.76,2.83,109.97,320.22,P007,EQ009
2025-09-12 16:20:00,1660.68,771.6,2.74,0.0559,0.0172,0.0061,541.73,2.91,93.61,276.88,P008,EQ016
2025-09-12 16:30:00,1666.56,770.71,2.71,0.0506,0.013,0.0112,457.59,3.14,109.04,307.94,P029,EQ023
2025-09-12 16:40:00,1659.9,750.36,2.33,0.0546,0.0164,0.0092,555.71,2.82,106.47,295.37,P007,EQ030
2025-09-12 16:50:00,1645.63,851.29,2.81,0.0441,0.0139,0.0117,524.07,3.22,113.51,299.9,P015,EQ037
2025-09-12 17:00:00,1645.32,853.18,2.41,0.0614,0.016,0.013,397.8,3.24,118.64,324.89,P028,EQ044
2025-09-12 17:10:00,1695.42,762.09,1.99,0.0524,0.017,0.0104,499.01,2.82,106.46,333.29,P008,EQ002
2025-09-12 17:20:00,1668.57,726.43,2.86,0.0588,0.0166,0.0072,560.33,2.87,110.63,286.21,P013,EQ009
2025-09-12 17:30:00,1631.74,746.55,2.22,0.0575,0.014,0.0116,513.96,2.77,112.16,300.71,P007,EQ016
2025-09-12 17:40:00,1687.93,773.76,2.71,0.0451,0.0152,0.0096,561.12,2.67,101.78,308.73,P010,EQ023
2025-09-12 17:50:00,1644.87,860.74,2.33,0.0526,0.0083,0.01,527.09,2.98,90.1,304.13,P014,EQ030
2025-09-12 18:00:00,1649.75,754.7,2.2,0.0544,0.016,0.01,573.87,2.82,111.14,304.77,P029,EQ037
2025-09-12 18:10:00,1666.39,863.47,2.53,0.0271,0.0134,0.0082,487.97,2.8,110.38,294.12,P013,EQ044
2025-09-12 18:20:00,1633.0,819.19,2.79,0.0213,0.0135,0.0102,496.55,3.43,102.64,306.06,P019,EQ002
2025-09-12 18:30:00,1642.5,719.98,2.64,0.0547,0.0175,0.008,496.28,3.46,99.11,290.81,P006,EQ009
2025-09-12 18:40:00,1639.97,737.66,2.77,0.0555,0.0086,0.009,462.56,3.08,96.15,299.07,P030,EQ016
2025-09-12 18:50:00,1611.76,748.78,2.27,0.0621,0.0139,0.0099,468.78,2.95,98.8,297.89,P027,EQ023
2025-09-12 19:00:00,1664.13,798.87,2.51,0.055,0.0125,0.0113,454.66,3.02,106.53,280.69,P012,EQ030
2025-09-12 19:10:00,1652.92,787.66,2.52,0.0458,0.0113,0.0094,462.16,3.13,94.8,305.47,P009,EQ037
2025-09-12 19:20:00,1675.17,797.76,2.25,0.0436,0.014,0.0097,504.52,2.97,78.82,291.3,P018,EQ044
2025-09-12 19:30:00,1632.44,817.1,2.21,0.0584,0.0146,0.0096,495.12,3.36,100.56,293.25,P003,EQ002
2025-09-12 19:40:00,1634.63,832.32,1.92,0.0279,0.0194,0.0121,464.38,3.11,93.52,298.39,P005,EQ009
2025-09-12 19:50:00,1657.9,791.55,2.69,0.0337,0.0173,0.0093,490.03,3.0,98.98,299.37,P025,EQ016
2025-09-12 20:00:00,1662.83,752.82,2.45,0.0701,0.0109,0.0084,438.84,3.02,117.44,299.11,P003,EQ023
2025-09-12 20:10:00,1657.13,775.32,2.52,0.0425,0.0096,0.0109,434.43,2.94,108.12,315.15,P010,EQ030
2025-09-12 20:20:00,1653.74,873.8,2.52,0.0312,0.0139,0.0083,594.06,2.78,110.04,285.65,P015,EQ037
2025-09-12 20:30:00,1632.21,868.23,2.67,0.0463,0.0164,0.0104,499.06,2.82,86.47,315.57,P017,EQ044
2025-09-12 20:40:00,1639.06,715.55,2.16,0.0541,0.0164,0.0083,466.52,2.84,97.16,301.86,P012,EQ002
2025-09-12 20:50:00,1668.54,838.59,2.67,0.0533,0.0113,0.011,502.9,3.09,93.58,302.43,P008,EQ009
2025-09-12 21:00:00,1707.06,728.43,2.24,0.0466,0.0128,0.0095,436.04,2.88,84.66,307.9,P019,EQ016
2025-09-12 21:10:00,1645.27,786.98,2.84,0.0599,0.0162,0.0087,546.27,3.63,87.65,308.94,P002,EQ023
2025-09-12 21:20:00,1655.32,842.0,2.74,0.0679,0.0149,0.0113,462.84,3.16,100.94,290.86,P015,EQ030
2025-09-12 21:30:00,1663.57,771.76,2.44,0.0549,0.0189,0.0112,456.47,3.09,105.3,319.03,P017,EQ037
2025-09-12 21:40:00,1653.65,712.41,2.33,0.0406,0.0164,0.0112,427.16,3.21,92.07,322.52,P020,EQ044
2025-09-12 21:50:00,1673.2,752.41,2.79,0.0531,0.0141,0.0097,583.7,3.06,95.44,286.87,P011,EQ002
2025-09-12 22:00:00,1629.6,783.73,2.43,0.0568,0.0223,0.0069,469.33,2.93,90.42,316.51,P014,EQ009
2025-09-12 22:10:00,1642.33,800.87,2.46,0.0453,0.0189,0.0068,467.24,2.84,100.05,302.93,P015,EQ016
2025-09-12 22:20:00,1646.45,781.45,2.5,0.0351,0.0175,0.0075,507.24,3.12,120.84,304.26,P015,EQ023
2025-09-12 22:30:00,1628.89,800.99,2.46,0.0571,0.0187,0.0098,382.43,3.29,100.78,303.42,P014,EQ030
2025-09-12 22:40:00,1647.46,760.68,2.71,0.0573,0.0109,0.0099,489.82,2.67,98.72,312.31,P014,EQ037
2025-09-12 22:50:00,1666.81,784.61,2.64,0.0492,0.0178,0.011,484.52,2.68,96.65,297.04,P012,EQ044
2025-09-12 23:00:00,1665.88,817.24,2.51,0.0597,0.0115,0.0092,513.72,3.53,98.85,259.11,P026,EQ002
2025-09-12 23:10:00,1614.43,876.72,2.81,0.0481,0.0147,0.0075,487.5,2.96,111.42,302.86,P016,EQ009
2025-09-12 23:20:00,1635.41,806.52,2.17,0.0497,0.0092,0.0101,523.05,2.87,90.87,299.35,P011,EQ016
2025-09-12 23:30:00,1611.36,784.81,2.27,0.0579,0.0137,0.0142,503.57,2.65,99.7,319.16,P009,EQ023
2025-09-12 23:40:00,1633.91,844.36,2.9,0.0457,0.0154,0.0105,489.79,3.39,116.62,307.21,P013,EQ030
2025-09-12 23:50:00,1641.38,749.28,2.64,0.0363,0.0147,0.0124,494.26,3.0,112.33,317.36,P001,EQ037
2025-09-13 00:00:00,1644.31,807.18,2.0,0.0462,0.0098,0.0107,689.31,2.7,102.02,323.18,P006,EQ044
2025-09-13 00:10:00,1615.83,745.84,2.53,0.0391,0.0153,0.0079,512.08,3.0,100.35,288.58,P015,EQ002
2025-09-13 00:20:00,1623.52,808.75,2.55,0.078,0.015,0.0082,491.73,2.61,109.52,286.16,P008,EQ009
2025-09-13 00:30:00,1675.27,768.28,2.41,0.0436,0.0154,0.0071,580.94,3.02,104.39,331.36,P009,EQ016
2025-09-13 00:40:00,1652.54,853.78,2.61,0.0479,0.018,0.01,461.41,3.0,109.21,267.92,P021,EQ023
2025-09-13 00:50:00,1622.22,825.47,2.61,0.0496,0.0113,0.0074,482.97,3.17,104.17,306.75,P003,EQ030
2025-09-13 01:00:00,1602.13,788.94,2.28,0.046,0.0183,0.0101,485.78,3.11,92.39,284.11,P012,EQ037
2025-09-13 01:10:00,1675.79,845.48,2.14,0.0672,0.0122,0.0116,528.61,2.7,101.2,294.78,P029,EQ044
2025-09-13 01:20:00,1685.32,760.73,2.14,0.0608,0.0163,0.0104,436.67,3.0,91.73,303.81,P003,EQ002
2025-09-13 01:30:00,1677.76,772.85,2.7,0.056,0.0098,0.0122,473.38,3.07,98.83,310.38,P010,EQ009
2025-09-13 01:40:00,1661.19,785.49,2.57,0.0283,0.0146,0.0072,418.4,3.01,96.22,309.33,P027,EQ016
2025-09-13 01:50:00,1630.47,805.99,2.0,0.0636,0.0103,0.0115,505.43,3.11,111.72,312.19,P017,EQ023
2025-09-13 02:00:00,1646.67,760.57,2.39,0.0484,0.0175,0.0084,447.52,2.89,116.25,279.09,P017,EQ030
2025-09-13 02:10:00,1646.56,778.55,2.45,0.0467,0.012,0.0087,479.1,2.79,95.18,304.03,P018,EQ037
2025-09-13 02:20:00,1669.36,710.74,2.09,0.0471,0.0083,0.0097,488.22,3.0,98.74,298.76,P021,EQ044
2025-09-13 02:30:00,1657.33,830.73,2.45,0.0487,0.006,0.0121,533.45,3.19,105.09,298.05,P003,EQ002
2025-09-13 02:40:00,1666.12,902.0,2.24,0.0506,0.0104,0.0092,543.03,3.12,94.46,312.4,P026,EQ009
2025-09-13 02:50:00,1648.69,704.42,2.69,0.0411,0.0176,0.0108,554.57,3.2,110.78,299.18,P009,EQ016
2025-09-13 03:00:00,1659.95,757.55,2.69,0.0558,0.0186,0.0096,457.9,2.89,87.39,273.72,P030,EQ023
2025-09-13 03:10:00,1630.02,796.4,2.53,0.0457,0.015,0.0093,518.48,3.12,96.24,274.8,P008,EQ030
2025-09-13 03:20:00,1678.29,772.39,2.65,0.0512,0.0115,0.0071,448.65,2.64,102.33,321.81,P004,EQ037
2025-09-13 03:30:00,1670.0,762.49,2.28,0.0467,0.0131,0.0085,466.71,3.37,110.77,292.31,P004,EQ044
2025-09-13 03:40:00,1631.57,906.37,2.35,0.0688,0.0134,0.0132,421.62,2.67,105.03,315.84,P003,EQ002
2025-09-13 03:50:00,1676.61,766.65,2.26,0.0535,0.015,0.0079,481.52,2.97,137.06,289.19,P012,EQ009
2025-09-13 04:00:00,1656.24,865.08,2.68,0.0562,0.0201,0.0121,523.4,2.68,101.97,309.68,P002,EQ016
2025-09-13 04:10:00,1666.83,678.32,2.19,0.0339,0.011,0.0097,487.49,3.16,96.82,297.73,P018,EQ023
2025-09-13 04:20:00,1654.29,797.6,2.35,0.0671,0.0154,0.0127,596.21,3.31,109.49,309.42,P007,EQ030
2025-09-13 04:30:00,1639.59,754.01,2.92,0.043,0.0137,0.0064,562.51,3.41,105.32,304.34,P011,EQ037
2025-09-13 04:40:00,1654.27,758.0,2.34,0.0393,0.0165,0.0102,528.0,3.03,92.19,350.95,P007,EQ044
2025-09-13 04:50:00,1619.83,877.73,2.91,0.0559,0.0162,0.0108,468.39,3.09,102.01,315.23,P022,EQ002
2025-09-13 05:00:00,1665.66,856.3,3.01,0.0756,0.018,0.0105,471.81,3.15,87.67,311.01,P011,EQ009
2025-09-13 05:10:00,1627.29,733.63,2.68,0.0522,0.0182,0.0096,514.77,3.03,122.58,277.26,P009,EQ016
2025-09-13 05:20:00,1696.96,736.51,2.75,0.0421,0.0172,0.0097,438.76,2.99,95.78,257.54,P010,EQ023
2025-09-13 05:30:00,1653.47,745.76,2.49,0.0568,0.0162,0.0105,488.37,2.94,90.88,272.61,P024,EQ030
2025-09-13 05:40:00,1613.21,766.03,2.4,0.0404,0.0158,0.0104,481.65,2.62,88.7,294.91,P027,EQ037
2025-09-13 05:50:00,1632.19,803.45,2.65,0.0338,0.0125,0.0121,551.57,3.19,93.38,304.73,P025,EQ044
2025-09-13 06:00:00,1656.69,858.08,2.91,0.0551,0.0176,0.0108,586.86,3.19,120.43,297.44,P022,EQ002
2025-09-13 06:10:00,1650.2,793.08,2.56,0.0506,0.0189,0.0082,558.89,3.11,97.26,315.47,P028,EQ009
2025-09-13 06:20:00,1639.91,846.94,2.29,0.0613,0.0157,0.0088,495.73,3.01,89.97,295.94,P009,EQ016
2025-09-13 06:30:00,1656.68,793.09,2.81,0.0489,0.0153,0.0108,562.43,3.31,95.87,293.12,P007,EQ023
2025-09-13 06:40:00,1599.12,823.55,2.8,0.0773,0.0093,0.012,577.2,3.26,99.86,301.35,P023,EQ030
2025-09-13 06:50:00,1659.37,815.45,2.3,0.0348,0.0198,0.0071,457.66,2.46,105.25,299.91,P020,EQ037
2025-09-13 07:00:00,1640.94,819.3,2.52,0.0553,0.0243,0.0094,503.1,3.11,112.72,314.18,P005,EQ044
2025-09-13 07:10:00,1659.03,751.38,2.96,0.053,0.0031,0.01,524.07,3.0,93.62,296.83,P028,EQ002
2025-09-13 07:20:00,1624.05,759.91,2.31,0.0482,0.0133,0.0093,465.43,3.19,96.5,289.92,P025,EQ009
2025-09-13 07:30:00,1677.3,755.77,1.87,0.0574,0.0174,0.0081,528.26,3.14,96.23,294.72,P023,EQ016
2025-09-13 07:40:00,1625.5,791.98,2.47,0.0432,0.0175,0.0116,508.52,3.1,85.75,297.46,P024,EQ023
2025-09-13 07:50:00,1651.99,831.41,2.4,0.0395,0.0132,0.0132,541.64,2.85,93.9,309.44,P018,EQ030
2025-09-13 08:00:00,1651.6,789.04,2.91,0.0432,0.0122,0.0102,557.3,3.51,109.19,292.53,P030,EQ037
2025-09-13 08:10:00,1652.9,787.57,1.97,0.0526,0.0173,0.0124,394.54,2.75,99.19,306.97,P009,EQ044
2025-09-13 08:20:00,1635.28,706.96,2.13,0.0522,0.0119,0.0098,500.44,2.67,91.62,269.14,P001,EQ002
2025-09-13 08:30:00,1687.88,800.33,2.98,0.045,0.0138,0.0122,488.32,3.23,92.35,312.27,P025,EQ009
2025-09-13 08:40:00,1638.43,808.46,1.98,0.0633,0.0125,0.0092,463.38,3.05,96.33,336.22,P010,EQ016
2025-09-13 08:50:00,1648.33,775.02,2.75,0.0452,0.0091,0.0075,473.93,3.4,108.27,290.59,P010,EQ023
2025-09-13 09:00:00,1671.39,886.87,2.63,0.0517,0.0167,0.0114,516.83,2.82,110.82,281.27,P027,EQ030
2025-09-13 09:10:00,1675.74,821.41,2.8,0.0437,0.013,0.0093,578.24,2.99,76.71,306.17,P012,EQ037
2025-09-13 09:20:00,1647.23,788.56,2.67,0.0691,0.0145,0.0126,531.88,2.78,113.01,320.85,P026,EQ044
2025-09-13 09:30:00,1666.19,772.54,2.71,0.0572,0.0198,0.0101,439.04,2.88,100.5,318.83,P013,EQ002
2025-09-13 09:40:00,1679.36,810.69,2.57,0.0365,0.0177,0.0098,543.83,2.43,97.8,306.18,P013,EQ009
2025-09-13 09:50:00,1626.57,765.15,2.41,0.0519,0.0179,0.0092,506.22,2.88,120.85,295.61,P027,EQ016
2025-09-13 10:00:00,1676.03,833.37,3.37,0.0574,0.0122,0.0087,592.81,3.29,94.83,291.87,P019,EQ023
2025-09-13 10:10:00,1674.67,884.09,1.54,0.0579,0.0147,0.0125,459.62,2.94,91.6,293.33,P025,EQ030
2025-09-13 10:20:00,1658.23,885.03,2.45,0.0407,0.0167,0.0086,518.14,2.99,94.99,323.65,P021,EQ037
2025-09-13 10:30:00,1640.13,738.02,2.75,0.059,0.011,0.0123,497.27,3.0,93.64,293.69,P001,EQ044
2025-09-13 10:40:00,1679.09,856.44,2.14,0.0462,0.0175,0.0119,617.69,2.6,90.69,300.77,P016,EQ002
2025-09-13 10:50:00,1673.92,770.8,2.88,0.0499,0.0169,0.0075,493.57,2.94,85.73,308.61,P021,EQ009
2025-09-13 11:00:00,1637.03,846.42,1.97,0.0443,0.0172,0.011,478.34,2.97,105.86,272.88,P017,EQ016
2025-09-13 11:10:00,1687.71,822.33,2.55,0.0557,0.0175,0.0102,522.84,3.19,94.47,304.02,P025,EQ023
2025-09-13 11:20:00,1664.61,793.67,2.58,0.0368,0.0146,0.0108,520.24,2.9,85.17,299.56,P005,EQ030
2025-09-13 11:30:00,1673.92,768.94,2.65,0.0659,0.0143,0.0088,474.42,3.25,96.74,292.85,P028,EQ037
2025-09-13 11:40:00,1668.45,755.64,2.53,0.0592,0.0138,0.0091,498.2,2.83,100.87,293.81,P013,EQ044
2025-09-13 11:50:00,1654.68,745.51,2.12,0.0429,0.0163,0.0121,511.89,3.14,95.9,303.62,P008,EQ002
2025-09-13 12:00:00,1653.05,843.7,2.61,0.0689,0.0156,0.0105,519.58,3.04,86.51,275.95,P008,EQ009
2025-09-13 12:10:00,1663.02,781.52,2.71,0.0507,0.0095,0.0094,483.54,2.97,106.38,281.15,P024,EQ016
2025-09-13 12:20:00,1655.42,823.41,2.15,0.0382,0.0153,0.0065,396.48,3.24,104.25,297.92,P024,EQ023
2025-09-13 12:30:00,1669.12,825.29,2.33,0.0431,0.0158,0.0097,490.63,3.05,88.89,289.56,P007,EQ030
2025-09-13 12:40:00,1675.7,828.69,2.24,0.0521,0.0203,0.0106,485.51,2.94,93.4,273.19,P016,EQ037
2025-09-13 12:50:00,1674.56,717.93,2.96,0.0523,0.0194,0.0123,492.94,2.82,102.61,293.76,P008,EQ044
2025-09-13 13:00:00,1661.85,851.23,2.62,0.0271,0.0184,0.0109,428.79,3.22,101.14,304.75,P017,EQ002
2025-09-13 13:10:00,1624.57,806.0,2.13,0.055,0.0134,0.0149,394.28,3.02,103.45,304.15,P019,EQ009
2025-09-13 13:20:00,1648.43,823.92,2.71,0.0568,0.0098,0.0092,542.37,3.16,100.04,294.54,P026,EQ016
2025-09-13 13:30:00,1626.69,774.34,2.57,0.0419,0.0145,0.0082,424.22,2.79,79.99,306.2,P018,EQ023
2025-09-13 13:40:00,1682.05,779.71,2.31,0.0691,0.0119,0.0082,529.86,3.04,100.84,309.74,P025,EQ030
2025-09-13 13:50:00,1646.39,720.61,2.45,0.0502,0.0158,0.0064,562.55,2.66,91.09,295.6,P015,EQ037
2025-09-13 14:00:00,1610.5,852.91,2.09,0.0634,0.0198,0.0052,568.39,2.88,91.17,297.69,P024,EQ044
2025-09-13 14:10:00,1641.3,792.53,2.27,0.0579,0.0223,0.0129,448.75,3.08,66.43,308.83,P027,EQ002
2025-09-13 14:20:00,1640.28,810.8,2.6,0.048,0.0178,0.0075,510.43,3.03,107.92,322.44,P015,EQ009
2025-09-13 14:30:00,1650.02,856.57,2.93,0.0423,0.0153,0.012,536.42,3.19,91.79,325.39,P011,EQ016
2025-09-13 14:40:00,1645.95,802.13,2.37,0.0273,0.0128,0.0079,586.39,2.71,99.67,300.24,P026,EQ023
2025-09-13 14:50:00,1657.59,760.62,2.48,0.0612,0.013,0.013,482.04,3.23,98.78,334.22,P003,EQ030
2025-09-13 15:00:00,1652.18,866.61,2.4,0.0662,0.0165,0.0118,470.03,3.07,103.53,295.84,P011,EQ037
2025-09-13 15:10:00,1673.71,786.56,2.45,0.043,0.0166,0.009,485.79,3.31,93.64,291.51,P028,EQ044
2025-09-13 15:20:00,1689.08,853.27,2.82,0.0424,0.0173,0.0077,445.16,3.05,98.11,294.17,P007,EQ002
2025-09-13 15:30:00,1631.08,850.67,2.92,0.0468,0.019,0.0124,520.32,3.01,105.91,306.82,P014,EQ009
2025-09-13 15:40:00,1693.18,778.07,2.34,0.0397,0.0099,0.0112,429.13,2.93,103.27,278.33,P025,EQ016
2025-09-13 15:50:00,1611.68,785.15,2.8,0.0669,0.016,0.0102,522.34,2.52,105.56,310.18,P023,EQ023
2025-09-13 16:00:00,1638.9,887.66,2.91,0.0546,0.0195,0.0062,492.33,2.97,107.96,299.78,P014,EQ030
2025-09-13 16:10:00,1641.69,728.86,3.12,0.0505,0.0171,0.0084,392.95,2.81,114.72,283.56,P007,EQ037
2025-09-13 16:20:00,1648.15,718.74,2.73,0.0407,0.015,0.0078,438.05,3.06,114.48,303.52,P015,EQ044
2025-09-13 16:30:00,1649.19,824.64,3.7,0.0568,0.0163,0.0082,447.64,2.56,63.44,301.44,P015,EQ002
2025-09-13 16:40:00,1658.53,854.72,2.16,0.0374,0.0207,0.0108,483.1,3.13,109.11,278.65,P028,EQ009
2025-09-13 16:50:00,1669.96,844.49,2.22,0.067,0.0119,0.0096,463.38,3.05,87.94,318.62,P018,EQ016
2025-09-13 17:00:00,1662.96,809.58,2.5,0.0609,0.0194,0.0082,489.22,3.15,80.4,302.13,P001,EQ023
2025-09-13 17:10:00,1666.08,775.5,2.57,0.0611,0.0128,0.0129,506.12,2.98,99.5,318.03,P012,EQ030
2025-09-13 17:20:00,1658.8,782.05,1.95,0.0456,0.0157,0.0103,482.11,2.65,106.84,308.22,P005,EQ037
2025-09-13 17:30:00,1679.18,891.97,2.66,0.0602,0.0196,0.0084,474.2,2.76,97.26,283.02,P019,EQ044
2025-09-13 17:40:00,1645.97,778.84,2.51,0.0394,0.0077,0.0065,505.64,3.03,119.18,304.95,P028,EQ002
2025-09-13 17:50:00,1629.47,811.05,2.83,0.0454,0.0164,0.0073,442.11,2.87,112.53,325.2,P005,EQ009
2025-09-13 18:00:00,1656.94,868.6,2.53,0.0508,0.0188,0.0087,551.38,3.11,110.66,347.16,P010,EQ016
2025-09-13 18:10:00,1639.33,848.54,2.59,0.0481,0.0133,0.0072,432.76,3.17,89.79,301.55,P024,EQ023
2025-09-13 18:20:00,1626.23,797.35,2.15,0.0481,0.0156,0.0086,452.45,3.04,103.71,300.76,P001,EQ030
2025-09-13 18:30:00,1647.64,780.82,2.76,0.0473,0.0181,0.0107,436.85,2.93,86.07,282.85,P016,EQ037
2025-09-13 18:40:00,1625.45,808.28,2.83,0.0319,0.0149,0.0107,468.29,2.96,107.25,294.97,P026,EQ044
2025-09-13 18:50:00,1651.9,817.16,2.78,0.042,0.0128,0.0064,394.43,2.72,110.36,305.76,P022,EQ002
2025-09-13 19:00:00,1663.49,827.29,2.05,0.0562,0.0151,0.0123,532.9,3.0,99.78,294.36,P027,EQ009
2025-09-13 19:10:00,1628.48,827.8,2.52,0.0512,0.017,0.0097,494.98,2.8,105.56,292.92,P012,EQ016
2025-09-13 19:20:00,1660.22,800.54,3.04,0.0459,0.0119,0.0088,473.81,3.03,98.28,333.63,P011,EQ023
2025-09-13 19:30:00,1608.64,867.94,2.54,0.0431,0.0164,0.0079,469.62,2.85,103.81,303.97,P008,EQ030
2025-09-13 19:40:00,1644.41,739.88,2.29,0.0534,0.0172,0.0142,571.85,2.83,118.9,322.34,P014,EQ037
2025-09-13 19:50:00,1652.5,755.22,2.64,0.06,0.0139,0.0081,496.74,3.21,107.14,288.03,P014,EQ044
2025-09-13 20:00:00,1662.07,763.0,2.5,0.0582,0.0113,0.0071,436.83,2.86,102.36,315.83,P022,EQ002
2025-09-13 20:10:00,1631.01,772.68,2.25,0.0543,0.0138,0.01,534.66,2.72,96.13,318.11,P025,EQ009
2025-09-13 20:20:00,1662.57,757.04,2.59,0.0475,0.0116,0.013,571.29,2.76,109.88,317.06,P013,EQ016
2025-09-13 20:30:00,1702.81,764.17,2.36,0.0369,0.0151,0.0157,463.28,2.98,86.92,287.4,P025,EQ023
2025-09-13 20:40:00,1683.62,826.06,2.11,0.0499,0.0106,0.0113,503.93,3.03,101.54,294.15,P025,EQ030
2025-09-13 20:50:00,1657.03,790.51,2.57,0.0492,0.0136,0.0089,449.56,3.13,105.16,290.38,P023,EQ037
2025-09-13 21:00:00,1628.82,757.13,2.3,0.0502,0.0126,0.0102,469.61,3.01,97.28,315.93,P018,EQ044
2025-09-13 21:10:00,1674.83,780.16,2.21,0.0673,0.0143,0.0134,464.93,3.06,106.07,313.84,P010,EQ002
2025-09-13 21:20:00,1637.32,822.46,2.66,0.047,0.0117,0.0094,516.71,3.06,113.27,297.71,P011,EQ009
2025-09-13 21:30:00,1659.0,765.61,2.34,0.0634,0.0113,0.009,521.63,3.37,99.6,304.25,P019,EQ016
2025-09-13 21:40:00,1662.08,802.11,2.19,0.0276,0.022,0.0091,493.39,2.84,124.23,294.85,P001,EQ023
2025-09-13 21:50:00,1652.77,811.73,2.59,0.0754,0.0143,0.0104,585.27,3.1,102.31,307.51,P019,EQ030
2025-09-13 22:00:00,1630.1,754.06,2.31,0.0424,0.0124,0.0102,548.78,3.2,93.52,295.69,P026,EQ037
2025-09-13 22:10:00,1668.42,833.96,2.91,0.0483,0.0184,0.0107,492.2,3.09,101.22,274.82,P002,EQ044
2025-09-13 22:20:00,1645.33,829.61,2.28,0.0542,0.0194,0.0082,556.04,3.1,107.27,300.28,P030,EQ002
2025-09-13 22:30:00,1647.31,854.41,2.41,0.04,0.015,0.0073,461.96,2.96,100.28,305.82,P005,EQ009
2025-09-13 22:40:00,1651.33,749.88,2.47,0.05,0.0143,0.0089,487.37,2.98,106.95,310.78,P005,EQ016
2025-09-13 22:50:00,1636.17,825.23,2.33,0.0583,0.0088,0.0065,568.93,2.98,100.38,282.96,P011,EQ023
2025-09-13 23:00:00,1686.59,785.07,3.3,0.0608,0.0176,0.0108,566.16,3.04,100.81,316.35,P019,EQ030
2025-09-13 23:10:00,1656.65,814.67,3.19,0.0436,0.0207,0.0106,495.92,2.85,111.73,295.39,P021,EQ037
2025-09-13 23:20:00,1641.18,784.51,1.94,0.0454,0.0158,0.0109,521.04,3.12,92.35,278.46,P026,EQ044
2025-09-13 23:30:00,1672.23,830.7,1.87,0.0513,0.0153,0.0094,464.45,3.0,103.72,307.05,P020,EQ002
2025-09-13 23:40:00,1673.04,759.29,2.68,0.0746,0.0134,0.0083,568.08,2.92,102.24,314.2,P030,EQ009
2025-09-13 23:50:00,1676.21,785.86,2.48,0.0555,0.0158,0.0089,569.64,3.33,97.4,316.68,P020,EQ016
2025-09-14 00:00:00,1634.92,799.64,2.51,0.0585,0.0154,0.0128,600.22,3.11,97.28,290.34,P019,EQ023
2025-09-14 00:10:00,1669.23,855.33,2.43,0.054,0.011,0.0063,555.86,2.9,97.29,311.24,P028,EQ030
2025-09-14 00:20:00,1680.9,748.98,2.58,0.0637,0.0168,0.0066,472.75,2.69,95.85,299.39,P013,EQ037
2025-09-14 00:30:00,1648.77,721.42,2.73,0.0468,0.0187,0.0084,482.87,3.36,105.13,314.12,P013,EQ044
2025-09-14 00:40:00,1655.39,890.21,2.32,0.0503,0.0114,0.0098,550.16,3.27,102.15,317.11,P007,EQ002
2025-09-14 00:50:00,1648.14,862.77,2.73,0.0331,0.0118,0.0083,455.08,3.12,97.19,304.61,P013,EQ009
2025-09-14 01:00:00,1667.04,782.96,2.55,0.0367,0.014,0.0132,604.7,3.51,109.18,290.49,P003,EQ016
2025-09-14 01:10:00,1651.94,827.76,2.33,0.0477,0.016,0.0154,499.19,3.14,90.71,301.3,P018,EQ023
2025-09-14 01:20:00,1671.73,796.26,2.13,0.0363,0.0157,0.0124,610.27,3.29,107.17,330.42,P013,EQ030
2025-09-14 01:30:00,1684.21,868.17,2.34,0.0545,0.0191,0.0135,498.32,3.47,95.29,280.5,P007,EQ037
2025-09-14 01:40:00,1632.48,815.83,2.24,0.0533,0.0197,0.0125,558.03,3.15,110.65,309.7,P016,EQ044
2025-09-14 01:50:00,1679.59,751.91,2.54,0.0594,0.0171,0.0125,513.17,2.83,106.49,309.43,P004,EQ002
2025-09-14 02:00:00,1640.69,792.27,2.57,0.0345,0.0151,0.0116,532.13,3.07,105.2,320.67,P011,EQ009
2025-09-14 02:10:00,1679.13,810.89,2.41,0.0456,0.0212,0.0124,512.44,3.37,119.48,299.7,P019,EQ016
2025-09-14 02:20:00,1626.48,736.81,3.02,0.0544,0.0109,0.0093,543.99,2.82,99.71,284.5,P015,EQ023
2025-09-14 02:30:00,1654.1,882.63,2.92,0.0514,0.0129,0.0108,549.69,2.95,101.82,319.98,P021,EQ030
2025-09-14 02:40:00,1619.81,737.09,2.38,0.0598,0.0187,0.0091,440.16,2.76,77.19,282.8,P029,EQ037
2025-09-14 02:50:00,1653.26,804.92,2.23,0.0417,0.0132,0.0093,528.06,2.86,103.0,289.7,P010,EQ044
2025-09-14 03:00:00,1667.55,780.57,2.83,0.0615,0.0104,0.0076,498.84,2.87,98.01,292.83,P003,EQ002
2025-09-14 03:10:00,1647.29,780.49,2.53,0.0736,0.018,0.0102,485.34,3.12,106.4,317.91,P006,EQ009
2025-09-14 03:20:00,1692.18,766.52,2.61,0.0492,0.0181,0.0115,424.27,3.28,102.56,258.0,P004,EQ016
2025-09-14 03:30:00,1615.7,937.11,2.08,0.0624,0.0159,0.0063,579.4,2.84,95.54,294.81,P022,EQ023
2025-09-14 03:40:00,1625.02,739.99,2.86,0.0441,0.012,0.0092,560.76,3.03,111.02,300.37,P018,EQ030
2025-09-14 03:50:00,1653.72,828.05,2.55,0.0504,0.0099,0.0094,402.98,2.92,88.18,272.02,P006,EQ037
2025-09-14 04:00:00,1676.9,837.45,2.46,0.061,0.0196,0.0128,547.23,3.03,88.65,292.99,P002,EQ044
2025-09-14 04:10:00,1642.39,770.14,2.53,0.0361,0.0211,0.0102,497.38,2.88,113.24,280.68,P027,EQ002
2025-09-14 04:20:00,1651.55,852.12,2.04,0.0571,0.0229,0.0107,523.58,2.94,112.76,298.57,P023,EQ009
2025-09-14 04:30:00,1640.75,775.02,2.39,0.0493,0.0181,0.007,518.76,3.05,97.04,305.24,P020,EQ016
2025-09-14 04:40:00,1696.13,731.58,2.74,0.0391,0.0159,0.0084,488.56,3.01,113.23,291.88,P016,EQ023
2025-09-14 04:50:00,1641.78,737.27,2.16,0.0282,0.0165,0.0082,562.61,2.84,101.5,339.99,P001,EQ030
2025-09-14 05:00:00,1697.33,838.8,2.44,0.0535,0.0142,0.0065,489.67,2.84,104.62,307.8,P006,EQ037
2025-09-14 05:10:00,1633.08,880.46,2.56,0.0535,0.0176,0.0085,475.32,2.73,93.49,314.16,P007,EQ044
2025-09-14 05:20:00,1641.71,819.95,2.52,0.0552,0.0161,0.0057,454.09,3.19,98.75,312.75,P003,EQ002
2025-09-14 05:30:00,1661.47,773.94,2.56,0.0615,0.0197,0.0083,479.3,2.86,82.97,285.73,P030,EQ009
2025-09-14 05:40:00,1652.7,799.68,2.8,0.0493,0.0117,0.0109,582.5,2.88,98.29,289.64,P013,EQ016
2025-09-14 05:50:00,1672.6,811.13,2.33,0.0512,0.017,0.0089,472.97,3.11,100.39,310.24,P010,EQ023
2025-09-14 06:00:00,1677.36,863.38,2.67,0.0541,0.0112,0.0098,522.33,3.07,95.32,314.6,P007,EQ030
2025-09-14 06:10:00,1637.75,796.21,2.17,0.0295,0.016,0.0158,577.08,2.67,94.51,313.59,P008,EQ037
2025-09-14 06:20:00,1662.57,937.84,2.6,0.0541,0.018,0.0061,535.33,3.15,104.52,303.52,P010,EQ044
2025-09-14 06:30:00,1617.5,706.78,2.9,0.0664,0.0114,0.0128,517.83,2.67,98.48,300.71,P022,EQ002
2025-09-14 06:40:00,1650.9,776.2,2.32,0.0428,0.0166,0.0111,491.75,3.1,92.94,297.18,P017,EQ009
2025-09-14 06:50:00,1621.98,736.51,3.07,0.0414,0.0138,0.0075,500.15,3.09,93.84,292.86,P003,EQ016
2025-09-14 07:00:00,1628.04,825.02,2.52,0.0443,0.0171,0.0074,493.34,2.77,99.59,286.2,P015,EQ023
2025-09-14 07:10:00,1643.62,783.05,2.65,0.0407,0.0195,0.0091,474.68,3.05,82.04,301.42,P002,EQ030
2025-09-14 07:20:00,1631.88,696.83,2.77,0.0492,0.0138,0.0079,421.72,3.16,79.32,286.9,P012,EQ037
2025-09-14 07:30:00,1629.73,855.61,2.44,0.0478,0.0133,0.0096,530.0,2.82,95.95,319.8,P017,EQ044
2025-09-14 07:40:00,1651.01,641.53,2.24,0.0475,0.0143,0.0117,469.73,3.12,105.59,279.36,P001,EQ002
2025-09-14 07:50:00,1655.77,799.76,2.77,0.0573,0.0133,0.011,589.13,2.82,116.16,295.47,P006,EQ009
2025-09-14 08:00:00,1635.52,794.91,2.66,0.0557,0.0157,0.0096,480.51,3.32,102.9,330.32,P011,EQ016
2025-09-14 08:10:00,1665.89,861.22,1.95,0.0288,0.0171,0.0065,559.1,3.27,87.86,305.34,P028,EQ023
2025-09-14 08:20:00,1677.56,741.01,2.96,0.0547,0.0158,0.0102,505.74,3.06,102.83,283.81,P030,EQ030
2025-09-14 08:30:00,1667.15,732.41,2.4,0.046,0.0174,0.011,512.71,3.14,96.54,298.55,P014,EQ037
2025-09-14 08:40:00,1633.54,780.63,2.14,0.0695,0.0134,0.0105,518.4,3.07,97.14,303.82,P013,EQ044
2025-09-14 08:50:00,1634.0,791.19,2.5,0.0467,0.0101,0.0127,442.5,3.21,87.02,308.73,P006,EQ002
2025-09-14 09:00:00,1664.49,676.67,2.08,0.0264,0.0144,0.0083,482.99,3.05,108.77,299.64,P004,EQ009
2025-09-14 09:10:00,1679.99,718.44,2.69,0.0404,0.0143,0.0135,539.06,3.07,95.21,308.32,P005,EQ016
2025-09-14 09:20:00,1604.58,837.01,2.5,0.0383,0.0157,0.0102,458.37,2.92,102.89,297.33,P018,EQ023
2025-09-14 09:30:00,1641.17,774.29,2.32,0.0596,0.0151,0.0114,516.2,2.92,103.04,312.46,P014,EQ030
2025-09-14 09:40:00,1641.6,868.86,2.75,0.0723,0.0152,0.0106,495.82,3.01,89.69,300.64,P016,EQ037
2025-09-14 09:50:00,1674.77,865.48,2.45,0.0481,0.015,0.0115,425.74,3.23,104.2,301.76,P024,EQ044
2025-09-14 10:00:00,1664.53,738.13,2.2,0.0543,0.0131,0.009,460.25,3.14,108.69,303.73,P003,EQ002
2025-09-14 10:10:00,1651.75,718.11,2.29,0.0459,0.0233,0.0093,490.98,3.31,113.22,308.96,P013,EQ009
2025-09-14 10:20:00,1673.83,835.45,2.65,0.0618,0.012,0.0084,542.14,3.24,105.67,310.2,P029,EQ016
2025-09-14 10:30:00,1668.95,773.47,2.32,0.0663,0.0133,0.0089,460.26,3.23,107.03,285.16,P028,EQ023
2025-09-14 10:40:00,1655.34,795.92,2.34,0.0548,0.0151,0.0103,451.88,2.75,79.98,327.96,P007,EQ030
2025-09-14 10:50:00,1671.88,765.65,2.99,0.0661,0.0165,0.0089,513.45,3.17,103.54,282.24,P005,EQ037
2025-09-14 11:00:00,1648.34,834.96,2.72,0.0652,0.0149,0.0116,457.86,3.17,89.02,311.16,P028,EQ044
2025-09-14 11:10:00,1643.57,908.67,2.65,0.0302,0.013,0.0085,603.55,3.36,92.78,290.79,P007,EQ002
2025-09-14 11:20:00,1621.61,815.25,2.84,0.0513,0.0161,0.0087,560.11,3.16,120.76,272.6,P010,EQ009
2025-09-14 11:30:00,1653.58,801.66,2.46,0.0376,0.0166,0.0099,483.37,3.03,115.15,304.43,P014,EQ016
2025-09-14 11:40:00,1638.19,794.18,2.9,0.0677,0.011,0.0084,551.89,3.09,111.56,299.06,P027,EQ023
2025-09-14 11:50:00,1621.46,741.95,3.01,0.0536,0.0195,0.0103,595.37,3.05,92.91,277.6,P023,EQ030
2025-09-14 12:00:00,1617.47,723.14,2.51,0.0395,0.0159,0.0079,455.6,2.75,97.96,301.95,P022,EQ037
2025-09-14 12:10:00,1633.43,828.72,2.7,0.0583,0.0171,0.0115,484.14,2.96,102.1,295.42,P016,EQ044
2025-09-14 12:20:00,1660.45,703.48,2.08,0.0498,0.018,0.0139,521.03,2.64,96.53,333.16,P006,EQ002
2025-09-14 12:30:00,1667.39,696.0,2.32,0.04,0.0124,0.0115,485.8,3.08,89.19,308.62,P020,EQ009
2025-09-14 12:40:00,1616.46,733.24,2.08,0.0465,0.0147,0.0119,563.76,2.83,117.93,293.3,P019,EQ016
2025-09-14 12:50:00,1649.12,727.68,2.8,0.0455,0.0166,0.0075,462.82,3.05,103.79,304.44,P010,EQ023
2025-09-14 13:00:00,1652.44,813.06,2.86,0.0481,0.0183,0.0091,661.59,3.29,113.64,294.26,P019,EQ030
2025-09-14 13:10:00,1647.83,770.13,2.15,0.0375,0.0163,0.0133,542.28,2.99,99.92,303.54,P007,EQ037
2025-09-14 13:20:00,1618.2,793.93,2.65,0.0577,0.0162,0.0094,571.05,2.92,91.19,296.24,P017,EQ044
2025-09-14 13:30:00,1680.27,884.67,2.65,0.0741,0.0143,0.0112,503.21,3.08,106.0,290.7,P023,EQ002
2025-09-14 13:40:00,1660.9,739.84,2.04,0.0548,0.016,0.0086,450.06,2.8,88.88,291.96,P022,EQ009
2025-09-14 13:50:00,1620.8,795.34,2.57,0.0675,0.0145,0.0088,490.25,3.04,106.05,282.37,P015,EQ016
2025-09-14 14:00:00,1661.95,768.98,2.51,0.044,0.0122,0.0098,429.09,2.64,107.44,280.84,P009,EQ023
2025-09-14 14:10:00,1627.18,775.87,2.28,0.0288,0.0148,0.0108,439.72,3.1,122.48,318.59,P007,EQ030
2025-09-14 14:20:00,1629.61,791.1,2.44,0.0606,0.0153,0.01,547.21,3.33,110.32,311.45,P001,EQ037
2025-09-14 14:30:00,1608.8,809.06,2.0,0.0593,0.0149,0.0075,538.95,3.21,101.32,295.31,P005,EQ044
2025-09-14 14:40:00,1659.24,820.38,2.44,0.0499,0.0156,0.0075,600.85,3.09,100.31,309.2,P015,EQ002
2025-09-14 14:50:00,1613.5,789.31,2.22,0.0522,0.0121,0.0075,472.61,3.03,81.17,299.36,P003,EQ009
2025-09-14 15:00:00,1647.2,793.35,1.94,0.0604,0.0122,0.0077,407.32,3.19,102.84,340.59,P027,EQ016
2025-09-14 15:10:00,1655.76,792.95,2.77,0.0623,0.0119,0.0101,413.81,3.1,93.13,303.71,P013,EQ023
2025-09-14 15:20:00,1630.15,758.59,2.2,0.0679,0.013,0.0072,463.79,2.85,106.43,283.99,P020,EQ030
2025-09-14 15:30:00,1641.83,786.94,2.41,0.0656,0.0178,0.0136,434.52,2.99,93.21,295.47,P026,EQ037
2025-09-14 15:40:00,1687.7,759.11,2.39,0.0428,0.019,0.0134,490.74,3.36,89.35,294.64,P008,EQ044
2025-09-14 15:50:00,1635.91,762.88,2.37,0.0527,0.0117,0.0095,499.46,2.91,112.95,302.5,P017,EQ002
2025-09-14 16:00:00,1685.81,835.37,2.18,0.0517,0.0178,0.0089,467.69,3.27,106.82,270.1,P011,EQ009
2025-09-14 16:10:00,1604.9,708.6,2.41,0.0552,0.0173,0.0104,464.06,2.79,101.47,294.64,P030,EQ016
2025-09-14 16:20:00,1632.45,838.8,2.24,0.032,0.0217,0.0084,479.42,2.88,82.32,303.78,P019,EQ023
2025-09-14 16:30:00,1668.28,883.5,2.52,0.0477,0.0176,0.0093,491.26,2.9,102.11,277.01,P029,EQ030
2025-09-14 16:40:00,1691.11,851.79,2.9,0.0526,0.0135,0.0092,539.44,2.81,118.26,297.18,P016,EQ037
2025-09-14 16:50:00,1600.89,782.3,2.88,0.0585,0.0166,0.0107,472.06,3.21,80.7,308.49,P015,EQ044
2025-09-14 17:00:00,1686.38,854.19,2.59,0.0519,0.0131,0.0071,535.79,2.78,86.35,298.53,P015,EQ002
2025-09-14 17:10:00,1615.34,728.93,2.57,0.0645,0.0138,0.0116,492.03,3.2,112.53,290.94,P019,EQ009
2025-09-14 17:20:00,1622.01,862.28,2.87,0.0399,0.0169,0.0104,453.29,3.07,80.27,306.51,P002,EQ016
2025-09-14 17:30:00,1668.11,792.36,3.0,0.0424,0.0123,0.0098,468.08,2.65,94.07,265.49,P024,EQ023
2025-09-14 17:40:00,1655.64,743.28,2.65,0.045,0.0155,0.0076,464.95,3.09,104.45,289.15,P003,EQ030
2025-09-14 17:50:00,1646.91,886.02,2.32,0.0575,0.0137,0.0111,513.88,3.02,106.75,311.62,P010,EQ037
2025-09-14 18:00:00,1627.0,827.99,2.43,0.0417,0.0181,0.0091,481.99,3.03,74.65,294.37,P021,EQ044
2025-09-14 18:10:00,1658.67,843.17,2.59,0.0533,0.0133,0.0108,454.69,2.85,99.99,316.44,P029,EQ002
2025-09-14 18:20:00,1679.6,804.53,2.45,0.0411,0.0116,0.0071,413.71,3.2,97.33,319.28,P030,EQ009
2025-09-14 18:30:00,1667.0,879.35,2.33,0.0569,0.016,0.006,534.05,3.34,103.7,293.54,P015,EQ016
2025-09-14 18:40:00,1688.56,817.89,2.81,0.0753,0.0144,0.0057,495.1,2.89,112.15,283.15,P012,EQ023
2025-09-14 18:50:00,1644.47,867.71,2.89,0.0602,0.0147,0.0105,591.2,3.11,93.86,282.78,P023,EQ030
2025-09-14 19:00:00,1671.98,849.16,2.31,0.0382,0.0186,0.011,552.26,3.05,83.98,302.6,P027,EQ037
2025-09-14 19:10:00,1618.93,723.42,1.87,0.0406,0.0157,0.0116,484.54,3.07,115.85,300.91,P023,EQ044
2025-09-14 19:20:00,1678.85,737.62,2.07,0.0546,0.0161,0.0115,576.94,3.13,87.9,290.35,P026,EQ002
2025-09-14 19:30:00,1658.86,723.18,2.18,0.0366,0.0134,0.0103,538.39,2.96,109.28,291.77,P010,EQ009
2025-09-14 19:40:00,1650.32,803.04,2.63,0.0464,0.0195,0.0087,436.67,3.02,111.9,308.85,P013,EQ016
2025-09-14 19:50:00,1645.36,775.54,2.44,0.0486,0.016,0.0081,461.94,2.99,104.79,289.86,P020,EQ023
2025-09-14 20:00:00,1602.16,774.87,2.36,0.064,0.0168,0.0095,559.52,2.97,99.15,290.26,P027,EQ030
2025-09-14 20:10:00,1684.51,852.72,2.18,0.0621,0.0166,0.0123,456.9,3.03,106.0,267.78,P026,EQ037
2025-09-14 20:20:00,1644.56,832.95,2.68,0.071,0.0188,0.0121,518.32,2.97,94.39,304.63,P028,EQ044
2025-09-14 20:30:00,1689.91,704.42,2.43,0.0362,0.0174,0.0104,410.96,3.17,109.72,297.31,P006,EQ002
2025-09-14 20:40:00,1669.14,774.94,2.4,0.0608,0.0138,0.0134,584.04,2.84,100.24,292.81,P014,EQ009
2025-09-14 20:50:00,1622.4,809.73,1.98,0.0518,0.0109,0.0102,588.65,3.05,91.79,295.4,P008,EQ016
2025-09-14 21:00:00,1646.27,772.01,2.36,0.0514,0.0109,0.0134,422.23,3.01,84.13,305.2,P006,EQ023
2025-09-14 21:10:00,1659.51,880.76,3.51,0.0694,0.0151,0.0105,594.76,3.14,93.93,306.82,P029,EQ030
2025-09-14 21:20:00,1656.37,826.12,2.17,0.0593,0.0193,0.0097,471.76,2.54,103.84,284.47,P020,EQ037
2025-09-14 21:30:00,1621.23,729.87,2.66,0.0332,0.0158,0.0122,549.43,2.99,105.13,275.28,P024,EQ044
2025-09-14 21:40:00,1643.71,746.98,2.75,0.0568,0.0181,0.0094,552.85,2.96,105.62,303.79,P014,EQ002
2025-09-14 21:50:00,1643.51,815.29,2.46,0.0606,0.0121,0.0094,475.56,2.76,110.5,304.15,P015,EQ009
2025-09-14 22:00:00,1704.94,737.33,3.42,0.0307,0.0158,0.0106,495.95,2.89,101.94,292.87,P013,EQ016
2025-09-14 22:10:00,1634.3,762.65,2.47,0.0484,0.0178,0.0072,476.75,3.02,93.92,304.38,P030,EQ023
2025-09-14 22:20:00,1649.56,864.72,2.84,0.0654,0.0171,0.0118,481.12,3.05,81.76,309.37,P022,EQ030
2025-09-14 22:30:00,1666.87,802.48,2.01,0.0729,0.0154,0.0102,564.24,3.2,88.66,298.67,P006,EQ037
2025-09-14 22:40:00,1650.02,807.97,2.45,0.0638,0.0184,0.0069,477.77,3.03,97.11,286.33,P023,EQ044
2025-09-14 22:50:00,1619.66,698.18,2.5,0.0448,0.0225,0.0082,410.66,3.02,105.52,298.56,P019,EQ002
2025-09-14 23:00:00,1635.16,846.35,2.69,0.078,0.0145,0.0093,419.87,3.02,90.8,292.62,P004,EQ009
2025-09-14 23:10:00,1617.52,844.27,2.64,0.0573,0.0192,0.0116,486.73,2.81,113.3,299.32,P013,EQ016
2025-09-14 23:20:00,1659.85,810.89,2.42,0.0389,0.0132,0.0127,459.35,3.22,104.55,277.65,P023,EQ023
2025-09-14 23:30:00,1670.91,792.24,2.26,0.042,0.0166,0.0096,502.5,2.63,105.94,299.74,P002,EQ030
2025-09-14 23:40:00,1631.68,727.34,2.43,0.0508,0.0149,0.0111,521.71,3.28,86.27,301.84,P008,EQ037
2025-09-14 23:50:00,1648.19,840.5,2.83,0.0498,0.013,0.0059,429.05,3.19,89.34,301.48,P029,EQ044
2025-09-15 00:00:00,1618.6,809.5,2.38,0.0385,0.0176,0.0103,499.22,3.53,102.02,323.35,P028,EQ002
2025-09-15 00:10:00,1633.76,829.17,2.59,0.0342,0.0105,0.0074,526.38,3.13,120.9,328.58,P006,EQ009
2025-09-15 00:20:00,1637.42,840.68,2.42,0.0481,0.0121,0.007,563.33,3.02,109.88,305.71,P009,EQ016
2025-09-15 00:30:00,1635.8,856.94,2.49,0.0348,0.0192,0.0093,539.68,2.74,103.7,307.35,P029,EQ023
2025-09-15 00:40:00,1652.57,843.64,2.25,0.0641,0.0136,0.009,576.58,2.91,105.86,300.56,P021,EQ030
2025-09-15 00:50:00,1610.29,760.62,3.14,0.0422,0.0148,0.0107,548.99,2.86,117.5,291.74,P018,EQ037
2025-09-15 01:00:00,1602.3,718.93,2.42,0.0381,0.0156,0.0095,551.48,3.26,82.56,304.81,P010,EQ044
2025-09-15 01:10:00,1667.19,811.93,2.33,0.0654,0.0089,0.0125,547.96,3.15,91.25,300.4,P022,EQ002
2025-09-15 01:20:00,1671.85,858.98,2.26,0.0413,0.0148,0.0109,502.68,2.71,104.96,287.66,P030,EQ009
2025-09-15 01:30:00,1667.42,766.41,2.19,0.0505,0.014,0.0118,501.29,3.35,103.5,311.65,P003,EQ016
2025-09-15 01:40:00,1657.68,737.93,2.28,0.068,0.0148,0.0093,493.27,3.13,89.01,318.5,P023,EQ023
2025-09-15 01:50:00,1715.88,889.53,2.36,0.0313,0.0191,0.0109,492.59,2.89,88.77,263.44,P024,EQ030
2025-09-15 02:00:00,1667.6,771.65,2.8,0.0403,0.0136,0.0105,505.22,3.16,96.64,275.67,P024,EQ037
2025-09-15 02:10:00,1677.13,743.89,2.61,0.0498,0.0136,0.0128,566.22,3.07,108.93,295.34,P029,EQ044
2025-09-15 02:20:00,1643.89,686.65,2.31,0.0557,0.0117,0.0081,608.81,2.91,93.09,272.81,P007,EQ002
2025-09-15 02:30:00,1655.22,874.34,2.01,0.046,0.0063,0.0108,514.81,3.11,89.43,299.17,P030,EQ009
2025-09-15 02:40:00,1665.15,802.82,2.38,0.0606,0.0177,0.0109,494.77,3.07,102.58,297.01,P016,EQ016
2025-09-15 02:50:00,1656.38,803.75,2.64,0.0472,0.0144,0.0066,490.31,2.83,95.66,279.74,P014,EQ023
2025-09-15 03:00:00,1660.27,818.91,2.71,0.0514,0.0161,0.0104,532.06,3.29,110.27,321.36,P025,EQ030
2025-09-15 03:10:00,1634.33,777.54,2.7,0.0478,0.0206,0.0142,573.01,3.27,86.73,311.86,P018,EQ037
2025-09-15 03:20:00,1655.86,795.84,2.25,0.0466,0.0107,0.0118,506.5,2.62,100.01,298.74,P004,EQ044
2025-09-15 03:30:00,1664.53,851.5,2.53,0.0464,0.0174,0.0073,492.08,2.96,96.34,306.74,P012,EQ002
2025-09-15 03:40:00,1643.83,815.27,2.67,0.0423,0.0163,0.0069,388.54,3.1,80.28,310.44,P003,EQ009
2025-09-15 03:50:00,1645.54,785.52,3.13,0.0571,0.0174,0.0118,459.25,3.03,78.34,314.84,P025,EQ016
2025-09-15 04:00:00,1698.31,816.33,2.15,0.0394,0.0149,0.0128,479.07,3.18,89.54,326.38,P004,EQ023
2025-09-15 04:10:00,1682.29,784.39,3.05,0.0452,0.0147,0.008,600.29,2.98,81.7,302.38,P017,EQ030
2025-09-15 04:20:00,1641.2,791.4,2.56,0.0535,0.0147,0.0125,548.81,2.93,93.79,299.75,P025,EQ037
2025-09-15 04:30:00,1643.49,835.98,2.02,0.0454,0.0196,0.0093,496.4,2.66,109.67,292.5,P025,EQ044
2025-09-15 04:40:00,1670.35,694.88,2.67,0.0428,0.0162,0.0078,520.48,2.83,109.92,317.88,P011,EQ002
2025-09-15 04:50:00,1639.38,923.26,2.89,0.0377,0.0144,0.0096,556.74,2.9,97.14,284.79,P014,EQ009
2025-09-15 05:00:00,1643.81,734.54,2.15,0.0573,0.0151,0.0132,485.7,2.59,97.15,295.01,P015,EQ016
2025-09-15 05:10:00,1636.93,829.87,3.02,0.0629,0.0185,0.0101,432.18,2.72,97.99,292.89,P006,EQ023
2025-09-15 05:20:00,1651.58,805.44,2.14,0.0567,0.012,0.0098,575.62,3.1,85.15,304.72,P009,EQ030
2025-09-15 05:30:00,1641.63,807.2,2.09,0.0661,0.0077,0.0143,528.63,3.28,91.41,300.26,P007,EQ037
2025-09-15 05:40:00,1586.48,902.82,2.14,0.0391,0.0167,0.0081,519.51,2.73,89.93,254.29,P017,EQ044
2025-09-15 05:50:00,1646.96,734.62,2.85,0.061,0.0156,0.0098,473.27,3.26,109.4,299.04,P002,EQ002
2025-09-15 06:00:00,1663.84,803.86,2.9,0.0638,0.0177,0.0071,551.27,3.23,99.65,294.99,P015,EQ009
2025-09-15 06:10:00,1682.1,856.02,2.83,0.0518,0.0171,0.0103,517.22,2.9,80.77,318.23,P001,EQ016
2025-09-15 06:20:00,1625.57,834.12,2.12,0.057,0.0179,0.009,618.33,3.02,110.06,309.55,P003,EQ023
2025-09-15 06:30:00,1677.78,792.81,2.54,0.0496,0.0114,0.0065,459.79,2.86,103.89,310.78,P021,EQ030
2025-09-15 06:40:00,1668.15,796.98,2.93,0.0628,0.0083,0.0115,492.3,3.6,101.18,293.62,P023,EQ037
2025-09-15 06:50:00,1652.8,781.29,2.71,0.0523,0.0131,0.0087,429.96,3.01,93.74,315.98,P022,EQ044
2025-09-15 07:00:00,1620.36,694.58,2.35,0.0431,0.013,0.0091,471.23,2.88,92.51,311.25,P024,EQ002
2025-09-15 07:10:00,1629.1,836.85,2.3,0.061,0.0179,0.0076,520.31,3.18,106.52,333.67,P015,EQ009
2025-09-15 07:20:00,1624.37,709.13,2.59,0.0783,0.016,0.0103,469.22,3.14,99.45,306.89,P013,EQ016
2025-09-15 07:30:00,1611.95,869.76,1.98,0.058,0.0155,0.0114,544.59,2.95,114.89,309.0,P011,EQ023
2025-09-15 07:40:00,1632.61,779.55,2.47,0.0554,0.0173,0.008,456.22,3.05,102.31,256.0,P024,EQ030
2025-09-15 07:50:00,1650.62,869.98,2.89,0.053,0.0108,0.0069,555.8,3.33,110.18,307.49,P013,EQ037
2025-09-15 08:00:00,1663.72,831.5,2.75,0.0721,0.0152,0.0131,532.65,2.53,101.04,293.14,P028,EQ044
2025-09-15 08:10:00,1672.99,862.92,2.6,0.0373,0.0111,0.0074,497.24,2.58,88.5,309.51,P007,EQ002
2025-09-15 08:20:00,1627.47,801.67,2.78,0.0396,0.0136,0.0111,536.69,3.02,107.27,284.86,P013,EQ009
2025-09-15 08:30:00,1653.02,739.86,2.52,0.0435,0.0139,0.0095,511.56,3.29,90.76,302.43,P002,EQ016
2025-09-15 08:40:00,1650.91,757.69,2.5,0.0743,0.0109,0.0102,499.35,3.12,95.41,307.6,P001,EQ023
2025-09-15 08:50:00,1651.2,781.49,2.7,0.0512,0.0179,0.0129,542.22,3.0,104.4,307.23,P009,EQ030
2025-09-15 09:00:00,1665.32,779.97,2.56,0.0471,0.0181,0.0124,530.65,3.09,99.96,308.71,P004,EQ037
2025-09-15 09:10:00,1642.51,819.99,2.58,0.053,0.0092,0.0062,542.38,3.01,104.16,303.34,P023,EQ044
2025-09-15 09:20:00,1640.95,756.21,2.15,0.0406,0.0093,0.0103,570.86,2.97,106.69,291.34,P030,EQ002
2025-09-15 09:30:00,1616.61,789.04,2.54,0.0337,0.0177,0.0088,534.85,2.63,92.96,269.79,P005,EQ009
2025-09-15 09:40:00,1674.48,733.35,2.89,0.0523,0.0132,0.0093,427.96,3.15,110.88,304.4,P011,EQ016
2025-09-15 09:50:00,1667.0,822.04,3.01,0.0603,0.0112,0.0067,628.26,2.99,96.33,326.15,P022,EQ023
2025-09-15 10:00:00,1666.18,816.63,2.41,0.043,0.0213,0.0127,515.72,3.1,103.88,288.77,P024,EQ030
2025-09-15 10:10:00,1663.88,793.01,2.26,0.053,0.0134,0.0128,451.87,2.64,105.14,292.69,P015,EQ037
2025-09-15 10:20:00,1637.92,783.89,2.07,0.0517,0.0188,0.0093,543.54,3.39,105.1,310.7,P016,EQ044
2025-09-15 10:30:00,1646.88,743.75,2.45,0.0561,0.0118,0.0074,538.0,3.06,99.41,325.32,P015,EQ002
2025-09-15 10:40:00,1663.61,832.69,2.4,0.0646,0.0156,0.0104,467.44,3.2,93.88,310.64,P003,EQ009
2025-09-15 10:50:00,1632.44,788.3,2.38,0.048,0.0185,0.0084,398.84,2.82,101.49,311.63,P003,EQ016
2025-09-15 11:00:00,1605.02,829.46,2.44,0.0637,0.0115,0.0133,467.55,2.95,86.57,283.83,P018,EQ023
2025-09-15 11:10:00,1676.45,851.25,2.53,0.0463,0.0189,0.0075,511.95,2.9,102.13,294.68,P022,EQ030
2025-09-15 11:20:00,1665.31,890.52,2.52,0.0454,0.0194,0.0083,602.23,2.9,91.78,306.82,P008,EQ037
2025-09-15 11:30:00,1679.69,848.07,1.95,0.0553,0.0156,0.0103,519.89,2.72,81.74,297.01,P023,EQ044
2025-09-15 11:40:00,1651.75,821.81,1.86,0.0589,0.0172,0.0118,516.85,3.0,83.09,309.21,P015,EQ002
2025-09-15 11:50:00,1651.45,731.41,2.08,0.0456,0.0086,0.0106,462.34,3.19,117.02,306.06,P005,EQ009
2025-09-15 12:00:00,1675.31,734.68,2.57,0.0476,0.0178,0.0092,439.54,3.44,117.18,313.59,P016,EQ016
2025-09-15 12:10:00,1614.57,714.56,2.38,0.0539,0.0187,0.0076,625.35,2.78,87.07,317.1,P027,EQ023
2025-09-15 12:20:00,1635.85,782.53,2.36,0.0404,0.0106,0.0136,408.92,2.85,108.42,301.2,P009,EQ030
2025-09-15 12:30:00,1632.26,783.23,2.3,0.0514,0.0122,0.012,438.2,3.16,97.49,296.5,P027,EQ037
2025-09-15 12:40:00,1627.4,806.81,2.36,0.0527,0.0176,0.0142,566.76,3.07,95.35,304.75,P006,EQ044
2025-09-15 12:50:00,1691.54,789.67,2.46,0.0522,0.0166,0.0101,595.29,3.09,97.57,316.65,P006,EQ002
2025-09-15 13:00:00,1672.31,776.61,2.59,0.0548,0.0168,0.0112,470.18,3.25,108.63,288.17,P027,EQ009
2025-09-15 13:10:00,1667.05,758.78,2.06,0.0495,0.0126,0.0102,536.4,3.0,90.93,310.42,P001,EQ016
2025-09-15 13:20:00,1642.56,749.54,2.88,0.0418,0.0195,0.007,522.38,2.8,109.6,267.79,P020,EQ023
2025-09-15 13:30:00,1661.18,742.79,2.8,0.0525,0.0185,0.0079,441.59,2.88,99.95,315.26,P004,EQ030
2025-09-15 13:40:00,1646.47,809.49,2.86,0.0784,0.0133,0.0101,532.7,3.25,97.09,331.64,P006,EQ037
2025-09-15 13:50:00,1646.93,683.26,2.69,0.0468,0.0166,0.0103,530.38,3.15,101.0,312.9,P010,EQ044
2025-09-15 14:00:00,1672.29,827.63,2.16,0.0519,0.0173,0.0093,441.54,2.89,108.96,312.85,P004,EQ002
2025-09-15 14:10:00,1625.59,857.97,2.9,0.0504,0.0068,0.0091,571.34,2.83,94.39,294.94,P018,EQ009
2025-09-15 14:20:00,1676.81,808.34,2.39,0.0657,0.0151,0.0093,560.1,2.57,96.77,306.25,P024,EQ016
2025-09-15 14:30:00,1633.88,867.51,2.41,0.0478,0.0182,0.0147,483.77,3.09,90.73,329.11,P013,EQ023
2025-09-15 14:40:00,1650.75,767.36,2.06,0.0458,0.013,0.0103,489.48,2.6,105.88,302.91,P006,EQ030
2025-09-15 14:50:00,1672.06,786.97,3.23,0.0427,0.015,0.0141,554.31,3.19,108.33,287.49,P003,EQ037
2025-09-15 15:00:00,1655.14,849.24,2.96,0.0539,0.0124,0.0083,454.27,3.27,75.09,317.83,P022,EQ044
2025-09-15 15:10:00,1654.61,869.48,2.85,0.0517,0.0123,0.0083,501.48,3.11,86.2,293.48,P025,EQ002
2025-09-15 15:20:00,1669.59,777.89,2.53,0.0494,0.0158,0.0098,433.29,2.83,76.06,308.09,P001,EQ009
2025-09-15 15:30:00,1626.63,787.18,2.94,0.0512,0.013,0.0075,445.42,3.32,101.46,319.78,P022,EQ016
2025-09-15 15:40:00,1662.1,773.62,2.2,0.0457,0.0152,0.0103,498.37,3.36,90.53,295.55,P009,EQ023
2025-09-15 15:50:00,1665.35,930.03,2.34,0.0683,0.0224,0.012,426.41,3.08,108.91,309.57,P005,EQ030
2025-09-15 16:00:00,1659.04,768.78,2.73,0.0573,0.0166,0.0086,431.54,2.98,92.96,299.41,P015,EQ037
2025-09-15 16:10:00,1633.36,769.98,2.55,0.0521,0.0133,0.0088,461.57,2.81,100.68,285.79,P012,EQ044
2025-09-15 16:20:00,1658.41,769.78,2.8,0.0429,0.0168,0.0091,474.39,3.07,107.0,303.18,P006,EQ002
2025-09-15 16:30:00,1673.52,871.55,2.38,0.0609,0.0191,0.0111,486.91,2.91,92.8,290.9,P007,EQ009
2025-09-15 16:40:00,1655.62,808.47,2.42,0.0591,0.0157,0.0098,546.41,3.01,109.65,284.18,P023,EQ016
2025-09-15 16:50:00,1692.12,770.37,2.13,0.0338,0.0162,0.0089,461.23,2.66,104.18,309.25,P002,EQ023
2025-09-15 17:00:00,1642.93,682.7,2.6,0.0613,0.0164,0.0089,404.2,3.01,93.46,306.27,P029,EQ030
2025-09-15 17:10:00,1647.73,760.27,2.48,0.0454,0.0131,0.0086,523.44,2.74,85.67,295.13,P022,EQ037
2025-09-15 17:20:00,1656.74,775.04,2.71,0.0674,0.0117,0.0049,507.47,2.94,96.88,280.22,P018,EQ044
2025-09-15 17:30:00,1637.07,732.48,1.98,0.0621,0.0161,0.0104,581.86,2.78,98.66,286.23,P007,EQ002
2025-09-15 17:40:00,1713.25,793.3,2.69,0.0329,0.0181,0.0108,452.14,3.12,76.14,302.52,P015,EQ009
2025-09-15 17:50:00,1664.98,866.85,2.27,0.0494,0.0166,0.0112,481.0,3.08,109.89,319.36,P023,EQ016
2025-09-15 18:00:00,1645.9,781.54,2.15,0.0517,0.0173,0.0113,524.71,2.69,110.87,295.08,P002,EQ023
2025-09-15 18:10:00,1636.13,840.3,2.44,0.0508,0.014,0.0103,499.28,3.1,101.7,312.75,P027,EQ030
2025-09-15 18:20:00,1646.83,783.6,2.75,0.0701,0.0139,0.0107,561.16,2.67,116.48,297.05,P021,EQ037
2025-09-15 18:30:00,1637.44,826.06,2.31,0.0601,0.0195,0.0101,499.46,3.07,105.54,308.53,P026,EQ044
2025-09-15 18:40:00,1637.69,837.5,2.76,0.0493,0.0131,0.0108,431.72,3.06,102.41,317.59,P017,EQ002
2025-09-15 18:50:00,1614.16,816.53,2.74,0.0338,0.0159,0.0113,501.74,2.62,93.55,260.47,P021,EQ009
2025-09-15 19:00:00,1645.86,804.14,1.97,0.0441,0.0157,0.0116,546.51,3.24,103.22,302.14,P022,EQ016
2025-09-15 19:10:00,1661.16,873.32,1.91,0.0499,0.0143,0.0091,440.59,3.24,96.83,306.52,P023,EQ023
2025-09-15 19:20:00,1624.12,774.76,2.89,0.0344,0.0135,0.01,523.13,3.01,110.68,310.41,P022,EQ030
2025-09-15 19:30:00,1666.57,788.62,3.03,0.0434,0.0237,0.0144,513.96,2.95,103.49,305.61,P029,EQ037
2025-09-15 19:40:00,1623.88,758.41,2.96,0.0504,0.02,0.0111,486.71,2.66,93.92,307.55,P004,EQ044
2025-09-15 19:50:00,1622.79,838.29,2.15,0.0523,0.0164,0.0124,518.31,3.2,101.44,320.02,P013,EQ002
2025-09-15 20:00:00,1658.31,893.3,2.22,0.0474,0.0113,0.0109,448.02,2.94,111.52,298.53,P023,EQ009
2025-09-15 20:10:00,1640.49,801.34,2.37,0.0572,0.0124,0.0091,502.57,3.11,99.26,314.93,P010,EQ016
2025-09-15 20:20:00,1642.81,815.56,2.08,0.047,0.0133,0.0122,497.63,2.99,88.41,284.37,P015,EQ023
2025-09-15 20:30:00,1642.79,776.68,2.56,0.0563,0.0124,0.0088,540.46,3.02,101.33,302.26,P002,EQ030
2025-09-15 20:40:00,1656.33,756.61,2.96,0.0573,0.0141,0.0098,449.74,2.69,107.29,298.29,P020,EQ037
2025-09-15 20:50:00,1657.7,867.36,2.43,0.0611,0.014,0.011,387.02,2.83,109.19,284.5,P001,EQ044
2025-09-15 21:00:00,1676.85,761.01,2.23,0.0568,0.0169,0.0076,530.91,3.31,84.26,289.08,P002,EQ002
2025-09-15 21:10:00,1654.92,780.31,2.0,0.0458,0.0109,0.0129,499.87,3.22,102.2,288.06,P025,EQ009
2025-09-15 21:20:00,1653.52,805.06,2.91,0.0437,0.013,0.0117,511.79,3.19,116.5,295.08,P013,EQ016
2025-09-15 21:30:00,1679.44,728.33,2.19,0.0544,0.0128,0.0066,478.2,3.01,92.62,320.22,P025,EQ023
2025-09-15 21:40:00,1647.37,827.94,2.13,0.0292,0.0144,0.0096,577.54,2.92,92.34,312.59,P007,EQ030
2025-09-15 21:50:00,1676.09,736.64,2.85,0.0674,0.0185,0.0078,482.41,2.81,88.37,294.47,P030,EQ037
2025-09-15 22:00:00,1651.13,783.88,2.29,0.0463,0.0132,0.0129,590.68,2.87,102.08,306.23,P008,EQ044
2025-09-15 22:10:00,1629.75,810.01,2.44,0.0444,0.0155,0.0085,477.99,2.88,103.36,302.65,P012,EQ002
2025-09-15 22:20:00,1650.24,803.18,2.37,0.0462,0.014,0.01,400.15,3.14,97.36,302.87,P030,EQ009
2025-09-15 22:30:00,1678.15,784.71,2.52,0.0443,0.0203,0.0136,479.37,3.46,106.02,282.38,P008,EQ016
2025-09-15 22:40:00,1651.76,747.26,2.5,0.0516,0.0165,0.0104,410.82,2.77,93.36,312.56,P007,EQ023
2025-09-15 22:50:00,1629.17,874.33,2.29,0.0623,0.0216,0.0084,438.16,3.16,104.28,306.23,P003,EQ030
2025-09-15 23:00:00,1651.5,795.02,2.71,0.0424,0.0139,0.0116,514.54,2.98,98.96,297.39,P001,EQ037
2025-09-15 23:10:00,1654.82,761.47,2.22,0.0404,0.0133,0.0098,448.0,2.66,78.61,305.0,P014,EQ044
2025-09-15 23:20:00,1639.07,778.53,2.24,0.0617,0.0158,0.0111,464.56,2.95,104.3,295.43,P001,EQ002
2025-09-15 23:30:00,1640.51,741.93,2.99,0.0513,0.0178,0.0108,381.71,3.04,90.79,265.52,P001,EQ009
2025-09-15 23:40:00,1626.68,782.86,2.31,0.0461,0.0161,0.0129,544.67,2.73,100.78,290.31,P011,EQ016
2025-09-15 23:50:00,1616.85,714.53,2.04,0.0501,0.0176,0.0119,532.97,3.05,83.27,298.85,P027,EQ023
2025-09-16 00:00:00,1667.21,753.39,1.98,0.0467,0.015,0.0128,521.39,2.98,101.56,307.0,P007,EQ030
2025-09-16 00:10:00,1641.86,771.31,2.52,0.0565,0.0204,0.0127,549.0,3.07,112.19,322.22,P022,EQ037
2025-09-16 00:20:00,1648.46,810.78,2.11,0.0649,0.0143,0.0067,499.73,2.7,111.91,293.42,P022,EQ044
2025-09-16 00:30:00,1639.06,775.74,2.7,0.0486,0.0135,0.0079,482.31,2.87,99.9,294.77,P003,EQ002
2025-09-16 00:40:00,1662.53,745.19,2.07,0.0377,0.0118,0.0087,476.42,2.76,91.84,299.71,P008,EQ009
2025-09-16 00:50:00,1646.9,799.15,2.75,0.0469,0.0132,0.0117,493.6,3.17,111.61,274.59,P029,EQ016
2025-09-16 01:00:00,1643.62,803.82,2.24,0.0551,0.0126,0.0104,482.63,2.99,106.24,284.11,P004,EQ023
2025-09-16 01:10:00,1613.07,706.35,2.84,0.0445,0.0164,0.0098,526.28,3.13,92.57,288.21,P026,EQ030
2025-09-16 01:20:00,1656.29,869.28,2.0,0.0548,0.013,0.0094,538.02,3.02,97.27,301.38,P027,EQ037
2025-09-16 01:30:00,1650.1,806.65,2.82,0.0493,0.0174,0.0101,582.66,3.27,98.93,279.9,P027,EQ044
2025-09-16 01:40:00,1615.59,817.56,1.89,0.0559,0.014,0.0088,516.24,3.01,107.65,321.93,P022,EQ002
2025-09-16 01:50:00,1698.7,783.06,2.8,0.0673,0.0174,0.0089,480.85,2.99,93.03,295.56,P006,EQ009
2025-09-16 02:00:00,1655.43,814.17,2.59,0.0652,0.0109,0.0099,515.93,2.96,83.46,316.91,P024,EQ016
2025-09-16 02:10:00,1652.5,794.18,2.53,0.0461,0.0151,0.0082,529.36,2.99,99.61,334.05,P006,EQ023
2025-09-16 02:20:00,1619.2,770.94,2.91,0.0461,0.0118,0.0129,490.29,2.74,85.31,298.81,P002,EQ030
2025-09-16 02:30:00,1612.44,705.04,2.22,0.0631,0.014,0.0118,473.85,3.37,80.7,286.36,P014,EQ037
2025-09-16 02:40:00,1626.9,729.94,2.61,0.0648,0.0159,0.0103,489.72,2.74,101.8,289.43,P017,EQ044
2025-09-16 02:50:00,1638.55,837.34,2.77,0.0402,0.0183,0.0104,475.43,2.83,109.46,274.27,P004,EQ002
2025-09-16 03:00:00,1670.53,718.11,2.45,0.0363,0.0183,0.0124,483.19,2.96,113.27,279.13,P027,EQ009
2025-09-16 03:10:00,1625.45,711.69,2.24,0.051,0.0173,0.0084,401.7,3.05,102.9,306.98,P011,EQ016
2025-09-16 03:20:00,1613.12,855.63,3.19,0.0414,0.0239,0.015,549.45,3.16,110.12,340.43,P011,EQ023
2025-09-16 03:30:00,1659.19,760.71,2.78,0.0571,0.0193,0.0119,540.99,3.24,97.23,308.74,P018,EQ030
2025-09-16 03:40:00,1622.49,820.62,2.56,0.0584,0.0163,0.0104,490.59,2.87,116.86,293.65,P021,EQ037
2025-09-16 03:50:00,1635.41,859.03,2.3,0.0553,0.015,0.0104,468.51,3.23,87.43,301.47,P007,EQ044
2025-09-16 04:00:00,1657.59,901.55,2.66,0.0601,0.0162,0.0098,555.84,3.02,91.62,305.45,P020,EQ002
2025-09-16 04:10:00,1668.59,812.07,2.52,0.0488,0.0116,0.0067,561.28,3.04,92.36,307.77,P007,EQ009
2025-09-16 04:20:00,1656.08,824.89,2.31,0.0679,0.0139,0.0091,542.09,2.85,103.53,289.59,P030,EQ016
2025-09-16 04:30:00,1594.13,780.62,2.26,0.0771,0.0161,0.0102,477.63,3.06,93.39,316.48,P018,EQ023
2025-09-16 04:40:00,1652.6,879.76,2.71,0.0399,0.0186,0.0081,455.35,2.62,98.38,304.93,P013,EQ030
2025-09-16 04:50:00,1639.3,787.51,2.31,0.045,0.0135,0.011,566.13,3.03,98.39,265.81,P014,EQ037
2025-09-16 05:00:00,1672.86,809.77,2.12,0.0316,0.0156,0.0118,558.66,3.2,110.99,296.21,P004,EQ044
2025-09-16 05:10:00,1629.19,793.09,2.99,0.0513,0.0169,0.0123,467.37,3.0,94.19,296.78,P008,EQ002
2025-09-16 05:20:00,1649.95,809.12,2.47,0.0601,0.0139,0.0093,486.6,3.07,92.01,301.68,P007,EQ009
2025-09-16 05:30:00,1652.92,789.45,1.89,0.0238,0.0191,0.0076,533.67,2.8,95.92,307.62,P004,EQ016
2025-09-16 05:40:00,1621.0,835.01,2.3,0.038,0.0147,0.0101,504.4,3.03,76.63,284.51,P012,EQ023
2025-09-16 05:50:00,1603.68,777.84,2.4,0.0394,0.0174,0.0106,393.89,3.28,89.94,326.55,P011,EQ030
2025-09-16 06:00:00,1648.66,813.45,2.16,0.047,0.0165,0.0091,481.34,3.0,102.04,290.31,P006,EQ037
2025-09-16 06:10:00,1646.92,820.56,2.59,0.0382,0.0145,0.011,501.17,2.96,97.49,284.81,P001,EQ044
2025-09-16 06:20:00,1682.77,829.92,1.91,0.0501,0.0144,0.011,568.9,3.2,103.3,340.46,P013,EQ002
2025-09-16 06:30:00,1694.54,712.1,2.75,0.0422,0.016,0.0091,445.09,3.3,90.84,299.39,P021,EQ009
2025-09-16 06:40:00,1646.61,841.98,2.55,0.0559,0.0125,0.0079,587.64,2.91,95.53,308.79,P011,EQ016
2025-09-16 06:50:00,1657.9,769.82,3.15,0.0543,0.0142,0.0086,524.52,3.24,120.97,306.04,P001,EQ023
2025-09-16 07:00:00,1639.79,769.16,2.5,0.0552,0.0134,0.0101,504.42,2.87,100.12,291.87,P013,EQ030
2025-09-16 07:10:00,1663.55,879.07,2.55,0.0664,0.0153,0.0098,509.01,3.28,96.81,293.37,P007,EQ037
2025-09-16 07:20:00,1625.3,799.41,2.42,0.0324,0.0107,0.0041,499.0,2.95,96.38,293.84,P015,EQ044
2025-09-16 07:30:00,1620.01,839.12,3.06,0.0536,0.0136,0.014,518.03,2.82,87.31,289.0,P008,EQ002
2025-09-16 07:40:00,1619.53,802.07,2.31,0.0515,0.0174,0.0119,525.6,3.27,77.68,306.27,P003,EQ009
2025-09-16 07:50:00,1648.68,772.17,2.25,0.0532,0.0209,0.0097,402.74,3.07,85.28,297.94,P022,EQ016
2025-09-16 08:00:00,1681.82,809.7,2.44,0.0432,0.0124,0.0087,493.25,2.5,102.65,309.56,P027,EQ023
2025-09-16 08:10:00,1678.28,754.13,2.31,0.0414,0.0179,0.0082,514.4,3.03,103.4,295.17,P009,EQ030
2025-09-16 08:20:00,1632.69,806.98,2.36,0.0349,0.0156,0.0072,493.0,3.0,122.76,305.22,P021,EQ037
2025-09-16 08:30:00,1660.69,784.61,2.68,0.0684,0.0156,0.0075,495.41,3.08,89.4,312.8,P020,EQ044
2025-09-16 08:40:00,1620.99,804.22,2.51,0.0627,0.0155,0.0132,440.94,2.57,85.98,266.73,P012,EQ002
2025-09-16 08:50:00,1635.28,745.18,2.61,0.04,0.0144,0.0107,433.59,2.95,108.69,317.41,P002,EQ009
2025-09-16 09:00:00,1654.44,805.4,2.62,0.051,0.0134,0.0115,583.98,3.02,100.19,287.68,P003,EQ016
2025-09-16 09:10:00,1645.72,800.94,2.57,0.0625,0.0138,0.0078,460.74,3.02,94.74,330.03,P029,EQ023
2025-09-16 09:20:00,1687.64,813.26,2.31,0.051,0.0168,0.0115,505.51,3.23,94.7,306.04,P007,EQ030
2025-09-16 09:30:00,1638.13,720.95,1.94,0.0633,0.0153,0.0094,517.17,2.9,115.89,285.88,P014,EQ037
2025-09-16 09:40:00,1641.87,784.57,2.22,0.048,0.0123,0.01,569.14,2.91,109.95,294.11,P010,EQ044
2025-09-16 09:50:00,1631.5,849.6,2.69,0.047,0.0146,0.013,467.97,3.01,99.56,324.22,P025,EQ002
2025-09-16 10:00:00,1627.05,765.83,2.69,0.0479,0.0149,0.012,509.42,2.66,82.78,316.56,P020,EQ009
2025-09-16 10:10:00,1644.08,839.5,2.56,0.0574,0.0198,0.0079,545.34,3.0,114.61,275.41,P016,EQ016
2025-09-16 10:20:00,1647.73,795.25,2.15,0.042,0.0089,0.0102,358.19,2.81,93.15,322.97,P004,EQ023
2025-09-16 10:30:00,1629.54,835.16,2.85,0.0517,0.0133,0.0129,498.25,2.78,107.93,311.8,P023,EQ030
2025-09-16 10:40:00,1645.91,802.76,2.77,0.0498,0.0181,0.0105,473.53,3.02,118.47,314.51,P018,EQ037
2025-09-16 10:50:00,1635.13,719.86,2.55,0.0505,0.0123,0.0106,447.1,3.02,91.31,310.16,P026,EQ044
2025-09-16 11:00:00,1619.66,789.35,2.34,0.0662,0.0138,0.0079,559.13,2.7,95.57,306.23,P030,EQ002
2025-09-16 11:10:00,1625.35,846.74,2.16,0.0599,0.0089,0.0114,471.56,3.06,118.35,291.9,P028,EQ009
2025-09-16 11:20:00,1705.98,762.91,1.98,0.0507,0.0102,0.0104,537.46,2.97,99.85,313.89,P019,EQ016
2025-09-16 11:30:00,1656.98,752.93,2.9,0.045,0.0178,0.0133,499.73,2.73,97.41,293.32,P006,EQ023
2025-09-16 11:40:00,1638.94,839.63,2.2,0.0648,0.019,0.0093,547.09,3.23,104.6,306.85,P009,EQ030
2025-09-16 11:50:00,1668.72,859.38,2.97,0.0511,0.0119,0.0109,416.5,2.73,87.59,293.14,P004,EQ037
2025-09-16 12:00:00,1651.56,783.84,2.26,0.0421,0.0117,0.0119,560.07,3.36,104.48,321.5,P020,EQ044
2025-09-16 12:10:00,1684.44,869.59,2.57,0.0663,0.0195,0.0106,452.01,2.85,102.35,294.93,P011,EQ002
2025-09-16 12:20:00,1655.17,771.64,2.56,0.0469,0.0151,0.0096,442.32,3.01,108.87,286.7,P021,EQ009
2025-09-16 12:30:00,1656.66,832.64,2.89,0.0441,0.012,0.0151,478.62,3.05,91.08,320.43,P023,EQ016
2025-09-16 12:40:00,1624.38,762.59,2.31,0.0509,0.0153,0.0098,480.41,2.99,117.94,311.07,P013,EQ023
2025-09-16 12:50:00,1663.18,821.22,2.33,0.0401,0.0144,0.0077,436.51,3.24,92.51,290.23,P022,EQ030
2025-09-16 13:00:00,1666.54,799.4,2.61,0.0615,0.0131,0.0104,551.56,3.06,94.17,290.78,P030,EQ037
2025-09-16 13:10:00,1602.92,885.6,2.79,0.0558,0.0108,0.0108,501.43,3.26,99.32,311.86,P025,EQ044
2025-09-16 13:20:00,1645.67,827.98,2.57,0.0407,0.0166,0.0076,470.6,2.96,100.08,294.86,P023,EQ002
2025-09-16 13:30:00,1626.52,751.83,2.18,0.0688,0.0151,0.01,459.49,2.85,104.45,288.04,P005,EQ009
2025-09-16 13:40:00,1668.47,779.41,2.57,0.0475,0.0144,0.0118,485.78,2.98,131.46,290.55,P011,EQ016
2025-09-16 13:50:00,1655.65,741.19,2.83,0.0489,0.0155,0.0109,525.31,3.0,103.46,314.74,P006,EQ023
2025-09-16 14:00:00,1652.61,801.47,2.54,0.0544,0.0167,0.0131,487.54,2.9,106.23,260.41,P021,EQ030
2025-09-16 14:10:00,1685.91,812.44,2.21,0.0687,0.0119,0.0099,527.95,2.52,101.32,293.97,P025,EQ037
2025-09-16 14:20:00,1660.63,792.99,1.97,0.045,0.0159,0.0086,454.02,3.07,109.29,302.56,P029,EQ044
2025-09-16 14:30:00,1636.72,781.93,2.44,0.0469,0.0112,0.0093,422.51,3.04,107.01,291.1,P023,EQ002
2025-09-16 14:40:00,1635.71,793.45,2.43,0.0546,0.0146,0.0127,593.88,3.21,93.12,296.29,P011,EQ009
2025-09-16 14:50:00,1624.57,782.0,2.66,0.0609,0.0122,0.0083,460.1,3.18,97.78,280.83,P028,EQ016
2025-09-16 15:00:00,1666.66,764.04,2.64,0.0646,0.0144,0.0073,455.02,3.16,123.43,307.3,P022,EQ023
2025-09-16 15:10:00,1636.59,868.57,2.33,0.0414,0.0141,0.0108,422.01,3.29,114.24,298.14,P016,EQ030
2025-09-16 15:20:00,1642.42,853.59,2.79,0.0494,0.0143,0.014,507.74,2.97,121.73,310.92,P003,EQ037
2025-09-16 15:30:00,1636.02,752.02,2.55,0.0448,0.0149,0.0081,472.45,3.31,110.08,322.84,P011,EQ044
2025-09-16 15:40:00,1673.5,819.29,2.25,0.0672,0.0135,0.012,490.16,2.99,90.97,297.16,P001,EQ002
2025-09-16 15:50:00,1641.21,821.6,2.72,0.0488,0.0208,0.0079,521.33,3.18,104.95,285.76,P020,EQ009
2025-09-16 16:00:00,1648.15,787.27,3.14,0.0778,0.0161,0.0097,461.1,2.72,84.9,279.73,P030,EQ016
2025-09-16 16:10:00,1658.75,796.07,2.86,0.0463,0.0189,0.0091,475.39,3.19,109.03,305.37,P019,EQ023
2025-09-16 16:20:00,1636.79,783.7,2.57,0.055,0.0162,0.0122,544.66,2.91,95.88,309.73,P015,EQ030
2025-09-16 16:30:00,1655.97,795.36,2.51,0.0192,0.0135,0.0101,525.81,3.07,103.1,293.13,P013,EQ037
2025-09-16 16:40:00,1637.8,806.98,1.91,0.0653,0.0106,0.0102,451.39,2.8,121.11,257.25,P017,EQ044
2025-09-16 16:50:00,1623.31,769.27,2.54,0.0793,0.0154,0.0098,485.24,2.76,100.29,312.42,P021,EQ002
2025-09-16 17:00:00,1636.98,780.62,2.83,0.0634,0.0162,0.0092,546.46,3.26,116.44,298.5,P024,EQ009
2025-09-16 17:10:00,1702.88,781.41,2.67,0.0379,0.0172,0.0084,533.4,3.15,103.39,316.96,P008,EQ016
2025-09-16 17:20:00,1644.18,784.91,2.87,0.0664,0.0169,0.0102,509.72,3.22,87.37,279.22,P017,EQ023
2025-09-16 17:30:00,1632.61,709.6,3.04,0.0524,0.0202,0.0097,513.78,3.15,92.75,302.92,P019,EQ030
2025-09-16 17:40:00,1663.02,762.48,2.71,0.0613,0.0154,0.0108,461.44,2.9,89.95,283.61,P023,EQ037
2025-09-16 17:50:00,1687.15,731.7,2.43,0.0533,0.0162,0.006,547.14,3.29,94.63,282.53,P001,EQ044
2025-09-16 18:00:00,1632.83,817.19,3.0,0.0458,0.0115,0.0121,504.24,3.11,97.07,290.37,P008,EQ002
2025-09-16 18:10:00,1662.84,728.89,2.88,0.0468,0.0161,0.0094,481.93,3.19,98.14,310.41,P001,EQ009
2025-09-16 18:20:00,1658.34,801.31,2.4,0.0436,0.0126,0.0091,521.48,3.53,102.0,307.45,P020,EQ016
2025-09-16 18:30:00,1640.28,759.41,2.52,0.0485,0.0167,0.0122,427.38,2.99,93.07,297.79,P025,EQ023
2025-09-16 18:40:00,1636.3,829.25,2.57,0.0474,0.0182,0.0079,504.58,2.8,121.41,284.61,P029,EQ030
2025-09-16 18:50:00,1643.32,791.45,2.64,0.0453,0.0109,0.0118,434.05,3.24,92.52,310.03,P004,EQ037
2025-09-16 19:00:00,1668.36,858.97,2.24,0.0504,0.017,0.0116,518.15,3.15,110.36,303.85,P010,EQ044
2025-09-16 19:10:00,1619.57,777.14,2.16,0.0503,0.0198,0.0068,459.97,2.81,89.67,312.91,P008,EQ002
2025-09-16 19:20:00,1643.28,801.46,1.97,0.0564,0.0119,0.0164,586.36,3.26,116.74,302.57,P024,EQ009
2025-09-16 19:30:00,1618.68,732.27,3.02,0.0642,0.0137,0.0093,562.69,2.76,97.6,280.67,P014,EQ016
2025-09-16 19:40:00,1654.62,718.43,2.52,0.0658,0.0178,0.0121,550.56,3.04,74.4,299.39,P025,EQ023
2025-09-16 19:50:00,1653.04,846.49,2.64,0.0411,0.0138,0.0118,551.15,2.81,115.69,290.93,P008,EQ030
2025-09-16 20:00:00,1636.6,689.24,2.19,0.0603,0.0198,0.0084,494.63,3.02,107.87,301.23,P020,EQ037
2025-09-16 20:10:00,1624.03,828.18,2.98,0.0521,0.0205,0.013,552.77,3.15,99.42,299.16,P003,EQ044
2025-09-16 20:20:00,1624.66,737.15,2.5,0.0439,0.0146,0.0121,450.58,3.06,82.74,307.42,P002,EQ002
2025-09-16 20:30:00,1660.92,761.33,2.52,0.067,0.0143,0.006,510.42,2.93,108.91,279.69,P005,EQ009
2025-09-16 20:40:00,1652.21,858.26,2.71,0.0663,0.0167,0.0099,469.63,3.24,90.63,286.07,P012,EQ016
2025-09-16 20:50:00,1633.07,896.28,2.24,0.0504,0.0163,0.01,448.64,2.96,104.36,286.91,P016,EQ023
2025-09-16 21:00:00,1658.23,787.36,2.08,0.0608,0.0165,0.0124,437.09,2.91,99.37,318.53,P010,EQ030
2025-09-16 21:10:00,1627.04,771.95,2.75,0.0477,0.0127,0.0058,559.65,3.24,96.64,286.85,P007,EQ037
2025-09-16 21:20:00,1639.2,796.75,2.54,0.0492,0.0143,0.0089,509.51,3.17,120.27,298.57,P005,EQ044
2025-09-16 21:30:00,1700.44,830.77,2.45,0.0523,0.012,0.0072,431.72,2.86,97.53,299.61,P013,EQ002
2025-09-16 21:40:00,1660.9,843.97,2.47,0.0471,0.0132,0.0102,484.33,3.14,99.69,300.01,P007,EQ009
2025-09-16 21:50:00,1631.41,772.24,2.24,0.0359,0.0121,0.0073,516.86,3.03,104.23,305.8,P021,EQ016
2025-09-16 22:00:00,1683.03,878.64,2.03,0.0466,0.0115,0.0095,495.75,2.92,93.91,288.14,P002,EQ023
2025-09-16 22:10:00,1675.39,773.58,2.0,0.0525,0.0189,0.0132,570.5,2.73,110.77,291.11,P008,EQ030
2025-09-16 22:20:00,1656.06,761.74,2.8,0.0483,0.0183,0.0114,502.26,2.83,92.04,292.01,P030,EQ037
2025-09-16 22:30:00,1648.77,707.96,2.26,0.0331,0.0146,0.0101,471.34,2.9,95.62,279.28,P024,EQ044
2025-09-16 22:40:00,1691.86,850.14,2.38,0.0533,0.0144,0.0107,445.63,2.63,114.08,277.35,P020,EQ002
2025-09-16 22:50:00,1658.74,908.7,2.52,0.0544,0.0144,0.0091,459.47,3.16,118.12,306.93,P015,EQ009
2025-09-16 23:00:00,1664.99,828.68,2.52,0.0487,0.0182,0.0108,449.02,3.09,88.91,315.47,P024,EQ016
2025-09-16 23:10:00,1637.53,841.96,3.43,0.0384,0.0158,0.0096,521.85,2.86,103.25,299.94,P029,EQ023
2025-09-16 23:20:00,1607.25,764.37,2.74,0.0485,0.0146,0.0109,519.08,2.78,105.44,315.15,P011,EQ030
2025-09-16 23:30:00,1677.69,791.41,2.67,0.0296,0.0141,0.0095,566.55,2.61,84.54,310.47,P005,EQ037
2025-09-16 23:40:00,1660.09,737.46,2.62,0.0568,0.0149,0.0064,472.84,3.25,84.51,300.69,P009,EQ044
2025-09-16 23:50:00,1643.62,817.9,2.71,0.0485,0.0174,0.0091,470.73,2.94,99.38,326.38,P011,EQ002
2025-09-17 00:00:00,1670.74,924.11,2.38,0.0487,0.012,0.0101,498.55,3.33,101.07,284.12,P021,EQ009
2025-09-17 00:10:00,1670.86,754.95,2.51,0.0333,0.0137,0.0091,466.62,2.82,88.77,297.96,P026,EQ016
2025-09-17 00:20:00,1635.83,864.63,1.96,0.0568,0.0162,0.0104,498.64,2.79,87.07,310.16,P025,EQ023
2025-09-17 00:30:00,1659.0,793.5,2.28,0.0331,0.0112,0.0111,528.84,2.76,110.27,293.34,P002,EQ030
2025-09-17 00:40:00,1683.54,773.09,2.69,0.057,0.0135,0.0083,447.26,2.87,107.35,293.14,P017,EQ037
2025-09-17 00:50:00,1662.97,825.05,2.31,0.0459,0.0156,0.0114,501.41,2.6,86.34,281.47,P026,EQ044
2025-09-17 01:00:00,1645.5,805.15,3.15,0.0598,0.0121,0.0101,473.97,2.76,95.47,283.82,P014,EQ002
2025-09-17 01:10:00,1662.17,742.06,2.71,0.0465,0.0077,0.0053,485.01,2.95,113.38,304.97,P021,EQ009
2025-09-17 01:20:00,1663.75,757.1,2.26,0.0709,0.0139,0.0137,530.61,3.15,103.9,288.04,P027,EQ016
2025-09-17 01:30:00,1690.21,719.63,2.77,0.0601,0.0159,0.0091,435.34,3.06,84.64,302.08,P010,EQ023
2025-09-17 01:40:00,1682.71,831.78,2.65,0.0608,0.014,0.0136,526.15,2.9,97.58,294.49,P025,EQ030
2025-09-17 01:50:00,1643.49,811.51,2.73,0.0491,0.0111,0.0089,464.53,2.88,105.66,313.94,P001,EQ037
2025-09-17 02:00:00,1683.9,772.71,2.46,0.0498,0.0141,0.0114,483.11,3.0,114.64,273.69,P008,EQ044
2025-09-17 02:10:00,1663.99,746.46,2.28,0.0507,0.0142,0.0073,519.36,2.81,112.67,320.04,P028,EQ002
2025-09-17 02:20:00,1647.53,728.06,2.53,0.0599,0.0147,0.0134,473.09,3.03,94.3,297.59,P024,EQ009
2025-09-17 02:30:00,1675.28,837.46,2.49,0.0372,0.0173,0.013,506.51,2.85,112.86,302.39,P011,EQ016
2025-09-17 02:40:00,1650.51,744.86,2.85,0.072,0.014,0.012,504.75,2.85,125.92,282.44,P011,EQ023
2025-09-17 02:50:00,1643.39,704.94,3.11,0.0449,0.0119,0.0112,536.75,2.93,106.27,315.52,P008,EQ030
2025-09-17 03:00:00,1664.72,841.74,2.6,0.0665,0.0151,0.0083,564.87,2.75,105.63,314.97,P007,EQ037
2025-09-17 03:10:00,1627.32,756.31,2.47,0.0614,0.0136,0.008,493.03,3.22,95.89,299.96,P018,EQ044
2025-09-17 03:20:00,1669.39,807.68,2.74,0.0361,0.0096,0.0089,564.41,2.88,102.34,315.45,P002,EQ002
2025-09-17 03:30:00,1648.16,814.9,2.17,0.0409,0.0114,0.0092,538.02,2.9,99.19,296.13,P030,EQ009
2025-09-17 03:40:00,1632.84,744.63,2.58,0.0621,0.0142,0.0119,427.85,2.92,100.51,308.16,P030,EQ016
2025-09-17 03:50:00,1657.34,799.23,2.61,0.0477,0.0158,0.01,545.34,3.43,102.55,293.46,P022,EQ023
2025-09-17 04:00:00,1648.44,834.53,2.48,0.0655,0.0065,0.0116,440.11,2.74,100.13,314.76,P008,EQ030
2025-09-17 04:10:00,1652.6,764.3,1.92,0.0483,0.0129,0.0122,476.0,2.82,91.85,286.38,P026,EQ037
2025-09-17 04:20:00,1657.56,872.62,2.89,0.0395,0.0145,0.0091,493.56,2.91,86.78,313.04,P022,EQ044
2025-09-17 04:30:00,1653.38,750.39,2.45,0.0585,0.0091,0.0095,500.15,3.15,94.59,307.83,P023,EQ002
2025-09-17 04:40:00,1607.34,789.47,2.56,0.0284,0.0167,0.0119,615.88,2.98,109.86,286.88,P024,EQ009
2025-09-17 04:50:00,1628.27,809.61,2.53,0.0623,0.0143,0.0112,509.52,2.83,117.51,310.48,P008,EQ016
2025-09-17 05:00:00,1660.65,806.66,2.38,0.0518,0.0192,0.011,559.84,2.74,94.32,307.31,P020,EQ023
2025-09-17 05:10:00,1649.67,778.58,3.01,0.0428,0.0139,0.0107,497.51,3.27,102.75,294.91,P028,EQ030
2025-09-17 05:20:00,1655.7,828.3,2.93,0.0498,0.0141,0.0088,479.95,2.87,110.39,314.76,P013,EQ037
2025-09-17 05:30:00,1636.38,782.13,2.35,0.0474,0.0108,0.0116,490.18,3.08,84.8,295.42,P017,EQ044
2025-09-17 05:40:00,1656.52,795.49,2.58,0.0557,0.0156,0.0117,505.71,2.88,91.82,278.57,P011,EQ002
2025-09-17 05:50:00,1625.11,781.53,2.35,0.0531,0.0165,0.0095,560.37,2.93,103.23,288.36,P006,EQ009
2025-09-17 06:00:00,1653.79,880.85,2.07,0.0402,0.0192,0.0102,541.36,3.06,112.57,324.55,P015,EQ016
2025-09-17 06:10:00,1640.73,797.12,2.38,0.038,0.0169,0.0083,515.66,3.14,90.64,320.36,P021,EQ023
2025-09-17 06:20:00,1648.91,764.29,2.77,0.05,0.01,0.0099,499.56,3.03,78.65,276.31,P001,EQ030
2025-09-17 06:30:00,1642.28,822.02,2.18,0.0535,0.0124,0.0081,519.43,3.08,106.29,322.09,P003,EQ037
2025-09-17 06:40:00,1642.71,886.22,2.13,0.0515,0.0148,0.0108,474.43,3.04,99.33,303.25,P028,EQ044
2025-09-17 06:50:00,1619.79,827.73,2.18,0.0386,0.0109,0.011,419.01,2.65,109.81,310.63,P016,EQ002
2025-09-17 07:00:00,1665.55,783.5,2.69,0.0307,0.0123,0.0109,432.52,2.81,104.71,318.21,P003,EQ009
2025-09-17 07:10:00,1700.34,818.71,2.89,0.0671,0.0158,0.0096,574.46,2.98,88.5,315.67,P007,EQ016
2025-09-17 07:20:00,1674.66,741.0,2.39,0.0551,0.013,0.0069,512.36,3.05,129.35,291.93,P002,EQ023
2025-09-17 07:30:00,1612.89,790.8,2.7,0.032,0.0135,0.0089,585.95,3.26,98.2,287.18,P021,EQ030
2025-09-17 07:40:00,1630.65,792.94,2.08,0.041,0.0155,0.0097,483.86,3.02,95.3,281.6,P005,EQ037
2025-09-17 07:50:00,1629.2,886.57,2.84,0.0645,0.0146,0.0101,454.37,3.12,96.06,316.66,P007,EQ044
2025-09-17 08:00:00,1594.35,789.88,2.92,0.051,0.0113,0.0118,590.27,2.98,77.44,315.71,P005,EQ002
2025-09-17 08:10:00,1644.54,900.09,3.04,0.0399,0.0219,0.0098,441.92,3.1,76.79,279.01,P003,EQ009
2025-09-17 08:20:00,1632.67,897.28,2.88,0.0401,0.0138,0.0109,535.77,3.18,86.15,292.93,P006,EQ016
2025-09-17 08:30:00,1606.85,797.17,2.28,0.0358,0.0168,0.0085,526.4,2.72,94.15,299.48,P019,EQ023
2025-09-17 08:40:00,1658.99,746.67,2.58,0.0369,0.0118,0.0114,444.1,3.05,107.39,289.41,P018,EQ030
2025-09-17 08:50:00,1650.75,780.67,2.98,0.0658,0.0209,0.0113,469.5,2.77,108.54,317.96,P027,EQ037
2025-09-17 09:00:00,1657.38,904.6,2.52,0.0444,0.0198,0.0106,527.06,3.19,100.33,298.65,P026,EQ044
2025-09-17 09:10:00,1657.28,793.06,2.53,0.0385,0.015,0.0094,446.72,2.91,100.56,324.13,P030,EQ002
2025-09-17 09:20:00,1629.74,827.04,2.79,0.0544,0.0164,0.0136,656.57,2.96,100.67,320.96,P007,EQ009
2025-09-17 09:30:00,1647.8,769.67,2.26,0.0736,0.0169,0.0107,433.42,2.92,91.8,304.66,P008,EQ016
2025-09-17 09:40:00,1692.0,800.57,3.18,0.052,0.017,0.0135,507.43,2.59,104.53,301.61,P017,EQ023
2025-09-17 09:50:00,1615.68,840.76,2.35,0.0503,0.0217,0.0123,437.85,2.94,85.27,291.82,P003,EQ030
2025-09-17 10:00:00,1654.71,788.57,2.81,0.0659,0.014,0.0123,544.69,3.08,97.74,309.29,P014,EQ037
2025-09-17 10:10:00,1647.87,847.7,2.3,0.0415,0.0198,0.01,461.5,2.93,87.32,295.61,P024,EQ044
2025-09-17 10:20:00,1662.27,832.77,1.92,0.0492,0.0133,0.0057,452.15,3.01,93.81,326.64,P015,EQ002
2025-09-17 10:30:00,1619.03,741.04,1.89,0.0546,0.0223,0.0117,542.46,3.24,86.6,304.72,P010,EQ009
2025-09-17 10:40:00,1622.47,806.9,2.33,0.055,0.02,0.0131,474.68,2.75,91.54,327.34,P006,EQ016
2025-09-17 10:50:00,1674.88,812.15,2.76,0.0444,0.0201,0.0112,512.29,3.04,110.93,251.88,P024,EQ023
2025-09-17 11:00:00,1638.92,821.36,2.59,0.0549,0.0181,0.0096,533.49,2.88,105.14,277.71,P007,EQ030
2025-09-17 11:10:00,1648.98,845.78,2.72,0.0621,0.014,0.0092,486.1,3.4,96.19,308.32,P008,EQ037
2025-09-17 11:20:00,1629.48,751.92,2.09,0.0547,0.0144,0.009,539.82,3.03,105.58,298.56,P014,EQ044
2025-09-17 11:30:00,1659.65,781.65,2.9,0.047,0.0159,0.0089,464.23,2.71,95.52,286.93,P006,EQ002
2025-09-17 11:40:00,1624.92,839.55,2.81,0.0505,0.0199,0.0131,463.01,3.1,109.25,293.96,P020,EQ009
2025-09-17 11:50:00,1665.27,825.83,2.69,0.0462,0.0125,0.0119,519.93,2.76,123.65,312.99,P008,EQ016
2025-09-17 12:00:00,1647.0,785.62,2.44,0.0514,0.011,0.0114,504.2,2.77,104.18,279.51,P010,EQ023
2025-09-17 12:10:00,1658.16,849.5,3.02,0.0544,0.0144,0.0061,391.92,2.89,108.68,291.08,P010,EQ030
2025-09-17 12:20:00,1650.75,868.49,2.78,0.0429,0.0197,0.0137,502.58,3.27,101.57,299.25,P019,EQ037
2025-09-17 12:30:00,1636.18,727.42,2.13,0.05,0.018,0.0136,419.08,2.83,100.37,301.64,P015,EQ044
2025-09-17 12:40:00,1635.25,741.73,2.71,0.0557,0.0142,0.0103,492.89,3.23,105.35,305.96,P021,EQ002
2025-09-17 12:50:00,1620.85,813.07,2.7,0.0509,0.0089,0.0098,482.7,3.01,101.28,304.54,P007,EQ009
2025-09-17 13:00:00,1643.21,683.12,2.77,0.0466,0.0142,0.0092,384.88,2.87,80.81,284.43,P009,EQ016
2025-09-17 13:10:00,1666.6,815.53,2.66,0.0626,0.0148,0.0114,454.65,3.23,104.89,293.09,P028,EQ023
2025-09-17 13:20:00,1658.99,864.75,2.42,0.0437,0.0142,0.0093,519.72,3.15,101.55,292.06,P026,EQ030
2025-09-17 13:30:00,1621.69,793.15,2.63,0.0647,0.0158,0.0128,501.91,3.11,89.54,300.86,P016,EQ037
2025-09-17 13:40:00,1613.07,749.51,2.7,0.0365,0.0106,0.0103,468.04,3.41,101.05,298.29,P003,EQ044
2025-09-17 13:50:00,1633.88,755.51,2.55,0.0517,0.0147,0.0056,498.52,2.97,98.25,281.0,P012,EQ002
2025-09-17 14:00:00,1632.89,823.8,2.23,0.0484,0.017,0.0099,478.91,2.9,100.72,322.56,P013,EQ009
2025-09-17 14:10:00,1633.73,810.45,2.0,0.0548,0.0135,0.0079,514.55,2.98,109.22,340.64,P013,EQ016
2025-09-17 14:20:00,1659.11,774.98,2.61,0.0652,0.0136,0.0119,486.41,3.13,122.19,290.82,P006,EQ023
2025-09-17 14:30:00,1689.07,868.66,2.59,0.0404,0.0165,0.0069,508.87,2.75,106.61,292.64,P016,EQ030
2025-09-17 14:40:00,1670.31,744.08,1.79,0.0575,0.0098,0.0121,442.75,3.31,107.86,300.95,P015,EQ037
2025-09-17 14:50:00,1628.71,726.57,2.51,0.0492,0.0129,0.0105,545.1,2.91,96.07,294.68,P014,EQ044
2025-09-17 15:00:00,1657.63,781.01,2.43,0.0497,0.016,0.0116,566.28,3.02,95.89,300.42,P017,EQ002
2025-09-17 15:10:00,1651.36,797.37,2.59,0.0568,0.0118,0.0077,565.05,2.97,102.6,285.02,P020,EQ009
2025-09-17 15:20:00,1615.87,848.32,1.87,0.0421,0.0134,0.0088,495.85,2.73,94.42,283.75,P024,EQ016
2025-09-17 15:30:00,1681.69,851.29,3.06,0.058,0.0167,0.0103,426.97,2.81,98.4,308.95,P014,EQ023
2025-09-17 15:40:00,1656.9,829.89,2.45,0.0565,0.0186,0.0125,526.11,2.9,103.46,301.24,P025,EQ030
2025-09-17 15:50:00,1680.85,825.23,2.64,0.0577,0.0157,0.01,522.93,3.1,109.08,300.15,P005,EQ037
2025-09-17 16:00:00,1621.33,798.35,2.57,0.0504,0.0133,0.0103,576.45,3.04,95.43,313.33,P027,EQ044
2025-09-17 16:10:00,1655.68,858.14,2.21,0.0544,0.0179,0.0131,509.31,2.85,91.98,297.96,P026,EQ002
2025-09-17 16:20:00,1654.65,896.94,2.72,0.0503,0.0131,0.0117,548.48,2.93,116.25,302.2,P016,EQ009
2025-09-17 16:30:00,1673.15,795.74,2.56,0.027,0.0132,0.0087,463.89,3.04,90.82,305.46,P001,EQ016
2025-09-17 16:40:00,1665.29,793.95,2.29,0.0478,0.0129,0.0092,525.3,2.9,82.71,300.17,P025,EQ023
2025-09-17 16:50:00,1637.14,771.32,2.56,0.0427,0.0154,0.0096,505.92,3.24,87.37,303.41,P013,EQ030
2025-09-17 17:00:00,1664.49,858.52,2.53,0.0674,0.0144,0.0078,433.85,2.98,112.73,283.73,P014,EQ037
2025-09-17 17:10:00,1634.13,790.95,2.62,0.0351,0.0099,0.0093,535.42,2.87,94.52,284.32,P028,EQ044
2025-09-17 17:20:00,1660.25,857.28,2.44,0.0532,0.0151,0.0094,495.0,3.08,98.65,318.96,P003,EQ002
2025-09-17 17:30:00,1660.97,761.57,3.04,0.0619,0.0115,0.0132,491.8,3.45,103.02,291.44,P025,EQ009
2025-09-17 17:40:00,1673.73,700.64,2.45,0.0498,0.0113,0.0079,490.64,2.75,108.47,286.02,P030,EQ016
2025-09-17 17:50:00,1643.5,886.79,2.36,0.0418,0.0148,0.0111,516.14,2.8,97.06,298.85,P030,EQ023
2025-09-17 18:00:00,1643.23,808.55,2.34,0.0583,0.0118,0.0051,517.77,2.91,95.77,285.34,P010,EQ030
2025-09-17 18:10:00,1658.57,848.38,2.4,0.0538,0.0128,0.0075,563.19,3.26,101.93,321.82,P020,EQ037
2025-09-17 18:20:00,1682.31,689.97,2.66,0.056,0.0141,0.0084,568.12,2.87,79.49,306.44,P018,EQ044
2025-09-17 18:30:00,1636.19,781.28,2.67,0.0443,0.0167,0.0108,502.49,3.07,97.77,288.12,P005,EQ002
2025-09-17 18:40:00,1641.78,878.71,2.98,0.0503,0.0147,0.01,495.43,2.7,95.65,305.7,P018,EQ009
2025-09-17 18:50:00,1605.44,794.92,2.95,0.0554,0.0193,0.0082,541.28,3.13,99.05,304.74,P024,EQ016
2025-09-17 19:00:00,1653.02,713.78,2.67,0.0574,0.0151,0.008,449.21,2.81,98.21,299.83,P006,EQ023
2025-09-17 19:10:00,1653.65,738.76,2.58,0.0462,0.0113,0.0096,460.72,2.88,108.28,294.97,P009,EQ030
2025-09-17 19:20:00,1656.72,808.39,2.42,0.0656,0.0189,0.0094,517.43,3.0,100.41,293.81,P013,EQ037
2025-09-17 19:30:00,1652.88,769.22,2.46,0.0387,0.0178,0.0129,489.26,3.1,109.11,307.23,P015,EQ044
2025-09-17 19:40:00,1613.48,833.92,2.65,0.0705,0.012,0.0089,450.22,3.09,96.55,280.8,P010,EQ002
2025-09-17 19:50:00,1639.85,741.5,2.56,0.0626,0.017,0.0074,460.9,3.22,95.46,302.47,P015,EQ009
2025-09-17 20:00:00,1653.23,781.16,1.85,0.047,0.0142,0.0085,475.6,2.99,99.78,297.15,P010,EQ016
2025-09-17 20:10:00,1637.19,814.22,2.11,0.0361,0.0148,0.0122,478.0,2.67,93.54,303.64,P013,EQ023
2025-09-17 20:20:00,1666.74,728.49,2.74,0.0566,0.0127,0.0125,462.26,2.87,114.67,306.75,P018,EQ030
2025-09-17 20:30:00,1670.73,857.59,2.37,0.0455,0.0142,0.009,505.64,2.96,88.51,345.66,P020,EQ037
2025-09-17 20:40:00,1667.58,796.66,2.36,0.0457,0.0157,0.0093,502.23,3.35,97.49,319.95,P016,EQ044
2025-09-17 20:50:00,1646.55,720.06,2.53,0.0684,0.014,0.013,497.47,3.08,96.63,306.83,P003,EQ002
2025-09-17 21:00:00,1659.04,768.97,2.58,0.0339,0.0144,0.0091,506.76,3.14,108.41,294.4,P011,EQ009
2025-09-17 21:10:00,1692.74,839.69,2.17,0.0601,0.0182,0.0084,545.85,2.97,107.07,304.2,P005,EQ016
2025-09-17 21:20:00,1653.06,753.4,2.09,0.0889,0.0158,0.0071,599.31,3.46,105.02,318.26,P023,EQ023
2025-09-17 21:30:00,1658.67,830.79,2.89,0.0267,0.0182,0.0097,452.49,3.11,91.28,282.68,P016,EQ030
2025-09-17 21:40:00,1644.08,893.32,2.37,0.0534,0.0117,0.0117,404.98,3.02,116.68,307.53,P007,EQ037
2025-09-17 21:50:00,1658.35,822.7,2.52,0.0538,0.0108,0.0107,432.46,2.84,102.19,274.76,P005,EQ044
2025-09-17 22:00:00,1649.21,673.9,2.58,0.0521,0.0134,0.0112,531.8,2.85,96.77,295.38,P030,EQ002
2025-09-17 22:10:00,1650.67,702.57,1.93,0.0522,0.0116,0.009,524.31,2.94,102.26,278.74,P007,EQ009
2025-09-17 22:20:00,1638.22,785.0,2.65,0.0533,0.0195,0.012,527.75,2.75,88.72,301.08,P001,EQ016
2025-09-17 22:30:00,1629.45,792.55,2.76,0.0693,0.0196,0.0095,543.11,3.11,88.93,308.76,P001,EQ023
2025-09-17 22:40:00,1602.32,888.22,2.17,0.0597,0.0135,0.0087,470.67,3.23,116.58,300.82,P028,EQ030
2025-09-17 22:50:00,1660.71,787.53,2.33,0.058,0.0168,0.0074,483.65,2.64,89.88,288.27,P017,EQ037
2025-09-17 23:00:00,1658.08,742.1,2.83,0.0471,0.0195,0.0116,513.39,2.88,98.08,289.45,P024,EQ044
2025-09-17 23:10:00,1651.65,767.7,2.67,0.055,0.0184,0.0121,477.59,2.79,115.13,307.69,P024,EQ002
2025-09-17 23:20:00,1646.15,841.95,2.77,0.0418,0.0207,0.0081,434.17,2.87,104.27,289.69,P012,EQ009
2025-09-17 23:30:00,1625.93,767.6,2.69,0.0539,0.0147,0.0086,432.32,3.04,77.83,322.72,P016,EQ016
2025-09-17 23:40:00,1649.45,802.34,2.27,0.0433,0.018,0.0107,498.88,3.02,100.61,303.57,P013,EQ023
2025-09-17 23:50:00,1650.6,742.74,2.08,0.0571,0.0216,0.0127,438.97,3.22,97.68,302.82,P030,EQ030
2025-09-18 00:00:00,1644.55,862.42,2.7,0.0792,0.0139,0.0136,426.47,2.99,106.71,308.0,P014,EQ037
2025-09-18 00:10:00,1635.18,922.01,2.52,0.0669,0.0202,0.0084,470.86,3.26,96.63,274.56,P013,EQ044
2025-09-18 00:20:00,1643.35,822.46,2.53,0.0567,0.014,0.0098,549.3,2.72,86.14,300.61,P024,EQ002
2025-09-18 00:30:00,1643.96,798.81,2.62,0.0445,0.0127,0.0059,534.78,3.01,123.95,300.6,P012,EQ009
2025-09-18 00:40:00,1625.25,732.15,2.3,0.0589,0.0131,0.0109,471.42,2.79,95.11,299.72,P013,EQ016
2025-09-18 00:50:00,1635.58,743.14,1.98,0.0521,0.0171,0.0099,514.42,3.08,97.32,297.08,P016,EQ023
2025-09-18 01:00:00,1642.79,782.82,2.21,0.0426,0.018,0.0123,403.01,2.86,80.66,285.46,P010,EQ030
2025-09-18 01:10:00,1687.89,786.24,2.42,0.0637,0.0107,0.0075,509.31,3.19,121.31,294.27,P021,EQ037
2025-09-18 01:20:00,1627.43,757.92,2.37,0.0523,0.0144,0.0096,548.1,2.85,109.67,321.4,P019,EQ044
2025-09-18 01:30:00,1673.26,877.58,2.06,0.0449,0.0162,0.0118,457.11,3.05,94.6,300.16,P003,EQ002
2025-09-18 01:40:00,1643.58,757.94,2.79,0.0605,0.0161,0.0101,393.35,2.88,105.71,286.18,P014,EQ009
2025-09-18 01:50:00,1676.53,819.86,2.17,0.0632,0.0159,0.0077,419.63,3.03,109.59,287.78,P029,EQ016
2025-09-18 02:00:00,1654.45,744.63,2.52,0.0513,0.0111,0.0074,432.05,3.0,115.13,324.5,P002,EQ023
2025-09-18 02:10:00,1633.63,833.07,2.69,0.0566,0.0113,0.0099,461.74,3.15,82.78,299.78,P030,EQ030
2025-09-18 02:20:00,1653.93,665.23,2.02,0.0615,0.013,0.0084,571.18,3.12,99.6,266.46,P004,EQ037
2025-09-18 02:30:00,1664.0,801.81,2.92,0.0574,0.0147,0.0106,517.83,3.25,109.34,300.22,P013,EQ044
2025-09-18 02:40:00,1655.26,844.78,2.54,0.0493,0.0126,0.0119,477.64,3.09,96.63,287.81,P030,EQ002
2025-09-18 02:50:00,1662.97,773.82,2.61,0.0582,0.0211,0.0119,649.76,2.63,88.68,306.54,P019,EQ009
2025-09-18 03:00:00,1659.92,923.85,2.59,0.0405,0.018,0.0114,531.79,2.98,90.46,317.52,P006,EQ016
2025-09-18 03:10:00,1640.02,798.2,2.38,0.0372,0.0133,0.0068,470.66,2.85,98.88,324.08,P007,EQ023
2025-09-18 03:20:00,1651.76,733.08,2.51,0.0394,0.0147,0.0132,445.25,3.41,116.29,303.29,P025,EQ030
2025-09-18 03:30:00,1636.72,728.61,3.13,0.0597,0.0197,0.0083,490.7,2.75,84.36,298.58,P014,EQ037
2025-09-18 03:40:00,1633.44,797.67,2.45,0.0421,0.0213,0.0096,448.95,3.24,104.01,288.51,P009,EQ044
2025-09-18 03:50:00,1660.93,861.01,2.38,0.0457,0.0167,0.0117,475.95,2.94,100.62,289.41,P025,EQ002
2025-09-18 04:00:00,1646.85,693.78,2.38,0.0457,0.0182,0.0097,438.44,2.94,97.41,305.62,P030,EQ009
2025-09-18 04:10:00,1680.06,820.77,2.57,0.0633,0.0167,0.0106,519.25,2.83,101.71,298.06,P025,EQ016
2025-09-18 04:20:00,1651.42,759.02,2.83,0.036,0.0133,0.0099,503.11,2.64,120.48,303.55,P024,EQ023
2025-09-18 04:30:00,1632.17,760.97,1.92,0.0427,0.018,0.0062,524.67,3.37,93.78,292.71,P012,EQ030
2025-09-18 04:40:00,1637.12,761.19,2.23,0.0475,0.0179,0.0122,551.89,3.32,103.5,280.76,P017,EQ037
2025-09-18 04:50:00,1676.07,853.55,3.05,0.0454,0.0164,0.0085,522.74,2.64,117.03,291.18,P023,EQ044
2025-09-18 05:00:00,1618.01,852.72,2.33,0.0513,0.0161,0.0101,447.01,3.09,83.6,290.75,P016,EQ002
2025-09-18 05:10:00,1639.08,780.19,2.57,0.0566,0.0156,0.0092,525.05,2.92,123.82,279.53,P021,EQ009
2025-09-18 05:20:00,1618.83,815.81,2.53,0.0457,0.0126,0.0097,434.2,3.01,105.67,300.91,P023,EQ016
2025-09-18 05:30:00,1681.37,857.57,2.4,0.0626,0.0221,0.0119,475.92,3.15,88.11,298.21,P012,EQ023
2025-09-18 05:40:00,1639.99,849.87,3.36,0.0457,0.0167,0.0102,546.2,2.53,82.05,308.24,P023,EQ030
2025-09-18 05:50:00,1666.73,780.63,3.01,0.0546,0.0137,0.009,463.54,2.69,126.82,300.04,P002,EQ037
2025-09-18 06:00:00,1603.45,866.34,2.74,0.037,0.0123,0.0095,573.04,3.12,112.84,291.64,P021,EQ044
2025-09-18 06:10:00,1647.54,767.36,2.84,0.0552,0.0109,0.0136,523.87,3.05,125.24,265.93,P013,EQ002
2025-09-18 06:20:00,1648.99,708.42,2.44,0.0586,0.0136,0.0098,526.66,2.72,108.43,324.22,P030,EQ009
2025-09-18 06:30:00,1652.97,792.48,2.72,0.0279,0.0167,0.0105,495.01,3.04,96.71,296.43,P014,EQ016
2025-09-18 06:40:00,1604.8,812.58,2.41,0.0375,0.0227,0.0107,424.06,3.07,131.26,303.38,P024,EQ023
2025-09-18 06:50:00,1657.17,840.32,2.55,0.0474,0.0201,0.0086,489.98,3.07,92.91,275.14,P008,EQ030
2025-09-18 07:00:00,1646.62,789.12,2.35,0.0463,0.018,0.0071,518.66,3.41,95.63,279.55,P008,EQ037
2025-09-18 07:10:00,1627.76,805.32,2.44,0.0361,0.0141,0.0103,456.26,3.21,104.15,295.22,P016,EQ044
2025-09-18 07:20:00,1660.64,893.08,2.66,0.0308,0.015,0.0108,566.93,3.18,94.61,315.8,P002,EQ002
2025-09-18 07:30:00,1674.1,893.41,2.9,0.058,0.0098,0.0092,595.32,3.32,93.83,279.18,P030,EQ009
2025-09-18 07:40:00,1649.11,818.99,2.26,0.0435,0.0151,0.0103,493.2,3.37,93.37,282.12,P027,EQ016
2025-09-18 07:50:00,1635.85,795.33,2.46,0.0527,0.0207,0.0061,449.86,2.8,100.37,311.2,P012,EQ023
2025-09-18 08:00:00,1617.7,736.82,2.59,0.0464,0.0148,0.0081,483.87,3.15,90.05,296.17,P021,EQ030
2025-09-18 08:10:00,1678.09,825.18,2.65,0.0344,0.0123,0.0101,585.45,2.86,105.44,303.2,P023,EQ037
2025-09-18 08:20:00,1686.85,836.98,2.34,0.0463,0.0197,0.0099,502.49,2.96,109.88,304.84,P022,EQ044
2025-09-18 08:30:00,1615.77,774.02,2.71,0.0506,0.0163,0.0078,484.6,3.1,105.8,307.34,P001,EQ002
2025-09-18 08:40:00,1632.89,808.61,2.79,0.0291,0.0188,0.0071,523.34,2.94,80.46,328.75,P023,EQ009
2025-09-18 08:50:00,1652.9,828.15,2.73,0.057,0.0176,0.0101,503.12,2.7,86.34,321.27,P022,EQ016
2025-09-18 09:00:00,1655.68,806.23,2.11,0.0445,0.011,0.0074,475.59,2.92,107.69,253.41,P021,EQ023
2025-09-18 09:10:00,1643.02,866.63,2.5,0.0482,0.0175,0.0102,486.06,3.05,96.56,306.29,P005,EQ030
2025-09-18 09:20:00,1659.19,782.58,2.68,0.0419,0.0185,0.0088,464.2,3.18,107.23,276.03,P009,EQ037
2025-09-18 09:30:00,1640.1,869.46,2.47,0.0425,0.0147,0.0126,461.18,3.07,108.02,286.17,P020,EQ044
2025-09-18 09:40:00,1663.41,740.24,2.36,0.0639,0.012,0.01,482.41,3.03,103.34,294.86,P015,EQ002
2025-09-18 09:50:00,1611.49,782.84,2.9,0.0362,0.0112,0.011,504.98,2.73,110.33,301.24,P022,EQ009
2025-09-18 10:00:00,1639.05,791.03,2.69,0.0513,0.0128,0.0115,403.23,3.09,97.98,306.77,P005,EQ016
2025-09-18 10:10:00,1659.6,777.39,2.0,0.0345,0.0116,0.0077,472.45,3.33,101.98,297.93,P009,EQ023
2025-09-18 10:20:00,1633.81,817.68,1.54,0.059,0.0136,0.0099,480.41,3.18,100.69,318.54,P008,EQ030
2025-09-18 10:30:00,1603.03,825.24,2.92,0.0447,0.012,0.0065,576.68,3.34,88.27,299.99,P020,EQ037
2025-09-18 10:40:00,1646.67,828.18,2.78,0.0648,0.0202,0.0098,496.25,2.64,104.72,300.54,P019,EQ044
2025-09-18 10:50:00,1629.71,904.3,2.57,0.0548,0.0114,0.0076,572.43,3.32,99.59,306.88,P022,EQ002
2025-09-18 11:00:00,1622.93,758.06,2.33,0.0606,0.0172,0.0138,553.96,3.1,98.71,301.22,P027,EQ009
2025-09-18 11:10:00,1681.31,812.64,2.68,0.0551,0.0169,0.0104,624.13,2.74,100.12,309.88,P006,EQ016
2025-09-18 11:20:00,1646.04,809.14,2.65,0.0354,0.018,0.0127,485.66,2.88,117.19,312.35,P001,EQ023
2025-09-18 11:30:00,1651.55,748.55,2.7,0.0421,0.016,0.0113,527.06,2.85,104.91,308.11,P004,EQ030
2025-09-18 11:40:00,1658.89,803.69,2.41,0.0528,0.0157,0.0102,508.69,2.87,87.81,307.53,P025,EQ037
2025-09-18 11:50:00,1650.78,770.78,2.67,0.0721,0.0178,0.0101,501.79,2.81,117.14,312.65,P003,EQ044
2025-09-18 12:00:00,1635.38,740.61,2.61,0.0732,0.0171,0.0134,581.8,3.16,104.66,294.41,P021,EQ002
2025-09-18 12:10:00,1651.67,795.88,3.04,0.0465,0.0138,0.0097,488.14,3.01,86.42,289.56,P023,EQ009
2025-09-18 12:20:00,1658.93,853.33,2.18,0.036,0.0124,0.0105,455.3,3.0,92.84,288.02,P030,EQ016
2025-09-18 12:30:00,1641.84,815.47,2.79,0.0553,0.0139,0.0068,538.61,2.99,114.83,318.02,P013,EQ023
2025-09-18 12:40:00,1639.54,831.63,3.05,0.0438,0.0196,0.0071,432.44,3.45,94.85,294.38,P013,EQ030
2025-09-18 12:50:00,1657.32,792.72,2.73,0.0599,0.0184,0.0092,522.23,3.01,106.4,320.73,P023,EQ037
2025-09-18 13:00:00,1640.48,832.02,2.45,0.0608,0.0157,0.0111,492.31,3.36,112.41,315.03,P019,EQ044
2025-09-18 13:10:00,1640.55,866.15,2.32,0.0471,0.0181,0.0105,495.63,2.89,89.98,337.22,P029,EQ002
2025-09-18 13:20:00,1648.36,853.01,2.27,0.066,0.0167,0.0105,557.51,3.08,103.91,311.77,P003,EQ009
2025-09-18 13:30:00,1665.21,854.53,2.13,0.054,0.0185,0.0125,504.35,3.05,87.0,271.46,P017,EQ016
2025-09-18 13:40:00,1641.74,785.18,2.59,0.0649,0.0194,0.0066,578.71,3.18,103.08,292.58,P030,EQ023
2025-09-18 13:50:00,1638.57,651.1,2.81,0.0574,0.0155,0.0082,594.65,3.22,80.47,292.22,P007,EQ030
2025-09-18 14:00:00,1633.84,692.08,2.58,0.0542,0.014,0.0112,566.01,3.16,102.88,320.51,P029,EQ037
2025-09-18 14:10:00,1647.27,809.3,2.34,0.0702,0.0108,0.0073,487.1,2.61,115.59,315.56,P014,EQ044
2025-09-18 14:20:00,1640.17,826.36,2.15,0.0582,0.0109,0.0111,376.14,2.94,108.78,310.37,P006,EQ002
2025-09-18 14:30:00,1673.97,853.48,2.68,0.0438,0.0123,0.0088,559.52,3.39,99.61,329.81,P027,EQ009
2025-09-18 14:40:00,1636.52,827.79,2.24,0.0445,0.0081,0.0104,508.65,2.7,103.92,286.06,P014,EQ016
2025-09-18 14:50:00,1632.31,767.77,2.46,0.0443,0.0107,0.0076,565.72,3.09,103.72,305.21,P009,EQ023
2025-09-18 15:00:00,1655.35,815.77,3.09,0.0358,0.0125,0.0101,473.78,3.41,85.91,293.98,P023,EQ030
2025-09-18 15:10:00,1654.59,765.7,2.47,0.053,0.0182,0.0124,495.79,3.0,121.36,309.64,P010,EQ037
2025-09-18 15:20:00,1628.92,777.16,2.9,0.0456,0.0131,0.0107,518.68,3.07,90.35,333.14,P017,EQ044
2025-09-18 15:30:00,1682.9,754.02,2.36,0.0515,0.0097,0.0127,407.72,3.16,103.51,298.23,P018,EQ002
2025-09-18 15:40:00,1599.74,888.42,2.72,0.0525,0.013,0.0121,464.6,2.7,85.6,296.78,P022,EQ009
2025-09-18 15:50:00,1658.13,712.46,2.48,0.0554,0.0115,0.0136,491.28,2.67,91.72,299.13,P029,EQ016
2025-09-18 16:00:00,1635.64,846.87,1.66,0.0391,0.0146,0.0109,409.97,3.21,89.64,300.64,P013,EQ023
2025-09-18 16:10:00,1670.54,782.57,3.22,0.0457,0.014,0.011,511.52,2.93,87.83,303.94,P019,EQ030
2025-09-18 16:20:00,1652.94,830.88,2.76,0.0546,0.0136,0.0098,459.03,3.1,105.72,287.78,P010,EQ037
2025-09-18 16:30:00,1634.61,923.11,2.23,0.0484,0.0149,0.0073,515.78,2.96,96.48,321.17,P024,EQ044
2025-09-18 16:40:00,1608.38,902.02,2.5,0.0373,0.0107,0.0112,470.03,3.35,103.87,312.92,P014,EQ002
2025-09-18 16:50:00,1666.24,893.49,2.47,0.0488,0.0166,0.0101,529.84,3.07,109.33,330.74,P025,EQ009
2025-09-18 17:00:00,1660.76,764.5,2.79,0.0465,0.0136,0.01,494.95,2.98,75.27,288.31,P029,EQ016
2025-09-18 17:10:00,1646.81,744.46,2.58,0.0541,0.0133,0.0087,522.7,3.08,101.09,285.54,P030,EQ023
2025-09-18 17:20:00,1663.65,834.34,2.35,0.0446,0.0129,0.0047,522.1,3.01,109.95,283.14,P024,EQ030
2025-09-18 17:30:00,1655.16,748.17,1.96,0.0352,0.0116,0.0081,459.9,3.03,104.6,282.64,P028,EQ037
2025-09-18 17:40:00,1665.55,869.45,2.57,0.069,0.0164,0.0115,461.95,2.98,92.53,311.4,P003,EQ044
2025-09-18 17:50:00,1654.44,767.08,2.32,0.0396,0.0125,0.0114,483.4,2.96,99.79,279.4,P004,EQ002
2025-09-18 18:00:00,1660.25,764.67,2.44,0.0542,0.0158,0.008,471.51,2.66,94.62,320.06,P021,EQ009
2025-09-18 18:10:00,1658.45,786.84,2.33,0.0438,0.0148,0.0111,537.63,2.96,82.93,325.83,P019,EQ016
2025-09-18 18:20:00,1638.33,783.69,2.57,0.0412,0.0207,0.0125,424.43,2.91,106.61,326.14,P025,EQ023
2025-09-18 18:30:00,1668.8,752.55,2.52,0.048,0.0148,0.0084,371.9,3.16,76.82,306.89,P026,EQ030
2025-09-18 18:40:00,1652.51,809.14,2.74,0.0416,0.0074,0.0114,455.34,3.59,114.38,292.74,P012,EQ037
2025-09-18 18:50:00,1662.36,691.07,2.83,0.0538,0.0078,0.0087,502.13,3.1,112.08,297.38,P027,EQ044
2025-09-18 19:00:00,1632.55,814.17,2.46,0.0594,0.0175,0.009,558.31,2.83,90.76,263.2,P005,EQ002
2025-09-18 19:10:00,1668.51,838.72,1.99,0.0473,0.017,0.0076,499.2,3.26,96.83,293.53,P009,EQ009
2025-09-18 19:20:00,1644.96,689.58,2.41,0.046,0.016,0.0082,566.59,2.77,100.19,311.3,P024,EQ016
2025-09-18 19:30:00,1685.04,870.0,2.12,0.0522,0.0133,0.0098,607.98,2.94,103.86,296.2,P007,EQ023
2025-09-18 19:40:00,1609.12,821.38,2.43,0.0477,0.0171,0.0055,546.99,2.88,94.66,281.36,P030,EQ030
2025-09-18 19:50:00,1651.24,835.77,2.54,0.0363,0.0166,0.0071,489.16,2.55,111.16,286.58,P024,EQ037
2025-09-18 20:00:00,1661.43,779.9,2.5,0.0564,0.0116,0.0121,540.64,3.06,97.88,304.98,P013,EQ044
2025-09-18 20:10:00,1675.6,816.55,2.38,0.0531,0.0186,0.0094,520.92,2.86,96.73,316.82,P023,EQ002
2025-09-18 20:20:00,1658.81,744.73,2.2,0.0348,0.0172,0.0103,542.79,2.88,111.51,301.67,P010,EQ009
2025-09-18 20:30:00,1635.16,809.49,2.05,0.0333,0.0158,0.0079,471.05,3.16,99.13,325.17,P001,EQ016
2025-09-18 20:40:00,1643.71,759.62,2.29,0.0611,0.0151,0.0125,435.26,2.99,95.49,317.61,P006,EQ023
2025-09-18 20:50:00,1662.48,800.98,2.91,0.0513,0.0124,0.0109,523.61,3.3,85.21,300.32,P027,EQ030
2025-09-18 21:00:00,1639.47,736.0,2.35,0.0479,0.0134,0.008,524.26,3.1,95.42,320.9,P016,EQ037
2025-09-18 21:10:00,1659.06,782.22,2.41,0.0423,0.0188,0.0086,463.48,3.03,94.62,312.61,P001,EQ044
2025-09-18 21:20:00,1634.27,766.1,2.3,0.0567,0.016,0.0097,485.41,2.93,92.94,289.86,P004,EQ002
2025-09-18 21:30:00,1652.91,764.53,2.71,0.0572,0.0162,0.0097,567.53,2.93,99.09,306.9,P003,EQ009
2025-09-18 21:40:00,1658.34,819.69,2.55,0.0411,0.0162,0.0116,491.52,3.09,96.0,308.33,P025,EQ016
2025-09-18 21:50:00,1639.95,866.28,2.12,0.0351,0.0139,0.0094,439.57,2.96,96.36,307.42,P023,EQ023
2025-09-18 22:00:00,1650.2,796.64,2.17,0.0387,0.0118,0.0082,486.71,3.04,87.01,301.77,P014,EQ030
2025-09-18 22:10:00,1648.28,885.3,2.61,0.0667,0.0164,0.01,468.52,3.01,103.34,317.22,P017,EQ037
2025-09-18 22:20:00,1668.24,809.2,2.69,0.0555,0.0154,0.0082,450.38,3.06,104.8,298.63,P014,EQ044
2025-09-18 22:30:00,1650.28,817.67,2.51,0.0507,0.0105,0.0102,459.15,2.94,94.65,280.48,P021,EQ002
2025-09-18 22:40:00,1636.48,869.4,2.53,0.0535,0.0148,0.012,499.89,3.31,105.33,290.55,P010,EQ009
2025-09-18 22:50:00,1664.89,796.34,1.92,0.0439,0.0186,0.0111,421.76,2.94,105.6,286.8,P024,EQ016
2025-09-18 23:00:00,1695.63,837.29,2.23,0.0232,0.0147,0.0119,540.88,2.57,102.08,297.37,P014,EQ023
2025-09-18 23:10:00,1642.49,826.03,2.31,0.0473,0.0113,0.0108,464.18,2.99,104.32,286.05,P006,EQ030
2025-09-18 23:20:00,1693.4,900.25,2.18,0.0424,0.0198,0.0095,493.97,2.93,91.18,302.71,P006,EQ037
2025-09-18 23:30:00,1641.68,792.4,2.46,0.0551,0.0145,0.0086,542.55,2.6,95.62,288.72,P012,EQ044
2025-09-18 23:40:00,1663.34,810.58,2.38,0.0455,0.0201,0.0069,544.44,2.7,96.5,314.13,P006,EQ002
2025-09-18 23:50:00,1691.51,739.52,2.11,0.0516,0.0162,0.0098,451.94,3.26,100.42,304.97,P023,EQ009
2025-09-19 00:00:00,1640.79,724.72,2.47,0.0391,0.0169,0.0082,572.59,2.51,110.74,289.57,P005,EQ016
2025-09-19 00:10:00,1608.96,795.99,2.79,0.057,0.0095,0.0121,435.29,2.77,84.18,278.85,P007,EQ023
2025-09-19 00:20:00,1637.04,813.93,2.34,0.0658,0.0113,0.0083,511.8,2.88,104.61,307.48,P016,EQ030
2025-09-19 00:30:00,1645.88,823.25,2.25,0.0742,0.0197,0.0121,496.94,3.21,94.98,291.74,P006,EQ037
2025-09-19 00:40:00,1604.46,775.38,2.97,0.046,0.0152,0.0108,467.07,2.98,128.28,286.75,P017,EQ044
2025-09-19 00:50:00,1637.59,784.23,2.3,0.0634,0.0155,0.0067,454.81,2.86,101.0,295.74,P004,EQ002
2025-09-19 01:00:00,1645.98,855.0,2.76,0.0706,0.02,0.0081,609.61,2.64,105.34,291.91,P015,EQ009
2025-09-19 01:10:00,1685.07,803.73,2.63,0.0406,0.0176,0.0072,643.43,3.09,94.73,276.17,P019,EQ016
2025-09-19 01:20:00,1644.22,778.0,3.0,0.064,0.0191,0.0104,484.02,3.38,95.92,299.85,P027,EQ023
2025-09-19 01:30:00,1642.01,856.52,3.09,0.0592,0.0157,0.0089,434.99,3.26,99.81,312.34,P007,EQ030
2025-09-19 01:40:00,1617.18,785.34,3.09,0.0591,0.0159,0.0068,520.08,2.99,100.84,297.41,P006,EQ037
2025-09-19 01:50:00,1613.6,722.27,2.47,0.0281,0.0108,0.0125,532.21,3.06,101.58,313.42,P007,EQ044
2025-09-19 02:00:00,1663.56,741.3,2.63,0.0436,0.0152,0.0111,493.35,2.71,101.24,289.93,P002,EQ002
2025-09-19 02:10:00,1638.92,706.65,2.53,0.071,0.0074,0.0107,507.51,2.79,97.65,271.64,P024,EQ009
2025-09-19 02:20:00,1671.31,840.88,2.49,0.037,0.0094,0.012,537.54,3.26,109.05,291.15,P006,EQ016
2025-09-19 02:30:00,1649.72,766.68,2.05,0.0457,0.0122,0.0063,504.19,3.16,100.02,295.69,P026,EQ023
2025-09-19 02:40:00,1659.01,780.13,3.04,0.0449,0.0148,0.0098,472.83,2.58,99.38,278.9,P025,EQ030
2025-09-19 02:50:00,1635.8,734.63,2.23,0.0528,0.0165,0.0104,495.46,2.56,97.27,309.74,P007,EQ037
2025-09-19 03:00:00,1598.36,731.01,2.59,0.0594,0.0147,0.0079,497.93,3.16,100.84,303.56,P009,EQ044
2025-09-19 03:10:00,1648.37,752.27,3.19,0.0502,0.018,0.0144,504.98,3.26,109.67,317.12,P029,EQ002
2025-09-19 03:20:00,1652.81,842.44,1.92,0.0669,0.0128,0.0115,587.88,3.05,102.0,296.61,P028,EQ009
2025-09-19 03:30:00,1634.49,819.32,2.97,0.0554,0.0153,0.0084,613.7,2.76,104.46,289.2,P014,EQ016
2025-09-19 03:40:00,1633.93,826.2,2.43,0.0539,0.0141,0.009,501.83,3.06,112.16,298.28,P015,EQ023
2025-09-19 03:50:00,1660.37,884.53,2.11,0.0431,0.017,0.0092,487.1,3.17,102.9,299.87,P021,EQ030
2025-09-19 04:00:00,1639.39,866.89,2.7,0.0622,0.0089,0.0096,578.24,3.04,114.88,295.45,P030,EQ037
2025-09-19 04:10:00,1643.04,953.25,2.53,0.0501,0.0182,0.0099,565.51,2.99,86.59,302.07,P020,EQ044
2025-09-19 04:20:00,1658.15,924.59,2.29,0.0532,0.0175,0.009,457.04,3.51,113.74,329.47,P004,EQ002
2025-09-19 04:30:00,1661.76,740.83,2.68,0.0393,0.0163,0.007,447.38,3.1,109.32,264.58,P028,EQ009
2025-09-19 04:40:00,1616.48,753.43,1.79,0.05,0.0093,0.0064,518.04,3.17,112.77,319.21,P021,EQ016
2025-09-19 04:50:00,1633.81,730.63,2.29,0.0658,0.0146,0.0095,479.06,2.8,99.16,305.52,P006,EQ023
2025-09-19 05:00:00,1626.3,816.31,2.58,0.0499,0.015,0.0083,482.47,3.02,99.33,314.41,P003,EQ030
2025-09-19 05:10:00,1652.82,875.0,2.42,0.0425,0.017,0.0072,502.75,3.01,97.53,291.69,P010,EQ037
2025-09-19 05:20:00,1673.08,791.08,2.44,0.0475,0.0199,0.0089,549.51,2.75,84.1,303.22,P003,EQ044
2025-09-19 05:30:00,1652.33,710.87,2.21,0.0341,0.0143,0.0105,475.29,2.66,98.24,286.06,P013,EQ002
2025-09-19 05:40:00,1651.61,831.02,2.64,0.0559,0.0191,0.0131,590.92,3.23,97.75,314.61,P004,EQ009
2025-09-19 05:50:00,1680.4,779.96,1.76,0.0468,0.0183,0.0138,429.55,2.75,106.99,305.77,P009,EQ016
2025-09-19 06:00:00,1656.57,861.23,2.25,0.0381,0.0173,0.0072,553.1,3.11,101.28,284.82,P003,EQ023
2025-09-19 06:10:00,1646.78,773.34,2.16,0.0492,0.0197,0.0105,484.28,2.71,93.05,293.22,P011,EQ030
2025-09-19 06:20:00,1642.07,874.72,2.76,0.0548,0.0154,0.0129,497.65,2.94,104.23,309.21,P001,EQ037
2025-09-19 06:30:00,1640.86,808.64,2.54,0.0557,0.0145,0.0144,543.88,2.49,92.38,304.78,P019,EQ044
2025-09-19 06:40:00,1664.91,756.87,2.47,0.0577,0.0136,0.0098,503.38,2.81,90.23,283.88,P008,EQ002
2025-09-19 06:50:00,1666.91,726.4,2.78,0.0474,0.0206,0.0122,537.5,3.19,121.4,288.58,P016,EQ009
2025-09-19 07:00:00,1641.5,782.82,2.37,0.0477,0.0177,0.011,558.57,2.95,112.38,311.52,P016,EQ016
2025-09-19 07:10:00,1668.3,807.87,2.87,0.0432,0.0152,0.0107,529.24,3.15,93.87,309.78,P022,EQ023
2025-09-19 07:20:00,1634.96,771.33,2.34,0.0464,0.016,0.0043,500.16,2.82,99.33,300.61,P025,EQ030
2025-09-19 07:30:00,1620.95,841.33,2.46,0.0553,0.0104,0.0076,537.37,2.79,105.02,280.6,P004,EQ037
2025-09-19 07:40:00,1619.05,846.03,1.9,0.0571,0.0157,0.0097,497.13,2.96,113.6,314.77,P001,EQ044
2025-09-19 07:50:00,1641.82,732.41,2.66,0.0501,0.0161,0.0129,500.12,3.31,102.5,322.58,P002,EQ002
2025-09-19 08:00:00,1647.17,761.9,2.58,0.0602,0.0167,0.0083,512.59,2.81,94.2,270.22,P009,EQ009
2025-09-19 08:10:00,1654.99,783.7,1.88,0.0658,0.0163,0.0115,594.06,2.75,112.54,333.06,P025,EQ016
2025-09-19 08:20:00,1674.23,762.75,2.79,0.062,0.0127,0.0096,427.93,2.86,99.03,295.45,P001,EQ023
2025-09-19 08:30:00,1666.02,771.98,2.81,0.0537,0.0172,0.0137,623.09,3.01,98.49,302.99,P022,EQ030
2025-09-19 08:40:00,1622.78,817.59,3.22,0.0595,0.0165,0.0082,522.36,2.83,96.71,287.21,P019,EQ037
2025-09-19 08:50:00,1643.22,740.7,2.49,0.0464,0.0103,0.0135,479.54,2.92,98.65,291.05,P026,EQ044
2025-09-19 09:00:00,1652.61,847.79,2.44,0.0644,0.0133,0.0086,487.61,2.83,115.52,294.94,P002,EQ002
2025-09-19 09:10:00,1629.03,683.67,3.02,0.056,0.0147,0.0124,396.58,3.27,94.29,320.24,P004,EQ009
2025-09-19 09:20:00,1657.22,736.48,2.87,0.0416,0.0145,0.0131,455.99,2.75,95.17,294.38,P007,EQ016
2025-09-19 09:30:00,1623.6,790.28,2.61,0.0617,0.0127,0.0079,476.69,2.99,97.61,285.85,P017,EQ023
2025-09-19 09:40:00,1647.7,767.8,2.75,0.0529,0.0127,0.0105,525.03,2.93,98.12,311.62,P026,EQ030
2025-09-19 09:50:00,1666.15,850.02,2.57,0.0463,0.0131,0.0099,489.19,3.07,105.47,312.61,P001,EQ037
2025-09-19 10:00:00,1701.71,783.11,2.9,0.0558,0.0163,0.012,421.55,2.75,108.11,310.39,P013,EQ044
2025-09-19 10:10:00,1640.71,740.58,2.34,0.0527,0.0171,0.0115,541.89,3.08,115.06,307.03,P020,EQ002
2025-09-19 10:20:00,1648.9,817.31,2.54,0.0498,0.0139,0.0084,584.11,2.75,87.15,310.96,P017,EQ009
2025-09-19 10:30:00,1642.69,783.5,2.8,0.0443,0.0162,0.0088,492.36,3.03,97.56,300.8,P025,EQ016
2025-09-19 10:40:00,1655.15,774.4,2.11,0.0296,0.0123,0.0109,475.95,3.32,91.71,306.98,P009,EQ023
2025-09-19 10:50:00,1636.85,778.09,2.96,0.0513,0.0154,0.009,480.16,2.94,100.33,313.25,P030,EQ030
2025-09-19 11:00:00,1653.9,776.47,1.83,0.0541,0.0124,0.0077,501.1,2.72,109.07,270.41,P016,EQ037
2025-09-19 11:10:00,1668.74,820.37,2.69,0.0574,0.0135,0.009,526.02,2.88,94.36,269.89,P016,EQ044
2025-09-19 11:20:00,1678.6,736.51,2.48,0.0517,0.0135,0.0087,511.75,3.14,107.8,290.09,P025,EQ002
2025-09-19 11:30:00,1678.32,733.74,2.76,0.0614,0.0174,0.0117,462.47,3.39,103.11,305.65,P011,EQ009
2025-09-19 11:40:00,1653.56,825.53,1.91,0.0527,0.0176,0.008,510.87,3.09,125.23,328.77,P020,EQ016
2025-09-19 11:50:00,1634.93,823.66,2.51,0.0401,0.0211,0.0084,411.93,2.97,99.67,291.81,P014,EQ023
2025-09-19 12:00:00,1631.7,774.15,2.33,0.0312,0.0143,0.0099,462.59,2.99,108.05,283.19,P011,EQ030
2025-09-19 12:10:00,1646.25,807.69,2.12,0.0302,0.0158,0.0117,463.62,3.0,99.96,281.11,P012,EQ037
2025-09-19 12:20:00,1609.21,776.29,2.53,0.0612,0.0136,0.0111,436.37,2.83,91.54,285.21,P022,EQ044
2025-09-19 12:30:00,1666.31,784.82,3.06,0.039,0.0152,0.0144,510.64,3.11,98.61,320.97,P029,EQ002
2025-09-19 12:40:00,1650.86,952.47,2.66,0.0428,0.0189,0.0103,459.16,2.97,97.67,309.92,P011,EQ009
2025-09-19 12:50:00,1646.0,798.89,2.39,0.057,0.0149,0.007,560.89,3.49,117.54,300.79,P011,EQ016
2025-09-19 13:00:00,1625.93,858.2,1.64,0.0403,0.0204,0.0093,519.92,2.7,90.35,314.14,P027,EQ023
2025-09-19 13:10:00,1611.12,872.25,2.34,0.0568,0.0181,0.0127,521.16,3.03,93.35,298.26,P008,EQ030
2025-09-19 13:20:00,1705.73,851.14,3.02,0.046,0.0183,0.0077,577.24,3.02,107.85,294.07,P012,EQ037
2025-09-19 13:30:00,1642.71,847.98,2.36,0.0577,0.011,0.0073,515.85,3.13,110.17,296.72,P022,EQ044
2025-09-19 13:40:00,1667.14,792.55,2.38,0.0468,0.0125,0.0081,526.21,3.16,92.15,298.91,P013,EQ002
2025-09-19 13:50:00,1677.8,814.94,2.94,0.0476,0.0126,0.0091,458.56,2.72,98.44,277.83,P013,EQ009
2025-09-19 14:00:00,1663.69,825.45,2.31,0.0639,0.0193,0.0096,486.99,2.99,98.46,276.83,P020,EQ016
2025-09-19 14:10:00,1665.8,774.63,2.04,0.0417,0.013,0.011,493.76,3.17,91.22,313.69,P002,EQ023
2025-09-19 14:20:00,1644.78,850.33,2.81,0.062,0.0135,0.0123,498.62,3.27,102.1,303.49,P012,EQ030
2025-09-19 14:30:00,1679.36,820.55,2.45,0.0514,0.0173,0.0119,475.56,2.81,88.72,304.54,P028,EQ037
2025-09-19 14:40:00,1648.52,733.87,2.88,0.0539,0.0128,0.0103,456.42,3.06,88.82,319.93,P011,EQ044
2025-09-19 14:50:00,1637.96,770.72,2.55,0.065,0.0102,0.0078,553.79,2.97,108.46,308.3,P026,EQ002
2025-09-19 15:00:00,1654.86,768.6,2.87,0.0757,0.0185,0.0052,471.82,2.96,110.86,285.59,P004,EQ009
2025-09-19 15:10:00,1622.25,783.86,2.63,0.064,0.0115,0.0071,453.97,3.29,110.96,298.53,P001,EQ016
2025-09-19 15:20:00,1662.71,834.32,2.6,0.0523,0.0168,0.0087,498.4,2.89,103.84,300.85,P015,EQ023
2025-09-19 15:30:00,1656.72,858.59,2.79,0.044,0.0106,0.0106,463.39,3.24,112.57,306.36,P028,EQ030
2025-09-19 15:40:00,1662.64,779.64,2.53,0.0541,0.0158,0.0113,422.09,3.2,94.95,279.73,P023,EQ037
2025-09-19 15:50:00,1643.89,795.75,2.2,0.0451,0.0184,0.0133,432.59,3.2,99.15,312.8,P013,EQ044
2025-09-19 16:00:00,1645.42,753.27,2.84,0.0512,0.0214,0.0103,499.95,3.0,89.09,318.69,P024,EQ002
2025-09-19 16:10:00,1646.05,856.36,2.78,0.0383,0.0164,0.0095,418.08,3.04,85.27,291.91,P027,EQ009
2025-09-19 16:20:00,1636.95,838.63,2.69,0.0431,0.0149,0.0128,451.6,3.28,90.31,286.62,P029,EQ016
2025-09-19 16:30:00,1626.62,762.3,2.47,0.054,0.013,0.0067,516.3,2.94,88.59,297.16,P030,EQ023
2025-09-19 16:40:00,1640.85,743.4,2.39,0.0466,0.0175,0.0092,558.07,3.18,112.7,301.7,P005,EQ030
2025-09-19 16:50:00,1648.56,921.69,2.26,0.0594,0.0181,0.0076,500.21,2.99,83.42,314.32,P001,EQ037
2025-09-19 17:00:00,1694.44,823.67,2.2,0.0535,0.0151,0.0132,488.06,3.49,100.44,303.74,P020,EQ044
2025-09-19 17:10:00,1658.02,748.41,2.55,0.054,0.0164,0.0113,457.69,2.72,112.39,298.7,P004,EQ002
2025-09-19 17:20:00,1651.34,925.37,2.31,0.0447,0.0159,0.0076,546.04,3.17,126.52,314.29,P028,EQ009
2025-09-19 17:30:00,1663.11,766.94,2.8,0.0749,0.0212,0.0133,498.52,2.96,123.82,282.77,P017,EQ016
2025-09-19 17:40:00,1613.91,846.98,2.24,0.0534,0.015,0.008,528.89,2.77,95.86,290.23,P009,EQ023
2025-09-19 17:50:00,1650.8,750.9,2.66,0.0437,0.0115,0.0095,586.99,2.7,108.87,278.84,P023,EQ030
2025-09-19 18:00:00,1683.91,906.76,2.56,0.0396,0.0155,0.0089,532.1,3.02,81.21,293.09,P025,EQ037
2025-09-19 18:10:00,1652.38,802.45,2.63,0.0487,0.0135,0.0102,541.64,2.69,87.33,285.75,P027,EQ044
2025-09-19 18:20:00,1640.32,815.33,2.08,0.0403,0.0205,0.0066,537.55,3.12,103.71,301.33,P008,EQ002
2025-09-19 18:30:00,1650.38,765.92,3.06,0.0467,0.0145,0.0093,456.45,3.07,110.1,299.8,P012,EQ009
2025-09-19 18:40:00,1625.81,786.14,2.44,0.0374,0.0158,0.0059,510.44,2.68,99.48,300.5,P015,EQ016
2025-09-19 18:50:00,1686.73,782.52,2.32,0.0283,0.0161,0.006,531.62,2.94,115.0,302.41,P020,EQ023
2025-09-19 19:00:00,1670.92,842.49,2.38,0.0532,0.0159,0.0088,511.32,2.84,109.95,291.51,P022,EQ030
2025-09-19 19:10:00,1653.98,769.57,2.34,0.0563,0.0086,0.0085,487.85,3.09,105.54,318.08,P022,EQ037
2025-09-19 19:20:00,1677.48,797.05,2.64,0.0503,0.0161,0.0113,573.17,2.92,122.55,302.77,P028,EQ044
2025-09-19 19:30:00,1671.17,839.57,2.29,0.0523,0.0187,0.0092,460.02,2.94,108.76,284.5,P016,EQ002
2025-09-19 19:40:00,1649.26,800.96,2.18,0.0342,0.0187,0.0065,551.3,2.91,105.04,281.31,P017,EQ009
2025-09-19 19:50:00,1664.82,811.45,2.77,0.0533,0.0198,0.0089,469.54,3.0,107.31,303.06,P014,EQ016
2025-09-19 20:00:00,1674.82,758.83,2.14,0.0425,0.0168,0.0075,505.27,2.66,98.57,308.24,P022,EQ023
2025-09-19 20:10:00,1623.21,804.06,2.47,0.043,0.0134,0.0127,534.9,3.11,77.07,298.23,P007,EQ030
2025-09-19 20:20:00,1653.98,828.7,2.63,0.0703,0.0187,0.0111,453.11,2.94,111.84,296.99,P001,EQ037
2025-09-19 20:30:00,1660.51,842.91,2.72,0.0484,0.014,0.0103,522.88,2.91,109.48,310.08,P021,EQ044
2025-09-19 20:40:00,1644.9,824.06,2.14,0.054,0.015,0.0118,625.79,2.9,120.85,284.23,P027,EQ002
2025-09-19 20:50:00,1632.03,745.14,2.43,0.0583,0.016,0.0074,481.53,3.23,96.57,308.58,P011,EQ009
2025-09-19 21:00:00,1648.03,822.26,2.84,0.0442,0.0136,0.0098,526.17,2.81,111.73,306.7,P001,EQ016
2025-09-19 21:10:00,1625.56,827.83,2.44,0.0521,0.0145,0.0104,529.32,3.15,97.16,274.22,P021,EQ023
2025-09-19 21:20:00,1648.42,812.49,1.95,0.0555,0.0158,0.0094,543.66,2.99,100.52,324.72,P012,EQ030
2025-09-19 21:30:00,1655.22,770.14,2.68,0.0543,0.0145,0.0144,451.16,2.87,95.04,295.82,P028,EQ037
2025-09-19 21:40:00,1655.29,819.05,2.43,0.0377,0.0181,0.0106,570.81,2.69,82.71,298.83,P002,EQ044
2025-09-19 21:50:00,1633.97,880.54,2.41,0.047,0.0123,0.0084,487.16,2.9,102.14,283.61,P026,EQ002
2025-09-19 22:00:00,1722.68,796.71,2.8,0.0351,0.017,0.0094,464.03,2.97,81.16,301.6,P024,EQ009
2025-09-19 22:10:00,1631.4,821.72,2.39,0.052,0.0129,0.0111,488.84,2.94,92.29,307.18,P011,EQ016
2025-09-19 22:20:00,1654.56,940.62,2.96,0.0364,0.015,0.0097,465.5,2.79,79.53,320.59,P022,EQ023
2025-09-19 22:30:00,1691.78,872.42,2.49,0.0652,0.0144,0.0102,476.89,3.28,111.78,302.29,P015,EQ030
2025-09-19 22:40:00,1639.68,819.88,2.92,0.0448,0.0157,0.0081,587.27,3.4,110.5,304.39,P008,EQ037
2025-09-19 22:50:00,1638.31,808.04,1.97,0.0426,0.0144,0.0052,466.35,2.96,95.02,281.98,P020,EQ044
2025-09-19 23:00:00,1669.91,804.24,2.58,0.0374,0.016,0.0103,459.54,2.9,97.83,306.2,P016,EQ002
2025-09-19 23:10:00,1664.8,819.59,2.28,0.031,0.0142,0.0124,406.73,3.11,94.46,305.67,P013,EQ009
2025-09-19 23:20:00,1638.94,723.9,2.52,0.0449,0.0148,0.0101,531.0,2.82,104.48,304.36,P024,EQ016
2025-09-19 23:30:00,1634.22,823.48,2.91,0.0532,0.0188,0.0085,417.97,3.24,113.34,300.63,P020,EQ023
2025-09-19 23:40:00,1657.63,861.12,2.71,0.0526,0.014,0.0117,503.78,2.87,94.31,290.3,P026,EQ030
2025-09-19 23:50:00,1656.06,816.08,2.24,0.0601,0.0173,0.0111,496.23,2.77,112.84,298.22,P003,EQ037
2025-09-20 00:00:00,1661.23,817.8,2.66,0.0406,0.0193,0.0096,448.97,3.31,109.24,284.91,P012,EQ044
2025-09-20 00:10:00,1656.97,798.25,2.82,0.0411,0.0122,0.0117,498.63,3.08,105.34,280.22,P014,EQ002
2025-09-20 00:20:00,1676.3,779.34,2.59,0.0523,0.0129,0.007,517.26,2.84,82.62,293.52,P030,EQ009
2025-09-20 00:30:00,1647.72,831.37,2.6,0.0462,0.0175,0.0126,552.29,2.75,83.87,294.14,P030,EQ016
2025-09-20 00:40:00,1654.37,819.41,2.14,0.0667,0.0108,0.0106,446.82,3.45,105.86,294.67,P016,EQ023
2025-09-20 00:50:00,1664.65,824.34,2.37,0.0361,0.0165,0.0092,534.18,2.92,95.74,276.23,P022,EQ030
2025-09-20 01:00:00,1652.85,816.02,1.72,0.0556,0.0115,0.0071,449.0,3.37,106.99,283.14,P028,EQ037
2025-09-20 01:10:00,1640.53,736.89,2.44,0.0662,0.0148,0.0069,561.05,3.14,92.74,302.7,P023,EQ044
2025-09-20 01:20:00,1651.34,765.47,2.25,0.0451,0.0149,0.0094,509.96,3.19,87.61,341.26,P029,EQ002
2025-09-20 01:30:00,1646.68,833.54,1.94,0.0596,0.014,0.0096,482.48,3.29,106.51,291.87,P004,EQ009
2025-09-20 01:40:00,1663.29,822.74,2.42,0.056,0.0099,0.0102,541.85,3.16,107.28,307.65,P024,EQ016
2025-09-20 01:50:00,1655.82,900.05,2.69,0.0502,0.018,0.0105,530.99,3.0,91.88,284.2,P013,EQ023
2025-09-20 02:00:00,1632.57,778.38,2.89,0.0676,0.016,0.0147,565.86,3.22,91.07,315.03,P010,EQ030
2025-09-20 02:10:00,1605.27,841.98,2.68,0.047,0.0115,0.0095,607.82,3.1,96.12,279.34,P020,EQ037
2025-09-20 02:20:00,1669.87,775.06,2.38,0.0554,0.0161,0.0066,539.21,2.74,92.08,328.49,P007,EQ044
2025-09-20 02:30:00,1661.34,822.09,1.99,0.0421,0.0162,0.0067,474.85,2.65,93.9,291.99,P023,EQ002
2025-09-20 02:40:00,1637.18,765.9,1.84,0.0491,0.0157,0.0107,510.44,3.07,103.97,299.59,P005,EQ009
2025-09-20 02:50:00,1674.01,816.9,2.69,0.0358,0.0123,0.0095,548.7,3.06,87.74,318.95,P028,EQ016
2025-09-20 03:00:00,1660.09,761.84,2.73,0.0363,0.0154,0.0097,493.09,2.83,87.6,325.51,P017,EQ023
2025-09-20 03:10:00,1677.81,740.72,2.26,0.0564,0.0105,0.008,457.41,3.02,98.19,300.13,P029,EQ030
2025-09-20 03:20:00,1623.12,808.11,2.47,0.0439,0.013,0.0144,494.01,3.27,89.63,295.38,P019,EQ037
2025-09-20 03:30:00,1670.03,758.75,2.43,0.0522,0.013,0.011,484.43,2.83,97.84,298.76,P026,EQ044
2025-09-20 03:40:00,1664.44,771.05,2.75,0.0459,0.0151,0.0079,501.99,2.82,120.67,325.71,P028,EQ002
2025-09-20 03:50:00,1679.42,772.02,2.17,0.055,0.0136,0.009,492.74,3.17,79.77,306.72,P023,EQ009
2025-09-20 04:00:00,1672.27,754.46,1.83,0.0482,0.0145,0.0093,587.41,2.86,100.21,308.1,P017,EQ016
2025-09-20 04:10:00,1640.05,875.8,2.76,0.0489,0.0217,0.0088,521.51,2.99,116.18,321.44,P002,EQ023
2025-09-20 04:20:00,1648.52,859.8,2.42,0.0463,0.0181,0.0126,466.01,2.86,101.91,298.25,P005,EQ030
2025-09-20 04:30:00,1631.44,822.69,2.3,0.0613,0.0106,0.0086,613.01,3.59,110.24,306.57,P016,EQ037
2025-09-20 04:40:00,1647.29,847.98,1.87,0.0665,0.0122,0.0096,476.22,2.93,85.94,296.54,P026,EQ044
2025-09-20 04:50:00,1675.98,842.25,2.06,0.0559,0.0154,0.0091,268.34,2.96,103.45,294.62,P003,EQ002
2025-09-20 05:00:00,1653.88,810.35,2.24,0.05,0.0167,0.0122,417.04,2.81,92.02,320.89,P010,EQ009
2025-09-20 05:10:00,1678.65,819.47,2.73,0.05,0.0122,0.0084,396.03,3.12,91.81,295.49,P027,EQ016
2025-09-20 05:20:00,1648.54,827.3,3.17,0.0527,0.0139,0.0107,555.5,3.08,113.77,265.22,P022,EQ023
2025-09-20 05:30:00,1667.83,813.95,2.32,0.054,0.0185,0.0057,564.71,3.16,76.58,262.22,P018,EQ030
2025-09-20 05:40:00,1675.86,822.41,2.69,0.0587,0.0167,0.0121,439.88,3.25,100.41,279.99,P028,EQ037
2025-09-20 05:50:00,1624.81,809.71,2.48,0.0697,0.0132,0.0098,526.56,2.78,111.62,310.5,P015,EQ044
2025-09-20 06:00:00,1657.96,820.01,2.61,0.0316,0.0125,0.0116,414.68,2.98,90.05,286.17,P006,EQ002
2025-09-20 06:10:00,1639.62,810.98,2.76,0.0679,0.023,0.0141,488.48,2.55,91.62,287.55,P029,EQ009
2025-09-20 06:20:00,1659.88,745.96,2.68,0.0516,0.0115,0.0094,463.34,2.9,90.93,293.57,P015,EQ016
2025-09-20 06:30:00,1639.23,810.67,2.31,0.0706,0.0107,0.0136,460.01,2.84,93.96,301.43,P004,EQ023
2025-09-20 06:40:00,1629.8,776.43,2.67,0.061,0.0124,0.0092,423.44,3.15,95.53,311.8,P016,EQ030
2025-09-20 06:50:00,1669.43,821.4,2.24,0.0602,0.0153,0.0116,567.03,2.98,92.37,292.28,P022,EQ037
2025-09-20 07:00:00,1663.61,852.37,2.66,0.0448,0.0219,0.0052,537.81,3.0,94.43,315.89,P018,EQ044
2025-09-20 07:10:00,1680.53,762.07,2.25,0.0592,0.0167,0.0073,451.29,2.92,103.63,304.44,P008,EQ002
2025-09-20 07:20:00,1645.89,846.42,3.02,0.0598,0.012,0.011,475.73,3.18,89.84,273.01,P008,EQ009
2025-09-20 07:30:00,1683.45,861.72,2.23,0.0528,0.0147,0.0083,506.14,2.94,91.05,303.73,P007,EQ016
2025-09-20 07:40:00,1614.22,887.94,2.52,0.0842,0.0179,0.0083,491.68,3.22,93.33,282.94,P006,EQ023
2025-09-20 07:50:00,1652.49,786.63,2.74,0.0526,0.0203,0.0115,495.29,2.98,100.11,295.92,P025,EQ030
2025-09-20 08:00:00,1673.47,802.91,2.59,0.0345,0.0128,0.0098,431.71,3.27,95.91,298.98,P022,EQ037
2025-09-20 08:10:00,1646.74,756.86,2.16,0.0492,0.017,0.0099,546.7,2.61,99.57,314.99,P023,EQ044
2025-09-20 08:20:00,1663.46,782.88,2.47,0.0463,0.0184,0.0097,447.25,3.08,101.93,321.8,P003,EQ002
2025-09-20 08:30:00,1664.61,723.08,2.59,0.0519,0.0084,0.0098,464.0,2.84,109.55,304.0,P004,EQ009
2025-09-20 08:40:00,1665.69,868.41,2.86,0.0568,0.0169,0.009,546.52,2.92,123.86,304.58,P014,EQ016
2025-09-20 08:50:00,1675.75,738.04,2.5,0.0499,0.016,0.0101,506.63,3.01,111.94,304.17,P023,EQ023
2025-09-20 09:00:00,1677.37,896.75,2.43,0.0441,0.0165,0.0097,429.48,2.79,106.35,283.37,P001,EQ030
2025-09-20 09:10:00,1674.69,744.13,2.19,0.0418,0.0155,0.0089,530.22,3.17,93.31,288.19,P006,EQ037
2025-09-20 09:20:00,1644.72,755.58,2.47,0.0525,0.0113,0.0076,480.69,2.74,98.47,308.15,P030,EQ044
2025-09-20 09:30:00,1633.97,854.3,2.63,0.0543,0.0191,0.0093,545.47,2.7,118.29,304.52,P030,EQ002
2025-09-20 09:40:00,1690.11,728.57,2.69,0.0434,0.0156,0.0119,602.21,2.8,80.24,298.2,P011,EQ009
2025-09-20 09:50:00,1661.07,889.32,3.01,0.0544,0.0097,0.011,492.72,3.08,81.67,314.7,P029,EQ016
2025-09-20 10:00:00,1659.48,833.55,2.32,0.0615,0.0135,0.0127,530.07,2.75,109.12,289.66,P013,EQ023
2025-09-20 10:10:00,1675.13,834.17,2.22,0.0378,0.0107,0.0115,455.96,3.01,94.22,296.99,P025,EQ030
2025-09-20 10:20:00,1661.18,757.95,2.56,0.047,0.0155,0.007,541.6,2.94,104.17,301.17,P009,EQ037
2025-09-20 10:30:00,1638.53,897.78,2.74,0.0507,0.0163,0.0101,570.91,2.96,87.18,305.21,P008,EQ044
2025-09-20 10:40:00,1673.97,838.36,2.19,0.0482,0.0163,0.0105,541.58,2.83,93.14,291.4,P024,EQ002
2025-09-20 10:50:00,1670.35,811.65,2.6,0.0524,0.0112,0.0079,484.58,2.63,98.22,308.74,P009,EQ009
2025-09-20 11:00:00,1643.82,758.46,2.68,0.0572,0.0111,0.0109,552.96,3.31,89.34,313.56,P022,EQ016
2025-09-20 11:10:00,1613.06,745.05,2.36,0.0434,0.0144,0.0125,566.17,3.02,94.42,318.7,P016,EQ023
2025-09-20 11:20:00,1636.36,750.1,2.68,0.0369,0.0167,0.0062,370.84,2.72,96.06,285.34,P029,EQ030
2025-09-20 11:30:00,1673.66,796.29,2.14,0.0403,0.0166,0.01,510.75,2.91,88.62,295.41,P022,EQ037
2025-09-20 11:40:00,1667.3,916.52,2.31,0.046,0.0185,0.0047,531.28,2.99,89.68,313.03,P004,EQ044
2025-09-20 11:50:00,1648.73,758.93,2.55,0.0582,0.0114,0.0084,545.38,3.01,96.02,312.89,P022,EQ002
2025-09-20 12:00:00,1611.06,779.29,2.74,0.062,0.0145,0.0126,418.61,3.12,112.81,297.39,P005,EQ009
2025-09-20 12:10:00,1668.91,767.06,2.9,0.0331,0.0167,0.0099,471.51,3.0,105.05,311.77,P030,EQ016
2025-09-20 12:20:00,1696.06,794.93,2.06,0.0644,0.0113,0.0105,586.62,3.16,105.22,307.54,P018,EQ023
2025-09-20 12:30:00,1640.77,861.91,2.81,0.0658,0.0166,0.0154,417.62,3.0,101.95,313.82,P021,EQ030
2025-09-20 12:40:00,1635.81,803.26,2.6,0.0358,0.0166,0.0115,489.1,2.84,91.92,284.14,P024,EQ037
2025-09-20 12:50:00,1683.16,841.54,2.49,0.0596,0.0119,0.0124,510.24,3.24,89.45,310.23,P016,EQ044
2025-09-20 13:00:00,1656.19,802.93,2.25,0.0522,0.0163,0.0109,480.89,3.02,89.4,297.26,P003,EQ002
2025-09-20 13:10:00,1689.02,857.57,2.46,0.0482,0.017,0.0141,502.12,3.29,107.1,286.72,P026,EQ009
2025-09-20 13:20:00,1671.96,789.93,2.64,0.0588,0.0179,0.012,518.72,2.76,111.13,283.91,P023,EQ016
2025-09-20 13:30:00,1692.45,793.26,2.05,0.0577,0.0194,0.0107,554.36,2.83,95.32,320.38,P011,EQ023
2025-09-20 13:40:00,1637.18,834.57,1.98,0.045,0.0195,0.0114,461.44,2.84,105.91,298.0,P028,EQ030
2025-09-20 13:50:00,1653.11,790.13,2.36,0.0483,0.0115,0.0098,524.52,3.0,93.05,279.71,P008,EQ037
2025-09-20 14:00:00,1650.04,803.2,2.25,0.0435,0.0115,0.0094,509.13,2.65,87.26,294.38,P030,EQ044
2025-09-20 14:10:00,1643.42,786.42,2.74,0.0716,0.0171,0.0115,562.86,3.5,89.47,294.46,P019,EQ002
2025-09-20 14:20:00,1661.8,846.67,2.62,0.0686,0.0137,0.0082,521.37,3.35,118.22,328.19,P025,EQ009
2025-09-20 14:30:00,1647.79,665.85,2.72,0.0479,0.0175,0.0098,511.24,2.95,100.7,297.45,P030,EQ016
2025-09-20 14:40:00,1641.72,889.56,2.64,0.0419,0.0131,0.0095,546.98,2.75,96.19,308.09,P020,EQ023
2025-09-20 14:50:00,1668.32,721.1,2.21,0.0598,0.0183,0.0081,554.88,2.86,87.74,327.82,P003,EQ030
2025-09-20 15:00:00,1645.1,728.95,2.2,0.0551,0.02,0.0119,597.88,3.24,87.86,274.65,P021,EQ037
2025-09-20 15:10:00,1663.37,868.52,2.4,0.051,0.0169,0.0106,500.04,2.91,89.65,288.31,P011,EQ044
2025-09-20 15:20:00,1655.58,825.44,2.6,0.0648,0.0137,0.0063,475.11,3.52,94.51,289.46,P013,EQ002
2025-09-20 15:30:00,1694.53,747.47,2.69,0.0583,0.0149,0.0099,534.85,2.83,89.65,296.61,P030,EQ009
2025-09-20 15:40:00,1693.3,761.29,2.3,0.0547,0.0125,0.007,511.82,2.97,92.76,300.74,P023,EQ016
2025-09-20 15:50:00,1631.74,740.58,2.13,0.0397,0.0161,0.0095,436.71,2.92,98.26,305.91,P024,EQ023
2025-09-20 16:00:00,1647.88,718.7,2.52,0.0499,0.0148,0.0113,520.55,3.04,111.28,328.49,P024,EQ030
2025-09-20 16:10:00,1636.76,843.53,3.28,0.0444,0.0169,0.009,452.41,3.14,93.29,308.72,P024,EQ037
2025-09-20 16:20:00,1671.66,808.27,2.29,0.0392,0.0152,0.011,495.38,3.11,99.44,301.81,P013,EQ044
2025-09-20 16:30:00,1617.9,781.68,2.62,0.05,0.0136,0.0124,492.65,3.31,110.24,274.48,P021,EQ002
2025-09-20 16:40:00,1674.25,753.87,1.83,0.0616,0.0134,0.0111,520.14,3.15,103.28,307.02,P021,EQ009
2025-09-20 16:50:00,1645.66,799.93,2.52,0.0557,0.0189,0.01,453.22,2.75,107.96,296.65,P026,EQ016
2025-09-20 17:00:00,1615.96,765.76,2.2,0.0529,0.0169,0.0075,411.95,3.12,115.18,288.99,P018,EQ023
2025-09-20 17:10:00,1654.77,819.59,2.19,0.0466,0.0158,0.0094,472.89,2.75,113.85,265.48,P028,EQ030
2025-09-20 17:20:00,1661.94,798.46,1.78,0.0473,0.0073,0.0126,546.8,2.64,95.59,290.94,P014,EQ037
2025-09-20 17:30:00,1679.3,796.3,3.0,0.0587,0.0117,0.0088,546.06,2.6,96.52,295.15,P026,EQ044
2025-09-20 17:40:00,1642.33,807.17,2.12,0.0484,0.0161,0.0113,487.61,2.82,106.68,309.49,P008,EQ002
2025-09-20 17:50:00,1679.25,813.55,1.95,0.0393,0.0123,0.0112,587.33,3.11,107.23,295.78,P008,EQ009
2025-09-20 18:00:00,1637.39,747.4,2.66,0.0602,0.0207,0.0091,482.39,2.8,116.21,306.41,P009,EQ016
2025-09-20 18:10:00,1668.11,828.38,2.77,0.0447,0.0164,0.0096,498.52,2.93,97.69,266.67,P004,EQ023
2025-09-20 18:20:00,1647.88,847.79,2.11,0.0537,0.0194,0.0073,459.68,2.62,103.05,328.03,P010,EQ030
2025-09-20 18:30:00,1659.12,816.85,3.03,0.0522,0.012,0.0101,539.91,2.98,99.62,306.38,P003,EQ037
2025-09-20 18:40:00,1645.34,820.64,2.7,0.0558,0.021,0.0078,487.08,2.92,91.53,278.95,P004,EQ044
2025-09-20 18:50:00,1645.58,874.0,2.92,0.0599,0.0182,0.011,458.33,3.06,105.44,294.64,P003,EQ002
2025-09-20 19:00:00,1628.73,738.4,2.36,0.0293,0.0171,0.0099,478.2,2.72,91.48,288.21,P011,EQ009
2025-09-20 19:10:00,1666.72,761.32,2.58,0.0541,0.0132,0.0111,515.85,2.95,95.21,306.04,P024,EQ016
2025-09-20 19:20:00,1637.84,787.12,2.49,0.0579,0.0124,0.0085,418.97,2.93,118.71,305.54,P019,EQ023
2025-09-20 19:30:00,1650.52,767.14,2.72,0.0608,0.0182,0.0097,451.9,3.16,112.07,293.38,P030,EQ030
2025-09-20 19:40:00,1667.6,739.96,2.75,0.0509,0.0195,0.0085,645.97,3.17,83.35,300.44,P007,EQ037
2025-09-20 19:50:00,1652.82,901.46,2.44,0.0409,0.0141,0.0081,495.38,2.65,96.5,306.35,P024,EQ044
2025-09-20 20:00:00,1637.03,800.28,2.94,0.0387,0.0143,0.0112,474.49,3.2,85.73,292.22,P004,EQ002
2025-09-20 20:10:00,1659.01,820.9,2.52,0.0486,0.0141,0.0119,492.29,2.86,87.9,298.38,P019,EQ009
2025-09-20 20:20:00,1621.2,765.87,2.51,0.0391,0.0204,0.0131,456.88,2.61,112.54,294.82,P012,EQ016
2025-09-20 20:30:00,1664.8,820.59,2.14,0.0658,0.0157,0.0131,527.88,3.11,85.68,298.65,P005,EQ023
2025-09-20 20:40:00,1642.51,657.38,2.54,0.0314,0.0134,0.0101,474.75,2.79,114.0,315.85,P028,EQ030
2025-09-20 20:50:00,1637.69,828.9,2.79,0.0421,0.0174,0.0055,469.13,3.03,99.45,316.03,P011,EQ037
2025-09-20 21:00:00,1654.6,768.61,2.44,0.0443,0.0195,0.0128,537.75,2.93,97.02,297.28,P013,EQ044
2025-09-20 21:10:00,1634.76,832.52,2.87,0.051,0.012,0.0101,508.79,3.04,112.81,299.87,P019,EQ002
2025-09-20 21:20:00,1663.08,787.95,2.57,0.0489,0.012,0.0089,505.18,3.18,87.34,292.73,P024,EQ009
2025-09-20 21:30:00,1657.61,839.29,2.66,0.0509,0.0193,0.0091,534.18,3.21,86.98,325.99,P001,EQ016
2025-09-20 21:40:00,1666.82,821.54,2.02,0.0509,0.0176,0.0095,509.69,2.86,83.87,308.75,P010,EQ023
2025-09-20 21:50:00,1646.68,787.73,2.07,0.0614,0.0126,0.0097,461.28,2.87,109.1,323.37,P002,EQ030
2025-09-20 22:00:00,1637.14,796.92,2.6,0.0628,0.0122,0.0089,379.75,3.07,100.85,304.69,P019,EQ037
2025-09-20 22:10:00,1659.68,866.12,2.33,0.0552,0.0132,0.0124,386.47,2.86,91.49,301.19,P018,EQ044
2025-09-20 22:20:00,1671.98,874.35,1.88,0.0563,0.013,0.0097,486.8,2.88,101.14,246.69,P007,EQ002
2025-09-20 22:30:00,1672.1,752.37,2.47,0.0483,0.015,0.0056,566.95,3.16,100.93,321.31,P028,EQ009
2025-09-20 22:40:00,1697.12,972.27,2.3,0.0485,0.0138,0.0105,485.34,2.69,107.06,313.14,P013,EQ016
2025-09-20 22:50:00,1646.47,835.33,2.59,0.0519,0.0185,0.0102,569.71,3.29,95.17,299.05,P014,EQ023
2025-09-20 23:00:00,1660.69,818.26,2.33,0.0527,0.0098,0.0089,526.74,2.8,97.06,294.56,P011,EQ030
2025-09-20 23:10:00,1610.2,772.0,2.81,0.0494,0.0174,0.0113,528.67,3.18,100.98,323.36,P025,EQ037
2025-09-20 23:20:00,1669.22,881.96,2.75,0.0438,0.0098,0.0094,548.3,3.23,96.02,268.78,P012,EQ044
2025-09-20 23:30:00,1620.03,768.7,2.22,0.0459,0.0121,0.0117,470.19,2.94,103.45,297.86,P026,EQ002
2025-09-20 23:40:00,1669.25,874.67,2.37,0.0277,0.0179,0.0109,475.96,2.83,105.95,338.14,P022,EQ009
2025-09-20 23:50:00,1673.66,817.67,2.91,0.0646,0.0163,0.0087,458.33,2.74,100.82,306.59,P030,EQ016
2025-09-21 00:00:00,1667.85,847.9,2.82,0.0519,0.023,0.0087,510.15,3.08,93.38,296.96,P026,EQ023
2025-09-21 00:10:00,1658.29,758.24,2.43,0.0505,0.013,0.0073,522.64,2.75,112.15,314.95,P005,EQ030
2025-09-21 00:20:00,1652.69,839.67,2.81,0.0454,0.0167,0.0095,409.25,2.96,98.6,299.49,P017,EQ037
2025-09-21 00:30:00,1659.31,803.8,2.53,0.0462,0.0174,0.0075,564.76,2.93,95.6,304.21,P022,EQ044
2025-09-21 00:40:00,1674.79,798.03,2.3,0.0536,0.0172,0.01,461.6,2.97,100.71,291.11,P020,EQ002
2025-09-21 00:50:00,1634.8,847.25,3.32,0.0422,0.0161,0.0099,564.31,3.29,97.44,295.76,P019,EQ009
2025-09-21 01:00:00,1623.25,852.44,2.4,0.0535,0.0171,0.0107,356.36,3.22,100.31,288.82,P008,EQ016
2025-09-21 01:10:00,1638.53,943.08,2.12,0.0559,0.0142,0.0127,459.68,2.76,85.28,275.69,P004,EQ023
2025-09-21 01:20:00,1650.75,794.04,2.5,0.052,0.0111,0.0123,661.04,3.2,112.28,313.78,P013,EQ030
2025-09-21 01:30:00,1601.61,840.84,2.25,0.0614,0.0132,0.0109,409.0,3.11,108.43,287.63,P001,EQ037
2025-09-21 01:40:00,1625.16,840.24,3.06,0.0496,0.015,0.0072,468.73,3.07,118.33,297.11,P018,EQ044
2025-09-21 01:50:00,1662.99,862.03,2.67,0.0554,0.0145,0.0082,451.6,3.02,95.43,290.75,P028,EQ002
2025-09-21 02:00:00,1668.39,750.54,2.52,0.0462,0.0151,0.0114,524.34,3.02,103.03,327.16,P015,EQ009
2025-09-21 02:10:00,1643.57,727.63,1.55,0.0566,0.0117,0.0117,555.4,2.66,96.72,265.11,P011,EQ016
2025-09-21 02:20:00,1634.0,751.21,2.54,0.0465,0.0182,0.008,627.27,2.94,99.54,306.39,P005,EQ023
2025-09-21 02:30:00,1628.56,897.75,2.12,0.0615,0.0158,0.0109,461.93,3.05,113.96,304.65,P027,EQ030
2025-09-21 02:40:00,1615.47,832.41,2.5,0.0285,0.0165,0.012,508.63,2.54,109.91,306.26,P010,EQ037
2025-09-21 02:50:00,1612.52,942.1,2.64,0.0382,0.0122,0.0111,503.06,2.84,101.43,311.88,P027,EQ044
2025-09-21 03:00:00,1608.97,778.88,2.57,0.0465,0.0088,0.011,493.88,2.98,85.96,299.93,P008,EQ002
2025-09-21 03:10:00,1597.57,818.67,3.1,0.0516,0.0104,0.0133,471.23,2.96,116.46,320.68,P016,EQ009
2025-09-21 03:20:00,1682.05,823.43,2.69,0.0461,0.0135,0.0138,524.33,2.98,106.19,300.07,P022,EQ016
2025-09-21 03:30:00,1673.03,828.66,2.56,0.051,0.0201,0.0069,536.37,3.2,122.24,289.83,P015,EQ023
2025-09-21 03:40:00,1618.21,821.16,2.16,0.042,0.0132,0.0101,467.62,3.07,79.62,286.82,P005,EQ030
2025-09-21 03:50:00,1657.59,906.15,2.54,0.0491,0.0157,0.0089,489.94,2.89,100.82,301.51,P020,EQ037
2025-09-21 04:00:00,1641.64,817.47,2.46,0.0614,0.0138,0.0123,548.72,3.05,104.15,280.9,P010,EQ044
2025-09-21 04:10:00,1617.34,793.81,2.5,0.0653,0.0117,0.0082,565.35,2.94,104.08,293.0,P005,EQ002
2025-09-21 04:20:00,1624.51,845.64,2.01,0.0408,0.0178,0.0061,626.68,3.15,107.41,326.33,P024,EQ009
2025-09-21 04:30:00,1679.32,754.65,2.55,0.0341,0.0166,0.01,412.09,2.88,95.64,293.98,P022,EQ016
2025-09-21 04:40:00,1648.26,755.35,2.33,0.047,0.017,0.009,506.0,3.16,105.72,304.38,P028,EQ023
2025-09-21 04:50:00,1617.72,777.96,3.17,0.0552,0.0173,0.009,492.68,3.11,117.63,301.57,P026,EQ030
2025-09-21 05:00:00,1636.28,860.8,2.65,0.0488,0.0186,0.0098,504.19,2.75,124.58,284.46,P027,EQ037
2025-09-21 05:10:00,1634.56,768.61,3.24,0.0401,0.0164,0.0086,462.71,3.05,91.67,295.18,P023,EQ044
2025-09-21 05:20:00,1678.2,864.63,2.71,0.0581,0.0161,0.0097,519.48,3.17,103.97,335.19,P002,EQ002
2025-09-21 05:30:00,1653.2,725.64,2.91,0.0561,0.016,0.0133,570.12,2.95,93.25,291.06,P020,EQ009
2025-09-21 05:40:00,1652.14,762.29,2.54,0.042,0.0144,0.0094,538.0,3.26,104.32,320.7,P011,EQ016
2025-09-21 05:50:00,1601.68,792.0,2.19,0.0365,0.0146,0.0085,457.53,2.81,90.28,302.28,P010,EQ023
2025-09-21 06:00:00,1634.2,737.61,2.31,0.0447,0.0203,0.011,574.8,2.79,105.87,300.49,P017,EQ030
2025-09-21 06:10:00,1644.55,748.4,1.65,0.058,0.0161,0.0075,545.53,3.14,100.58,299.76,P023,EQ037
2025-09-21 06:20:00,1648.11,811.11,2.6,0.0555,0.0195,0.0104,510.81,3.39,103.46,299.46,P004,EQ044
2025-09-21 06:30:00,1655.54,800.74,2.01,0.04,0.018,0.0116,616.36,3.15,108.71,271.59,P009,EQ002
2025-09-21 06:40:00,1688.43,881.91,3.09,0.0505,0.0085,0.0088,476.61,3.01,106.23,308.19,P028,EQ009
2025-09-21 06:50:00,1624.25,814.18,2.65,0.0581,0.0203,0.0095,575.67,2.69,103.64,310.91,P023,EQ016
2025-09-21 07:00:00,1661.99,835.99,2.37,0.0415,0.0181,0.0088,554.31,3.07,92.37,293.6,P019,EQ023
2025-09-21 07:10:00,1632.56,927.09,2.71,0.064,0.0168,0.0085,436.58,2.59,98.16,289.6,P016,EQ030
2025-09-21 07:20:00,1667.9,818.58,2.16,0.0478,0.013,0.0133,473.8,3.07,119.35,256.77,P021,EQ037
2025-09-21 07:30:00,1667.68,776.92,2.82,0.0541,0.0121,0.0086,560.53,3.35,101.13,297.24,P027,EQ044
2025-09-21 07:40:00,1663.03,825.77,2.53,0.0456,0.0161,0.0102,456.93,2.79,97.68,275.72,P007,EQ002
2025-09-21 07:50:00,1644.13,803.85,2.49,0.0485,0.0139,0.0148,557.35,2.85,102.25,298.3,P016,EQ009
2025-09-21 08:00:00,1649.09,792.13,2.48,0.0562,0.0155,0.0118,490.21,3.18,116.26,293.31,P010,EQ016
2025-09-21 08:10:00,1660.12,795.98,2.55,0.0685,0.0194,0.0091,484.31,2.93,107.0,306.1,P023,EQ023
2025-09-21 08:20:00,1648.5,763.06,2.46,0.037,0.0135,0.012,566.97,2.83,95.84,296.64,P013,EQ030
2025-09-21 08:30:00,1625.96,887.62,2.58,0.0449,0.0144,0.0081,469.43,3.36,95.4,299.05,P002,EQ037
2025-09-21 08:40:00,1667.73,845.69,2.08,0.0618,0.0159,0.0119,495.39,3.28,93.23,283.2,P026,EQ044
2025-09-21 08:50:00,1597.88,830.73,2.17,0.039,0.0115,0.0088,527.33,3.15,94.5,322.66,P011,EQ002
2025-09-21 09:00:00,1648.37,755.02,2.28,0.0657,0.0116,0.012,527.11,3.07,119.69,303.86,P005,EQ009
2025-09-21 09:10:00,1662.82,761.91,2.77,0.0324,0.0161,0.0092,450.63,2.93,106.79,283.75,P027,EQ016
2025-09-21 09:20:00,1653.02,758.51,2.71,0.0422,0.0184,0.0105,440.45,3.01,89.42,290.77,P023,EQ023
2025-09-21 09:30:00,1619.94,865.94,2.15,0.0485,0.0144,0.0114,532.41,2.75,115.2,290.46,P007,EQ030
2025-09-21 09:40:00,1669.58,764.2,2.21,0.0646,0.0178,0.0128,483.71,2.98,90.89,293.52,P028,EQ037
2025-09-21 09:50:00,1656.37,825.66,2.76,0.0499,0.0093,0.0086,474.99,2.66,103.02,324.44,P024,EQ044
2025-09-21 10:00:00,1652.38,782.7,2.48,0.0461,0.014,0.0108,480.7,3.22,85.56,264.95,P030,EQ002
2025-09-21 10:10:00,1664.02,818.12,2.59,0.026,0.0135,0.0092,545.29,2.9,111.72,309.46,P026,EQ009
2025-09-21 10:20:00,1621.13,824.65,2.51,0.0584,0.012,0.0106,478.4,3.1,112.85,289.44,P008,EQ016
2025-09-21 10:30:00,1649.88,796.08,2.84,0.0602,0.0198,0.0097,605.02,2.92,108.38,309.48,P023,EQ023
2025-09-21 10:40:00,1614.3,778.04,2.06,0.0514,0.0173,0.009,459.76,2.81,104.55,296.87,P024,EQ030
2025-09-21 10:50:00,1683.1,783.07,3.22,0.0422,0.0186,0.0106,489.83,3.08,110.72,280.83,P002,EQ037
2025-09-21 11:00:00,1646.32,797.77,2.53,0.0485,0.0139,0.0083,482.48,3.01,94.77,316.88,P030,EQ044
2025-09-21 11:10:00,1656.89,795.91,2.4,0.0466,0.015,0.0091,503.2,2.83,119.21,332.14,P028,EQ002
2025-09-21 11:20:00,1647.2,781.24,2.79,0.0539,0.0126,0.0114,550.53,2.93,109.0,319.07,P025,EQ009
2025-09-21 11:30:00,1626.0,810.56,2.76,0.0537,0.0141,0.0142,431.61,3.45,99.34,285.01,P006,EQ016
2025-09-21 11:40:00,1637.95,765.88,2.08,0.0775,0.0104,0.008,459.55,3.29,98.84,316.92,P028,EQ023
2025-09-21 11:50:00,1647.29,816.04,2.79,0.0519,0.0132,0.0086,558.48,2.81,106.35,293.49,P016,EQ030
2025-09-21 12:00:00,1655.04,716.0,2.34,0.0548,0.0207,0.0097,542.87,3.01,91.43,317.49,P024,EQ037
2025-09-21 12:10:00,1653.98,788.97,2.5,0.0433,0.0207,0.0101,455.25,3.17,99.86,277.17,P013,EQ044
2025-09-21 12:20:00,1616.5,773.99,2.52,0.0542,0.0133,0.0093,441.6,2.99,78.74,291.42,P010,EQ002
2025-09-21 12:30:00,1649.29,818.38,2.53,0.0444,0.0187,0.0075,483.88,3.01,103.34,306.7,P027,EQ009
2025-09-21 12:40:00,1669.17,840.16,2.37,0.0474,0.0155,0.0068,502.81,3.03,100.64,268.41,P022,EQ016
2025-09-21 12:50:00,1647.82,791.1,2.4,0.0466,0.014,0.0117,489.18,3.11,100.19,319.89,P030,EQ023
2025-09-21 13:00:00,1640.97,791.43,2.7,0.056,0.0145,0.01,531.92,2.99,99.44,312.15,P028,EQ030
2025-09-21 13:10:00,1674.34,885.83,2.13,0.0594,0.0135,0.0121,531.28,2.99,102.5,306.7,P006,EQ037
2025-09-21 13:20:00,1662.07,822.92,2.74,0.069,0.0111,0.0082,480.11,3.16,95.18,319.6,P001,EQ044
2025-09-21 13:30:00,1642.05,905.44,2.41,0.036,0.012,0.0095,549.82,3.16,102.18,314.61,P018,EQ002
2025-09-21 13:40:00,1616.61,853.39,2.19,0.058,0.0157,0.0101,490.65,2.96,88.56,299.11,P013,EQ009
2025-09-21 13:50:00,1636.91,759.86,2.74,0.0426,0.0166,0.009,510.95,3.1,102.8,311.23,P011,EQ016
2025-09-21 14:00:00,1664.23,791.29,2.73,0.051,0.0166,0.0107,560.52,3.27,90.68,320.08,P014,EQ023
2025-09-21 14:10:00,1669.94,933.43,2.47,0.0544,0.0137,0.0096,477.72,3.05,99.52,293.95,P022,EQ030
2025-09-21 14:20:00,1638.89,795.06,2.97,0.0414,0.0101,0.006,475.65,3.08,100.29,308.05,P016,EQ037
2025-09-21 14:30:00,1629.8,835.42,2.58,0.0534,0.0162,0.0121,345.37,3.1,92.46,291.65,P012,EQ044
2025-09-21 14:40:00,1648.13,805.85,2.06,0.0488,0.0151,0.0103,526.69,2.86,94.24,294.13,P025,EQ002
2025-09-21 14:50:00,1664.02,779.28,1.81,0.0344,0.0174,0.0074,592.99,3.11,75.58,305.94,P013,EQ009
2025-09-21 15:00:00,1643.48,811.0,2.72,0.0595,0.0109,0.0097,605.09,2.96,105.73,303.9,P013,EQ016
2025-09-21 15:10:00,1626.88,839.02,2.06,0.0692,0.0105,0.0076,440.23,3.13,98.14,307.84,P003,EQ023
2025-09-21 15:20:00,1620.76,877.58,2.54,0.0475,0.0144,0.0059,517.83,2.94,107.2,313.93,P017,EQ030
2025-09-21 15:30:00,1647.24,765.55,2.37,0.0429,0.0219,0.0106,490.84,2.99,103.55,315.18,P024,EQ037
2025-09-21 15:40:00,1691.5,838.28,2.6,0.0424,0.0147,0.0135,509.55,2.9,98.5,313.4,P010,EQ044
2025-09-21 15:50:00,1647.48,707.81,2.18,0.0475,0.0113,0.009,543.07,3.03,102.92,280.63,P010,EQ002
2025-09-21 16:00:00,1660.21,846.09,2.26,0.0601,0.0184,0.0075,627.19,2.78,94.21,301.04,P023,EQ009
2025-09-21 16:10:00,1629.25,809.91,2.15,0.042,0.0193,0.0089,488.85,3.05,101.18,311.56,P030,EQ016
2025-09-21 16:20:00,1659.76,717.88,3.04,0.0608,0.0093,0.0108,407.2,3.3,105.32,272.23,P007,EQ023
2025-09-21 16:30:00,1614.3,907.32,2.48,0.0501,0.0181,0.0106,487.03,3.22,100.45,319.44,P023,EQ030
2025-09-21 16:40:00,1632.27,803.46,2.55,0.0515,0.0093,0.0079,435.34,2.86,112.1,298.68,P028,EQ037
2025-09-21 16:50:00,1636.38,710.1,2.32,0.0394,0.0145,0.0107,498.38,3.2,100.41,314.97,P018,EQ044
2025-09-21 17:00:00,1680.71,780.89,2.51,0.0537,0.0141,0.0098,448.82,2.88,111.38,300.06,P013,EQ002
2025-09-21 17:10:00,1626.29,738.46,1.72,0.0469,0.0139,0.0093,488.64,2.94,93.24,300.67,P004,EQ009
2025-09-21 17:20:00,1669.63,763.68,2.95,0.053,0.0193,0.0118,458.74,3.01,100.29,297.15,P005,EQ016
2025-09-21 17:30:00,1619.55,711.14,2.77,0.0458,0.0129,0.0079,483.89,3.22,125.78,282.91,P011,EQ023
2025-09-21 17:40:00,1618.71,761.63,3.01,0.0565,0.0124,0.0081,483.84,2.82,88.27,306.39,P025,EQ030
2025-09-21 17:50:00,1673.94,772.84,2.58,0.0466,0.0142,0.0095,516.57,2.99,91.21,325.71,P026,EQ037
2025-09-21 18:00:00,1629.51,842.79,2.93,0.0614,0.0182,0.0093,532.47,2.73,103.78,316.99,P019,EQ044
2025-09-21 18:10:00,1667.33,851.5,2.29,0.0489,0.015,0.0119,551.18,3.21,98.56,272.29,P028,EQ002
2025-09-21 18:20:00,1630.82,748.04,2.99,0.053,0.0147,0.0104,515.98,3.07,97.04,276.37,P026,EQ009
2025-09-21 18:30:00,1662.99,730.87,2.23,0.055,0.0197,0.0128,563.35,2.77,106.79,294.66,P002,EQ016
2025-09-21 18:40:00,1659.41,869.75,2.72,0.0356,0.0188,0.0107,525.07,2.81,81.22,302.23,P028,EQ023
2025-09-21 18:50:00,1636.92,787.42,2.57,0.0554,0.0171,0.0102,528.48,2.86,91.44,288.78,P030,EQ030
2025-09-21 19:00:00,1615.09,761.8,2.32,0.0564,0.0169,0.0124,503.09,2.8,113.92,325.78,P023,EQ037
2025-09-21 19:10:00,1658.07,803.56,2.39,0.0459,0.0093,0.0128,478.59,3.01,95.15,343.82,P010,EQ044
2025-09-21 19:20:00,1647.13,818.53,2.14,0.0594,0.0175,0.0076,552.53,3.08,79.25,303.15,P015,EQ002
2025-09-21 19:30:00,1624.22,770.2,2.37,0.0648,0.0141,0.0135,603.8,3.15,108.76,312.4,P021,EQ009
2025-09-21 19:40:00,1661.07,740.48,2.64,0.0593,0.019,0.0079,567.17,2.75,102.28,324.95,P006,EQ016
2025-09-21 19:50:00,1669.38,792.74,2.5,0.0619,0.0123,0.011,498.67,2.95,108.38,321.22,P019,EQ023
2025-09-21 20:00:00,1620.85,758.37,2.79,0.0438,0.0157,0.0126,544.15,2.95,94.39,308.42,P005,EQ030
2025-09-21 20:10:00,1643.1,802.73,2.13,0.0411,0.0116,0.0101,418.99,2.74,97.51,274.68,P015,EQ037
2025-09-21 20:20:00,1669.27,847.52,2.65,0.0623,0.0121,0.0096,602.81,2.77,88.78,300.85,P023,EQ044
2025-09-21 20:30:00,1680.94,859.93,2.51,0.0394,0.0168,0.0134,486.39,3.16,97.31,279.75,P016,EQ002
2025-09-21 20:40:00,1671.63,833.29,2.89,0.0493,0.0131,0.0135,491.3,3.65,102.34,268.31,P010,EQ009
2025-09-21 20:50:00,1649.63,817.06,2.29,0.0617,0.0164,0.0116,487.94,3.11,110.01,286.13,P029,EQ016
2025-09-21 21:00:00,1649.79,729.52,2.79,0.0511,0.016,0.0101,555.18,2.99,78.93,297.43,P005,EQ023
2025-09-21 21:10:00,1668.91,761.07,2.41,0.0382,0.0102,0.0115,577.71,2.85,101.68,307.46,P007,EQ030
2025-09-21 21:20:00,1626.19,797.4,2.14,0.0392,0.013,0.0073,528.59,3.0,124.7,285.63,P007,EQ037
2025-09-21 21:30:00,1675.1,787.71,2.23,0.0478,0.0162,0.009,443.83,2.85,95.46,299.75,P026,EQ044
2025-09-21 21:40:00,1648.78,789.53,2.63,0.067,0.0162,0.0061,520.06,2.86,107.58,305.08,P024,EQ002
2025-09-21 21:50:00,1656.67,724.78,2.69,0.0526,0.0095,0.0097,500.89,2.87,89.45,286.87,P007,EQ009
2025-09-21 22:00:00,1636.15,727.79,2.82,0.0528,0.0146,0.0127,509.17,2.91,100.07,297.5,P024,EQ016
2025-09-21 22:10:00,1630.85,781.53,2.76,0.0315,0.0144,0.0075,402.98,2.87,113.25,295.48,P021,EQ023
2025-09-21 22:20:00,1657.78,815.74,2.25,0.0495,0.0127,0.0102,460.28,2.95,117.14,305.29,P001,EQ030
2025-09-21 22:30:00,1681.03,849.38,2.36,0.0714,0.0194,0.0083,534.76,3.45,92.01,289.74,P012,EQ037
2025-09-21 22:40:00,1643.88,791.14,2.56,0.048,0.0148,0.0103,475.81,3.05,70.67,302.31,P024,EQ044
2025-09-21 22:50:00,1624.92,778.43,1.98,0.061,0.018,0.0108,454.96,3.1,94.15,292.61,P028,EQ002
2025-09-21 23:00:00,1619.85,726.67,2.88,0.042,0.0127,0.0116,450.22,3.21,92.34,289.48,P019,EQ009
2025-09-21 23:10:00,1668.4,878.23,2.32,0.0355,0.0119,0.0084,505.83,2.83,86.62,306.57,P004,EQ016
2025-09-21 23:20:00,1621.93,774.29,2.57,0.0485,0.0152,0.0106,552.16,2.94,97.95,302.44,P022,EQ023
2025-09-21 23:30:00,1668.62,710.8,2.4,0.056,0.0167,0.0088,415.74,3.14,110.42,300.64,P026,EQ030
2025-09-21 23:40:00,1621.45,701.75,2.69,0.0478,0.018,0.011,413.95,3.16,103.46,293.24,P028,EQ037
2025-09-21 23:50:00,1647.69,783.68,2.28,0.036,0.0101,0.0068,533.51,2.77,97.13,305.55,P005,EQ044
2025-09-22 00:00:00,1661.81,805.74,2.62,0.044,0.0156,0.0093,512.7,3.16,101.55,302.03,P013,EQ002
2025-09-22 00:10:00,1644.29,822.78,2.32,0.0514,0.0177,0.0062,446.27,2.72,83.25,307.0,P014,EQ009
2025-09-22 00:20:00,1613.99,839.96,2.3,0.0643,0.0162,0.0057,522.64,3.08,78.43,300.76,P022,EQ016
2025-09-22 00:30:00,1616.79,766.34,2.36,0.0431,0.0132,0.0139,570.0,3.35,117.64,301.19,P027,EQ023
2025-09-22 00:40:00,1640.37,842.61,2.91,0.0443,0.0154,0.0112,454.4,2.91,105.98,307.0,P006,EQ030
2025-09-22 00:50:00,1648.36,710.47,2.73,0.0596,0.0112,0.0059,543.88,2.56,113.46,283.32,P030,EQ037
2025-09-22 01:00:00,1676.18,931.84,2.18,0.049,0.0135,0.0074,485.85,2.99,97.74,290.38,P002,EQ044
2025-09-22 01:10:00,1679.28,703.72,2.62,0.0326,0.0108,0.0099,485.83,2.98,97.5,305.49,P004,EQ002
2025-09-22 01:20:00,1611.19,819.86,3.04,0.0237,0.0156,0.0108,453.22,3.08,98.98,307.1,P012,EQ009
2025-09-22 01:30:00,1635.25,825.97,2.63,0.0382,0.0199,0.0113,480.52,2.99,92.77,275.14,P016,EQ016
2025-09-22 01:40:00,1613.53,844.79,2.09,0.0356,0.015,0.0093,514.55,3.07,108.13,314.14,P006,EQ023
2025-09-22 01:50:00,1663.07,772.19,2.65,0.0337,0.0153,0.0122,462.44,3.37,97.15,319.04,P002,EQ030
2025-09-22 02:00:00,1645.11,766.24,2.26,0.0397,0.0103,0.0099,569.21,3.48,93.54,295.98,P004,EQ037
2025-09-22 02:10:00,1632.73,731.18,2.4,0.0376,0.0178,0.0112,490.15,3.36,113.84,316.32,P017,EQ044
2025-09-22 02:20:00,1640.82,851.49,2.24,0.046,0.0157,0.0095,491.09,3.36,93.15,315.5,P021,EQ002
2025-09-22 02:30:00,1631.37,779.48,2.84,0.0596,0.0173,0.0072,425.78,3.03,91.1,276.08,P011,EQ009
2025-09-22 02:40:00,1678.36,857.99,2.29,0.0466,0.0142,0.0118,580.72,3.18,101.36,284.59,P019,EQ016
2025-09-22 02:50:00,1612.27,799.76,2.34,0.0641,0.0175,0.0091,530.17,2.66,97.24,286.38,P014,EQ023
2025-09-22 03:00:00,1653.6,847.23,2.16,0.0491,0.0127,0.0091,592.52,3.01,108.09,299.04,P005,EQ030
2025-09-22 03:10:00,1669.66,835.33,2.42,0.0467,0.0132,0.0133,476.74,2.92,88.75,284.66,P021,EQ037
2025-09-22 03:20:00,1656.93,848.28,2.66,0.0595,0.0101,0.0136,455.98,2.94,104.38,277.12,P024,EQ044
2025-09-22 03:30:00,1631.59,769.82,2.27,0.0535,0.0148,0.0063,534.41,2.74,107.24,303.38,P013,EQ002
2025-09-22 03:40:00,1656.07,733.2,2.09,0.0305,0.0126,0.0089,440.07,3.07,105.5,312.62,P008,EQ009
2025-09-22 03:50:00,1670.9,828.43,2.69,0.0439,0.0159,0.0101,545.09,3.19,93.13,328.03,P002,EQ016
2025-09-22 04:00:00,1652.96,776.4,2.98,0.0404,0.014,0.0067,586.93,3.04,105.48,323.29,P004,EQ023
2025-09-22 04:10:00,1654.31,764.17,2.33,0.0548,0.0119,0.0085,433.34,2.98,89.0,308.26,P008,EQ030
2025-09-22 04:20:00,1598.2,814.22,2.44,0.0618,0.0181,0.0078,636.09,2.62,102.42,291.19,P013,EQ037
2025-09-22 04:30:00,1656.55,787.39,2.7,0.0506,0.0187,0.0085,410.72,3.26,97.05,302.45,P016,EQ044
2025-09-22 04:40:00,1651.15,748.47,2.7,0.0447,0.0148,0.0085,500.61,2.71,89.86,314.14,P010,EQ002
2025-09-22 04:50:00,1640.64,868.39,2.49,0.0484,0.0111,0.011,419.9,2.63,105.12,328.96,P023,EQ009
2025-09-22 05:00:00,1652.66,850.92,2.82,0.0409,0.0159,0.0093,553.61,2.94,101.95,300.62,P020,EQ016
2025-09-22 05:10:00,1657.82,764.8,2.04,0.0574,0.0204,0.0095,508.69,3.26,95.16,296.04,P006,EQ023
2025-09-22 05:20:00,1625.58,958.09,2.96,0.045,0.0147,0.0072,564.93,2.98,92.66,268.55,P021,EQ030
2025-09-22 05:30:00,1637.67,849.52,2.33,0.0431,0.0218,0.0119,523.24,2.97,100.51,317.93,P024,EQ037
2025-09-22 05:40:00,1640.77,693.83,2.24,0.0533,0.0153,0.0079,456.18,2.66,105.67,297.7,P013,EQ044
2025-09-22 05:50:00,1636.04,859.13,3.15,0.0534,0.0215,0.0087,465.71,2.5,84.4,302.43,P025,EQ002
2025-09-22 06:00:00,1644.8,857.74,3.14,0.0394,0.0202,0.0134,409.98,3.13,87.4,295.49,P023,EQ009
2025-09-22 06:10:00,1658.46,867.4,3.06,0.0415,0.0166,0.009,455.2,3.22,105.67,284.2,P026,EQ016
2025-09-22 06:20:00,1655.04,723.15,2.29,0.0322,0.0155,0.0102,464.87,2.92,82.62,283.74,P022,EQ023
2025-09-22 06:30:00,1656.66,807.83,2.5,0.0536,0.0154,0.0096,536.73,3.13,112.82,313.69,P022,EQ030
2025-09-22 06:40:00,1653.67,696.92,2.35,0.059,0.0177,0.011,637.04,3.1,106.73,289.44,P003,EQ037
2025-09-22 06:50:00,1662.7,796.12,2.39,0.0366,0.017,0.0081,545.28,3.14,105.62,297.47,P025,EQ044
2025-09-22 07:00:00,1632.73,789.22,2.91,0.0457,0.0091,0.0091,542.67,3.07,109.26,314.56,P015,EQ002
2025-09-22 07:10:00,1683.9,835.23,2.3,0.0333,0.0153,0.0093,356.11,3.0,89.81,315.97,P028,EQ009
2025-09-22 07:20:00,1633.19,824.81,2.18,0.051,0.0149,0.0099,534.25,2.9,116.74,278.67,P027,EQ016
2025-09-22 07:30:00,1620.52,838.48,2.03,0.0645,0.0174,0.011,469.18,3.5,108.65,298.3,P021,EQ023
2025-09-22 07:40:00,1651.19,772.83,3.31,0.0433,0.0154,0.008,582.74,2.88,80.64,286.3,P013,EQ030
2025-09-22 07:50:00,1632.09,827.96,2.62,0.0321,0.0182,0.0107,541.23,3.32,113.61,318.96,P009,EQ037
2025-09-22 08:00:00,1659.83,801.83,2.52,0.0633,0.0142,0.008,480.16,2.85,81.31,287.74,P021,EQ044
2025-09-22 08:10:00,1636.33,804.07,2.51,0.0544,0.0154,0.0141,542.13,3.08,100.29,270.11,P021,EQ002
2025-09-22 08:20:00,1673.45,820.79,2.96,0.0512,0.0125,0.0103,551.57,2.88,100.05,253.25,P015,EQ009
2025-09-22 08:30:00,1628.27,852.97,2.43,0.0421,0.0152,0.0111,524.23,3.09,116.97,307.24,P012,EQ016
2025-09-22 08:40:00,1652.88,774.8,2.11,0.0439,0.0136,0.0087,501.17,3.22,100.71,309.92,P001,EQ023
2025-09-22 08:50:00,1601.92,752.38,2.5,0.0559,0.0139,0.0102,519.35,2.74,113.31,287.32,P004,EQ030
2025-09-22 09:00:00,1638.89,865.91,2.59,0.039,0.0179,0.006,448.22,3.43,109.71,298.3,P004,EQ037
2025-09-22 09:10:00,1639.99,752.94,1.62,0.06,0.0121,0.0112,520.65,3.11,98.78,284.83,P003,EQ044
2025-09-22 09:20:00,1660.81,741.71,2.48,0.0589,0.0127,0.009,462.81,2.65,84.34,283.8,P004,EQ002
2025-09-22 09:30:00,1687.97,814.95,2.54,0.0604,0.0113,0.0086,455.85,3.12,123.99,283.02,P016,EQ009
2025-09-22 09:40:00,1656.21,788.86,2.71,0.0383,0.0112,0.0073,512.18,3.03,96.76,308.02,P021,EQ016
2025-09-22 09:50:00,1635.91,787.58,2.36,0.028,0.0162,0.0116,491.57,2.81,80.37,288.16,P022,EQ023
2025-09-22 10:00:00,1646.7,818.03,2.57,0.0467,0.0203,0.0113,475.42,3.14,110.0,310.04,P030,EQ030
2025-09-22 10:10:00,1661.16,787.43,2.14,0.057,0.0167,0.0132,463.99,2.99,96.88,330.24,P017,EQ037
2025-09-22 10:20:00,1667.62,777.56,2.66,0.0517,0.0215,0.0109,473.56,2.97,96.01,313.39,P008,EQ044
2025-09-22 10:30:00,1636.74,732.01,2.67,0.053,0.0121,0.0099,469.07,3.16,99.39,304.06,P001,EQ002
2025-09-22 10:40:00,1642.77,857.34,3.04,0.0396,0.0097,0.0094,483.04,2.95,98.93,300.34,P019,EQ009
2025-09-22 10:50:00,1654.53,695.59,1.9,0.0611,0.0149,0.0131,488.37,2.42,110.05,295.15,P019,EQ016
2025-09-22 11:00:00,1668.82,773.61,2.62,0.0507,0.0156,0.0117,503.9,3.02,91.67,306.75,P019,EQ023
2025-09-22 11:10:00,1642.59,814.57,2.14,0.0581,0.0169,0.0128,468.97,3.22,92.25,314.77,P016,EQ030
2025-09-22 11:20:00,1654.1,820.68,2.67,0.0606,0.0185,0.0093,511.47,3.17,99.96,306.96,P009,EQ037
2025-09-22 11:30:00,1650.29,822.29,2.84,0.0436,0.0177,0.0137,464.7,3.04,102.0,307.97,P023,EQ044
2025-09-22 11:40:00,1678.91,746.31,2.42,0.0535,0.0172,0.0094,510.16,3.25,98.19,310.26,P024,EQ002
2025-09-22 11:50:00,1655.34,802.85,2.46,0.0527,0.0126,0.0105,514.14,2.79,104.09,303.78,P004,EQ009
2025-09-22 12:00:00,1654.85,863.32,3.19,0.0603,0.0232,0.009,534.9,2.73,88.25,302.99,P026,EQ016
2025-09-22 12:10:00,1641.67,803.56,2.11,0.0541,0.0122,0.0086,505.12,2.92,107.13,279.2,P019,EQ023
2025-09-22 12:20:00,1636.98,792.02,2.51,0.0569,0.0126,0.0109,437.2,2.62,105.12,275.41,P006,EQ030
2025-09-22 12:30:00,1667.0,819.82,2.61,0.054,0.0144,0.0089,565.96,3.28,96.67,295.29,P013,EQ037
2025-09-22 12:40:00,1601.01,807.77,2.63,0.0507,0.0154,0.0105,455.06,3.27,109.25,281.67,P016,EQ044
2025-09-22 12:50:00,1622.27,821.17,2.45,0.0625,0.0131,0.0091,493.01,2.91,87.99,292.42,P021,EQ002
2025-09-22 13:00:00,1631.98,785.14,2.66,0.0511,0.0136,0.0118,497.89,3.33,89.31,313.9,P023,EQ009
2025-09-22 13:10:00,1615.71,865.32,3.02,0.0392,0.0186,0.0102,406.67,2.69,101.24,294.64,P014,EQ016
2025-09-22 13:20:00,1637.46,800.1,2.52,0.0497,0.0157,0.0069,542.77,2.88,107.13,315.22,P010,EQ023
2025-09-22 13:30:00,1665.24,876.5,2.37,0.0581,0.0124,0.0099,509.6,3.1,96.83,310.79,P019,EQ030
2025-09-22 13:40:00,1645.88,772.99,2.72,0.0529,0.0125,0.0098,578.15,2.96,109.56,321.54,P005,EQ037
2025-09-22 13:50:00,1645.92,891.28,2.13,0.0821,0.0089,0.01,446.57,3.04,102.01,273.32,P004,EQ044
2025-09-22 14:00:00,1682.05,743.62,3.03,0.044,0.0187,0.0115,659.72,3.14,102.59,274.44,P011,EQ002
2025-09-22 14:10:00,1625.39,721.27,2.39,0.0439,0.0155,0.0096,490.41,3.24,84.79,334.35,P003,EQ009
2025-09-22 14:20:00,1638.13,807.94,3.15,0.0563,0.0194,0.0099,431.88,3.47,108.26,295.71,P023,EQ016
2025-09-22 14:30:00,1630.93,853.31,2.72,0.0485,0.0161,0.0118,647.28,3.19,102.89,283.72,P030,EQ023
2025-09-22 14:40:00,1645.08,698.89,2.36,0.0346,0.0097,0.0063,487.47,2.45,100.78,312.38,P028,EQ030
2025-09-22 14:50:00,1679.09,812.4,2.5,0.0331,0.0113,0.0134,492.11,2.92,100.95,301.65,P026,EQ037
2025-09-22 15:00:00,1654.28,741.15,3.08,0.0306,0.0159,0.0131,529.61,2.87,115.74,310.22,P018,EQ044
2025-09-22 15:10:00,1639.51,769.13,2.17,0.035,0.0121,0.0126,434.56,3.28,112.46,324.9,P006,EQ002
2025-09-22 15:20:00,1668.3,772.36,2.25,0.0323,0.0241,0.0085,531.16,3.31,112.64,299.15,P013,EQ009
2025-09-22 15:30:00,1638.48,810.29,2.68,0.053,0.0164,0.0121,533.92,3.32,96.03,317.92,P027,EQ016
2025-09-22 15:40:00,1654.48,800.66,2.47,0.0569,0.0143,0.0119,583.85,2.84,83.93,300.0,P023,EQ023
2025-09-22 15:50:00,1662.16,708.62,2.15,0.05,0.0126,0.0102,501.88,3.16,85.64,307.27,P001,EQ030
2025-09-22 16:00:00,1645.6,911.87,2.56,0.0425,0.0154,0.0137,609.6,2.99,107.73,315.09,P013,EQ037
2025-09-22 16:10:00,1667.65,861.07,2.27,0.0463,0.0114,0.0091,497.69,2.49,94.22,312.04,P018,EQ044
2025-09-22 16:20:00,1632.85,846.58,1.94,0.0583,0.0102,0.0065,471.55,2.76,124.86,289.02,P027,EQ002
2025-09-22 16:30:00,1651.45,798.47,2.64,0.0356,0.0155,0.0092,468.93,3.07,101.6,278.46,P018,EQ009
2025-09-22 16:40:00,1639.1,821.34,2.65,0.054,0.0179,0.0073,513.07,2.85,100.78,285.21,P026,EQ016
2025-09-22 16:50:00,1645.89,842.89,2.9,0.0341,0.0117,0.012,461.05,3.27,114.74,301.57,P026,EQ023
2025-09-22 17:00:00,1621.15,802.69,2.41,0.066,0.0207,0.0121,491.83,2.74,112.77,316.22,P017,EQ030
2025-09-22 17:10:00,1636.14,808.82,2.35,0.0317,0.0175,0.0068,504.82,2.83,97.21,295.83,P016,EQ037
2025-09-22 17:20:00,1621.38,773.34,2.63,0.0576,0.0143,0.0128,519.79,3.46,86.14,322.66,P003,EQ044
2025-09-22 17:30:00,1633.48,855.81,2.81,0.0559,0.0136,0.0125,495.83,3.03,110.27,318.78,P017,EQ002
2025-09-22 17:40:00,1634.31,872.13,2.47,0.0353,0.012,0.0092,484.98,3.06,93.65,308.94,P027,EQ009
2025-09-22 17:50:00,1692.82,803.7,2.35,0.0493,0.0102,0.0078,436.43,3.1,107.12,309.72,P019,EQ016
2025-09-22 18:00:00,1643.98,882.51,2.75,0.0516,0.0068,0.0098,619.12,2.8,114.21,306.03,P018,EQ023
2025-09-22 18:10:00,1657.67,778.21,2.7,0.0353,0.0164,0.0112,588.68,3.03,101.26,289.12,P023,EQ030
2025-09-22 18:20:00,1676.1,870.65,2.45,0.0635,0.0175,0.0098,487.08,3.11,102.38,286.01,P027,EQ037
2025-09-22 18:30:00,1668.05,823.86,2.63,0.0428,0.0113,0.0078,543.33,3.21,105.3,277.19,P026,EQ044
2025-09-22 18:40:00,1685.01,761.11,2.48,0.0475,0.0154,0.0109,525.62,3.04,93.79,305.57,P021,EQ002
2025-09-22 18:50:00,1662.44,763.33,2.09,0.04,0.0101,0.0104,617.06,2.92,95.16,319.8,P004,EQ009
2025-09-22 19:00:00,1669.99,767.51,2.81,0.0464,0.0178,0.0096,446.5,2.67,95.84,312.82,P025,EQ016
2025-09-22 19:10:00,1651.98,734.73,2.37,0.0551,0.0137,0.0092,367.43,2.75,83.21,294.72,P025,EQ023
2025-09-22 19:20:00,1677.8,774.93,2.44,0.048,0.0133,0.0159,499.35,3.32,111.53,290.41,P007,EQ030
2025-09-22 19:30:00,1683.24,846.43,2.33,0.0466,0.0122,0.0097,512.96,2.96,90.57,312.41,P022,EQ037
2025-09-22 19:40:00,1649.53,797.56,2.25,0.0681,0.0137,0.0107,495.38,3.1,108.35,311.86,P029,EQ044
2025-09-22 19:50:00,1655.58,902.41,2.44,0.0597,0.0147,0.0084,482.44,2.7,82.57,289.72,P004,EQ002
2025-09-22 20:00:00,1643.17,844.35,2.4,0.0513,0.0174,0.0094,510.67,2.86,97.48,275.47,P006,EQ009
2025-09-22 20:10:00,1639.88,950.49,2.48,0.0404,0.0147,0.009,588.77,3.12,105.26,299.75,P028,EQ016
2025-09-22 20:20:00,1621.28,795.62,2.58,0.054,0.0158,0.0104,605.98,3.26,77.02,297.85,P020,EQ023
2025-09-22 20:30:00,1675.62,758.42,2.39,0.0641,0.0193,0.01,472.99,3.26,102.39,298.83,P023,EQ030
2025-09-22 20:40:00,1669.74,838.32,2.42,0.0553,0.0164,0.0106,504.56,2.89,115.37,305.95,P006,EQ037
2025-09-22 20:50:00,1659.86,790.79,2.03,0.0433,0.0095,0.008,534.33,2.93,101.99,306.59,P001,EQ044
2025-09-22 21:00:00,1678.75,719.13,2.6,0.0326,0.0186,0.0102,632.86,2.83,102.82,292.69,P018,EQ002
2025-09-22 21:10:00,1654.95,793.28,2.99,0.0509,0.0108,0.0132,523.4,2.97,93.46,283.66,P015,EQ009
2025-09-22 21:20:00,1624.49,719.54,2.62,0.0661,0.0076,0.0102,491.12,3.16,86.64,299.29,P026,EQ016
2025-09-22 21:30:00,1638.87,808.27,2.36,0.0359,0.014,0.0096,428.24,3.19,98.79,284.68,P011,EQ023
2025-09-22 21:40:00,1640.06,757.01,2.17,0.0588,0.0163,0.0119,459.2,2.72,94.62,299.34,P004,EQ030
2025-09-22 21:50:00,1673.1,787.11,2.17,0.0366,0.0116,0.0121,528.41,3.16,92.33,286.38,P002,EQ037
2025-09-22 22:00:00,1641.63,845.45,3.04,0.0348,0.0125,0.0108,508.73,2.84,91.68,299.2,P005,EQ044
2025-09-22 22:10:00,1652.31,811.0,2.37,0.0565,0.0217,0.0138,510.89,3.13,104.46,293.42,P019,EQ002
2025-09-22 22:20:00,1633.4,725.11,2.07,0.053,0.0152,0.0095,520.06,3.2,108.05,294.03,P007,EQ009
2025-09-22 22:30:00,1647.82,829.93,3.12,0.0426,0.0208,0.0126,516.49,3.13,125.19,298.57,P021,EQ016
2025-09-22 22:40:00,1648.33,738.82,2.45,0.0482,0.0149,0.0073,538.69,3.01,113.7,328.21,P006,EQ023
2025-09-22 22:50:00,1662.85,757.17,2.4,0.0433,0.0132,0.0083,524.26,3.26,94.72,298.92,P003,EQ030
2025-09-22 23:00:00,1620.5,782.03,3.04,0.0738,0.0152,0.0098,492.61,2.92,102.85,305.85,P018,EQ037
2025-09-22 23:10:00,1649.38,769.68,2.09,0.0515,0.0121,0.0098,453.9,2.91,97.28,295.58,P009,EQ044
2025-09-22 23:20:00,1688.63,859.44,2.77,0.041,0.0168,0.0101,512.75,3.04,125.39,293.56,P028,EQ002
2025-09-22 23:30:00,1650.98,810.07,2.51,0.0597,0.0155,0.009,409.57,3.0,102.11,305.36,P025,EQ009
2025-09-22 23:40:00,1616.88,763.88,2.21,0.0401,0.016,0.0077,500.88,3.01,111.0,302.05,P002,EQ016
2025-09-22 23:50:00,1670.14,855.75,2.87,0.0633,0.009,0.0076,485.26,2.97,99.55,300.32,P003,EQ023
2025-09-23 00:00:00,1636.79,797.67,2.13,0.0359,0.0174,0.011,524.15,3.25,113.07,261.99,P004,EQ030
2025-09-23 00:10:00,1674.43,838.8,2.92,0.0628,0.0152,0.0089,477.98,3.65,94.3,293.3,P017,EQ037
2025-09-23 00:20:00,1665.95,822.8,2.58,0.044,0.0209,0.0096,550.51,3.18,89.98,313.98,P010,EQ044
2025-09-23 00:30:00,1638.95,838.38,2.37,0.0627,0.0212,0.0121,384.03,2.85,79.25,288.94,P012,EQ002
2025-09-23 00:40:00,1635.34,801.42,2.83,0.061,0.0159,0.0113,531.97,2.91,90.71,281.43,P018,EQ009
2025-09-23 00:50:00,1625.11,819.86,2.6,0.0492,0.0145,0.0131,454.28,2.51,97.28,322.04,P006,EQ016
2025-09-23 01:00:00,1622.95,740.35,2.06,0.0571,0.0141,0.0078,562.67,2.78,104.75,290.83,P014,EQ023
2025-09-23 01:10:00,1644.09,831.91,2.87,0.0571,0.0183,0.0093,618.12,2.68,115.29,316.28,P022,EQ030
2025-09-23 01:20:00,1670.93,732.17,2.15,0.0532,0.0119,0.0069,490.72,2.75,76.38,310.55,P001,EQ037
2025-09-23 01:30:00,1651.96,754.66,2.9,0.0541,0.0166,0.0106,525.84,3.39,83.47,297.95,P008,EQ044
2025-09-23 01:40:00,1652.54,851.9,2.33,0.0626,0.0112,0.0102,506.94,3.11,101.92,313.06,P010,EQ002
2025-09-23 01:50:00,1657.65,800.65,2.36,0.0579,0.0186,0.0136,525.1,2.61,112.78,270.27,P002,EQ009
2025-09-23 02:00:00,1633.47,866.6,2.44,0.0465,0.0195,0.0107,364.65,2.84,111.11,304.5,P017,EQ016
2025-09-23 02:10:00,1654.72,743.84,2.75,0.0584,0.0189,0.0119,443.84,2.88,98.71,299.94,P029,EQ023
2025-09-23 02:20:00,1624.57,793.17,3.14,0.0567,0.0157,0.0125,484.3,2.93,99.75,289.4,P026,EQ030
2025-09-23 02:30:00,1661.35,777.38,2.8,0.0514,0.0163,0.0122,453.37,2.92,105.47,303.96,P010,EQ037
2025-09-23 02:40:00,1648.96,798.53,2.82,0.0619,0.0181,0.0108,500.23,3.16,95.2,326.58,P022,EQ044
2025-09-23 02:50:00,1628.46,757.91,2.41,0.0463,0.0157,0.0107,504.39,2.78,98.34,278.78,P018,EQ002
2025-09-23 03:00:00,1646.97,741.22,2.6,0.0427,0.0151,0.0099,434.63,3.01,111.89,309.97,P015,EQ009
2025-09-23 03:10:00,1649.81,830.58,2.28,0.0634,0.0144,0.0094,465.77,3.01,85.72,262.46,P005,EQ016
2025-09-23 03:20:00,1659.75,705.1,2.16,0.0439,0.0142,0.0099,493.15,3.06,93.66,331.04,P019,EQ023
2025-09-23 03:30:00,1651.75,822.33,2.84,0.0417,0.0144,0.0102,486.73,3.08,98.66,295.26,P016,EQ030
2025-09-23 03:40:00,1631.29,910.97,2.66,0.066,0.0194,0.0093,518.58,3.13,95.29,307.51,P023,EQ037
2025-09-23 03:50:00,1652.0,754.04,2.1,0.0472,0.0177,0.0118,430.36,3.25,105.25,317.75,P011,EQ044
2025-09-23 04:00:00,1647.14,859.82,2.69,0.0421,0.0125,0.0099,439.64,3.16,92.5,297.64,P017,EQ002
2025-09-23 04:10:00,1636.79,813.04,2.22,0.0414,0.0111,0.0088,545.55,3.11,124.44,293.24,P030,EQ009
2025-09-23 04:20:00,1660.1,788.66,2.57,0.0548,0.0138,0.0099,543.5,2.66,105.02,300.93,P012,EQ016
2025-09-23 04:30:00,1613.46,781.64,2.66,0.0486,0.0154,0.0058,530.87,3.1,124.65,281.52,P020,EQ023
2025-09-23 04:40:00,1651.3,812.47,2.99,0.0442,0.0176,0.0107,492.13,2.62,97.05,327.58,P018,EQ030
2025-09-23 04:50:00,1657.48,779.01,2.06,0.0555,0.011,0.0108,522.72,2.95,92.01,299.12,P017,EQ037
2025-09-23 05:00:00,1652.29,797.24,2.66,0.0488,0.0135,0.0098,505.59,3.04,93.8,292.75,P007,EQ044
2025-09-23 05:10:00,1673.11,814.4,2.63,0.0471,0.0184,0.0098,479.59,2.79,97.06,314.79,P023,EQ002
2025-09-23 05:20:00,1644.55,722.36,2.7,0.0488,0.0115,0.0129,526.55,3.06,95.94,301.35,P004,EQ009
2025-09-23 05:30:00,1671.85,746.67,2.77,0.0508,0.0204,0.0127,512.08,2.67,78.29,306.57,P022,EQ016
2025-09-23 05:40:00,1654.38,815.39,2.86,0.0619,0.0153,0.0073,536.57,2.93,102.02,294.35,P027,EQ023
2025-09-23 05:50:00,1664.43,765.08,2.1,0.0459,0.016,0.0089,427.7,3.05,109.98,281.0,P002,EQ030
2025-09-23 06:00:00,1682.74,689.26,2.16,0.0501,0.0146,0.0128,512.03,2.85,90.83,272.12,P008,EQ037
2025-09-23 06:10:00,1683.38,748.97,2.73,0.0542,0.0151,0.0087,434.42,3.15,63.49,304.5,P002,EQ044
2025-09-23 06:20:00,1653.4,778.08,2.44,0.04,0.015,0.0109,518.14,2.91,99.45,290.58,P007,EQ002
2025-09-23 06:30:00,1664.89,852.63,2.31,0.0535,0.014,0.0122,548.64,2.79,87.26,302.53,P005,EQ009
2025-09-23 06:40:00,1688.71,798.66,2.81,0.0482,0.0183,0.0099,490.22,2.68,125.44,305.62,P010,EQ016
2025-09-23 06:50:00,1666.03,780.02,2.46,0.0405,0.0179,0.0099,480.99,2.93,99.6,308.59,P028,EQ023
2025-09-23 07:00:00,1663.34,785.85,2.75,0.0596,0.018,0.0108,342.58,2.99,107.56,299.56,P027,EQ030
2025-09-23 07:10:00,1643.38,832.14,2.47,0.0562,0.0197,0.0129,535.57,3.21,110.32,291.84,P007,EQ037
2025-09-23 07:20:00,1613.06,744.74,2.55,0.0587,0.0187,0.0086,516.24,2.99,86.1,289.08,P005,EQ044
2025-09-23 07:30:00,1651.53,886.5,2.44,0.0592,0.0125,0.0117,466.7,2.89,101.16,324.45,P020,EQ002
2025-09-23 07:40:00,1689.88,828.08,2.69,0.0545,0.0174,0.0101,549.2,3.1,104.74,301.04,P018,EQ009
2025-09-23 07:50:00,1680.13,838.01,2.67,0.0379,0.0106,0.0087,535.74,3.05,108.92,293.67,P007,EQ016
2025-09-23 08:00:00,1668.84,775.45,3.05,0.0516,0.0093,0.0086,505.64,3.16,97.12,285.94,P019,EQ023
2025-09-23 08:10:00,1671.31,716.75,2.29,0.0468,0.0139,0.0108,544.62,3.0,94.4,300.85,P012,EQ030
2025-09-23 08:20:00,1632.56,789.45,2.45,0.0413,0.0145,0.0116,451.14,2.86,113.24,298.83,P009,EQ037
2025-09-23 08:30:00,1644.55,767.77,2.44,0.0273,0.0167,0.0088,485.27,3.04,113.87,274.67,P005,EQ044
2025-09-23 08:40:00,1657.54,756.53,2.74,0.0633,0.0138,0.0105,524.46,2.95,98.49,306.93,P024,EQ002
2025-09-23 08:50:00,1653.05,792.83,2.66,0.0585,0.0131,0.0052,644.61,2.92,97.03,295.83,P020,EQ009
2025-09-23 09:00:00,1651.5,745.4,2.55,0.0499,0.013,0.0106,482.7,3.23,111.43,313.6,P014,EQ016
2025-09-23 09:10:00,1673.27,734.11,2.63,0.0527,0.0143,0.0059,537.13,3.09,90.11,296.77,P003,EQ023
2025-09-23 09:20:00,1669.87,764.87,2.55,0.0652,0.0152,0.0099,568.62,2.97,91.28,298.56,P018,EQ030
2025-09-23 09:30:00,1658.69,770.3,2.41,0.0505,0.0105,0.012,475.47,2.94,81.65,299.01,P009,EQ037
2025-09-23 09:40:00,1647.66,754.67,2.72,0.0585,0.0175,0.0081,386.14,3.08,103.31,310.7,P009,EQ044
2025-09-23 09:50:00,1625.12,825.72,2.03,0.0503,0.0163,0.0078,476.48,3.15,116.25,326.14,P013,EQ002
2025-09-23 10:00:00,1681.39,850.04,2.81,0.0322,0.013,0.0108,438.97,2.81,79.47,285.79,P021,EQ009
2025-09-23 10:10:00,1661.9,761.41,2.96,0.0416,0.0141,0.0084,591.41,2.96,102.8,298.63,P029,EQ016
2025-09-23 10:20:00,1636.81,705.19,2.16,0.063,0.0204,0.0094,491.18,3.27,97.74,320.94,P006,EQ023
2025-09-23 10:30:00,1640.39,718.72,2.46,0.0453,0.0154,0.01,453.75,2.84,85.99,304.83,P013,EQ030
2025-09-23 10:40:00,1628.44,853.29,2.25,0.0612,0.0145,0.0108,433.11,3.01,112.78,279.59,P015,EQ037
2025-09-23 10:50:00,1611.12,888.55,1.97,0.0679,0.0176,0.0079,555.39,3.11,101.63,276.29,P003,EQ044
2025-09-23 11:00:00,1655.75,836.77,2.47,0.0344,0.0153,0.0087,510.98,2.83,94.59,342.93,P009,EQ002
2025-09-23 11:10:00,1667.83,813.16,2.38,0.0635,0.0115,0.0101,613.19,3.18,88.72,296.43,P022,EQ009
2025-09-23 11:20:00,1647.56,748.57,2.82,0.052,0.0153,0.0074,532.5,2.86,110.9,272.53,P014,EQ016
2025-09-23 11:30:00,1624.64,809.56,2.67,0.0423,0.0145,0.0091,551.2,2.81,113.7,335.41,P023,EQ023
2025-09-23 11:40:00,1673.1,818.43,2.08,0.045,0.0144,0.0067,420.96,3.12,102.06,297.21,P005,EQ030
2025-09-23 11:50:00,1636.39,884.58,2.85,0.0535,0.0234,0.0112,435.34,2.87,94.14,285.21,P018,EQ037
2025-09-23 12:00:00,1651.36,808.72,2.77,0.0625,0.0126,0.0119,410.52,2.78,104.03,294.27,P007,EQ044
2025-09-23 12:10:00,1656.15,801.02,3.01,0.046,0.0113,0.0083,476.07,2.83,86.49,285.76,P003,EQ002
2025-09-23 12:20:00,1659.08,746.69,2.4,0.0682,0.0123,0.0126,513.32,3.13,100.83,298.49,P021,EQ009
2025-09-23 12:30:00,1680.97,796.54,2.5,0.0673,0.0113,0.0109,431.62,3.14,104.5,333.93,P024,EQ016
2025-09-23 12:40:00,1656.98,780.21,2.42,0.041,0.0158,0.0094,522.05,2.73,111.38,293.47,P009,EQ023
2025-09-23 12:50:00,1659.88,742.47,2.41,0.0376,0.0165,0.0112,525.0,2.69,108.21,268.3,P021,EQ030
2025-09-23 13:00:00,1642.91,788.8,2.76,0.0692,0.0125,0.0102,503.72,3.05,102.97,312.92,P023,EQ037
2025-09-23 13:10:00,1644.27,761.61,2.94,0.0504,0.0168,0.0094,384.57,2.98,100.32,324.91,P021,EQ044
2025-09-23 13:20:00,1663.66,760.51,2.33,0.069,0.0175,0.0104,412.45,3.06,91.15,292.73,P007,EQ002
2025-09-23 13:30:00,1654.82,875.69,2.26,0.0326,0.0189,0.0108,483.94,3.01,101.39,302.06,P023,EQ009
2025-09-23 13:40:00,1608.88,798.16,2.31,0.04,0.0133,0.0098,472.34,2.7,99.06,303.51,P012,EQ016
2025-09-23 13:50:00,1634.29,822.73,2.96,0.0348,0.0161,0.0104,517.98,3.07,94.45,299.51,P019,EQ023
2025-09-23 14:00:00,1697.38,748.71,2.62,0.0538,0.0142,0.0105,566.02,3.27,101.84,281.39,P022,EQ030
2025-09-23 14:10:00,1652.05,791.0,2.54,0.0365,0.0091,0.0068,554.24,2.89,95.9,284.15,P021,EQ037
2025-09-23 14:20:00,1646.39,791.42,2.59,0.0599,0.0183,0.0104,452.6,3.06,97.29,338.72,P027,EQ044
2025-09-23 14:30:00,1661.54,811.45,2.29,0.056,0.0156,0.0088,539.79,3.0,91.83,299.25,P017,EQ002
2025-09-23 14:40:00,1644.83,784.2,2.49,0.0466,0.0133,0.0098,511.98,3.23,100.58,290.21,P020,EQ009
2025-09-23 14:50:00,1639.84,804.94,2.79,0.0573,0.0121,0.0079,427.64,2.9,112.02,285.13,P006,EQ016
2025-09-23 15:00:00,1644.26,834.23,2.91,0.0474,0.008,0.0106,484.7,2.86,97.3,285.26,P014,EQ023
2025-09-23 15:10:00,1663.06,747.08,2.41,0.049,0.0148,0.0108,565.96,2.95,104.17,288.11,P027,EQ030
2025-09-23 15:20:00,1687.95,778.56,2.13,0.0426,0.0151,0.0107,527.9,2.89,95.07,290.5,P005,EQ037
2025-09-23 15:30:00,1678.05,794.11,2.97,0.0295,0.0102,0.0088,515.52,2.94,89.28,310.27,P011,EQ044
2025-09-23 15:40:00,1615.98,806.49,2.4,0.07,0.0162,0.0104,556.74,3.22,92.5,293.46,P026,EQ002
2025-09-23 15:50:00,1623.61,745.49,1.93,0.0457,0.0163,0.0107,488.25,3.19,86.4,269.16,P014,EQ009
2025-09-23 16:00:00,1629.45,781.26,2.14,0.047,0.0125,0.0083,515.94,2.78,112.72,302.64,P013,EQ016
2025-09-23 16:10:00,1650.93,830.09,2.69,0.0499,0.0176,0.0122,526.68,2.98,105.98,289.34,P001,EQ023
2025-09-23 16:20:00,1659.29,832.07,2.62,0.0424,0.0184,0.0122,563.62,2.95,114.08,321.17,P020,EQ030
2025-09-23 16:30:00,1617.04,947.39,2.12,0.055,0.0141,0.0099,476.77,3.25,88.73,304.92,P008,EQ037
2025-09-23 16:40:00,1659.55,825.57,2.84,0.0509,0.0196,0.0078,387.17,2.76,81.88,308.1,P003,EQ044
2025-09-23 16:50:00,1613.79,827.9,2.27,0.0486,0.0144,0.0122,472.0,2.4,90.67,309.3,P009,EQ002
2025-09-23 17:00:00,1678.92,779.35,2.68,0.0555,0.0137,0.0071,472.16,2.54,86.93,282.23,P004,EQ009
2025-09-23 17:10:00,1662.64,874.64,2.07,0.0415,0.0157,0.0076,506.47,2.95,86.67,326.67,P018,EQ016
2025-09-23 17:20:00,1641.11,810.82,2.71,0.0372,0.0159,0.0124,472.1,3.21,90.9,277.13,P004,EQ023
2025-09-23 17:30:00,1677.54,815.57,2.94,0.0372,0.0108,0.008,493.78,3.3,79.8,271.77,P022,EQ030
2025-09-23 17:40:00,1623.38,880.08,2.34,0.0503,0.0125,0.0111,548.36,3.07,93.38,277.09,P018,EQ037
2025-09-23 17:50:00,1640.13,809.29,2.81,0.0453,0.0138,0.0096,496.4,3.12,92.93,285.37,P014,EQ044
2025-09-23 18:00:00,1686.87,784.77,2.6,0.0473,0.0137,0.0081,488.05,3.19,123.13,273.2,P003,EQ002
2025-09-23 18:10:00,1659.28,805.93,2.68,0.07,0.0132,0.01,478.95,3.07,106.67,313.21,P011,EQ009
2025-09-23 18:20:00,1665.77,814.09,2.56,0.0669,0.0166,0.0071,561.26,2.81,111.91,321.74,P021,EQ016
2025-09-23 18:30:00,1665.75,772.31,2.34,0.0393,0.0194,0.0112,432.38,3.07,96.66,286.35,P003,EQ023
2025-09-23 18:40:00,1626.62,765.36,2.23,0.0513,0.0152,0.0075,463.07,3.08,87.74,304.2,P012,EQ030
2025-09-23 18:50:00,1667.31,791.36,2.41,0.0532,0.0112,0.0095,479.37,2.88,103.59,289.09,P030,EQ037
2025-09-23 19:00:00,1655.37,844.11,2.66,0.0698,0.0149,0.0088,473.04,3.39,114.02,311.06,P011,EQ044
2025-09-23 19:10:00,1679.87,828.49,2.23,0.063,0.0146,0.0067,494.03,3.12,107.15,296.52,P025,EQ002
2025-09-23 19:20:00,1647.56,837.07,2.39,0.0597,0.018,0.0087,493.14,2.73,102.05,312.75,P009,EQ009
2025-09-23 19:30:00,1634.55,765.85,2.44,0.0408,0.0153,0.0047,507.64,3.2,108.37,312.16,P005,EQ016
2025-09-23 19:40:00,1625.19,767.96,2.58,0.0427,0.0092,0.0105,444.55,3.17,94.26,285.53,P028,EQ023
2025-09-23 19:50:00,1671.83,801.35,2.73,0.0488,0.0152,0.0101,517.56,3.18,90.24,298.87,P026,EQ030
2025-09-23 20:00:00,1651.72,811.81,2.95,0.0582,0.0143,0.0078,365.26,2.78,112.62,326.26,P008,EQ037
2025-09-23 20:10:00,1621.49,830.6,3.05,0.0651,0.0153,0.0111,518.95,3.26,116.7,317.29,P009,EQ044
2025-09-23 20:20:00,1694.58,816.96,2.94,0.0729,0.0175,0.0108,525.65,3.48,102.13,315.63,P001,EQ002
2025-09-23 20:30:00,1674.25,815.57,2.67,0.0469,0.0119,0.0111,527.08,2.8,99.07,304.46,P004,EQ009
2025-09-23 20:40:00,1649.63,784.33,2.68,0.0626,0.0189,0.0085,509.06,2.93,81.2,264.26,P013,EQ016
2025-09-23 20:50:00,1671.87,792.61,3.06,0.0426,0.0128,0.0096,478.45,2.94,92.69,287.89,P008,EQ023
2025-09-23 21:00:00,1623.7,731.22,2.38,0.0354,0.0127,0.0103,435.52,3.26,100.81,293.36,P013,EQ030
2025-09-23 21:10:00,1644.13,846.12,2.37,0.0613,0.015,0.0096,384.99,3.44,107.95,295.41,P004,EQ037
2025-09-23 21:20:00,1650.42,836.93,2.25,0.0565,0.0147,0.011,538.59,2.59,97.35,320.25,P026,EQ044
2025-09-23 21:30:00,1625.28,881.54,2.23,0.0521,0.0151,0.0137,432.53,3.14,104.98,278.46,P030,EQ002
2025-09-23 21:40:00,1649.19,804.79,2.28,0.0612,0.0159,0.0112,581.44,2.98,95.56,314.16,P004,EQ009
2025-09-23 21:50:00,1650.83,774.52,2.56,0.064,0.0178,0.009,535.43,2.98,97.18,279.21,P006,EQ016
2025-09-23 22:00:00,1613.56,738.65,2.38,0.0562,0.0158,0.0088,493.54,3.05,99.51,270.21,P017,EQ023
2025-09-23 22:10:00,1631.68,810.26,2.25,0.068,0.0163,0.007,508.33,2.68,108.36,327.46,P024,EQ030
2025-09-23 22:20:00,1690.58,738.11,2.84,0.051,0.0151,0.0093,494.68,2.73,103.59,296.07,P029,EQ037
2025-09-23 22:30:00,1657.55,815.57,2.05,0.0466,0.0202,0.0092,437.46,2.8,113.38,308.13,P010,EQ044
2025-09-23 22:40:00,1626.72,799.49,2.45,0.0594,0.0101,0.0073,441.25,3.21,73.89,287.59,P019,EQ002
2025-09-23 22:50:00,1649.22,704.14,1.96,0.0396,0.0132,0.0078,468.79,2.98,100.61,286.92,P027,EQ009
2025-09-23 23:00:00,1632.47,876.96,2.86,0.0428,0.013,0.0106,616.65,3.13,103.37,291.1,P026,EQ016
2025-09-23 23:10:00,1627.9,762.96,2.2,0.0702,0.0156,0.0094,554.51,2.77,111.87,335.9,P016,EQ023
2025-09-23 23:20:00,1660.47,747.81,2.11,0.034,0.0144,0.011,493.7,2.89,99.71,306.52,P004,EQ030
2025-09-23 23:30:00,1664.78,815.16,2.8,0.0608,0.0186,0.0116,570.62,3.17,95.97,308.73,P017,EQ037
2025-09-23 23:40:00,1628.73,770.44,3.0,0.0544,0.0126,0.0123,569.75,2.93,98.41,309.85,P012,EQ044
2025-09-23 23:50:00,1668.46,887.56,2.56,0.0439,0.0132,0.008,461.68,3.39,108.08,316.45,P023,EQ002
2025-09-24 00:00:00,1676.21,841.07,2.31,0.0658,0.0141,0.0098,463.5,2.94,94.4,305.54,P019,EQ009
2025-09-24 00:10:00,1642.21,804.87,2.33,0.0409,0.0158,0.0029,480.63,2.68,87.17,284.94,P028,EQ016
2025-09-24 00:20:00,1658.32,833.9,2.17,0.0549,0.013,0.0114,451.52,3.08,91.34,289.85,P010,EQ023
2025-09-24 00:30:00,1637.64,867.76,2.59,0.0432,0.0164,0.0102,491.53,2.93,100.39,304.15,P018,EQ030
2025-09-24 00:40:00,1681.91,820.61,2.12,0.0457,0.0138,0.0094,523.56,2.88,99.75,310.58,P009,EQ037
2025-09-24 00:50:00,1651.17,728.56,2.72,0.0481,0.0144,0.0094,474.21,3.17,103.3,313.31,P020,EQ044
2025-09-24 01:00:00,1642.94,845.97,2.52,0.0517,0.0162,0.0122,477.61,3.15,83.46,313.86,P004,EQ002
2025-09-24 01:10:00,1655.16,785.54,2.65,0.0534,0.0116,0.0082,498.86,2.98,99.96,294.21,P029,EQ009
2025-09-24 01:20:00,1599.86,816.76,2.45,0.0546,0.0208,0.009,525.24,2.84,107.38,315.59,P002,EQ016
2025-09-24 01:30:00,1643.88,770.52,2.19,0.0464,0.0126,0.0122,546.69,2.99,104.75,315.28,P006,EQ023
2025-09-24 01:40:00,1600.44,848.58,2.31,0.039,0.0168,0.0099,434.95,2.69,99.59,283.54,P011,EQ030
2025-09-24 01:50:00,1658.97,874.98,2.66,0.057,0.0117,0.011,404.83,3.12,108.06,304.87,P025,EQ037
2025-09-24 02:00:00,1661.46,718.35,2.02,0.0701,0.016,0.0103,559.01,2.92,98.08,284.11,P013,EQ044
2025-09-24 02:10:00,1657.02,888.19,2.72,0.0444,0.016,0.0116,521.76,3.06,90.97,287.81,P006,EQ002
2025-09-24 02:20:00,1630.19,764.78,2.61,0.0687,0.0165,0.0112,466.99,2.99,95.62,323.67,P012,EQ009
2025-09-24 02:30:00,1668.9,858.97,2.63,0.0472,0.0223,0.0094,502.12,3.12,92.17,318.96,P026,EQ016
2025-09-24 02:40:00,1682.93,763.84,2.33,0.0511,0.0158,0.0085,347.57,2.82,99.08,311.5,P024,EQ023
2025-09-24 02:50:00,1666.92,816.82,2.68,0.0679,0.0179,0.0079,483.55,2.98,90.66,322.8,P022,EQ030
2025-09-24 03:00:00,1644.0,797.28,2.31,0.0512,0.0142,0.011,413.26,2.83,97.49,310.17,P026,EQ037
2025-09-24 03:10:00,1679.63,776.2,2.32,0.0493,0.0168,0.0136,507.37,2.89,105.79,305.34,P018,EQ044
2025-09-24 03:20:00,1637.81,747.85,2.85,0.0373,0.0154,0.0111,556.57,3.07,93.28,258.15,P018,EQ002
2025-09-24 03:30:00,1650.49,751.53,2.3,0.055,0.016,0.01,444.91,2.98,86.47,307.86,P020,EQ009
2025-09-24 03:40:00,1663.45,788.46,2.6,0.0378,0.0136,0.0127,515.49,3.03,102.64,291.82,P029,EQ016
2025-09-24 03:50:00,1647.94,869.31,3.08,0.0511,0.0197,0.0111,509.7,3.29,103.81,280.03,P028,EQ023
2025-09-24 04:00:00,1681.83,795.02,2.3,0.057,0.0134,0.011,453.92,3.26,103.14,279.02,P013,EQ030
2025-09-24 04:10:00,1654.37,921.21,2.86,0.046,0.0118,0.0095,592.72,3.39,106.76,300.25,P016,EQ037
2025-09-24 04:20:00,1657.31,845.05,2.56,0.0397,0.0128,0.0121,490.15,2.97,89.42,314.38,P019,EQ044
2025-09-24 04:30:00,1664.06,803.17,2.77,0.0566,0.012,0.0136,535.73,3.1,90.26,326.38,P005,EQ002
2025-09-24 04:40:00,1603.37,851.07,2.82,0.0719,0.0137,0.0106,548.68,3.3,111.72,294.65,P009,EQ009
2025-09-24 04:50:00,1621.65,840.14,2.31,0.051,0.0152,0.0108,552.39,3.17,95.22,277.7,P001,EQ016
2025-09-24 05:00:00,1652.86,673.63,3.29,0.0293,0.0174,0.0135,589.19,2.99,106.12,304.43,P022,EQ023
2025-09-24 05:10:00,1603.51,785.94,2.14,0.0486,0.0094,0.0094,443.64,3.0,102.22,301.66,P017,EQ030
2025-09-24 05:20:00,1644.72,792.6,1.87,0.0374,0.0121,0.0072,613.69,3.03,77.81,265.77,P023,EQ037
2025-09-24 05:30:00,1634.93,843.18,2.85,0.057,0.0094,0.0118,439.32,2.91,92.78,269.56,P005,EQ044
2025-09-24 05:40:00,1657.57,799.33,2.33,0.0485,0.0163,0.0101,530.06,2.92,110.02,294.66,P022,EQ002
2025-09-24 05:50:00,1663.53,682.71,2.86,0.0532,0.017,0.0094,432.89,3.02,101.78,283.81,P005,EQ009
2025-09-24 06:00:00,1638.6,734.49,2.13,0.0389,0.0175,0.0108,431.37,2.96,103.26,312.35,P005,EQ016
2025-09-24 06:10:00,1644.77,858.89,2.14,0.049,0.0117,0.0094,504.38,3.13,79.75,304.59,P013,EQ023
2025-09-24 06:20:00,1653.1,861.6,1.91,0.054,0.0169,0.0097,502.52,2.66,104.2,308.34,P019,EQ030
2025-09-24 06:30:00,1677.37,791.38,2.63,0.0479,0.0122,0.0091,518.77,2.61,84.16,299.75,P024,EQ037
2025-09-24 06:40:00,1653.8,822.54,2.64,0.0444,0.0129,0.0116,445.15,3.0,104.42,313.0,P009,EQ044
2025-09-24 06:50:00,1632.47,765.2,2.69,0.0612,0.018,0.0128,449.88,2.98,94.26,280.15,P002,EQ002
2025-09-24 07:00:00,1637.69,741.67,2.62,0.0505,0.0147,0.0057,509.4,3.24,106.27,300.82,P030,EQ009
2025-09-24 07:10:00,1674.86,783.24,2.84,0.0414,0.0138,0.0132,509.56,3.12,82.24,309.43,P024,EQ016
2025-09-24 07:20:00,1655.01,756.1,2.09,0.0429,0.0164,0.0068,532.07,3.04,101.81,291.6,P021,EQ023
2025-09-24 07:30:00,1660.3,812.57,2.61,0.0632,0.0123,0.0065,574.73,3.08,103.42,282.25,P012,EQ030
2025-09-24 07:40:00,1672.27,673.17,2.5,0.0456,0.0121,0.0117,438.56,3.28,107.21,298.44,P023,EQ037
2025-09-24 07:50:00,1620.09,743.45,2.56,0.0523,0.0169,0.0099,508.86,2.71,106.78,334.7,P025,EQ044
2025-09-24 08:00:00,1664.77,850.49,2.08,0.0429,0.0187,0.0116,521.41,3.14,116.1,324.42,P008,EQ002
2025-09-24 08:10:00,1667.76,789.92,2.44,0.0421,0.0121,0.0094,455.67,2.69,101.79,275.01,P022,EQ009
2025-09-24 08:20:00,1632.81,851.48,2.45,0.0432,0.017,0.0137,493.02,3.15,92.58,287.01,P020,EQ016
2025-09-24 08:30:00,1650.6,856.19,2.19,0.0513,0.0139,0.0091,508.35,3.11,88.34,289.81,P014,EQ023
2025-09-24 08:40:00,1638.29,827.75,2.51,0.0535,0.0103,0.0116,572.59,3.42,98.7,300.57,P023,EQ030
2025-09-24 08:50:00,1651.73,743.5,2.26,0.0544,0.0186,0.0092,526.47,3.33,107.0,295.57,P015,EQ037
2025-09-24 09:00:00,1678.29,856.59,2.47,0.0528,0.0166,0.0081,526.87,3.18,77.59,290.47,P006,EQ044
2025-09-24 09:10:00,1646.26,777.54,2.35,0.0527,0.0122,0.0073,338.38,3.06,108.7,299.37,P015,EQ002
2025-09-24 09:20:00,1669.94,824.49,2.63,0.0392,0.0222,0.0093,516.83,3.07,98.66,293.85,P012,EQ009
2025-09-24 09:30:00,1637.39,850.04,2.18,0.0511,0.0177,0.0108,541.78,2.85,89.94,274.43,P026,EQ016
2025-09-24 09:40:00,1613.55,827.06,2.72,0.0434,0.0123,0.007,488.82,2.96,99.34,270.43,P015,EQ023
2025-09-24 09:50:00,1626.06,746.57,2.34,0.0573,0.0145,0.0115,556.64,2.89,106.34,312.9,P017,EQ030
2025-09-24 10:00:00,1645.4,843.47,2.69,0.0269,0.0162,0.0076,528.72,2.97,107.97,295.33,P010,EQ037
2025-09-24 10:10:00,1663.28,824.39,2.34,0.0559,0.0187,0.0068,520.42,2.78,90.38,321.73,P009,EQ044
2025-09-24 10:20:00,1640.56,825.78,1.91,0.0404,0.0196,0.0143,437.68,3.1,93.28,312.02,P014,EQ002
2025-09-24 10:30:00,1641.96,818.42,1.87,0.0335,0.0131,0.0105,544.54,3.0,95.8,338.56,P017,EQ009
2025-09-24 10:40:00,1653.82,850.6,2.53,0.0241,0.012,0.0089,587.79,2.97,98.43,300.23,P023,EQ016
2025-09-24 10:50:00,1610.49,763.16,2.47,0.0269,0.0182,0.0098,467.82,2.96,100.72,277.65,P029,EQ023
2025-09-24 11:00:00,1647.25,760.89,2.22,0.0448,0.0101,0.0103,410.18,3.15,99.41,271.53,P030,EQ030
2025-09-24 11:10:00,1700.18,698.63,2.48,0.0523,0.0152,0.0068,422.75,3.51,92.98,275.09,P027,EQ037
2025-09-24 11:20:00,1653.48,748.47,2.38,0.0329,0.0116,0.0105,441.31,2.91,93.95,295.42,P008,EQ044
2025-09-24 11:30:00,1660.5,753.42,2.2,0.0529,0.0132,0.0103,492.46,2.97,102.83,329.23,P010,EQ002
2025-09-24 11:40:00,1661.19,823.72,2.59,0.0509,0.0201,0.0089,528.53,2.87,114.92,311.89,P021,EQ009
2025-09-24 11:50:00,1679.43,883.91,2.65,0.043,0.0157,0.01,555.05,3.04,106.1,291.12,P028,EQ016
2025-09-24 12:00:00,1656.04,824.21,2.47,0.0531,0.0118,0.0116,568.88,2.9,114.29,302.67,P003,EQ023
2025-09-24 12:10:00,1660.27,810.5,2.53,0.0533,0.0119,0.0115,527.58,3.21,89.72,312.32,P010,EQ030
2025-09-24 12:20:00,1641.22,839.62,2.09,0.0626,0.0151,0.0101,537.71,2.8,109.92,293.25,P014,EQ037
2025-09-24 12:30:00,1631.32,849.13,2.27,0.0253,0.0174,0.0068,504.32,2.99,119.24,307.83,P025,EQ044
2025-09-24 12:40:00,1645.83,854.29,2.47,0.0416,0.0151,0.0094,541.23,3.1,95.61,332.03,P011,EQ002
2025-09-24 12:50:00,1607.78,795.18,1.89,0.0492,0.0167,0.0105,498.06,2.66,96.55,291.86,P028,EQ009
2025-09-24 13:00:00,1632.57,809.1,2.5,0.0283,0.0135,0.0087,441.56,3.11,133.04,311.78,P003,EQ016
2025-09-24 13:10:00,1637.29,843.75,2.55,0.0544,0.0163,0.0116,487.02,3.1,86.31,304.53,P021,EQ023
2025-09-24 13:20:00,1629.59,793.43,2.08,0.0529,0.0163,0.0091,595.74,2.94,96.44,281.52,P003,EQ030
2025-09-24 13:30:00,1620.65,775.02,1.99,0.0467,0.008,0.0086,525.92,2.8,86.78,300.27,P003,EQ037
2025-09-24 13:40:00,1606.5,805.94,2.11,0.0694,0.0109,0.0082,430.31,3.06,92.99,297.36,P024,EQ044
2025-09-24 13:50:00,1632.87,759.93,2.41,0.037,0.0165,0.0076,509.19,2.88,106.38,307.79,P008,EQ002
2025-09-24 14:00:00,1678.03,820.9,2.74,0.0314,0.0209,0.0098,527.44,2.72,95.68,290.79,P003,EQ009
2025-09-24 14:10:00,1626.71,833.94,2.47,0.0518,0.0177,0.0116,507.5,3.21,102.73,304.13,P006,EQ016
2025-09-24 14:20:00,1670.7,712.44,2.48,0.0652,0.0191,0.0126,501.98,3.17,98.32,294.46,P019,EQ023
2025-09-24 14:30:00,1679.64,804.5,2.64,0.0425,0.0123,0.0092,417.7,3.12,93.64,305.52,P002,EQ030
2025-09-24 14:40:00,1641.86,794.41,2.45,0.0586,0.0137,0.0062,606.42,2.77,108.62,286.1,P003,EQ037
2025-09-24 14:50:00,1637.75,721.88,2.73,0.0485,0.0154,0.0135,513.96,3.03,94.59,271.1,P024,EQ044
2025-09-24 15:00:00,1645.66,789.07,2.7,0.0488,0.0161,0.0097,477.68,2.8,113.5,304.88,P010,EQ002
2025-09-24 15:10:00,1640.66,885.23,2.34,0.0561,0.0154,0.0125,517.07,2.95,107.31,290.62,P018,EQ009
2025-09-24 15:20:00,1667.03,793.64,2.53,0.0584,0.0208,0.0099,491.54,2.82,95.11,295.46,P030,EQ016
2025-09-24 15:30:00,1648.48,822.98,1.72,0.0472,0.0135,0.0075,613.91,2.79,115.09,285.5,P016,EQ023
2025-09-24 15:40:00,1612.6,851.22,2.36,0.0701,0.0186,0.0102,471.62,2.58,112.23,321.36,P026,EQ030
2025-09-24 15:50:00,1638.42,791.8,2.25,0.0493,0.0155,0.0088,516.48,3.4,113.08,292.57,P028,EQ037
2025-09-24 16:00:00,1639.26,765.97,2.19,0.0399,0.0214,0.0125,482.81,3.42,111.91,303.64,P001,EQ044
2025-09-24 16:10:00,1688.19,764.55,2.5,0.0467,0.015,0.0098,459.62,3.03,93.89,273.27,P014,EQ002
2025-09-24 16:20:00,1643.15,791.54,2.58,0.0495,0.0143,0.0092,502.75,2.61,93.59,277.22,P022,EQ009
2025-09-24 16:30:00,1664.73,848.34,2.56,0.0477,0.0122,0.0127,480.42,3.4,96.16,278.85,P017,EQ016
2025-09-24 16:40:00,1631.09,733.35,2.12,0.0428,0.0193,0.009,582.51,3.02,87.54,283.71,P030,EQ023
2025-09-24 16:50:00,1652.01,787.03,2.45,0.0553,0.0199,0.0122,540.46,2.92,105.42,303.61,P024,EQ030
2025-09-24 17:00:00,1626.67,759.46,2.09,0.0427,0.0175,0.009,499.67,3.3,88.39,306.83,P005,EQ037
2025-09-24 17:10:00,1621.44,881.87,2.02,0.0394,0.0148,0.011,423.16,3.32,98.36,292.79,P016,EQ044
2025-09-24 17:20:00,1666.99,846.82,2.06,0.0597,0.0142,0.0083,492.77,2.98,113.44,304.97,P016,EQ002
2025-09-24 17:30:00,1654.59,846.45,2.74,0.0472,0.0168,0.0107,495.66,3.1,105.66,306.76,P017,EQ009
2025-09-24 17:40:00,1643.1,814.56,2.33,0.035,0.0147,0.0105,385.86,3.23,104.59,306.75,P022,EQ016
2025-09-24 17:50:00,1635.38,750.92,2.11,0.0535,0.0175,0.0113,559.14,3.4,100.65,298.2,P022,EQ023
2025-09-24 18:00:00,1644.47,766.0,2.6,0.0419,0.0077,0.0126,389.16,3.12,95.87,306.27,P029,EQ030
2025-09-24 18:10:00,1645.57,793.31,2.57,0.0451,0.0141,0.0096,457.12,2.88,109.77,288.75,P018,EQ037
2025-09-24 18:20:00,1659.08,828.17,1.79,0.0564,0.0152,0.0098,514.61,3.16,100.47,295.39,P023,EQ044
2025-09-24 18:30:00,1653.59,787.4,2.27,0.0526,0.0209,0.0103,454.95,2.93,95.35,306.9,P004,EQ002
2025-09-24 18:40:00,1616.59,853.27,2.5,0.0566,0.0223,0.0082,564.2,2.61,93.25,314.67,P013,EQ009
2025-09-24 18:50:00,1656.66,749.52,2.16,0.0496,0.0162,0.0152,446.19,3.02,105.08,290.47,P001,EQ016
2025-09-24 19:00:00,1657.39,840.89,2.22,0.0431,0.0119,0.0098,506.15,2.9,117.78,310.39,P020,EQ023
2025-09-24 19:10:00,1640.17,842.1,2.6,0.0541,0.0122,0.0116,624.9,2.99,102.53,309.61,P007,EQ030
2025-09-24 19:20:00,1705.05,877.8,2.73,0.0337,0.0181,0.0098,561.8,2.85,114.69,291.8,P030,EQ037
2025-09-24 19:30:00,1658.19,694.54,2.73,0.0589,0.0213,0.0092,510.1,2.64,100.55,290.77,P027,EQ044
2025-09-24 19:40:00,1646.13,764.0,2.65,0.054,0.0204,0.0097,585.31,2.78,86.39,282.87,P024,EQ002
2025-09-24 19:50:00,1654.65,813.62,2.17,0.0384,0.0163,0.009,582.31,3.26,97.03,313.9,P001,EQ009
2025-09-24 20:00:00,1644.45,847.7,2.38,0.0599,0.0182,0.0117,477.52,3.03,106.54,295.58,P023,EQ016
2025-09-24 20:10:00,1628.14,712.75,2.19,0.0606,0.0161,0.0094,527.37,2.95,101.16,287.04,P014,EQ023
2025-09-24 20:20:00,1630.43,774.27,2.62,0.0552,0.017,0.0106,492.65,2.87,120.03,321.49,P023,EQ030
2025-09-24 20:30:00,1645.68,842.36,2.81,0.0431,0.0179,0.0087,486.63,2.93,103.69,313.39,P018,EQ037
2025-09-24 20:40:00,1635.83,804.45,2.7,0.0506,0.0147,0.0152,468.86,3.12,100.81,291.01,P024,EQ044
2025-09-24 20:50:00,1671.78,817.93,2.04,0.0381,0.0171,0.0107,452.94,3.03,118.5,294.92,P012,EQ002
2025-09-24 21:00:00,1634.23,826.99,3.04,0.0564,0.0143,0.01,485.34,2.61,101.92,284.84,P008,EQ009
2025-09-24 21:10:00,1657.41,833.92,2.56,0.0623,0.0137,0.0087,542.61,2.95,111.32,310.26,P024,EQ016
2025-09-24 21:20:00,1651.4,723.59,2.05,0.0388,0.0136,0.0094,547.79,3.07,104.73,299.75,P022,EQ023
2025-09-24 21:30:00,1661.25,814.77,2.97,0.0343,0.0168,0.006,548.81,3.16,80.25,324.75,P030,EQ030
2025-09-24 21:40:00,1675.61,806.04,2.93,0.0546,0.0173,0.0085,519.42,3.05,103.95,305.18,P027,EQ037
2025-09-24 21:50:00,1619.06,756.88,2.28,0.052,0.0112,0.0071,501.9,3.09,96.1,305.51,P029,EQ044
2025-09-24 22:00:00,1650.33,767.53,2.62,0.0403,0.0179,0.0117,473.48,3.08,100.16,295.84,P017,EQ002
2025-09-24 22:10:00,1670.67,812.83,2.05,0.028,0.014,0.0091,511.38,3.35,117.95,301.09,P022,EQ009
2025-09-24 22:20:00,1637.19,827.87,2.13,0.0476,0.0177,0.0094,435.74,2.86,103.87,297.3,P020,EQ016
2025-09-24 22:30:00,1614.65,837.01,2.12,0.0457,0.0192,0.0116,430.5,2.87,86.82,293.06,P002,EQ023
2025-09-24 22:40:00,1659.67,790.43,2.53,0.0521,0.015,0.0097,478.65,2.71,105.33,338.96,P020,EQ030
2025-09-24 22:50:00,1655.47,769.5,2.77,0.0495,0.0121,0.0103,460.23,2.9,99.88,303.79,P015,EQ037
2025-09-24 23:00:00,1666.15,781.28,2.58,0.0449,0.009,0.0113,571.78,3.01,93.98,337.79,P006,EQ044
2025-09-24 23:10:00,1661.97,699.22,2.36,0.0515,0.0135,0.0106,411.72,2.73,110.78,273.13,P022,EQ002
2025-09-24 23:20:00,1614.1,798.12,2.59,0.0292,0.0125,0.0147,641.44,3.28,87.81,322.8,P030,EQ009
2025-09-24 23:30:00,1675.0,776.14,2.69,0.0446,0.0108,0.0126,466.52,3.13,93.4,312.8,P029,EQ016
2025-09-24 23:40:00,1640.02,768.66,2.17,0.0452,0.0151,0.0097,532.93,3.03,94.46,291.84,P025,EQ023
2025-09-24 23:50:00,1660.53,739.56,3.05,0.0484,0.0207,0.0102,591.59,2.84,99.77,308.95,P017,EQ030
2025-09-25 00:00:00,1685.29,780.68,2.79,0.0779,0.0168,0.0094,504.29,2.99,95.77,339.69,P029,EQ037
2025-09-25 00:10:00,1612.13,822.33,2.55,0.0438,0.0166,0.0062,516.84,3.0,94.53,285.37,P008,EQ044
2025-09-25 00:20:00,1643.0,868.25,2.97,0.0548,0.0126,0.0117,483.75,2.82,94.25,302.37,P006,EQ002
2025-09-25 00:30:00,1656.17,760.5,2.24,0.0567,0.0128,0.0108,522.43,2.94,106.69,308.18,P003,EQ009
2025-09-25 00:40:00,1599.63,716.93,2.31,0.0507,0.0146,0.0096,553.56,3.11,94.3,301.92,P012,EQ016
2025-09-25 00:50:00,1654.48,867.41,3.15,0.0435,0.0136,0.0078,444.44,2.91,110.68,299.86,P027,EQ023
2025-09-25 01:00:00,1642.96,822.05,1.57,0.0468,0.0158,0.0099,486.84,3.25,86.28,310.06,P005,EQ030
2025-09-25 01:10:00,1654.11,836.8,3.02,0.0356,0.0192,0.0101,511.12,3.18,93.16,286.56,P017,EQ037
2025-09-25 01:20:00,1622.77,800.66,2.65,0.0608,0.0167,0.0084,622.9,3.0,103.08,260.64,P012,EQ044
2025-09-25 01:30:00,1634.61,789.72,2.39,0.0589,0.0132,0.0083,592.49,2.77,108.17,283.72,P002,EQ002
2025-09-25 01:40:00,1645.26,741.32,1.71,0.0533,0.0181,0.0089,533.18,2.99,86.34,320.87,P014,EQ009
2025-09-25 01:50:00,1653.54,759.48,2.81,0.0251,0.017,0.0126,541.81,2.92,93.85,323.85,P016,EQ016
2025-09-25 02:00:00,1653.49,813.04,2.23,0.0546,0.0162,0.0112,484.05,2.72,97.42,307.78,P013,EQ023
2025-09-25 02:10:00,1644.35,793.88,2.62,0.0513,0.012,0.01,516.25,2.81,114.98,280.46,P006,EQ030
2025-09-25 02:20:00,1628.4,742.9,2.72,0.0572,0.0107,0.0069,464.18,2.84,99.05,280.47,P012,EQ037
2025-09-25 02:30:00,1638.1,845.87,2.26,0.0421,0.0176,0.009,420.04,2.87,104.77,276.06,P004,EQ044
2025-09-25 02:40:00,1653.66,796.37,2.01,0.0555,0.0166,0.009,533.77,3.16,98.12,304.99,P011,EQ002
2025-09-25 02:50:00,1661.74,833.14,2.19,0.0458,0.0096,0.0081,532.35,2.92,102.99,298.61,P030,EQ009
2025-09-25 03:00:00,1653.78,781.23,1.95,0.0363,0.0173,0.0106,539.48,2.86,102.67,284.37,P022,EQ016
2025-09-25 03:10:00,1649.06,759.12,2.74,0.0377,0.0096,0.0108,545.99,3.3,101.32,295.96,P008,EQ023
2025-09-25 03:20:00,1641.9,828.18,2.33,0.0477,0.0169,0.0086,502.68,2.7,103.87,295.92,P027,EQ030
2025-09-25 03:30:00,1648.08,723.67,2.44,0.0388,0.0148,0.0078,514.39,2.76,89.67,312.09,P018,EQ037
2025-09-25 03:40:00,1664.34,758.95,2.51,0.0627,0.0149,0.009,508.97,3.1,81.57,306.43,P028,EQ044
2025-09-25 03:50:00,1668.02,833.89,2.25,0.0454,0.0173,0.013,389.73,3.2,106.6,300.01,P025,EQ002
2025-09-25 04:00:00,1638.49,767.85,2.83,0.0576,0.0197,0.0082,489.46,2.92,107.96,290.09,P028,EQ009
2025-09-25 04:10:00,1658.48,793.77,2.81,0.0552,0.0164,0.0098,457.2,2.64,101.56,302.24,P004,EQ016
2025-09-25 04:20:00,1613.62,833.29,2.39,0.055,0.0127,0.0101,493.09,2.89,99.59,294.61,P010,EQ023
2025-09-25 04:30:00,1629.88,853.36,2.57,0.0616,0.0125,0.0096,452.94,2.84,110.91,296.4,P010,EQ030
2025-09-25 04:40:00,1634.0,744.48,2.46,0.0591,0.0151,0.0077,425.23,3.11,88.19,298.03,P016,EQ037
2025-09-25 04:50:00,1628.64,783.23,2.83,0.061,0.0123,0.0091,543.9,3.3,108.88,338.58,P010,EQ044
2025-09-25 05:00:00,1654.99,785.08,2.12,0.0526,0.0174,0.0084,570.8,3.1,103.75,308.5,P009,EQ002
2025-09-25 05:10:00,1634.9,791.71,2.84,0.0448,0.0137,0.008,445.61,3.04,88.99,292.01,P007,EQ009
2025-09-25 05:20:00,1637.53,821.8,2.13,0.051,0.0151,0.0074,491.56,3.27,86.74,307.16,P001,EQ016
2025-09-25 05:30:00,1616.71,782.02,3.15,0.0597,0.018,0.0112,485.26,2.87,90.83,325.02,P024,EQ023
2025-09-25 05:40:00,1660.71,709.86,2.85,0.0571,0.0207,0.01,571.39,2.99,99.66,291.77,P021,EQ030
2025-09-25 05:50:00,1654.5,779.31,2.43,0.0544,0.0119,0.0118,532.94,2.9,105.09,304.57,P019,EQ037
2025-09-25 06:00:00,1620.37,778.04,2.39,0.0485,0.0152,0.0076,553.26,2.83,109.53,279.62,P013,EQ044
2025-09-25 06:10:00,1622.84,735.23,2.62,0.053,0.0173,0.0091,472.33,2.81,109.17,264.16,P007,EQ002
2025-09-25 06:20:00,1649.12,758.75,2.6,0.0491,0.0143,0.008,512.0,2.94,104.56,297.11,P030,EQ009
2025-09-25 06:30:00,1652.2,860.7,1.93,0.0341,0.0139,0.0074,557.33,2.95,90.48,311.73,P010,EQ016
2025-09-25 06:40:00,1622.78,794.92,2.61,0.0328,0.0162,0.0122,473.82,3.27,97.55,290.33,P030,EQ023
2025-09-25 06:50:00,1647.79,689.03,2.84,0.0616,0.0114,0.0127,502.89,3.22,114.12,302.12,P030,EQ030
2025-09-25 07:00:00,1677.68,769.43,2.79,0.0448,0.0158,0.0118,482.87,3.04,107.67,331.14,P021,EQ037
2025-09-25 07:10:00,1668.0,802.58,2.47,0.0539,0.0135,0.011,514.83,2.99,99.4,268.84,P017,EQ044
2025-09-25 07:20:00,1617.03,823.88,2.57,0.0455,0.0121,0.0104,514.38,3.16,105.6,280.07,P027,EQ002
2025-09-25 07:30:00,1605.0,809.34,2.14,0.049,0.0101,0.0085,500.17,2.83,101.57,310.66,P029,EQ009
2025-09-25 07:40:00,1653.89,775.45,2.4,0.043,0.0138,0.0091,552.52,2.85,113.38,279.88,P002,EQ016
2025-09-25 07:50:00,1655.22,886.0,2.63,0.0468,0.026,0.0088,584.7,2.82,101.64,296.02,P030,EQ023
2025-09-25 08:00:00,1652.37,836.73,2.6,0.0438,0.0185,0.0113,435.14,3.09,88.45,277.46,P015,EQ030
2025-09-25 08:10:00,1637.7,848.76,3.26,0.0459,0.0135,0.0082,476.51,3.09,105.19,296.47,P029,EQ037
2025-09-25 08:20:00,1660.37,851.75,2.23,0.0563,0.0128,0.0096,515.74,3.36,89.63,307.46,P020,EQ044
2025-09-25 08:30:00,1658.48,826.25,2.19,0.0508,0.0094,0.0084,516.36,2.88,105.71,322.26,P028,EQ002
2025-09-25 08:40:00,1648.31,713.17,2.47,0.0648,0.0125,0.0074,447.85,2.94,93.61,289.51,P016,EQ009
2025-09-25 08:50:00,1621.68,777.27,2.75,0.0559,0.0144,0.0124,423.71,3.05,116.17,304.19,P002,EQ016
2025-09-25 09:00:00,1657.56,698.72,2.87,0.0397,0.0085,0.0119,515.57,3.08,94.51,288.84,P012,EQ023
2025-09-25 09:10:00,1664.68,814.59,2.87,0.0669,0.0178,0.0074,480.39,3.08,105.4,278.29,P001,EQ030
2025-09-25 09:20:00,1674.05,880.35,2.42,0.0385,0.0101,0.0137,512.44,3.05,105.17,309.65,P020,EQ037
2025-09-25 09:30:00,1658.6,827.1,2.55,0.0514,0.0121,0.0067,499.94,3.39,111.84,305.42,P015,EQ044
2025-09-25 09:40:00,1651.36,835.75,2.91,0.0609,0.0137,0.0084,583.72,2.91,99.75,298.77,P011,EQ002
2025-09-25 09:50:00,1628.16,848.4,2.49,0.0636,0.0126,0.0109,539.77,2.89,97.2,286.75,P010,EQ009
2025-09-25 10:00:00,1641.97,803.79,2.41,0.0356,0.0168,0.0121,413.33,3.46,81.28,285.87,P012,EQ016
2025-09-25 10:10:00,1618.27,785.48,2.46,0.0675,0.0138,0.0078,553.07,2.99,109.84,313.98,P004,EQ023
2025-09-25 10:20:00,1634.11,791.32,2.88,0.0504,0.0151,0.0096,463.73,2.78,104.68,293.45,P001,EQ030
2025-09-25 10:30:00,1626.46,684.34,2.88,0.0523,0.0137,0.0088,451.15,3.19,100.9,299.87,P012,EQ037
2025-09-25 10:40:00,1693.03,873.27,2.16,0.0416,0.0165,0.0122,516.17,3.11,92.13,315.18,P029,EQ044
2025-09-25 10:50:00,1629.15,864.17,3.0,0.0528,0.0164,0.0053,531.23,3.06,112.49,296.66,P024,EQ002
2025-09-25 11:00:00,1650.09,860.48,2.82,0.0623,0.013,0.0128,648.45,2.99,90.33,294.08,P006,EQ009
2025-09-25 11:10:00,1626.6,747.21,2.48,0.0442,0.0157,0.0136,401.42,2.79,95.61,286.42,P013,EQ016
2025-09-25 11:20:00,1651.92,801.8,2.44,0.0598,0.0122,0.0098,526.29,3.13,103.38,279.04,P012,EQ023
2025-09-25 11:30:00,1669.62,817.59,2.88,0.0694,0.0169,0.0063,497.41,2.83,104.67,302.09,P001,EQ030
2025-09-25 11:40:00,1664.07,826.27,2.13,0.0448,0.0157,0.0095,523.26,2.84,108.79,295.49,P004,EQ037
2025-09-25 11:50:00,1606.61,836.59,2.64,0.0532,0.0149,0.01,587.92,3.31,109.42,292.98,P014,EQ044
2025-09-25 12:00:00,1658.13,642.24,2.36,0.0527,0.011,0.0081,481.86,3.22,86.76,300.88,P016,EQ002
2025-09-25 12:10:00,1654.02,774.74,2.39,0.0619,0.0165,0.0093,495.73,2.85,108.03,314.47,P007,EQ009
2025-09-25 12:20:00,1656.57,704.39,2.13,0.0585,0.0136,0.0095,447.53,3.03,79.73,330.53,P003,EQ016
2025-09-25 12:30:00,1653.09,848.63,2.37,0.0534,0.0145,0.0091,562.49,3.29,124.94,286.39,P017,EQ023
2025-09-25 12:40:00,1671.39,876.19,2.89,0.0582,0.0133,0.0098,504.99,2.72,105.38,323.27,P017,EQ030
2025-09-25 12:50:00,1649.6,744.13,2.01,0.0547,0.0161,0.0107,490.0,3.16,93.69,298.09,P029,EQ037
2025-09-25 13:00:00,1696.59,757.8,2.7,0.04,0.0152,0.0118,484.97,2.63,110.92,309.14,P005,EQ044
2025-09-25 13:10:00,1653.76,743.98,2.73,0.0504,0.0186,0.0077,460.67,3.19,94.29,296.39,P014,EQ002
2025-09-25 13:20:00,1644.9,850.67,2.59,0.0722,0.0156,0.0107,471.65,2.9,119.84,306.27,P004,EQ009
2025-09-25 13:30:00,1686.42,843.36,2.38,0.0438,0.0131,0.0094,486.35,2.94,111.36,286.42,P030,EQ016
2025-09-25 13:40:00,1674.65,758.58,2.34,0.0355,0.0191,0.0107,533.38,3.19,90.79,299.5,P016,EQ023
2025-09-25 13:50:00,1638.11,807.37,2.25,0.0384,0.0181,0.0111,469.1,3.33,100.4,303.88,P001,EQ030
2025-09-25 14:00:00,1682.74,782.0,3.06,0.0483,0.0135,0.0107,399.64,3.17,78.71,280.49,P005,EQ037
2025-09-25 14:10:00,1677.46,787.32,1.82,0.0481,0.0121,0.0098,481.22,2.81,107.02,310.52,P025,EQ044
2025-09-25 14:20:00,1650.2,845.38,2.13,0.0576,0.016,0.006,463.91,2.98,110.41,306.63,P022,EQ002
2025-09-25 14:30:00,1664.05,760.06,2.39,0.0628,0.0226,0.0078,519.27,3.3,99.21,318.93,P009,EQ009
2025-09-25 14:40:00,1618.48,813.37,2.76,0.0328,0.0109,0.0104,431.87,2.9,109.32,304.26,P008,EQ016
2025-09-25 14:50:00,1639.0,759.77,3.05,0.0564,0.0128,0.0079,442.39,3.3,90.13,301.52,P016,EQ023
2025-09-25 15:00:00,1660.21,777.07,2.36,0.0539,0.0163,0.0124,588.61,3.18,124.54,310.78,P013,EQ030
2025-09-25 15:10:00,1676.02,798.7,2.17,0.0654,0.0172,0.0094,537.78,2.88,98.35,295.72,P012,EQ037
2025-09-25 15:20:00,1637.44,871.12,2.85,0.0403,0.0177,0.0103,474.61,3.21,89.13,294.49,P010,EQ044
2025-09-25 15:30:00,1645.43,849.56,2.74,0.0611,0.0168,0.0111,463.68,3.09,112.53,288.96,P012,EQ002
2025-09-25 15:40:00,1672.2,792.26,2.79,0.0468,0.0144,0.0091,645.13,2.67,103.15,310.67,P014,EQ009
2025-09-25 15:50:00,1637.87,759.06,2.47,0.0332,0.015,0.0091,550.22,2.79,98.47,316.54,P029,EQ016
2025-09-25 16:00:00,1623.22,787.08,2.17,0.0637,0.0154,0.012,524.21,2.6,104.99,324.09,P006,EQ023
2025-09-25 16:10:00,1673.9,794.64,2.96,0.0397,0.017,0.0079,543.55,3.17,81.09,329.16,P018,EQ030
2025-09-25 16:20:00,1670.32,839.26,2.22,0.045,0.0149,0.0142,505.37,2.96,95.53,276.49,P026,EQ037
2025-09-25 16:30:00,1660.55,744.99,2.65,0.0601,0.0104,0.0081,482.9,2.9,109.32,287.89,P009,EQ044
2025-09-25 16:40:00,1651.14,809.81,2.6,0.0345,0.0162,0.0098,528.92,2.96,105.75,318.77,P004,EQ002
2025-09-25 16:50:00,1661.03,780.8,2.55,0.0152,0.0115,0.0086,473.05,2.55,119.37,311.99,P015,EQ009
2025-09-25 17:00:00,1630.07,866.89,2.61,0.0453,0.0116,0.01,547.23,3.04,107.89,268.85,P022,EQ016
2025-09-25 17:10:00,1689.73,747.8,2.81,0.0567,0.0157,0.0072,477.11,2.94,109.0,289.71,P027,EQ023
2025-09-25 17:20:00,1635.4,823.8,2.27,0.0451,0.0167,0.0093,504.35,2.71,93.38,312.71,P015,EQ030
2025-09-25 17:30:00,1647.97,819.32,2.85,0.0594,0.0129,0.0094,475.58,3.12,109.41,293.53,P006,EQ037
2025-09-25 17:40:00,1658.48,891.89,2.37,0.0513,0.0134,0.0072,523.31,2.99,90.21,298.2,P005,EQ044
2025-09-25 17:50:00,1656.79,842.74,2.2,0.052,0.0079,0.0101,454.33,2.87,109.83,330.72,P012,EQ002
2025-09-25 18:00:00,1706.48,851.01,2.65,0.0557,0.0186,0.0081,423.77,3.13,102.02,305.68,P024,EQ009
2025-09-25 18:10:00,1660.74,833.51,2.6,0.0635,0.0177,0.0113,523.15,2.93,113.11,306.44,P014,EQ016
2025-09-25 18:20:00,1660.01,811.2,2.08,0.033,0.0132,0.0158,450.38,3.28,113.82,313.65,P001,EQ023
2025-09-25 18:30:00,1635.09,806.54,2.65,0.0554,0.013,0.0099,465.61,2.88,95.86,309.62,P012,EQ030
2025-09-25 18:40:00,1620.37,869.0,2.55,0.0436,0.0137,0.007,514.52,2.76,96.33,337.11,P029,EQ037
2025-09-25 18:50:00,1632.6,743.24,2.34,0.0626,0.0171,0.0141,498.01,2.74,114.74,320.03,P028,EQ044
2025-09-25 19:00:00,1706.72,859.99,2.49,0.05,0.0127,0.01,464.4,2.67,93.22,293.56,P023,EQ002
2025-09-25 19:10:00,1632.43,822.04,2.61,0.0561,0.0127,0.0103,468.63,2.97,93.38,282.63,P007,EQ009
2025-09-25 19:20:00,1665.87,886.43,1.96,0.0616,0.0171,0.0099,426.15,3.01,87.33,277.44,P004,EQ016
2025-09-25 19:30:00,1643.11,811.52,2.66,0.0678,0.0198,0.0091,461.25,3.16,89.0,308.78,P007,EQ023
2025-09-25 19:40:00,1660.68,788.82,2.96,0.0555,0.0199,0.012,491.34,3.35,119.76,297.65,P010,EQ030
2025-09-25 19:50:00,1621.36,759.34,2.56,0.0498,0.0148,0.0125,529.88,2.75,106.26,324.69,P002,EQ037
2025-09-25 20:00:00,1680.65,846.92,2.29,0.055,0.0186,0.0058,542.66,3.29,113.17,259.47,P005,EQ044
2025-09-25 20:10:00,1654.58,818.29,2.5,0.0582,0.0146,0.0127,408.05,2.98,80.63,303.14,P013,EQ002
2025-09-25 20:20:00,1656.39,815.98,2.75,0.06,0.0181,0.0109,495.73,2.55,103.8,301.12,P014,EQ009
2025-09-25 20:30:00,1658.31,824.3,2.63,0.0534,0.019,0.0093,587.04,3.03,98.56,324.82,P024,EQ016
2025-09-25 20:40:00,1621.43,906.32,1.85,0.074,0.0151,0.0084,536.27,2.72,104.71,296.79,P011,EQ023
2025-09-25 20:50:00,1633.8,801.9,2.81,0.0555,0.0164,0.0074,502.88,2.79,98.96,304.21,P029,EQ030
2025-09-25 21:00:00,1628.71,800.29,3.49,0.0403,0.0151,0.009,570.85,3.2,88.21,316.53,P002,EQ037
2025-09-25 21:10:00,1640.05,823.75,2.56,0.0512,0.011,0.009,411.65,2.76,85.26,293.72,P006,EQ044
2025-09-25 21:20:00,1632.95,765.26,2.45,0.0372,0.0162,0.0112,464.38,3.09,105.79,322.09,P022,EQ002
2025-09-25 21:30:00,1650.1,797.88,2.48,0.0576,0.0141,0.0137,514.91,2.88,101.5,316.05,P007,EQ009
2025-09-25 21:40:00,1661.28,740.08,2.66,0.035,0.0164,0.0095,471.95,2.82,92.68,324.4,P016,EQ016
2025-09-25 21:50:00,1625.37,766.02,2.6,0.0491,0.0117,0.011,477.24,3.16,91.56,290.12,P022,EQ023
2025-09-25 22:00:00,1636.38,781.4,2.36,0.051,0.0107,0.0105,476.66,2.67,108.41,271.49,P009,EQ030
2025-09-25 22:10:00,1638.58,835.01,2.74,0.0575,0.0139,0.0113,487.12,2.79,111.65,300.84,P004,EQ037
2025-09-25 22:20:00,1638.13,788.43,2.41,0.0453,0.0175,0.0114,541.41,3.18,93.17,283.41,P014,EQ044
2025-09-25 22:30:00,1623.99,760.09,2.52,0.0516,0.0183,0.0082,597.39,3.11,100.65,282.05,P016,EQ002
2025-09-25 22:40:00,1663.21,683.64,2.13,0.0545,0.0184,0.0147,473.85,3.24,86.01,298.19,P018,EQ009
2025-09-25 22:50:00,1636.31,737.21,1.96,0.0487,0.0124,0.0098,429.94,2.92,96.9,281.71,P016,EQ016
2025-09-25 23:00:00,1623.57,792.49,2.03,0.0642,0.0169,0.0117,379.82,2.95,105.5,279.39,P026,EQ023
2025-09-25 23:10:00,1676.32,757.93,2.42,0.057,0.0121,0.0127,590.74,3.13,92.52,312.9,P022,EQ030
2025-09-25 23:20:00,1662.05,815.67,2.06,0.0308,0.0108,0.0065,531.1,3.21,108.85,306.67,P023,EQ037
2025-09-25 23:30:00,1648.47,834.02,3.14,0.0529,0.0189,0.0118,572.17,3.1,104.16,317.28,P005,EQ044
2025-09-25 23:40:00,1645.21,809.5,2.69,0.0425,0.0154,0.0081,457.73,2.76,102.79,286.99,P011,EQ002
2025-09-25 23:50:00,1635.41,787.07,2.57,0.0438,0.0156,0.0062,496.24,3.04,82.73,318.18,P025,EQ009
2025-09-26 00:00:00,1651.67,883.61,2.69,0.0573,0.0175,0.0114,501.81,2.9,111.66,324.18,P025,EQ016
2025-09-26 00:10:00,1643.56,735.95,2.26,0.0454,0.0177,0.0107,497.27,3.31,107.46,291.58,P025,EQ023
2025-09-26 00:20:00,1647.06,774.51,2.16,0.038,0.0095,0.0082,457.47,3.14,93.63,291.26,P029,EQ030
2025-09-26 00:30:00,1661.94,836.76,1.52,0.0489,0.0193,0.0079,412.1,3.07,113.9,281.51,P013,EQ037
2025-09-26 00:40:00,1653.22,871.36,2.27,0.0371,0.0167,0.0097,523.47,2.79,112.17,293.53,P017,EQ044
2025-09-26 00:50:00,1687.1,857.74,2.68,0.0524,0.0184,0.0131,524.9,3.02,105.5,276.44,P024,EQ002
2025-09-26 01:00:00,1657.68,676.38,2.27,0.0655,0.0182,0.0081,381.28,3.23,119.12,296.37,P030,EQ009
2025-09-26 01:10:00,1647.48,814.1,2.63,0.0375,0.0152,0.0129,386.19,3.11,92.86,318.17,P024,EQ016
2025-09-26 01:20:00,1697.93,913.23,2.52,0.056,0.0063,0.0122,518.22,3.13,119.2,282.49,P027,EQ023
2025-09-26 01:30:00,1659.12,838.11,2.32,0.0477,0.0216,0.012,470.1,3.11,84.18,333.15,P027,EQ030
2025-09-26 01:40:00,1644.66,825.86,2.53,0.0435,0.0164,0.0117,510.27,2.68,104.67,298.88,P013,EQ037
2025-09-26 01:50:00,1641.66,737.83,2.47,0.0561,0.0184,0.0105,541.18,3.34,71.0,308.01,P005,EQ044
2025-09-26 02:00:00,1645.04,788.05,2.11,0.0563,0.0166,0.0103,572.37,2.95,112.04,321.55,P004,EQ002
2025-09-26 02:10:00,1637.5,738.74,1.89,0.0573,0.0117,0.013,456.91,3.29,91.03,315.57,P004,EQ009
2025-09-26 02:20:00,1626.02,727.76,2.15,0.0508,0.0161,0.0127,516.01,3.11,100.09,300.35,P026,EQ016
2025-09-26 02:30:00,1643.86,860.47,2.43,0.0537,0.0162,0.0099,559.23,3.04,85.69,297.42,P001,EQ023
2025-09-26 02:40:00,1677.42,872.07,2.12,0.0555,0.0151,0.0096,537.31,2.84,88.17,297.44,P005,EQ030
2025-09-26 02:50:00,1653.24,843.55,2.36,0.0615,0.017,0.0087,506.69,3.09,107.81,289.35,P005,EQ037
2025-09-26 03:00:00,1677.66,875.4,2.88,0.057,0.0187,0.0081,373.88,3.32,121.45,319.81,P012,EQ044
2025-09-26 03:10:00,1657.17,791.45,2.46,0.0693,0.0159,0.0092,566.82,3.11,94.94,332.17,P017,EQ002
2025-09-26 03:20:00,1650.67,767.74,2.4,0.0481,0.0121,0.0087,482.1,2.98,104.3,309.49,P001,EQ009
2025-09-26 03:30:00,1608.8,729.8,2.64,0.0636,0.0161,0.0078,542.72,3.21,74.19,341.84,P025,EQ016
2025-09-26 03:40:00,1616.25,755.52,2.64,0.0545,0.0155,0.0099,465.69,2.98,104.63,290.6,P022,EQ023
2025-09-26 03:50:00,1674.58,796.44,2.27,0.0493,0.0168,0.0125,467.19,3.1,113.61,292.01,P008,EQ030
2025-09-26 04:00:00,1638.65,818.56,2.91,0.0503,0.014,0.0121,563.31,3.04,103.9,301.62,P002,EQ037
2025-09-26 04:10:00,1640.51,827.03,2.38,0.0454,0.0179,0.0106,485.56,2.65,102.71,336.26,P022,EQ044
2025-09-26 04:20:00,1655.13,799.4,2.38,0.0534,0.0121,0.0112,447.73,3.32,107.97,296.25,P027,EQ002
2025-09-26 04:30:00,1642.6,843.69,2.41,0.0546,0.0139,0.0104,501.94,3.16,95.5,315.79,P011,EQ009
2025-09-26 04:40:00,1675.88,751.33,3.14,0.0509,0.0134,0.0094,513.1,3.03,93.41,299.22,P014,EQ016
2025-09-26 04:50:00,1627.5,775.22,2.95,0.0485,0.0182,0.0086,498.5,3.07,100.63,284.62,P020,EQ023
2025-09-26 05:00:00,1637.94,814.61,3.07,0.0471,0.0164,0.0086,469.49,2.79,102.08,301.16,P024,EQ030
2025-09-26 05:10:00,1658.1,818.55,2.45,0.0364,0.0176,0.0095,531.16,2.97,103.19,294.57,P001,EQ037
2025-09-26 05:20:00,1629.23,866.24,2.56,0.0437,0.0104,0.0118,579.07,3.0,123.79,290.39,P014,EQ044
2025-09-26 05:30:00,1647.93,779.55,2.85,0.0318,0.0129,0.0091,485.78,3.36,113.98,322.72,P016,EQ002
2025-09-26 05:40:00,1649.93,779.85,2.53,0.0573,0.0146,0.0098,512.7,2.99,102.39,306.89,P010,EQ009
2025-09-26 05:50:00,1633.59,816.36,2.44,0.0628,0.0155,0.0063,477.2,2.84,91.6,302.71,P010,EQ016
2025-09-26 06:00:00,1667.22,740.22,2.3,0.0422,0.0167,0.0142,518.72,3.16,105.53,301.15,P016,EQ023
2025-09-26 06:10:00,1681.04,702.39,2.16,0.0535,0.0142,0.0077,454.59,2.73,98.61,292.51,P003,EQ030
2025-09-26 06:20:00,1631.79,834.13,2.75,0.0485,0.013,0.0099,472.47,3.37,88.98,300.55,P025,EQ037
2025-09-26 06:30:00,1638.59,797.24,2.37,0.0602,0.0098,0.0096,512.42,3.34,111.13,303.66,P014,EQ044
2025-09-26 06:40:00,1666.29,737.31,2.96,0.0633,0.0154,0.0106,500.22,2.92,102.23,325.24,P008,EQ002
2025-09-26 06:50:00,1643.28,777.56,2.89,0.0389,0.0114,0.0123,550.69,2.75,94.66,305.85,P020,EQ009
2025-09-26 07:00:00,1657.85,701.61,2.76,0.0584,0.0173,0.01,520.44,2.88,81.32,281.8,P005,EQ016
2025-09-26 07:10:00,1656.85,749.35,2.14,0.0434,0.0144,0.0075,499.54,2.96,112.28,284.13,P024,EQ023
2025-09-26 07:20:00,1637.64,853.9,2.34,0.049,0.0186,0.0086,500.58,3.0,94.39,299.52,P017,EQ030
2025-09-26 07:30:00,1692.26,855.29,2.5,0.0571,0.0187,0.0092,517.0,3.04,101.59,301.19,P006,EQ037
2025-09-26 07:40:00,1676.55,776.25,1.92,0.0766,0.014,0.0114,568.57,3.13,108.55,300.72,P008,EQ044
2025-09-26 07:50:00,1627.49,832.44,2.65,0.0374,0.0172,0.0076,443.26,2.79,96.68,285.8,P009,EQ002
2025-09-26 08:00:00,1648.82,846.6,2.64,0.0463,0.0184,0.011,500.98,2.97,98.04,287.3,P025,EQ009
2025-09-26 08:10:00,1635.33,779.87,2.47,0.0606,0.014,0.0122,468.5,2.99,91.08,323.5,P004,EQ016
2025-09-26 08:20:00,1646.43,807.09,2.36,0.049,0.0159,0.0098,455.73,2.84,108.32,272.74,P028,EQ023
2025-09-26 08:30:00,1681.14,955.19,2.4,0.0402,0.0113,0.0081,409.21,2.9,107.79,300.72,P009,EQ030
2025-09-26 08:40:00,1668.24,698.36,2.47,0.058,0.0147,0.006,527.69,3.11,114.53,289.98,P023,EQ037
2025-09-26 08:50:00,1656.4,742.28,2.88,0.0381,0.017,0.0068,487.98,3.18,91.85,291.17,P008,EQ044
2025-09-26 09:00:00,1641.74,798.76,2.38,0.0546,0.0142,0.0128,493.54,3.14,104.41,295.58,P022,EQ002
2025-09-26 09:10:00,1654.1,746.36,2.61,0.0601,0.0123,0.0094,495.81,2.93,97.55,297.74,P027,EQ009
2025-09-26 09:20:00,1663.69,812.83,2.34,0.0648,0.0094,0.0088,470.8,3.02,106.14,319.43,P014,EQ016
2025-09-26 09:30:00,1638.4,801.84,1.88,0.0407,0.008,0.01,408.56,2.97,79.83,290.14,P007,EQ023
2025-09-26 09:40:00,1628.27,909.78,2.19,0.0621,0.0171,0.0084,494.4,3.11,112.89,293.02,P016,EQ030
2025-09-26 09:50:00,1680.5,779.48,2.25,0.044,0.0125,0.0078,503.03,3.02,110.94,294.77,P023,EQ037
2025-09-26 10:00:00,1638.52,752.67,2.37,0.0494,0.0113,0.0095,488.71,2.89,112.94,295.33,P026,EQ044
2025-09-26 10:10:00,1655.5,848.48,2.78,0.0481,0.0172,0.011,485.76,3.15,98.8,284.78,P026,EQ002
2025-09-26 10:20:00,1675.27,772.58,2.39,0.0439,0.0117,0.0082,518.13,3.05,118.34,289.13,P004,EQ009
2025-09-26 10:30:00,1653.0,779.34,2.88,0.0516,0.0163,0.0102,543.15,2.76,98.18,296.64,P023,EQ016
2025-09-26 10:40:00,1647.78,793.09,2.62,0.061,0.0137,0.0087,496.58,3.05,117.71,266.05,P024,EQ023
2025-09-26 10:50:00,1638.42,788.0,2.98,0.0601,0.014,0.0102,491.48,3.17,109.97,316.02,P017,EQ030
2025-09-26 11:00:00,1671.97,786.04,2.37,0.0437,0.0181,0.0109,518.22,3.13,99.94,283.7,P020,EQ037
2025-09-26 11:10:00,1685.53,883.05,2.35,0.0352,0.0175,0.0068,558.83,2.83,89.13,280.51,P006,EQ044
2025-09-26 11:20:00,1691.87,805.19,2.1,0.0476,0.0121,0.0085,327.25,3.01,113.86,329.05,P007,EQ002
2025-09-26 11:30:00,1652.85,777.55,2.69,0.0414,0.012,0.0089,579.54,2.97,89.31,297.09,P028,EQ009
2025-09-26 11:40:00,1631.64,801.08,3.04,0.0441,0.0148,0.0092,475.58,3.34,89.34,312.18,P019,EQ016
2025-09-26 11:50:00,1635.46,745.84,2.5,0.0609,0.0126,0.0087,566.47,3.24,100.02,299.77,P021,EQ023
2025-09-26 12:00:00,1643.35,748.94,3.2,0.0453,0.0151,0.0134,486.44,2.97,101.53,270.96,P021,EQ030
2025-09-26 12:10:00,1653.91,743.01,2.47,0.0417,0.0189,0.0135,471.61,2.93,91.57,279.36,P005,EQ037
2025-09-26 12:20:00,1631.32,910.67,2.19,0.051,0.0121,0.0101,461.93,3.33,112.7,324.84,P008,EQ044
2025-09-26 12:30:00,1630.98,789.44,2.59,0.0414,0.0164,0.0081,475.49,3.0,96.41,299.54,P004,EQ002
2025-09-26 12:40:00,1644.33,924.05,2.66,0.0526,0.0199,0.01,569.55,2.95,93.45,307.49,P005,EQ009
2025-09-26 12:50:00,1658.75,773.57,2.37,0.0368,0.0133,0.0122,473.99,2.99,112.08,301.47,P013,EQ016
2025-09-26 13:00:00,1625.83,778.25,2.23,0.0375,0.0198,0.0094,481.28,2.84,102.88,273.03,P002,EQ023
2025-09-26 13:10:00,1649.72,831.87,2.33,0.0908,0.0161,0.0102,412.8,3.04,108.38,304.79,P009,EQ030
2025-09-26 13:20:00,1668.22,756.83,2.55,0.0428,0.0094,0.0119,559.08,2.88,102.03,280.13,P007,EQ037
2025-09-26 13:30:00,1652.13,792.44,2.35,0.0462,0.022,0.009,503.96,2.98,89.55,288.31,P030,EQ044
2025-09-26 13:40:00,1617.8,796.09,2.69,0.0429,0.0126,0.0103,538.02,3.12,117.54,297.43,P005,EQ002
2025-09-26 13:50:00,1656.33,828.48,2.49,0.0513,0.0077,0.0087,488.22,2.92,95.41,295.57,P014,EQ009
2025-09-26 14:00:00,1648.43,776.38,2.18,0.0506,0.0151,0.0113,458.87,3.22,117.81,315.28,P001,EQ016
2025-09-26 14:10:00,1654.08,763.5,2.3,0.0563,0.0181,0.0098,485.67,3.51,101.78,307.06,P020,EQ023
2025-09-26 14:20:00,1664.07,718.74,2.33,0.0457,0.0134,0.0071,624.56,3.19,107.62,287.28,P007,EQ030
2025-09-26 14:30:00,1636.95,794.32,2.21,0.061,0.0173,0.0101,509.92,3.03,91.38,299.36,P003,EQ037
2025-09-26 14:40:00,1681.05,850.07,2.96,0.0493,0.0168,0.0096,496.01,2.75,109.71,305.95,P028,EQ044
2025-09-26 14:50:00,1647.47,779.55,2.34,0.0488,0.0185,0.0093,546.36,3.07,84.42,300.77,P002,EQ002
2025-09-26 15:00:00,1634.94,782.37,2.78,0.0445,0.0165,0.0092,509.68,3.2,109.49,270.09,P013,EQ009
2025-09-26 15:10:00,1671.05,800.61,2.49,0.0433,0.0169,0.0099,465.09,2.95,87.35,316.11,P014,EQ016
2025-09-26 15:20:00,1682.7,766.38,2.66,0.0476,0.0144,0.0119,503.17,2.86,92.79,298.78,P017,EQ023
2025-09-26 15:30:00,1645.25,852.03,2.37,0.0522,0.014,0.0127,460.76,3.19,89.62,305.96,P010,EQ030
2025-09-26 15:40:00,1597.15,780.76,2.15,0.0421,0.0143,0.0113,525.62,3.06,97.58,322.18,P023,EQ037
2025-09-26 15:50:00,1631.47,843.19,2.91,0.0518,0.0137,0.0082,510.77,3.09,103.31,296.96,P021,EQ044
2025-09-26 16:00:00,1640.85,794.28,3.11,0.0572,0.0136,0.0121,457.13,2.96,85.34,308.82,P008,EQ002
2025-09-26 16:10:00,1652.45,763.62,3.04,0.0505,0.0152,0.0103,419.39,3.05,103.83,308.25,P008,EQ009
2025-09-26 16:20:00,1639.85,792.13,2.36,0.0514,0.0124,0.011,443.85,3.02,96.33,317.49,P011,EQ016
2025-09-26 16:30:00,1633.75,786.36,1.95,0.0439,0.0105,0.0105,463.22,2.81,90.36,281.51,P014,EQ023
2025-09-26 16:40:00,1652.11,767.39,2.66,0.0523,0.0147,0.0119,579.14,2.76,102.37,298.26,P016,EQ030
2025-09-26 16:50:00,1656.3,763.29,2.63,0.0529,0.0136,0.0124,547.32,3.03,90.99,278.25,P002,EQ037
2025-09-26 17:00:00,1667.96,827.49,2.62,0.0486,0.0146,0.0126,567.68,2.85,105.26,306.99,P017,EQ044
2025-09-26 17:10:00,1630.75,693.1,1.88,0.052,0.0205,0.0074,509.45,3.06,82.97,312.77,P014,EQ002
2025-09-26 17:20:00,1670.97,788.15,2.72,0.0457,0.0182,0.0078,487.52,2.95,101.57,306.21,P021,EQ009
2025-09-26 17:30:00,1615.92,794.08,2.65,0.0356,0.015,0.009,573.15,2.86,120.33,259.47,P002,EQ016
2025-09-26 17:40:00,1660.0,854.45,2.82,0.0384,0.0098,0.0117,541.03,3.38,121.12,279.38,P010,EQ023
2025-09-26 17:50:00,1704.1,771.83,2.13,0.0278,0.022,0.0115,438.49,3.06,98.02,327.75,P004,EQ030
2025-09-26 18:00:00,1633.37,747.57,2.98,0.0568,0.0146,0.0125,435.93,2.96,115.53,307.83,P009,EQ037
2025-09-26 18:10:00,1651.85,852.04,1.9,0.0482,0.0115,0.0114,546.45,3.15,94.97,278.29,P012,EQ044
2025-09-26 18:20:00,1619.88,778.78,2.21,0.0519,0.0162,0.0109,493.36,3.42,96.12,301.75,P009,EQ002
2025-09-26 18:30:00,1647.88,734.76,2.86,0.0628,0.0138,0.0111,458.01,3.13,93.28,303.1,P012,EQ009
2025-09-26 18:40:00,1662.46,768.71,2.43,0.0611,0.0113,0.0144,473.03,2.99,89.36,329.95,P023,EQ016
2025-09-26 18:50:00,1666.39,862.25,1.83,0.0522,0.0178,0.0082,478.15,3.15,86.48,309.41,P014,EQ023
2025-09-26 19:00:00,1655.75,800.0,2.85,0.055,0.0123,0.0095,481.08,3.27,97.3,299.59,P008,EQ030
2025-09-26 19:10:00,1635.37,839.26,2.4,0.0518,0.0097,0.0121,476.25,3.21,97.78,308.28,P011,EQ037
2025-09-26 19:20:00,1669.86,905.92,2.8,0.0496,0.0219,0.007,373.14,2.9,100.6,292.41,P029,EQ044
2025-09-26 19:30:00,1655.35,790.74,2.96,0.0179,0.0149,0.0094,483.84,3.05,102.85,319.94,P002,EQ002
2025-09-26 19:40:00,1666.61,843.98,2.26,0.0342,0.0125,0.007,513.74,3.24,94.24,300.57,P006,EQ009
2025-09-26 19:50:00,1626.46,740.02,2.62,0.0328,0.0143,0.0114,495.48,3.41,116.95,305.92,P002,EQ016
2025-09-26 20:00:00,1641.86,789.55,2.52,0.047,0.0207,0.0068,487.25,2.94,124.89,295.93,P001,EQ023
2025-09-26 20:10:00,1679.93,788.78,2.39,0.0456,0.0139,0.0136,505.37,2.93,93.98,303.02,P002,EQ030
2025-09-26 20:20:00,1677.43,872.64,3.09,0.0443,0.0149,0.0125,512.58,3.04,105.2,300.05,P022,EQ037
2025-09-26 20:30:00,1650.4,716.66,2.62,0.0357,0.0149,0.0106,460.84,2.99,106.43,320.25,P024,EQ044
2025-09-26 20:40:00,1664.27,787.81,2.73,0.046,0.0177,0.0143,456.2,2.99,89.56,266.09,P011,EQ002
2025-09-26 20:50:00,1628.37,709.84,2.79,0.0423,0.0106,0.011,453.42,2.89,103.96,309.23,P007,EQ009
2025-09-26 21:00:00,1661.32,755.51,2.38,0.0624,0.0091,0.0111,417.59,2.65,99.17,306.38,P010,EQ016
2025-09-26 21:10:00,1666.01,763.55,2.11,0.068,0.015,0.0059,426.91,2.79,89.79,307.88,P016,EQ023
2025-09-26 21:20:00,1636.64,839.33,3.07,0.0451,0.015,0.0089,530.79,2.93,91.66,321.04,P009,EQ030
2025-09-26 21:30:00,1683.62,833.52,2.36,0.0469,0.0121,0.0102,404.0,3.06,104.78,267.08,P030,EQ037
2025-09-26 21:40:00,1621.03,814.23,3.01,0.0539,0.0145,0.0144,497.23,3.19,98.94,303.63,P020,EQ044
2025-09-26 21:50:00,1663.98,819.26,2.01,0.0443,0.0157,0.0115,435.54,3.09,101.99,318.28,P004,EQ002
2025-09-26 22:00:00,1679.09,786.1,2.27,0.053,0.0159,0.0104,420.06,3.15,103.22,314.02,P014,EQ009
2025-09-26 22:10:00,1662.38,757.42,2.8,0.0511,0.0092,0.0118,495.11,2.78,87.6,283.29,P006,EQ016
2025-09-26 22:20:00,1666.95,842.9,2.5,0.0532,0.0175,0.0131,529.32,2.92,86.02,280.16,P009,EQ023
2025-09-26 22:30:00,1665.61,804.59,3.01,0.0572,0.0123,0.0075,516.02,3.0,103.5,293.53,P016,EQ030
2025-09-26 22:40:00,1660.26,771.74,2.78,0.0387,0.017,0.0083,572.46,2.87,120.23,303.92,P012,EQ037
2025-09-26 22:50:00,1670.38,799.66,2.78,0.0527,0.0125,0.0115,421.13,2.89,94.02,304.55,P011,EQ044
2025-09-26 23:00:00,1663.48,802.32,2.97,0.0619,0.0151,0.0081,477.72,2.78,90.4,303.59,P010,EQ002
2025-09-26 23:10:00,1632.66,817.03,2.51,0.0548,0.013,0.0075,535.67,3.18,94.16,310.37,P004,EQ009
2025-09-26 23:20:00,1593.91,725.6,2.09,0.0478,0.0158,0.0125,521.93,2.7,121.03,267.46,P004,EQ016
2025-09-26 23:30:00,1656.95,782.6,2.58,0.059,0.0147,0.0116,453.16,3.37,95.29,286.53,P022,EQ023
2025-09-26 23:40:00,1662.77,798.58,3.45,0.0385,0.0147,0.0093,538.71,2.63,115.16,310.99,P001,EQ030
2025-09-26 23:50:00,1663.15,750.65,2.22,0.0435,0.0127,0.007,381.78,2.9,101.12,284.13,P022,EQ037
2025-09-27 00:00:00,1627.44,864.82,2.7,0.0501,0.0178,0.0098,612.58,2.82,89.56,286.43,P018,EQ044
2025-09-27 00:10:00,1665.79,843.87,3.13,0.0572,0.0171,0.0084,512.46,3.03,100.04,280.44,P025,EQ002
2025-09-27 00:20:00,1646.62,749.82,2.54,0.0538,0.0106,0.012,479.61,3.12,82.87,307.89,P028,EQ009
2025-09-27 00:30:00,1646.4,819.95,2.79,0.0428,0.0163,0.0101,451.71,2.86,97.21,290.92,P005,EQ016
2025-09-27 00:40:00,1658.93,822.26,2.43,0.0577,0.019,0.0126,472.73,2.9,94.38,298.24,P011,EQ023
2025-09-27 00:50:00,1672.26,799.79,1.92,0.0773,0.0142,0.0083,463.05,3.24,119.94,295.59,P012,EQ030
2025-09-27 01:00:00,1642.8,882.83,2.91,0.0483,0.0138,0.0103,412.45,2.66,79.57,319.58,P024,EQ037
2025-09-27 01:10:00,1651.83,788.33,2.66,0.0547,0.0123,0.0109,559.3,2.84,83.91,268.63,P026,EQ044
2025-09-27 01:20:00,1645.11,723.88,2.53,0.0585,0.0113,0.0076,535.46,3.18,97.5,292.51,P012,EQ002
2025-09-27 01:30:00,1623.17,667.92,2.68,0.0503,0.0206,0.0104,450.93,3.0,96.09,295.08,P024,EQ009
2025-09-27 01:40:00,1657.34,762.21,2.59,0.0609,0.016,0.0101,457.46,2.89,81.87,274.85,P025,EQ016
2025-09-27 01:50:00,1662.29,705.51,2.51,0.0531,0.0185,0.0117,480.91,3.39,106.87,303.55,P019,EQ023
2025-09-27 02:00:00,1666.99,836.56,2.34,0.0541,0.0189,0.0108,402.32,3.26,112.36,309.38,P017,EQ030
2025-09-27 02:10:00,1657.85,798.46,2.24,0.0465,0.0178,0.0085,359.81,3.31,90.27,303.2,P020,EQ037
2025-09-27 02:20:00,1693.15,857.21,2.26,0.0458,0.0174,0.0124,516.56,3.2,113.64,298.44,P012,EQ044
2025-09-27 02:30:00,1657.5,847.79,2.35,0.0272,0.0146,0.0124,497.25,3.5,104.92,307.77,P008,EQ002
2025-09-27 02:40:00,1632.24,743.1,2.64,0.0604,0.0199,0.0094,539.51,2.99,109.78,297.39,P021,EQ009
2025-09-27 02:50:00,1673.92,898.82,2.58,0.0592,0.0094,0.0062,481.13,2.84,113.35,320.08,P009,EQ016
2025-09-27 03:00:00,1659.48,750.09,1.91,0.0553,0.0172,0.0082,413.68,3.27,100.62,295.46,P007,EQ023
2025-09-27 03:10:00,1681.05,731.66,2.51,0.0187,0.017,0.0087,487.03,2.55,87.25,290.52,P019,EQ030
2025-09-27 03:20:00,1638.93,772.0,2.06,0.0425,0.0253,0.0132,465.5,3.45,100.07,288.87,P013,EQ037
2025-09-27 03:30:00,1624.81,807.83,1.81,0.0454,0.0161,0.008,517.05,3.0,112.14,289.63,P003,EQ044
2025-09-27 03:40:00,1669.62,719.05,3.16,0.0429,0.0196,0.0086,488.48,2.97,86.26,292.83,P029,EQ002
2025-09-27 03:50:00,1658.38,794.45,2.37,0.0462,0.0177,0.0096,525.72,2.95,103.89,282.8,P004,EQ009
2025-09-27 04:00:00,1682.84,825.09,2.34,0.0414,0.0145,0.0103,501.36,2.89,112.24,286.73,P005,EQ016
2025-09-27 04:10:00,1658.0,856.96,2.19,0.051,0.0146,0.0082,500.19,2.97,100.25,310.44,P021,EQ023
2025-09-27 04:20:00,1616.57,730.82,2.9,0.0426,0.0222,0.0128,440.51,3.11,81.81,305.25,P024,EQ030
2025-09-27 04:30:00,1643.79,849.96,2.44,0.0651,0.0141,0.0077,506.42,3.06,88.27,303.71,P020,EQ037
2025-09-27 04:40:00,1661.1,783.66,2.94,0.0454,0.0147,0.0074,583.19,3.1,110.17,289.43,P004,EQ044
2025-09-27 04:50:00,1673.28,786.17,2.31,0.0385,0.0155,0.0122,394.98,3.15,98.38,297.6,P002,EQ002
2025-09-27 05:00:00,1676.9,744.53,2.44,0.0533,0.0141,0.0076,486.9,2.77,108.34,283.98,P019,EQ009
2025-09-27 05:10:00,1661.56,755.63,2.77,0.0536,0.0164,0.0094,554.06,3.1,91.82,283.41,P030,EQ016
2025-09-27 05:20:00,1656.4,756.43,2.84,0.0512,0.0129,0.0096,416.27,2.84,91.75,281.76,P029,EQ023
2025-09-27 05:30:00,1683.32,791.93,1.95,0.0356,0.016,0.0105,439.96,2.79,117.5,282.21,P021,EQ030
2025-09-27 05:40:00,1661.86,929.07,2.6,0.0448,0.0152,0.0088,443.93,2.96,102.26,297.83,P027,EQ037
2025-09-27 05:50:00,1638.14,862.18,2.59,0.0662,0.0178,0.0089,379.1,3.18,109.5,311.78,P007,EQ044
2025-09-27 06:00:00,1635.76,788.33,2.31,0.0566,0.016,0.0094,522.66,3.01,112.64,292.3,P007,EQ002
2025-09-27 06:10:00,1641.03,818.59,2.98,0.0417,0.0155,0.0112,475.22,2.98,95.0,308.87,P023,EQ009
2025-09-27 06:20:00,1660.26,828.06,2.64,0.0564,0.0166,0.0094,455.57,2.83,104.33,260.11,P015,EQ016
2025-09-27 06:30:00,1634.0,820.18,2.53,0.0585,0.0101,0.0139,378.37,3.16,101.59,266.72,P030,EQ023
2025-09-27 06:40:00,1650.61,776.28,2.24,0.052,0.0115,0.0108,561.87,2.64,108.12,292.23,P004,EQ030
2025-09-27 06:50:00,1651.07,827.21,2.56,0.0286,0.0183,0.0116,516.3,3.06,97.32,288.81,P003,EQ037
2025-09-27 07:00:00,1667.05,683.13,2.18,0.0479,0.0131,0.0081,457.31,2.97,105.76,284.95,P018,EQ044
2025-09-27 07:10:00,1646.79,896.14,2.79,0.0506,0.0171,0.0099,526.93,2.84,87.03,278.86,P020,EQ002
2025-09-27 07:20:00,1654.49,799.17,2.61,0.0552,0.016,0.0093,506.45,2.98,117.08,298.07,P011,EQ009
2025-09-27 07:30:00,1662.62,772.54,2.28,0.0404,0.0124,0.0077,485.07,3.2,88.64,320.86,P010,EQ016
2025-09-27 07:40:00,1684.75,783.01,2.72,0.0412,0.008,0.0093,481.67,3.36,101.84,275.89,P024,EQ023
2025-09-27 07:50:00,1627.99,815.23,2.29,0.0607,0.0108,0.0108,479.15,3.18,101.14,285.27,P016,EQ030
2025-09-27 08:00:00,1661.99,710.69,2.31,0.0681,0.0111,0.01,468.46,3.04,100.5,293.82,P025,EQ037
2025-09-27 08:10:00,1632.88,816.91,1.92,0.0565,0.015,0.0148,478.49,2.63,105.81,326.89,P007,EQ044
2025-09-27 08:20:00,1658.23,766.02,2.87,0.035,0.0121,0.0064,508.93,3.15,103.55,290.95,P018,EQ002
2025-09-27 08:30:00,1627.19,769.28,2.57,0.0465,0.0131,0.0079,513.52,2.57,94.04,285.79,P024,EQ009
2025-09-27 08:40:00,1623.81,750.33,2.54,0.0607,0.0134,0.0111,459.81,3.28,102.74,278.98,P005,EQ016
2025-09-27 08:50:00,1637.77,885.05,2.92,0.0636,0.0086,0.0101,573.4,3.06,90.17,280.64,P002,EQ023
2025-09-27 09:00:00,1701.03,890.79,2.09,0.0401,0.0157,0.0094,445.33,2.93,100.33,294.18,P005,EQ030
2025-09-27 09:10:00,1647.3,756.63,2.7,0.0541,0.0158,0.0079,452.52,3.37,85.51,289.38,P007,EQ037
2025-09-27 09:20:00,1675.07,771.52,2.51,0.0403,0.0182,0.0075,497.83,2.96,85.88,290.58,P014,EQ044
2025-09-27 09:30:00,1673.09,795.89,2.44,0.075,0.012,0.0126,474.54,2.6,105.85,315.33,P018,EQ002
2025-09-27 09:40:00,1666.64,793.8,2.45,0.0339,0.0136,0.0096,559.41,2.89,114.85,288.38,P023,EQ009
2025-09-27 09:50:00,1628.31,893.19,2.85,0.0509,0.0173,0.0115,495.36,3.0,82.09,333.05,P009,EQ016
2025-09-27 10:00:00,1635.26,831.93,2.57,0.0641,0.0142,0.0148,577.26,3.19,98.01,294.5,P029,EQ023
2025-09-27 10:10:00,1645.52,873.26,2.3,0.0516,0.0143,0.0085,597.85,3.41,116.59,281.11,P029,EQ030
2025-09-27 10:20:00,1650.12,760.44,1.8,0.0471,0.0211,0.0105,478.41,2.82,85.48,292.54,P025,EQ037
2025-09-27 10:30:00,1609.23,817.16,2.12,0.0519,0.014,0.0106,394.76,2.79,85.93,272.84,P028,EQ044
2025-09-27 10:40:00,1661.15,627.24,2.21,0.0615,0.0168,0.0072,619.85,3.03,100.58,286.63,P028,EQ002
2025-09-27 10:50:00,1668.62,829.81,2.89,0.0352,0.0119,0.0108,516.12,2.96,105.45,275.98,P030,EQ009
2025-09-27 11:00:00,1642.15,775.58,2.49,0.0494,0.0205,0.0101,518.59,2.75,96.12,297.88,P018,EQ016
2025-09-27 11:10:00,1661.91,860.51,2.57,0.0557,0.0101,0.0117,470.12,3.29,102.0,326.02,P012,EQ023
2025-09-27 11:20:00,1663.47,751.42,3.04,0.0379,0.0155,0.0098,498.88,2.89,108.98,316.44,P029,EQ030
2025-09-27 11:30:00,1648.55,838.27,2.04,0.0594,0.0155,0.0083,491.86,2.66,94.64,287.68,P012,EQ037
2025-09-27 11:40:00,1641.19,767.24,2.18,0.045,0.015,0.0095,494.63,3.14,95.73,296.09,P015,EQ044
2025-09-27 11:50:00,1644.77,844.86,2.45,0.045,0.0189,0.0096,492.02,3.33,77.76,303.35,P021,EQ002
2025-09-27 12:00:00,1642.42,787.67,2.91,0.0401,0.0099,0.0113,503.94,3.2,105.6,294.85,P023,EQ009
2025-09-27 12:10:00,1639.63,797.18,2.05,0.0564,0.0138,0.0069,563.95,3.27,119.49,283.61,P004,EQ016
2025-09-27 12:20:00,1640.71,930.68,2.28,0.0569,0.0077,0.0108,570.05,2.88,98.53,299.24,P030,EQ023
2025-09-27 12:30:00,1647.64,802.51,2.39,0.0535,0.0139,0.0084,526.58,3.25,104.27,308.52,P014,EQ030
2025-09-27 12:40:00,1619.75,770.79,2.5,0.0557,0.018,0.0074,594.51,2.95,115.35,292.15,P003,EQ037
2025-09-27 12:50:00,1657.42,850.38,2.75,0.0404,0.0106,0.0081,469.97,2.8,98.27,290.04,P016,EQ044
2025-09-27 13:00:00,1671.67,765.55,2.84,0.0603,0.011,0.0126,477.89,2.97,103.53,292.65,P014,EQ002
2025-09-27 13:10:00,1665.07,816.1,2.37,0.055,0.0131,0.0077,528.44,3.02,101.08,306.98,P017,EQ009
2025-09-27 13:20:00,1643.12,894.42,2.37,0.042,0.0211,0.0072,428.42,2.81,99.02,283.71,P030,EQ016
2025-09-27 13:30:00,1614.98,790.9,2.55,0.0582,0.0182,0.0067,456.16,3.11,118.59,310.31,P017,EQ023
2025-09-27 13:40:00,1663.19,734.82,2.72,0.0479,0.0167,0.0122,506.6,3.2,87.72,295.72,P026,EQ030
2025-09-27 13:50:00,1626.16,848.37,2.23,0.0612,0.0177,0.0113,464.87,3.09,105.96,298.17,P001,EQ037
2025-09-27 14:00:00,1634.21,693.99,2.69,0.0436,0.0146,0.0093,491.01,3.41,90.46,287.82,P006,EQ044
2025-09-27 14:10:00,1637.35,833.73,3.17,0.0573,0.0192,0.0098,534.36,2.85,91.89,313.78,P020,EQ002
2025-09-27 14:20:00,1671.88,781.52,2.71,0.0567,0.0113,0.0091,406.99,2.85,93.29,283.71,P009,EQ009
2025-09-27 14:30:00,1672.84,829.9,2.85,0.0455,0.0183,0.01,555.28,3.18,96.84,292.74,P023,EQ016
2025-09-27 14:40:00,1663.85,830.79,2.62,0.0421,0.0114,0.0093,561.55,3.37,101.54,316.82,P005,EQ023
2025-09-27 14:50:00,1693.0,884.39,2.24,0.0366,0.0134,0.0083,551.09,3.11,80.07,313.47,P010,EQ030
2025-09-27 15:00:00,1643.16,814.58,2.22,0.0488,0.0096,0.0105,495.83,3.1,101.1,297.86,P002,EQ037
2025-09-27 15:10:00,1666.03,759.03,2.76,0.054,0.019,0.007,429.61,3.34,96.0,327.59,P019,EQ044
2025-09-27 15:20:00,1632.17,895.89,3.35,0.0405,0.0142,0.0111,481.99,2.8,99.89,305.64,P002,EQ002
2025-09-27 15:30:00,1682.85,715.25,1.99,0.0546,0.0141,0.0096,628.77,3.17,105.83,282.86,P026,EQ009
2025-09-27 15:40:00,1644.77,869.87,1.83,0.0554,0.0217,0.0093,481.17,2.97,97.54,299.4,P023,EQ016
2025-09-27 15:50:00,1640.7,715.37,2.25,0.0445,0.0165,0.0134,470.64,2.88,99.34,313.43,P007,EQ023
2025-09-27 16:00:00,1656.86,823.69,2.8,0.056,0.0138,0.0087,517.99,3.05,109.58,294.34,P024,EQ030
2025-09-27 16:10:00,1668.85,730.7,1.62,0.0521,0.0091,0.0082,519.87,2.97,104.49,323.59,P027,EQ037
2025-09-27 16:20:00,1658.91,869.66,2.88,0.0402,0.0192,0.0094,543.92,2.91,112.89,306.64,P013,EQ044
2025-09-27 16:30:00,1682.94,764.63,2.54,0.0611,0.0183,0.0122,486.99,3.05,98.96,291.7,P016,EQ002
2025-09-27 16:40:00,1660.15,763.24,2.4,0.0513,0.0189,0.0094,461.79,3.11,107.47,314.88,P022,EQ009
2025-09-27 16:50:00,1659.49,849.14,2.02,0.0572,0.0158,0.0106,573.2,3.06,110.41,310.46,P018,EQ016
2025-09-27 17:00:00,1624.63,787.87,2.43,0.0654,0.0162,0.008,472.4,2.96,80.87,298.9,P028,EQ023
2025-09-27 17:10:00,1659.5,803.61,2.36,0.0443,0.0136,0.0108,454.07,2.91,108.39,290.58,P017,EQ030
2025-09-27 17:20:00,1639.81,753.67,3.01,0.0424,0.0202,0.0101,541.18,2.75,123.6,286.59,P003,EQ037
2025-09-27 17:30:00,1660.23,761.29,2.55,0.0295,0.0164,0.0104,539.26,2.89,91.48,312.24,P006,EQ044
2025-09-27 17:40:00,1654.81,771.35,2.19,0.0773,0.0115,0.0107,561.97,3.16,98.19,306.09,P015,EQ002
2025-09-27 17:50:00,1653.61,803.9,2.43,0.044,0.013,0.0111,495.62,2.81,86.23,325.47,P025,EQ009
2025-09-27 18:00:00,1645.22,806.26,2.33,0.0481,0.0129,0.0093,481.56,2.63,94.52,280.37,P017,EQ016
2025-09-27 18:10:00,1644.96,739.8,2.51,0.0515,0.0183,0.0066,555.43,2.97,95.23,273.04,P013,EQ023
2025-09-27 18:20:00,1618.83,822.67,2.87,0.0338,0.013,0.0109,528.97,3.05,106.4,280.71,P018,EQ030
2025-09-27 18:30:00,1623.15,877.0,3.18,0.0573,0.0189,0.0095,513.59,3.07,85.52,312.08,P025,EQ037
2025-09-27 18:40:00,1674.12,786.07,2.71,0.0416,0.0139,0.009,466.7,2.76,92.82,310.64,P013,EQ044
2025-09-27 18:50:00,1654.22,784.07,3.1,0.0507,0.0182,0.011,489.6,2.85,95.58,293.9,P013,EQ002
2025-09-27 19:00:00,1635.02,740.4,2.93,0.0304,0.0104,0.0098,574.75,2.61,80.49,293.82,P020,EQ009
2025-09-27 19:10:00,1642.79,828.95,1.75,0.0511,0.0142,0.0083,592.68,3.16,105.74,299.42,P009,EQ016
2025-09-27 19:20:00,1645.05,843.11,2.76,0.0453,0.0131,0.0063,443.94,3.02,89.11,295.68,P007,EQ023
2025-09-27 19:30:00,1604.05,727.73,2.65,0.0453,0.014,0.0054,436.85,2.96,82.15,285.66,P006,EQ030
2025-09-27 19:40:00,1659.07,802.72,2.21,0.0607,0.0147,0.008,526.22,2.72,98.52,319.82,P001,EQ037
2025-09-27 19:50:00,1638.82,786.55,2.89,0.0535,0.0184,0.0086,460.44,3.08,97.16,308.05,P006,EQ044
2025-09-27 20:00:00,1641.27,821.61,2.33,0.0264,0.0106,0.011,511.2,2.94,89.25,336.13,P019,EQ002
2025-09-27 20:10:00,1641.64,741.7,2.18,0.045,0.0206,0.0111,400.13,3.06,103.43,305.75,P007,EQ009
2025-09-27 20:20:00,1603.89,796.92,2.34,0.0458,0.0161,0.0098,538.96,2.93,118.18,286.47,P019,EQ016
2025-09-27 20:30:00,1638.84,722.4,2.23,0.0431,0.0116,0.0119,501.77,3.11,99.56,290.51,P023,EQ023
2025-09-27 20:40:00,1690.59,832.31,2.6,0.0315,0.013,0.0087,542.69,3.23,92.9,298.11,P001,EQ030
2025-09-27 20:50:00,1649.72,786.69,2.02,0.0435,0.0177,0.01,504.44,3.19,100.04,312.88,P029,EQ037
2025-09-27 21:00:00,1634.51,786.63,2.91,0.0438,0.0165,0.0113,556.4,2.96,82.16,300.49,P030,EQ044
2025-09-27 21:10:00,1660.69,853.7,1.83,0.064,0.0118,0.0125,546.96,3.02,105.41,309.04,P026,EQ002
2025-09-27 21:20:00,1663.36,774.22,2.38,0.064,0.0142,0.0115,495.49,3.19,103.94,309.03,P017,EQ009
2025-09-27 21:30:00,1648.61,814.22,2.01,0.0714,0.0155,0.0085,448.65,2.71,79.95,330.33,P015,EQ016
2025-09-27 21:40:00,1656.11,739.96,2.67,0.0631,0.0133,0.0086,474.98,2.86,88.37,326.55,P017,EQ023
2025-09-27 21:50:00,1637.68,746.0,2.72,0.0376,0.014,0.0111,486.83,3.18,94.43,276.31,P023,EQ030
2025-09-27 22:00:00,1630.22,884.92,2.43,0.0501,0.018,0.0138,496.66,3.06,104.76,299.88,P024,EQ037
2025-09-27 22:10:00,1650.92,767.24,2.51,0.0413,0.0187,0.0099,535.57,3.0,75.62,305.3,P017,EQ044
2025-09-27 22:20:00,1678.33,855.05,2.18,0.0486,0.0146,0.0107,452.66,3.26,91.49,314.29,P009,EQ002
2025-09-27 22:30:00,1651.47,736.32,3.12,0.0384,0.0237,0.0078,438.94,3.04,104.58,281.86,P010,EQ009
2025-09-27 22:40:00,1625.69,860.29,2.42,0.0548,0.0142,0.0086,460.71,2.93,99.82,264.18,P028,EQ016
2025-09-27 22:50:00,1630.25,741.99,2.45,0.0459,0.0182,0.0133,458.1,2.7,90.9,313.65,P008,EQ023
2025-09-27 23:00:00,1635.5,776.68,2.34,0.0582,0.0159,0.0052,471.34,3.41,104.05,303.58,P010,EQ030
2025-09-27 23:10:00,1690.25,730.12,2.5,0.0588,0.0163,0.0096,446.72,3.04,115.71,285.26,P023,EQ037
2025-09-27 23:20:00,1609.35,802.59,2.69,0.0626,0.0159,0.0111,457.2,3.3,97.45,310.5,P009,EQ044
2025-09-27 23:30:00,1638.82,776.47,1.95,0.0274,0.0115,0.0109,525.63,2.8,114.31,300.45,P018,EQ002
2025-09-27 23:40:00,1635.84,748.26,2.7,0.0427,0.0184,0.0123,477.74,2.93,95.71,302.52,P004,EQ009
2025-09-27 23:50:00,1632.97,784.22,3.08,0.0427,0.0185,0.0132,544.04,3.06,90.17,278.2,P006,EQ016
2025-09-28 00:00:00,1646.01,772.06,2.23,0.056,0.0142,0.0101,542.55,2.6,85.45,315.73,P008,EQ023
2025-09-28 00:10:00,1663.14,857.77,2.15,0.0632,0.0097,0.0092,485.08,2.96,104.31,305.13,P002,EQ030
2025-09-28 00:20:00,1669.33,825.53,2.73,0.0311,0.0129,0.0107,562.94,2.76,112.95,312.09,P018,EQ037
2025-09-28 00:30:00,1654.01,836.93,2.45,0.0508,0.0111,0.0097,569.83,3.27,87.85,300.6,P008,EQ044
2025-09-28 00:40:00,1625.63,808.32,2.56,0.0681,0.0157,0.0087,493.69,3.27,115.35,318.17,P010,EQ002
2025-09-28 00:50:00,1680.13,820.87,2.49,0.0349,0.0153,0.009,511.88,2.93,99.0,303.6,P002,EQ009
2025-09-28 01:00:00,1670.8,778.08,2.41,0.0701,0.0177,0.0079,452.92,2.97,106.79,296.05,P021,EQ016
2025-09-28 01:10:00,1659.09,804.61,2.36,0.0357,0.0157,0.007,542.56,2.83,102.8,295.7,P005,EQ023
2025-09-28 01:20:00,1658.26,750.59,2.63,0.046,0.0166,0.0075,563.82,3.22,97.68,310.88,P029,EQ030
2025-09-28 01:30:00,1664.62,793.88,2.04,0.0592,0.0196,0.0105,588.89,2.89,95.05,292.98,P009,EQ037
2025-09-28 01:40:00,1675.0,790.19,3.04,0.051,0.019,0.0111,407.34,3.25,80.65,312.88,P030,EQ044
2025-09-28 01:50:00,1625.75,725.46,2.09,0.0654,0.0149,0.015,468.74,3.21,101.41,293.94,P005,EQ002
2025-09-28 02:00:00,1655.15,804.31,2.96,0.072,0.0133,0.0113,432.47,3.33,120.53,272.65,P009,EQ009
2025-09-28 02:10:00,1664.95,756.22,2.64,0.0575,0.0149,0.0119,520.02,2.86,128.68,301.7,P028,EQ016
2025-09-28 02:20:00,1670.6,936.8,2.48,0.0418,0.0119,0.0083,522.34,2.93,97.47,326.61,P026,EQ023
2025-09-28 02:30:00,1633.42,729.74,2.57,0.0541,0.016,0.0078,480.87,3.17,101.0,271.18,P002,EQ030
2025-09-28 02:40:00,1673.69,802.15,2.11,0.0455,0.013,0.0104,477.36,2.93,97.98,302.49,P021,EQ037
2025-09-28 02:50:00,1641.12,797.85,2.43,0.0628,0.0129,0.008,503.69,2.95,97.83,325.93,P008,EQ044
2025-09-28 03:00:00,1685.92,791.22,2.05,0.0396,0.0166,0.0082,551.54,3.14,85.9,296.71,P027,EQ002
2025-09-28 03:10:00,1619.09,721.73,2.2,0.043,0.0193,0.0098,516.81,3.17,77.99,279.48,P007,EQ009
2025-09-28 03:20:00,1675.76,808.0,1.85,0.0492,0.0128,0.0126,476.5,3.16,112.19,312.41,P018,EQ016
2025-09-28 03:30:00,1623.36,764.36,2.66,0.058,0.0136,0.0116,392.59,2.97,120.95,327.94,P004,EQ023
2025-09-28 03:40:00,1626.7,785.19,2.03,0.0428,0.0086,0.0093,499.49,2.85,99.27,292.87,P001,EQ030
2025-09-28 03:50:00,1650.67,784.68,2.07,0.0532,0.0141,0.0089,516.17,3.19,106.92,316.17,P021,EQ037
2025-09-28 04:00:00,1690.53,721.17,2.49,0.0482,0.0153,0.0087,500.51,3.22,118.5,295.44,P012,EQ044
2025-09-28 04:10:00,1631.09,842.68,2.44,0.0382,0.0082,0.009,507.68,2.75,88.31,318.97,P021,EQ002
2025-09-28 04:20:00,1643.33,758.48,2.28,0.0541,0.0101,0.0094,571.58,3.11,96.11,291.27,P020,EQ009
2025-09-28 04:30:00,1653.4,751.86,2.22,0.0425,0.0193,0.0102,498.75,3.29,104.82,286.49,P012,EQ016
2025-09-28 04:40:00,1664.73,748.48,2.47,0.0466,0.0079,0.0128,485.62,2.92,81.79,312.13,P011,EQ023
2025-09-28 04:50:00,1662.72,791.06,2.5,0.0433,0.0129,0.0094,499.43,2.94,91.98,281.44,P003,EQ030
2025-09-28 05:00:00,1627.35,840.01,2.25,0.0418,0.0141,0.0084,530.58,3.29,104.39,296.12,P023,EQ037
2025-09-28 05:10:00,1639.46,783.74,2.57,0.0508,0.0192,0.0067,463.09,3.08,92.09,312.85,P029,EQ044
2025-09-28 05:20:00,1669.65,693.76,2.18,0.076,0.0129,0.0097,437.63,3.29,107.86,286.41,P018,EQ002
2025-09-28 05:30:00,1663.64,695.73,2.4,0.0628,0.0214,0.0104,525.15,2.89,104.11,293.98,P009,EQ009
2025-09-28 05:40:00,1659.74,846.25,2.7,0.0696,0.0154,0.0106,446.89,2.93,101.7,310.6,P024,EQ016
2025-09-28 05:50:00,1641.74,784.83,2.02,0.056,0.0167,0.0081,479.37,3.23,107.8,285.08,P005,EQ023
2025-09-28 06:00:00,1627.17,721.59,2.18,0.0461,0.0147,0.0114,511.52,2.8,87.3,306.4,P014,EQ030
2025-09-28 06:10:00,1656.51,794.8,2.62,0.0597,0.0199,0.0104,493.12,3.13,100.98,318.7,P029,EQ037
2025-09-28 06:20:00,1646.93,698.72,2.48,0.0362,0.0141,0.0101,512.74,2.68,113.54,314.14,P020,EQ044
2025-09-28 06:30:00,1674.82,779.66,1.92,0.0436,0.0116,0.01,497.37,3.1,91.26,297.15,P010,EQ002
2025-09-28 06:40:00,1650.0,834.61,2.74,0.0413,0.0149,0.0069,571.46,3.08,112.45,315.12,P011,EQ009
2025-09-28 06:50:00,1680.98,772.1,2.73,0.0471,0.0128,0.0113,519.48,2.72,100.39,324.15,P002,EQ016
2025-09-28 07:00:00,1672.58,787.03,2.3,0.0532,0.0163,0.0104,513.68,2.65,112.08,333.03,P021,EQ023
2025-09-28 07:10:00,1661.0,825.76,2.74,0.0368,0.0186,0.0106,471.69,3.35,93.12,315.05,P027,EQ030
2025-09-28 07:20:00,1646.26,737.25,2.18,0.0554,0.0173,0.0094,424.5,3.09,101.46,277.49,P001,EQ037
2025-09-28 07:30:00,1632.43,813.58,2.75,0.0524,0.013,0.012,489.39,2.96,96.55,308.41,P027,EQ044
2025-09-28 07:40:00,1640.2,853.12,2.23,0.0428,0.0136,0.0123,468.87,2.78,105.46,281.39,P012,EQ002
2025-09-28 07:50:00,1663.24,772.97,2.54,0.0526,0.0133,0.0133,464.23,2.76,103.35,309.32,P008,EQ009
2025-09-28 08:00:00,1682.31,769.98,2.46,0.0449,0.0156,0.0097,633.87,2.86,119.52,295.39,P024,EQ016
2025-09-28 08:10:00,1625.27,806.65,2.1,0.0496,0.0183,0.0063,423.46,2.95,108.38,291.96,P009,EQ023
2025-09-28 08:20:00,1667.79,762.28,2.41,0.043,0.0094,0.0081,445.22,2.87,99.44,297.5,P006,EQ030
2025-09-28 08:30:00,1631.0,854.4,2.25,0.0469,0.0161,0.01,626.99,3.38,98.01,322.24,P009,EQ037
2025-09-28 08:40:00,1641.84,824.6,2.45,0.0586,0.0187,0.0112,473.21,2.99,89.13,286.47,P001,EQ044
2025-09-28 08:50:00,1637.42,835.04,2.71,0.046,0.0107,0.0123,425.82,2.76,116.54,294.69,P018,EQ002
2025-09-28 09:00:00,1678.26,852.77,2.18,0.0539,0.0166,0.0082,511.81,2.97,97.65,301.29,P022,EQ009
2025-09-28 09:10:00,1680.23,780.44,2.8,0.0643,0.0175,0.0065,435.53,3.27,104.58,294.7,P028,EQ016
2025-09-28 09:20:00,1626.45,788.02,2.3,0.0405,0.0167,0.0114,452.71,2.96,92.09,285.97,P025,EQ023
2025-09-28 09:30:00,1634.2,787.47,2.25,0.0427,0.015,0.0082,467.76,2.9,96.74,286.03,P025,EQ030
2025-09-28 09:40:00,1639.15,785.3,1.83,0.0563,0.0111,0.0108,388.02,3.03,88.77,331.13,P019,EQ037
2025-09-28 09:50:00,1654.29,792.86,2.37,0.0412,0.0127,0.0082,442.18,2.7,96.71,313.52,P004,EQ044
2025-09-28 10:00:00,1667.15,739.99,2.67,0.0401,0.017,0.0095,523.7,3.31,92.91,299.32,P024,EQ002
2025-09-28 10:10:00,1664.3,715.54,2.74,0.0541,0.0154,0.0087,493.86,2.9,106.26,293.86,P024,EQ009
2025-09-28 10:20:00,1672.7,795.03,2.28,0.0831,0.0173,0.0097,440.83,2.86,101.21,308.2,P023,EQ016
2025-09-28 10:30:00,1645.22,760.36,1.99,0.0392,0.0157,0.0101,557.14,2.88,108.52,300.81,P013,EQ023
2025-09-28 10:40:00,1643.39,796.83,2.0,0.0358,0.0121,0.011,484.34,2.77,105.91,316.84,P021,EQ030
2025-09-28 10:50:00,1647.22,771.69,2.33,0.063,0.0107,0.007,585.61,2.91,110.52,318.36,P009,EQ037
2025-09-28 11:00:00,1666.89,793.59,2.73,0.0671,0.0098,0.008,557.85,2.87,111.33,266.79,P028,EQ044
2025-09-28 11:10:00,1661.16,816.17,3.02,0.0488,0.0149,0.0105,523.15,3.22,78.64,290.47,P021,EQ002
2025-09-28 11:20:00,1632.62,737.25,2.85,0.0489,0.0141,0.0116,467.29,3.2,87.49,329.86,P021,EQ009
2025-09-28 11:30:00,1653.23,806.66,2.52,0.0328,0.0147,0.0115,546.86,2.53,101.36,297.72,P020,EQ016
2025-09-28 11:40:00,1662.73,798.41,1.85,0.0418,0.0212,0.0099,458.81,3.03,90.16,296.56,P018,EQ023
2025-09-28 11:50:00,1644.62,786.79,2.78,0.0546,0.018,0.0086,513.73,3.22,100.68,330.27,P007,EQ030
2025-09-28 12:00:00,1690.34,724.21,2.56,0.0575,0.0167,0.0126,566.73,3.09,96.99,316.47,P027,EQ037
2025-09-28 12:10:00,1655.15,852.94,3.09,0.0652,0.0128,0.0127,541.41,3.21,91.77,318.64,P015,EQ044
2025-09-28 12:20:00,1636.49,786.28,2.7,0.0493,0.0134,0.0134,497.94,2.7,99.24,276.35,P008,EQ002
2025-09-28 12:30:00,1640.72,830.53,2.77,0.0465,0.0128,0.0106,435.36,3.21,87.44,318.03,P011,EQ009
2025-09-28 12:40:00,1655.79,810.94,2.47,0.047,0.0156,0.0132,470.13,3.09,102.08,334.34,P009,EQ016
2025-09-28 12:50:00,1681.12,739.2,2.41,0.0493,0.0209,0.0085,515.8,3.14,88.36,318.23,P007,EQ023
2025-09-28 13:00:00,1634.37,741.9,2.45,0.0475,0.0116,0.0121,566.68,3.06,105.73,324.23,P019,EQ030
2025-09-28 13:10:00,1645.39,832.86,2.08,0.0565,0.0199,0.0093,510.84,3.23,114.24,284.16,P021,EQ037
2025-09-28 13:20:00,1638.16,767.49,2.39,0.0415,0.0188,0.0114,551.17,2.9,115.58,308.12,P026,EQ044
2025-09-28 13:30:00,1645.11,819.56,2.89,0.0599,0.0157,0.0124,498.69,3.14,114.08,289.54,P028,EQ002
2025-09-28 13:40:00,1643.43,810.62,2.59,0.0441,0.0128,0.0062,503.28,2.72,91.07,295.51,P025,EQ009
2025-09-28 13:50:00,1675.55,763.94,2.18,0.0723,0.0127,0.0084,448.66,3.28,90.62,287.49,P013,EQ016
2025-09-28 14:00:00,1651.33,794.9,2.61,0.0482,0.0162,0.0104,493.85,3.04,104.3,311.93,P005,EQ023
2025-09-28 14:10:00,1625.2,775.92,2.48,0.0471,0.0153,0.0103,432.54,2.86,88.6,299.36,P015,EQ030
2025-09-28 14:20:00,1670.73,758.25,2.42,0.049,0.0175,0.01,466.51,3.09,86.91,278.63,P008,EQ037
2025-09-28 14:30:00,1619.18,827.73,2.4,0.0489,0.0105,0.0085,468.42,3.07,90.05,314.92,P024,EQ044
2025-09-28 14:40:00,1639.54,812.47,2.82,0.0639,0.0127,0.0073,554.04,3.13,106.31,298.92,P024,EQ002
2025-09-28 14:50:00,1603.79,823.38,2.78,0.0358,0.0131,0.0064,564.88,3.14,100.97,290.99,P014,EQ009
2025-09-28 15:00:00,1647.66,779.01,2.92,0.0578,0.0074,0.0085,464.35,2.99,105.33,293.3,P012,EQ016
2025-09-28 15:10:00,1647.49,827.18,2.31,0.0541,0.0149,0.0137,501.05,2.91,81.88,302.84,P005,EQ023
2025-09-28 15:20:00,1644.06,817.45,2.21,0.0251,0.0151,0.0113,517.23,3.39,82.94,318.63,P029,EQ030
2025-09-28 15:30:00,1638.79,809.95,2.86,0.0476,0.0129,0.0069,445.39,2.85,100.54,297.17,P016,EQ037
2025-09-28 15:40:00,1674.15,870.01,2.75,0.0481,0.0127,0.0094,525.7,2.81,100.71,292.88,P003,EQ044
2025-09-28 15:50:00,1671.11,812.49,2.47,0.0373,0.012,0.0095,427.36,2.92,68.72,286.32,P016,EQ002
2025-09-28 16:00:00,1661.81,827.91,3.21,0.0577,0.013,0.0137,520.89,3.22,81.57,287.33,P006,EQ009
2025-09-28 16:10:00,1635.78,862.51,2.78,0.0435,0.0211,0.0093,511.76,3.21,97.53,283.96,P015,EQ016
2025-09-28 16:20:00,1616.0,818.71,2.73,0.038,0.021,0.0132,549.81,2.78,85.39,279.85,P006,EQ023
2025-09-28 16:30:00,1661.25,883.64,2.5,0.0598,0.0186,0.011,523.35,2.79,129.16,289.26,P027,EQ030
2025-09-28 16:40:00,1687.31,708.11,2.93,0.0724,0.0166,0.0112,436.14,3.25,105.99,281.2,P028,EQ037
2025-09-28 16:50:00,1659.18,776.31,3.15,0.0444,0.014,0.0082,437.84,2.89,90.16,312.68,P006,EQ044
2025-09-28 17:00:00,1654.32,831.23,2.6,0.0575,0.0193,0.0119,471.92,2.89,98.66,315.84,P007,EQ002
2025-09-28 17:10:00,1644.29,764.14,2.22,0.035,0.009,0.0112,533.93,2.81,99.8,280.45,P019,EQ009
2025-09-28 17:20:00,1644.51,858.16,2.33,0.0435,0.0173,0.0098,509.81,2.99,103.06,282.85,P016,EQ016
2025-09-28 17:30:00,1650.33,736.79,2.45,0.0529,0.0132,0.0111,513.94,2.87,98.34,286.18,P024,EQ023
2025-09-28 17:40:00,1641.1,819.97,3.0,0.0453,0.0146,0.0094,435.51,3.34,83.44,339.17,P006,EQ030
2025-09-28 17:50:00,1678.2,845.07,2.23,0.0435,0.0195,0.0097,454.81,2.93,129.43,309.76,P021,EQ037
2025-09-28 18:00:00,1634.87,764.12,2.37,0.0588,0.0177,0.011,438.57,3.06,101.16,294.52,P010,EQ044
2025-09-28 18:10:00,1627.95,801.04,2.86,0.0382,0.0177,0.0117,549.22,3.29,116.89,287.93,P001,EQ002
2025-09-28 18:20:00,1624.06,866.49,2.93,0.0537,0.0167,0.0101,609.56,3.13,110.12,306.36,P010,EQ009
2025-09-28 18:30:00,1652.89,808.67,2.5,0.065,0.018,0.0074,506.25,2.82,92.35,311.1,P006,EQ016
2025-09-28 18:40:00,1633.43,772.67,2.05,0.0442,0.0127,0.0089,506.95,3.11,91.39,307.81,P029,EQ023
2025-09-28 18:50:00,1641.16,910.31,1.92,0.0382,0.02,0.0112,512.36,3.04,111.79,294.64,P006,EQ030
2025-09-28 19:00:00,1656.64,816.7,2.77,0.0571,0.0144,0.0129,531.46,2.77,90.81,306.08,P027,EQ037
2025-09-28 19:10:00,1640.24,830.62,2.4,0.0412,0.0107,0.0104,524.81,3.19,104.58,287.77,P013,EQ044
2025-09-28 19:20:00,1648.21,743.32,2.52,0.0645,0.0174,0.0131,462.57,3.02,107.04,314.67,P022,EQ002
2025-09-28 19:30:00,1646.24,794.81,2.3,0.0552,0.0193,0.0059,474.6,2.87,102.38,312.87,P020,EQ009
2025-09-28 19:40:00,1645.55,861.32,2.19,0.0455,0.0168,0.013,561.54,3.07,97.43,277.76,P007,EQ016
2025-09-28 19:50:00,1627.78,805.82,2.4,0.0502,0.0171,0.011,499.46,3.11,76.1,281.46,P003,EQ023
2025-09-28 20:00:00,1661.27,837.66,2.41,0.0366,0.0113,0.0114,519.31,3.1,96.78,300.5,P005,EQ030
2025-09-28 20:10:00,1666.29,759.49,2.46,0.0362,0.0152,0.0122,556.4,3.05,98.23,312.99,P003,EQ037
2025-09-28 20:20:00,1651.72,748.15,2.37,0.0575,0.0186,0.009,517.03,3.0,94.56,284.98,P014,EQ044
2025-09-28 20:30:00,1638.16,780.95,2.2,0.0647,0.0185,0.0134,488.8,2.81,101.44,305.55,P008,EQ002
2025-09-28 20:40:00,1619.46,859.95,3.11,0.0575,0.0207,0.0094,450.95,2.95,97.08,270.41,P015,EQ009
2025-09-28 20:50:00,1657.32,815.27,2.19,0.0538,0.0132,0.0108,516.5,3.15,121.44,295.13,P030,EQ016
2025-09-28 21:00:00,1628.8,773.95,3.02,0.0408,0.0164,0.0139,576.32,3.09,109.71,319.24,P021,EQ023
2025-09-28 21:10:00,1645.83,743.77,2.66,0.0588,0.0162,0.0116,475.39,2.98,119.63,274.26,P013,EQ030
2025-09-28 21:20:00,1644.41,736.63,3.3,0.0564,0.0183,0.0115,453.8,2.96,105.68,289.01,P004,EQ037
2025-09-28 21:30:00,1687.28,836.99,2.24,0.0609,0.0211,0.0122,484.4,3.24,80.63,313.01,P024,EQ044
2025-09-28 21:40:00,1646.34,777.76,2.68,0.0459,0.0146,0.0122,523.13,3.01,106.21,343.12,P017,EQ002
2025-09-28 21:50:00,1651.86,807.15,2.42,0.0579,0.0161,0.0124,560.85,3.25,102.77,302.63,P005,EQ009
2025-09-28 22:00:00,1608.34,803.76,2.34,0.0309,0.0182,0.0108,465.59,3.19,121.0,278.06,P024,EQ016
2025-09-28 22:10:00,1672.51,799.26,2.58,0.0565,0.013,0.0084,408.89,3.12,91.54,292.17,P025,EQ023
2025-09-28 22:20:00,1658.23,819.71,3.06,0.0492,0.0097,0.0092,432.59,3.41,86.89,287.48,P026,EQ030
2025-09-28 22:30:00,1668.37,745.91,2.56,0.0636,0.0131,0.01,412.89,3.17,88.77,302.24,P001,EQ037
2025-09-28 22:40:00,1655.79,771.85,2.86,0.0427,0.0129,0.0096,455.87,2.74,95.92,298.65,P020,EQ044
2025-09-28 22:50:00,1633.8,839.99,2.3,0.0585,0.0155,0.0124,428.89,3.16,110.95,290.02,P004,EQ002
2025-09-28 23:00:00,1642.86,782.95,2.57,0.0586,0.0126,0.0112,484.29,3.09,88.98,297.95,P013,EQ009
2025-09-28 23:10:00,1642.23,829.85,2.51,0.0681,0.0157,0.0075,483.49,3.03,121.05,294.31,P013,EQ016
2025-09-28 23:20:00,1634.03,863.37,2.74,0.0408,0.0114,0.0077,470.09,2.69,82.51,287.37,P001,EQ023
2025-09-28 23:30:00,1652.5,759.68,2.11,0.0486,0.0104,0.0075,532.61,2.98,107.68,312.26,P004,EQ030
2025-09-28 23:40:00,1641.72,833.95,2.77,0.0509,0.0145,0.0104,523.14,2.73,100.51,265.81,P027,EQ037
2025-09-28 23:50:00,1647.82,833.7,2.62,0.0379,0.0131,0.0088,485.55,3.14,95.26,296.89,P001,EQ044
2025-09-29 00:00:00,1646.35,743.42,1.72,0.0362,0.0148,0.0076,607.92,2.79,102.71,305.11,P025,EQ002
2025-09-29 00:10:00,1646.06,757.46,2.68,0.0433,0.0167,0.0075,598.55,2.78,103.77,271.67,P027,EQ009
2025-09-29 00:20:00,1629.14,855.64,2.78,0.0468,0.0135,0.0064,529.23,2.76,97.17,293.28,P021,EQ016
2025-09-29 00:30:00,1684.3,737.21,2.84,0.0545,0.0158,0.0102,504.7,3.25,113.24,316.37,P030,EQ023
2025-09-29 00:40:00,1608.64,831.82,2.7,0.0629,0.0203,0.0111,530.08,3.08,101.98,303.54,P002,EQ030
2025-09-29 00:50:00,1644.52,775.93,2.39,0.0368,0.0154,0.0064,489.01,2.67,99.25,336.72,P005,EQ037
2025-09-29 01:00:00,1656.6,826.53,2.92,0.0499,0.0142,0.0123,503.0,3.25,100.72,306.33,P008,EQ044
2025-09-29 01:10:00,1638.36,821.06,2.35,0.0582,0.0156,0.0065,606.45,3.03,92.04,286.98,P025,EQ002
2025-09-29 01:20:00,1648.72,803.58,2.64,0.054,0.0187,0.0087,506.39,2.77,104.1,300.34,P003,EQ009
2025-09-29 01:30:00,1647.36,772.94,3.11,0.0353,0.0128,0.0099,487.81,3.29,96.1,290.81,P009,EQ016
2025-09-29 01:40:00,1650.18,848.1,2.57,0.0592,0.0139,0.0084,501.64,2.89,85.88,292.52,P005,EQ023
2025-09-29 01:50:00,1659.29,853.86,2.72,0.0354,0.0133,0.0091,559.67,3.13,115.5,292.14,P021,EQ030
2025-09-29 02:00:00,1651.27,777.66,2.8,0.0566,0.0151,0.0065,522.82,2.78,104.82,290.86,P020,EQ037
2025-09-29 02:10:00,1644.24,752.15,2.08,0.0501,0.0134,0.0067,482.25,2.9,84.91,316.98,P001,EQ044
2025-09-29 02:20:00,1694.36,757.19,2.82,0.0438,0.0198,0.0046,404.89,3.26,115.49,313.81,P026,EQ002
2025-09-29 02:30:00,1648.8,836.69,2.55,0.0537,0.0092,0.0122,426.01,2.91,86.45,289.17,P001,EQ009
2025-09-29 02:40:00,1672.75,827.22,2.84,0.0474,0.017,0.0074,585.71,3.31,81.71,278.7,P026,EQ016
2025-09-29 02:50:00,1646.19,746.35,2.55,0.0417,0.014,0.0149,480.86,2.87,83.94,304.11,P004,EQ023
2025-09-29 03:00:00,1659.56,785.97,2.79,0.0292,0.0141,0.0088,506.4,2.9,99.09,301.58,P018,EQ030
2025-09-29 03:10:00,1623.39,841.7,2.21,0.0382,0.0146,0.0097,490.28,3.21,105.05,295.74,P024,EQ037
2025-09-29 03:20:00,1649.63,754.21,2.58,0.045,0.0112,0.014,486.01,2.88,103.16,259.55,P027,EQ044
2025-09-29 03:30:00,1638.02,717.56,2.54,0.0493,0.0174,0.0123,422.79,2.94,98.39,309.02,P011,EQ002
2025-09-29 03:40:00,1642.96,787.26,2.35,0.0231,0.0155,0.0096,470.93,3.0,99.93,333.57,P028,EQ009
2025-09-29 03:50:00,1646.27,849.57,2.53,0.0563,0.0113,0.0106,476.83,2.69,96.31,326.18,P023,EQ016
2025-09-29 04:00:00,1653.43,843.67,2.09,0.0557,0.0123,0.0094,494.11,2.89,85.27,331.02,P003,EQ023
2025-09-29 04:10:00,1646.18,866.55,2.56,0.0372,0.0119,0.0099,583.83,2.96,114.99,306.26,P007,EQ030
2025-09-29 04:20:00,1636.2,782.95,2.39,0.0468,0.0156,0.0084,459.53,2.73,106.37,286.59,P005,EQ037
2025-09-29 04:30:00,1687.84,851.51,2.43,0.0588,0.0159,0.0096,544.48,3.05,128.34,286.12,P016,EQ044
2025-09-29 04:40:00,1632.2,803.48,2.84,0.0455,0.0119,0.012,503.76,3.19,111.97,286.0,P025,EQ002
2025-09-29 04:50:00,1671.03,784.37,2.28,0.0567,0.0188,0.0108,559.57,3.14,84.51,310.7,P019,EQ009
2025-09-29 05:00:00,1653.59,885.49,2.61,0.0554,0.013,0.0098,512.63,2.95,95.26,292.52,P029,EQ016
2025-09-29 05:10:00,1634.5,730.17,2.26,0.0346,0.012,0.0116,552.24,2.94,107.12,303.53,P015,EQ023
2025-09-29 05:20:00,1632.36,728.41,2.54,0.0604,0.0126,0.0092,412.63,3.25,83.46,287.53,P027,EQ030
2025-09-29 05:30:00,1652.88,788.38,2.45,0.0495,0.0157,0.0095,521.19,2.69,107.39,289.02,P006,EQ037
2025-09-29 05:40:00,1671.16,845.07,2.3,0.0593,0.0149,0.0107,517.33,3.04,100.63,319.54,P010,EQ044
2025-09-29 05:50:00,1649.42,792.65,2.89,0.0381,0.0155,0.0093,590.58,3.15,102.2,285.57,P011,EQ002
2025-09-29 06:00:00,1616.01,781.49,2.47,0.0395,0.011,0.0085,540.9,3.14,97.82,285.62,P016,EQ009
2025-09-29 06:10:00,1653.93,920.96,2.67,0.0495,0.0158,0.0092,513.83,3.13,86.23,294.93,P005,EQ016
2025-09-29 06:20:00,1649.22,840.16,2.77,0.0713,0.0214,0.0133,502.55,3.17,118.03,307.26,P008,EQ023
2025-09-29 06:30:00,1639.74,862.75,2.14,0.0788,0.0114,0.0119,459.36,3.1,97.37,332.31,P002,EQ030
2025-09-29 06:40:00,1656.54,816.0,2.17,0.0368,0.0101,0.0069,461.05,3.06,101.71,279.1,P018,EQ037
2025-09-29 06:50:00,1694.48,732.5,2.32,0.0451,0.0184,0.0093,509.36,3.04,101.6,289.32,P023,EQ044
2025-09-29 07:00:00,1652.15,800.28,2.67,0.0453,0.0157,0.0098,493.44,3.21,107.21,312.98,P009,EQ002
2025-09-29 07:10:00,1660.93,877.53,1.77,0.0557,0.0163,0.0127,461.29,3.08,98.2,283.04,P021,EQ009
2025-09-29 07:20:00,1640.06,764.59,2.21,0.043,0.0173,0.0091,493.28,2.72,107.65,311.45,P018,EQ016
2025-09-29 07:30:00,1650.73,894.49,2.24,0.0559,0.0136,0.011,471.47,3.03,92.32,325.04,P004,EQ023
2025-09-29 07:40:00,1649.1,824.88,2.56,0.0435,0.0129,0.0114,585.23,3.07,108.22,303.51,P001,EQ030
2025-09-29 07:50:00,1637.47,778.02,2.25,0.0403,0.0204,0.0122,482.12,3.25,109.22,290.73,P027,EQ037
2025-09-29 08:00:00,1673.98,782.1,2.96,0.0469,0.0142,0.0119,426.09,2.97,113.1,284.86,P002,EQ044
2025-09-29 08:10:00,1652.68,869.15,2.54,0.0542,0.0125,0.0115,494.45,3.04,104.43,324.77,P004,EQ002
2025-09-29 08:20:00,1695.32,783.3,2.22,0.0421,0.0132,0.0096,478.63,3.1,91.63,288.58,P018,EQ009
2025-09-29 08:30:00,1649.67,749.55,2.87,0.0485,0.0107,0.0049,512.69,2.54,91.18,292.09,P010,EQ016
2025-09-29 08:40:00,1656.98,828.85,2.43,0.0775,0.0228,0.0139,517.01,2.9,83.51,344.69,P004,EQ023
2025-09-29 08:50:00,1661.9,773.26,2.47,0.0641,0.0183,0.01,514.79,3.06,116.58,312.28,P017,EQ030
2025-09-29 09:00:00,1658.87,821.74,1.96,0.0391,0.0095,0.0128,437.6,3.08,97.17,285.17,P029,EQ037
2025-09-29 09:10:00,1669.55,848.21,2.45,0.0428,0.0169,0.0106,401.11,3.28,102.01,313.17,P027,EQ044
2025-09-29 09:20:00,1616.74,806.73,2.15,0.0518,0.015,0.0065,398.33,3.02,108.61,309.61,P014,EQ002
2025-09-29 09:30:00,1665.87,766.19,2.89,0.0612,0.0144,0.0089,488.05,2.64,102.75,303.32,P005,EQ009
2025-09-29 09:40:00,1625.78,768.91,2.74,0.051,0.0139,0.0099,465.12,2.85,101.84,297.08,P001,EQ016
2025-09-29 09:50:00,1634.12,834.67,2.68,0.0503,0.0163,0.0102,454.51,3.06,92.35,277.92,P030,EQ023
2025-09-29 10:00:00,1612.37,677.86,2.5,0.0425,0.013,0.0105,518.97,3.03,103.18,300.94,P008,EQ030
2025-09-29 10:10:00,1653.93,882.62,2.11,0.0474,0.0151,0.0106,571.65,3.25,95.63,312.36,P001,EQ037
2025-09-29 10:20:00,1611.12,747.04,2.59,0.0673,0.0149,0.0088,535.64,3.16,101.66,296.33,P008,EQ044
2025-09-29 10:30:00,1653.58,792.84,1.94,0.0525,0.014,0.0064,480.61,2.81,107.41,294.17,P014,EQ002
2025-09-29 10:40:00,1649.12,786.44,2.25,0.0661,0.0153,0.0084,551.85,3.19,96.24,307.41,P013,EQ009
2025-09-29 10:50:00,1687.94,828.66,2.19,0.0654,0.0142,0.0111,466.17,2.96,91.7,310.05,P005,EQ016
2025-09-29 11:00:00,1630.79,797.97,1.44,0.0389,0.0109,0.0075,496.32,3.35,110.77,303.01,P012,EQ023
2025-09-29 11:10:00,1643.25,784.97,1.88,0.0554,0.0134,0.0119,468.51,2.87,104.95,312.46,P021,EQ030
2025-09-29 11:20:00,1673.16,813.89,2.55,0.0408,0.0145,0.0079,557.25,2.9,107.01,291.11,P010,EQ037
2025-09-29 11:30:00,1681.37,835.35,2.92,0.0427,0.0162,0.0114,391.22,3.21,80.88,304.46,P008,EQ044
2025-09-29 11:40:00,1672.78,829.49,2.48,0.0433,0.0133,0.0091,556.7,2.7,88.26,306.86,P030,EQ002
2025-09-29 11:50:00,1664.49,759.9,2.51,0.0495,0.0141,0.0119,496.49,3.16,97.86,305.3,P029,EQ009
2025-09-29 12:00:00,1670.17,769.6,2.18,0.056,0.0156,0.0112,438.39,2.45,95.13,290.55,P022,EQ016
2025-09-29 12:10:00,1661.04,793.88,2.6,0.0609,0.0143,0.0117,565.87,3.17,109.68,307.03,P013,EQ023
2025-09-29 12:20:00,1621.12,808.59,2.52,0.0556,0.0155,0.0109,457.41,2.98,117.32,302.62,P022,EQ030
2025-09-29 12:30:00,1665.62,842.1,2.94,0.0454,0.0138,0.0054,451.78,3.13,97.04,307.49,P029,EQ037
2025-09-29 12:40:00,1644.08,821.6,2.63,0.0428,0.0136,0.0094,424.52,3.08,105.91,272.2,P023,EQ044
2025-09-29 12:50:00,1660.15,808.43,2.47,0.048,0.0117,0.0132,568.39,2.81,86.29,307.27,P027,EQ002
2025-09-29 13:00:00,1658.11,810.38,2.62,0.0507,0.0163,0.0086,508.29,2.99,101.24,304.66,P029,EQ009
2025-09-29 13:10:00,1628.18,830.1,2.36,0.0509,0.0159,0.0079,461.68,3.19,90.18,291.43,P004,EQ016
2025-09-29 13:20:00,1642.87,713.46,2.57,0.0445,0.0179,0.007,456.68,2.74,103.44,320.07,P016,EQ023
2025-09-29 13:30:00,1636.64,750.25,2.27,0.0555,0.0155,0.0108,507.36,3.52,89.63,298.34,P006,EQ030
2025-09-29 13:40:00,1619.6,853.71,3.07,0.0523,0.0126,0.013,610.45,2.63,106.88,272.37,P004,EQ037
2025-09-29 13:50:00,1645.35,810.76,2.79,0.053,0.0162,0.0127,543.2,3.0,100.46,293.0,P008,EQ044
2025-09-29 14:00:00,1628.78,767.95,2.89,0.0489,0.0175,0.0089,497.62,2.77,102.33,308.87,P004,EQ002
2025-09-29 14:10:00,1621.47,839.68,2.71,0.0534,0.0167,0.0116,565.05,3.22,107.41,316.22,P010,EQ009
2025-09-29 14:20:00,1630.87,720.62,1.97,0.042,0.0123,0.0075,546.03,3.14,108.59,282.23,P012,EQ016
2025-09-29 14:30:00,1645.09,825.88,2.77,0.0587,0.0162,0.0085,514.58,2.82,117.44,287.93,P003,EQ023
2025-09-29 14:40:00,1590.29,838.64,2.22,0.0618,0.017,0.0066,544.74,2.94,100.69,272.24,P020,EQ030
2025-09-29 14:50:00,1661.52,791.71,2.65,0.044,0.0157,0.0082,477.92,3.18,95.92,318.76,P011,EQ037
2025-09-29 15:00:00,1609.93,732.53,2.19,0.0398,0.0117,0.0097,532.03,3.22,104.6,293.54,P004,EQ044
2025-09-29 15:10:00,1654.08,809.98,2.63,0.0471,0.0139,0.0117,524.67,3.13,98.01,294.62,P012,EQ002
2025-09-29 15:20:00,1657.42,781.11,2.04,0.0451,0.0114,0.0098,450.84,2.51,101.72,301.6,P030,EQ009
2025-09-29 15:30:00,1615.36,856.49,2.14,0.0581,0.0145,0.0107,482.77,3.34,90.76,308.12,P030,EQ016
2025-09-29 15:40:00,1655.65,776.98,2.95,0.0377,0.0128,0.0125,386.12,2.75,95.02,307.81,P030,EQ023
2025-09-29 15:50:00,1654.48,836.65,2.22,0.0449,0.0181,0.0118,456.84,3.25,101.02,292.59,P003,EQ030
2025-09-29 16:00:00,1619.22,878.9,2.44,0.0439,0.0174,0.0095,433.64,3.12,91.36,318.06,P029,EQ037
2025-09-29 16:10:00,1627.88,792.21,2.66,0.0765,0.0133,0.0095,495.19,2.79,120.54,313.03,P002,EQ044
2025-09-29 16:20:00,1659.54,876.01,2.03,0.0635,0.0176,0.0072,458.55,2.83,85.82,312.11,P020,EQ002
2025-09-29 16:30:00,1665.95,800.6,3.11,0.0406,0.0209,0.0115,554.19,2.98,106.37,315.55,P005,EQ009
2025-09-29 16:40:00,1636.67,947.43,2.82,0.0508,0.0146,0.008,549.27,2.78,98.6,296.71,P006,EQ016
2025-09-29 16:50:00,1608.48,852.39,2.55,0.053,0.0136,0.0056,466.37,2.98,114.49,282.71,P014,EQ023
2025-09-29 17:00:00,1649.56,755.52,2.4,0.0487,0.0192,0.0084,581.18,3.12,91.68,287.05,P017,EQ030
2025-09-29 17:10:00,1641.81,828.93,2.44,0.0512,0.0152,0.0087,497.09,3.04,104.14,291.9,P011,EQ037
2025-09-29 17:20:00,1647.17,801.13,2.56,0.0626,0.0159,0.0083,489.31,3.28,102.14,330.09,P020,EQ044
2025-09-29 17:30:00,1627.73,736.3,2.33,0.0459,0.0108,0.0105,353.66,3.36,91.08,299.87,P006,EQ002
2025-09-29 17:40:00,1629.06,829.75,2.57,0.0211,0.0137,0.0091,473.4,2.83,96.97,316.76,P022,EQ009
2025-09-29 17:50:00,1649.88,882.86,2.61,0.0521,0.0173,0.0103,537.87,3.38,103.0,297.89,P014,EQ016
2025-09-29 18:00:00,1679.39,843.21,2.34,0.0446,0.0122,0.0098,499.62,3.04,105.17,302.77,P005,EQ023
2025-09-29 18:10:00,1650.94,807.61,2.51,0.0405,0.014,0.0077,492.3,3.15,98.38,287.41,P029,EQ030
2025-09-29 18:20:00,1626.51,745.26,2.46,0.0406,0.0169,0.0061,609.74,3.01,75.92,309.05,P022,EQ037
2025-09-29 18:30:00,1641.78,825.32,2.41,0.057,0.0165,0.0099,529.74,2.92,116.61,308.61,P022,EQ044
2025-09-29 18:40:00,1646.52,701.12,2.45,0.0438,0.0105,0.0133,535.56,2.85,99.38,298.48,P010,EQ002
2025-09-29 18:50:00,1620.39,770.36,1.72,0.0405,0.0125,0.0123,518.82,2.73,89.97,311.19,P020,EQ009
2025-09-29 19:00:00,1678.04,828.16,2.29,0.0537,0.0182,0.0104,456.84,2.98,111.43,323.2,P027,EQ016
2025-09-29 19:10:00,1622.56,779.52,2.6,0.0593,0.0151,0.0091,494.56,3.07,80.96,307.68,P010,EQ023
2025-09-29 19:20:00,1631.23,881.88,2.4,0.0624,0.0178,0.0081,542.44,3.1,85.59,302.23,P012,EQ030
2025-09-29 19:30:00,1642.94,744.48,2.74,0.0663,0.014,0.0096,515.49,3.18,112.88,288.53,P029,EQ037
2025-09-29 19:40:00,1604.88,844.87,2.08,0.0517,0.0191,0.0108,506.42,2.71,102.81,320.07,P004,EQ044
2025-09-29 19:50:00,1631.91,851.82,2.46,0.0461,0.0205,0.0092,507.19,3.24,89.17,309.7,P009,EQ002
2025-09-29 20:00:00,1613.73,764.03,2.05,0.044,0.0133,0.0091,462.97,2.96,103.24,301.34,P030,EQ009
2025-09-29 20:10:00,1612.46,822.2,2.12,0.0576,0.0089,0.0068,486.91,2.89,104.38,290.44,P016,EQ016
2025-09-29 20:20:00,1671.13,840.76,2.85,0.0582,0.0142,0.0089,540.51,2.79,105.84,306.14,P022,EQ023
2025-09-29 20:30:00,1678.76,699.97,2.24,0.0642,0.0137,0.0127,547.66,3.02,91.17,261.82,P012,EQ030
2025-09-29 20:40:00,1655.15,785.82,2.35,0.049,0.02,0.0076,511.72,3.33,89.16,320.47,P030,EQ037
2025-09-29 20:50:00,1665.13,804.89,2.45,0.0377,0.0142,0.0134,491.04,2.87,96.64,283.16,P009,EQ044
2025-09-29 21:00:00,1668.55,793.72,3.12,0.0351,0.0155,0.0082,442.33,2.75,90.52,282.82,P026,EQ002
2025-09-29 21:10:00,1641.93,844.11,2.41,0.0582,0.0126,0.0112,529.64,3.02,98.81,293.69,P030,EQ009
2025-09-29 21:20:00,1630.02,710.99,2.61,0.0529,0.0073,0.0122,460.15,2.99,103.71,329.25,P023,EQ016
2025-09-29 21:30:00,1631.95,803.16,2.17,0.0188,0.0097,0.0088,521.29,2.77,105.61,302.77,P026,EQ023
2025-09-29 21:40:00,1638.12,821.21,2.37,0.0447,0.0127,0.0086,571.3,3.16,101.15,298.96,P003,EQ030
2025-09-29 21:50:00,1676.58,818.23,2.31,0.0554,0.0161,0.0126,474.4,3.22,112.4,302.75,P026,EQ037
2025-09-29 22:00:00,1656.68,784.47,2.83,0.0468,0.0133,0.0131,416.52,3.07,104.11,309.29,P001,EQ044
2025-09-29 22:10:00,1696.64,817.42,3.04,0.048,0.0125,0.0088,435.83,3.11,116.98,312.52,P028,EQ002
2025-09-29 22:20:00,1626.52,814.6,2.26,0.0618,0.0146,0.0116,546.98,3.12,100.26,294.64,P030,EQ009
2025-09-29 22:30:00,1639.1,812.83,2.68,0.0534,0.0141,0.0108,433.74,3.06,120.35,316.23,P005,EQ016
2025-09-29 22:40:00,1653.34,740.42,3.15,0.0499,0.0162,0.0065,425.53,3.2,93.75,326.56,P025,EQ023
2025-09-29 22:50:00,1630.37,780.72,2.66,0.0561,0.0158,0.0102,518.44,2.93,99.43,291.65,P021,EQ030
2025-09-29 23:00:00,1631.58,848.66,2.67,0.0534,0.0176,0.0127,488.36,2.92,97.71,316.13,P005,EQ037
2025-09-29 23:10:00,1644.16,736.27,2.55,0.0465,0.0066,0.0085,519.79,2.94,112.19,299.35,P011,EQ044
2025-09-29 23:20:00,1602.61,789.1,2.59,0.0522,0.0169,0.0091,524.96,3.01,85.66,315.88,P005,EQ002
2025-09-29 23:30:00,1643.32,819.03,2.53,0.0642,0.0134,0.0099,485.91,2.87,93.98,305.11,P013,EQ009
2025-09-29 23:40:00,1674.43,841.31,2.0,0.0275,0.0131,0.0094,554.7,3.18,118.21,318.33,P015,EQ016
2025-09-29 23:50:00,1670.41,683.17,2.31,0.0381,0.0147,0.0099,472.69,3.2,118.18,280.91,P024,EQ023
2025-09-30 00:00:00,1672.7,782.97,2.01,0.0602,0.0122,0.0086,452.08,3.16,100.33,295.11,P026,EQ030
2025-09-30 00:10:00,1653.58,821.03,2.9,0.0587,0.0159,0.0129,536.2,3.14,100.95,306.59,P026,EQ037
2025-09-30 00:20:00,1638.52,779.5,2.2,0.0516,0.0111,0.0101,481.01,3.28,79.92,283.19,P016,EQ044
2025-09-30 00:30:00,1657.29,755.37,2.71,0.0452,0.0147,0.0118,519.83,3.08,101.06,282.47,P027,EQ002
2025-09-30 00:40:00,1646.72,730.93,2.66,0.0329,0.014,0.0085,506.41,2.65,108.9,283.21,P003,EQ009
2025-09-30 00:50:00,1615.04,727.81,2.44,0.0505,0.0103,0.0114,483.33,2.5,116.13,308.51,P004,EQ016
2025-09-30 01:00:00,1641.64,928.6,2.7,0.0536,0.0191,0.0109,397.24,3.09,105.06,313.0,P019,EQ023
2025-09-30 01:10:00,1665.25,831.57,2.52,0.0591,0.012,0.0105,475.31,3.13,104.73,292.07,P014,EQ030
2025-09-30 01:20:00,1645.53,821.14,2.54,0.0576,0.0116,0.0084,625.19,2.84,89.59,313.91,P024,EQ037
2025-09-30 01:30:00,1646.12,847.21,2.81,0.0626,0.0128,0.0085,536.93,3.24,97.14,316.88,P009,EQ044
2025-09-30 01:40:00,1655.53,784.72,2.25,0.0429,0.0158,0.0104,560.1,2.77,84.98,279.69,P005,EQ002
2025-09-30 01:50:00,1661.42,701.07,2.71,0.0403,0.0165,0.0083,512.89,3.0,83.94,314.93,P003,EQ009
2025-09-30 02:00:00,1637.52,813.79,2.48,0.0661,0.0197,0.0088,409.72,2.71,83.58,275.87,P011,EQ016
2025-09-30 02:10:00,1614.36,824.84,3.0,0.0612,0.0141,0.0102,426.76,3.02,116.26,302.71,P005,EQ023
2025-09-30 02:20:00,1693.99,870.38,2.44,0.0494,0.0147,0.0107,556.0,2.71,101.63,299.04,P006,EQ030
2025-09-30 02:30:00,1638.16,798.84,2.21,0.038,0.0171,0.0099,508.59,3.18,109.43,284.94,P025,EQ037
2025-09-30 02:40:00,1649.29,807.64,2.1,0.0445,0.0159,0.0113,468.21,3.23,94.41,314.45,P013,EQ044
2025-09-30 02:50:00,1622.45,731.64,2.93,0.0561,0.0185,0.0074,504.44,2.76,109.34,296.42,P012,EQ002
2025-09-30 03:00:00,1646.97,865.16,2.44,0.0557,0.01,0.0091,545.33,3.28,112.0,305.53,P011,EQ009
2025-09-30 03:10:00,1661.33,778.89,2.71,0.0737,0.0144,0.0078,562.49,3.07,111.09,324.49,P016,EQ016
2025-09-30 03:20:00,1663.85,767.53,2.12,0.0468,0.0083,0.0115,431.05,2.97,91.47,304.72,P014,EQ023
2025-09-30 03:30:00,1612.19,745.8,2.67,0.0638,0.0119,0.0102,480.06,2.87,109.15,280.89,P016,EQ030
2025-09-30 03:40:00,1649.07,813.38,2.36,0.0606,0.0113,0.0099,432.57,2.88,107.3,293.37,P023,EQ037
2025-09-30 03:50:00,1680.92,800.32,2.58,0.0487,0.0128,0.0075,455.62,3.04,103.73,301.73,P014,EQ044
2025-09-30 04:00:00,1646.18,787.13,1.82,0.0706,0.0142,0.0096,602.8,2.73,99.56,299.9,P020,EQ002
2025-09-30 04:10:00,1658.1,859.04,2.99,0.0381,0.0159,0.0102,457.5,3.01,131.42,293.22,P026,EQ009
2025-09-30 04:20:00,1661.06,791.49,2.35,0.0533,0.0114,0.0076,533.62,3.37,94.25,284.81,P021,EQ016
2025-09-30 04:30:00,1648.28,690.15,2.73,0.0442,0.0123,0.0095,436.74,2.67,105.54,315.46,P011,EQ023
2025-09-30 04:40:00,1645.23,803.73,2.85,0.0445,0.0145,0.0118,568.72,3.03,91.02,314.38,P005,EQ030
2025-09-30 04:50:00,1630.81,839.39,2.17,0.0483,0.0167,0.011,492.91,3.04,93.44,279.68,P026,EQ037
2025-09-30 05:00:00,1665.79,799.22,2.6,0.0594,0.0182,0.0089,487.6,2.94,98.61,291.05,P021,EQ044
2025-09-30 05:10:00,1673.84,767.08,1.93,0.0586,0.0156,0.0108,536.25,3.26,122.34,289.78,P030,EQ002
2025-09-30 05:20:00,1626.61,820.25,2.58,0.0607,0.0147,0.0099,549.13,2.86,97.47,301.82,P008,EQ009
2025-09-30 05:30:00,1644.58,774.74,2.35,0.0427,0.0163,0.0093,583.45,2.77,99.37,323.53,P013,EQ016
2025-09-30 05:40:00,1640.87,844.68,2.38,0.0624,0.0148,0.0081,547.66,3.0,108.03,286.51,P014,EQ023
2025-09-30 05:50:00,1629.6,848.65,2.69,0.0459,0.0187,0.0076,479.81,2.91,88.98,328.68,P018,EQ030
2025-09-30 06:00:00,1660.12,717.86,2.05,0.04,0.0141,0.0073,534.32,2.99,104.21,304.95,P016,EQ037
2025-09-30 06:10:00,1626.49,722.21,2.88,0.0621,0.0136,0.0112,500.21,2.97,121.74,304.46,P018,EQ044
2025-09-30 06:20:00,1631.71,823.44,2.16,0.0646,0.0199,0.0084,536.54,3.07,87.34,330.07,P018,EQ002
2025-09-30 06:30:00,1642.71,867.27,2.67,0.0394,0.0128,0.0108,406.49,2.98,111.26,269.91,P016,EQ009
2025-09-30 06:40:00,1645.01,903.67,2.46,0.0452,0.017,0.0088,537.96,3.01,107.25,305.1,P018,EQ016
2025-09-30 06:50:00,1666.92,892.54,1.96,0.041,0.0138,0.0114,535.03,3.19,93.81,281.85,P018,EQ023
2025-09-30 07:00:00,1653.76,768.27,2.23,0.0641,0.0169,0.0153,460.51,2.78,93.02,306.45,P027,EQ030
2025-09-30 07:10:00,1665.95,803.98,2.72,0.0546,0.0205,0.0097,507.88,3.18,113.14,308.5,P008,EQ037
2025-09-30 07:20:00,1647.38,852.43,1.68,0.0659,0.0155,0.0097,478.63,2.98,99.05,334.39,P013,EQ044
2025-09-30 07:30:00,1642.52,772.57,2.98,0.0503,0.0182,0.0131,444.34,2.87,77.98,338.53,P003,EQ002
2025-09-30 07:40:00,1669.74,822.74,2.72,0.0639,0.0181,0.0115,452.7,2.9,87.41,330.95,P019,EQ009
2025-09-30 07:50:00,1636.19,838.59,2.49,0.055,0.0105,0.0089,558.1,2.92,91.51,295.33,P023,EQ016
2025-09-30 08:00:00,1675.48,754.69,2.0,0.0361,0.0145,0.0056,511.43,2.69,83.68,281.65,P014,EQ023
2025-09-30 08:10:00,1684.55,889.13,2.08,0.0471,0.0156,0.011,451.41,2.99,91.3,277.56,P017,EQ030
2025-09-30 08:20:00,1634.38,836.17,2.53,0.0545,0.0124,0.0082,493.43,3.22,110.06,277.83,P019,EQ037
2025-09-30 08:30:00,1635.24,767.79,2.38,0.0486,0.0186,0.0079,550.29,3.01,93.79,311.15,P025,EQ044
2025-09-30 08:40:00,1653.6,793.04,2.55,0.0412,0.0171,0.01,459.6,3.13,78.2,314.33,P023,EQ002
2025-09-30 08:50:00,1633.02,792.66,2.5,0.0422,0.0166,0.011,453.59,2.71,87.7,280.38,P026,EQ009
2025-09-30 09:00:00,1674.41,907.16,2.47,0.0501,0.0125,0.0079,504.15,2.92,101.94,304.32,P024,EQ016
2025-09-30 09:10:00,1665.75,788.66,2.79,0.0519,0.0142,0.012,493.02,3.34,89.54,289.84,P008,EQ023
2025-09-30 09:20:00,1665.98,746.87,2.62,0.0478,0.017,0.0081,500.42,3.07,110.23,308.35,P023,EQ030
2025-09-30 09:30:00,1661.28,811.63,2.32,0.0536,0.0142,0.015,520.82,3.15,109.5,293.3,P003,EQ037
2025-09-30 09:40:00,1649.2,821.15,2.6,0.029,0.0181,0.0115,437.34,3.14,108.91,309.06,P008,EQ044
2025-09-30 09:50:00,1662.84,827.91,2.25,0.0611,0.0153,0.0093,537.93,3.0,103.8,282.71,P012,EQ002
2025-09-30 10:00:00,1637.47,837.38,1.96,0.0585,0.0202,0.0082,476.1,3.62,105.65,269.61,P001,EQ009
2025-09-30 10:10:00,1622.18,795.71,2.54,0.0571,0.0196,0.0108,514.65,2.85,99.85,294.39,P007,EQ016
2025-09-30 10:20:00,1644.76,723.81,2.69,0.0321,0.0194,0.0125,516.19,3.28,92.01,275.11,P028,EQ023
2025-09-30 10:30:00,1639.05,822.13,2.16,0.0425,0.0186,0.0104,487.15,2.71,91.81,298.12,P001,EQ030
2025-09-30 10:40:00,1645.29,793.33,2.63,0.0658,0.0119,0.0054,482.9,3.06,104.24,278.64,P012,EQ037
2025-09-30 10:50:00,1635.74,862.6,2.85,0.059,0.0119,0.0104,426.93,2.94,109.61,283.17,P018,EQ044
2025-09-30 11:00:00,1663.28,783.7,2.88,0.0515,0.0122,0.0123,461.71,2.98,99.17,307.48,P016,EQ002
2025-09-30 11:10:00,1664.22,847.46,2.37,0.0505,0.0147,0.0108,540.91,3.18,90.02,303.15,P005,EQ009
2025-09-30 11:20:00,1677.46,744.84,2.79,0.071,0.0147,0.0132,576.4,3.42,91.76,297.83,P030,EQ016
2025-09-30 11:30:00,1680.91,869.96,2.24,0.0589,0.0123,0.0075,576.17,3.09,109.03,298.99,P004,EQ023
2025-09-30 11:40:00,1672.08,779.03,2.66,0.0505,0.0165,0.0089,525.79,3.0,80.98,308.65,P002,EQ030
2025-09-30 11:50:00,1639.24,809.36,2.15,0.0479,0.0164,0.012,466.69,3.11,106.04,280.6,P030,EQ037
2025-09-30 12:00:00,1629.02,791.81,2.86,0.0369,0.0176,0.0072,470.26,2.99,97.06,316.8,P012,EQ044
2025-09-30 12:10:00,1669.46,904.27,2.77,0.0441,0.0147,0.0089,491.95,2.95,72.9,299.24,P012,EQ002
2025-09-30 12:20:00,1652.48,706.08,1.81,0.0465,0.0139,0.0127,575.99,2.69,114.04,301.72,P028,EQ009
2025-09-30 12:30:00,1670.4,865.33,2.38,0.0487,0.0128,0.0093,545.16,3.09,96.52,281.36,P028,EQ016
2025-09-30 12:40:00,1626.03,836.28,2.3,0.0456,0.0107,0.0092,426.9,3.06,87.1,286.01,P028,EQ023
2025-09-30 12:50:00,1634.32,779.77,2.43,0.0524,0.0174,0.0076,507.43,2.97,100.15,304.55,P025,EQ030
2025-09-30 13:00:00,1674.43,839.93,2.57,0.062,0.0183,0.0127,563.04,2.96,112.3,294.48,P027,EQ037
2025-09-30 13:10:00,1635.69,800.84,2.15,0.0428,0.0121,0.0089,475.23,3.03,115.95,303.78,P005,EQ044
2025-09-30 13:20:00,1612.9,791.25,2.92,0.0622,0.0169,0.0081,524.53,3.01,113.95,282.89,P010,EQ002
2025-09-30 13:30:00,1664.41,752.2,2.63,0.0607,0.0172,0.0066,442.95,3.32,119.34,282.99,P015,EQ009
2025-09-30 13:40:00,1622.0,801.28,2.35,0.0672,0.0135,0.0115,480.59,2.98,99.72,284.54,P005,EQ016
2025-09-30 13:50:00,1673.66,820.1,2.55,0.0485,0.0063,0.0083,512.34,3.18,91.21,293.75,P027,EQ023
2025-09-30 14:00:00,1655.85,841.01,2.39,0.0602,0.0173,0.0077,527.57,2.68,103.36,316.87,P028,EQ030
2025-09-30 14:10:00,1667.69,847.25,2.42,0.0505,0.0131,0.0123,542.5,2.9,100.94,299.42,P018,EQ037
2025-09-30 14:20:00,1665.01,849.98,2.39,0.0541,0.0155,0.0061,485.72,3.0,114.05,282.28,P030,EQ044
2025-09-30 14:30:00,1652.55,782.83,2.64,0.0524,0.0129,0.0122,497.76,3.3,115.15,282.69,P030,EQ002
2025-09-30 14:40:00,1643.77,818.96,2.79,0.0502,0.0123,0.0114,499.16,2.89,87.71,297.79,P014,EQ009
2025-09-30 14:50:00,1671.68,828.81,2.78,0.0469,0.0161,0.0066,420.16,2.97,102.18,306.35,P008,EQ016
2025-09-30 15:00:00,1663.11,857.7,2.12,0.0569,0.0131,0.0101,527.14,2.89,105.04,291.22,P007,EQ023
2025-09-30 15:10:00,1652.45,815.4,2.27,0.0528,0.0161,0.0115,451.73,3.34,108.23,303.57,P027,EQ030
2025-09-30 15:20:00,1635.26,811.78,2.95,0.0401,0.021,0.0084,475.35,2.82,98.38,306.38,P008,EQ037
2025-09-30 15:30:00,1664.62,731.87,2.05,0.0514,0.0183,0.009,517.81,3.2,122.68,266.95,P002,EQ044
2025-09-30 15:40:00,1642.8,824.99,2.73,0.0397,0.0143,0.0079,485.5,2.86,99.44,321.71,P024,EQ002
2025-09-30 15:50:00,1648.78,863.67,2.22,0.0453,0.0153,0.0123,495.91,3.07,100.32,290.03,P005,EQ009
2025-09-30 16:00:00,1647.46,901.07,2.45,0.0437,0.0169,0.0067,580.83,2.92,88.98,287.41,P004,EQ016
2025-09-30 16:10:00,1637.0,783.23,2.64,0.066,0.0144,0.0078,567.62,3.04,94.99,304.48,P023,EQ023
2025-09-30 16:20:00,1664.69,708.63,2.21,0.0501,0.0165,0.0112,461.66,3.02,120.06,334.87,P023,EQ030
2025-09-30 16:30:00,1678.19,821.59,2.23,0.0545,0.0121,0.0109,411.23,3.27,83.19,305.03,P005,EQ037
2025-09-30 16:40:00,1680.96,808.1,2.47,0.0534,0.0183,0.0124,522.12,2.72,93.03,315.44,P013,EQ044
2025-09-30 16:50:00,1642.99,818.98,2.55,0.0627,0.0184,0.0122,449.72,2.92,91.88,295.9,P024,EQ002
2025-09-30 17:00:00,1646.81,791.02,2.18,0.0459,0.0135,0.0099,509.98,3.3,121.77,315.07,P001,EQ009
2025-09-30 17:10:00,1653.69,764.73,2.4,0.0527,0.011,0.0081,454.96,2.76,99.55,332.48,P023,EQ016
2025-09-30 17:20:00,1639.6,780.57,2.38,0.053,0.016,0.008,461.38,3.01,109.9,292.07,P014,EQ023
2025-09-30 17:30:00,1675.82,830.56,2.43,0.0722,0.0192,0.0121,588.03,3.1,110.63,317.94,P012,EQ030
2025-09-30 17:40:00,1650.06,881.09,2.3,0.0468,0.0156,0.0077,422.78,3.23,113.38,308.63,P002,EQ037
2025-09-30 17:50:00,1647.34,815.82,2.59,0.0426,0.0164,0.0125,559.27,3.29,92.79,280.21,P023,EQ044
2025-09-30 18:00:00,1635.47,857.73,2.33,0.0468,0.0169,0.0094,494.09,2.78,96.13,307.49,P004,EQ002
2025-09-30 18:10:00,1642.05,684.62,2.68,0.043,0.0111,0.0133,453.37,3.27,104.62,296.67,P022,EQ009
2025-09-30 18:20:00,1668.04,855.88,2.55,0.042,0.0163,0.0081,471.06,3.15,111.51,293.46,P019,EQ016
2025-09-30 18:30:00,1652.58,848.49,2.94,0.045,0.0164,0.0103,501.98,2.92,107.73,309.83,P003,EQ023
2025-09-30 18:40:00,1650.85,798.55,2.52,0.0451,0.0137,0.0116,507.65,3.06,94.11,290.91,P016,EQ030
2025-09-30 18:50:00,1669.75,855.65,2.85,0.0517,0.014,0.0067,540.63,2.8,102.96,300.93,P027,EQ037
2025-09-30 19:00:00,1659.81,765.32,2.23,0.0526,0.0133,0.0137,547.16,3.07,93.35,306.82,P020,EQ044
2025-09-30 19:10:00,1651.91,771.79,2.79,0.0458,0.0227,0.0098,572.37,3.33,103.16,307.64,P028,EQ002
2025-09-30 19:20:00,1662.21,762.69,2.74,0.0676,0.0133,0.0097,434.77,2.9,84.78,311.07,P006,EQ009
2025-09-30 19:30:00,1691.77,777.9,2.57,0.0413,0.0064,0.0109,430.78,2.74,83.82,284.93,P001,EQ016
2025-09-30 19:40:00,1629.05,827.76,1.89,0.0342,0.0144,0.0124,505.6,2.79,98.07,315.69,P005,EQ023
2025-09-30 19:50:00,1636.82,879.4,2.05,0.0674,0.0116,0.0097,524.16,3.07,79.96,260.1,P012,EQ030
2025-09-30 20:00:00,1629.43,710.65,2.6,0.0531,0.0178,0.0122,500.96,2.78,84.22,302.19,P005,EQ037
2025-09-30 20:10:00,1658.77,736.27,2.74,0.0445,0.0145,0.0093,514.79,2.89,75.83,305.71,P003,EQ044
2025-09-30 20:20:00,1668.84,775.88,2.49,0.0309,0.0109,0.0064,501.24,3.03,103.72,276.67,P008,EQ002
2025-09-30 20:30:00,1668.12,841.39,2.86,0.0475,0.0176,0.0102,525.83,2.89,103.83,315.56,P003,EQ009
2025-09-30 20:40:00,1639.56,747.87,2.53,0.0557,0.0145,0.0121,468.87,2.92,114.44,312.37,P001,EQ016
2025-09-30 20:50:00,1662.78,839.64,2.49,0.0576,0.0144,0.0118,555.88,3.02,99.09,330.28,P019,EQ023
2025-09-30 21:00:00,1626.74,808.42,2.49,0.0477,0.0131,0.0119,521.43,3.16,89.77,316.82,P027,EQ030
2025-09-30 21:10:00,1666.84,909.13,2.08,0.039,0.0112,0.0091,459.49,3.12,100.09,280.84,P027,EQ037
2025-09-30 21:20:00,1671.28,802.71,2.51,0.0519,0.0074,0.0106,522.02,2.98,110.18,279.8,P014,EQ044
2025-09-30 21:30:00,1644.42,765.02,2.78,0.0327,0.0152,0.0112,520.78,2.95,64.67,285.1,P005,EQ002
2025-09-30 21:40:00,1617.97,851.97,2.91,0.0484,0.0142,0.0136,542.66,3.33,87.17,304.3,P025,EQ009
2025-09-30 21:50:00,1667.64,793.97,2.37,0.0478,0.0112,0.0079,444.02,2.98,110.65,293.27,P006,EQ016
2025-09-30 22:00:00,1675.07,746.71,2.13,0.0553,0.0189,0.0099,523.1,2.76,110.78,287.23,P016,EQ023
2025-09-30 22:10:00,1640.15,776.84,2.48,0.0559,0.0203,0.0076,483.28,2.95,112.47,289.9,P024,EQ030
2025-09-30 22:20:00,1671.22,812.16,2.99,0.0673,0.0126,0.0075,429.26,2.73,88.08,308.47,P005,EQ037
2025-09-30 22:30:00,1689.74,879.5,2.64,0.0511,0.0159,0.0092,518.8,2.89,92.99,325.57,P024,EQ044
2025-09-30 22:40:00,1676.81,813.14,2.54,0.0513,0.0131,0.0114,544.29,3.03,101.58,272.04,P017,EQ002
2025-09-30 22:50:00,1656.94,857.19,2.3,0.0548,0.015,0.0096,565.08,3.21,109.56,316.57,P023,EQ009
2025-09-30 23:00:00,1635.7,789.39,2.67,0.0386,0.0146,0.0097,461.65,3.1,97.5,311.39,P010,EQ016
2025-09-30 23:10:00,1654.91,698.58,2.8,0.0546,0.0176,0.0081,522.49,3.07,108.66,322.52,P016,EQ023
2025-09-30 23:20:00,1642.44,775.42,2.76,0.0564,0.0152,0.0134,531.66,3.04,101.45,280.23,P014,EQ030
2025-09-30 23:30:00,1649.66,830.14,2.91,0.0472,0.0176,0.0102,477.31,3.33,105.4,303.66,P024,EQ037
2025-09-30 23:40:00,1632.15,814.6,2.1,0.0644,0.0132,0.0092,473.17,2.69,85.27,336.28,P011,EQ044
2025-09-30 23:50:00,1641.75,784.19,2.16,0.0387,0.0126,0.0054,533.64,2.68,111.13,297.04,P015,EQ002
