Timestamp,Hot_Air_Temp_C,Top_Pressure_kPa,Gas_Flow_m3h,Blast_Volume_m3min,Fuel_Rate_kgh,Iron_Temp_C,Slag_Volume_m3h,CO_Percent,CO2_Percent,Burden_Level_m,Iron_Output_ton,Product_ID,Equipment_ID
2025-09-01 00:00:00,1195.68,247.41,174443.42,6640.4,496.17,1470.05,51.66,21.73,19.78,5.03,345.91,P001,EQ001
2025-09-01 00:10:00,1206.97,267.45,178283.18,6522.1,477.85,1479.71,51.23,23.31,20.04,4.97,361.23,P004,EQ008
2025-09-01 00:20:00,1215.95,228.2,173438.61,6598.07,526.2,1495.19,51.88,22.25,20.78,4.67,283.48,P012,EQ015
2025-09-01 00:30:00,1217.05,227.28,161900.27,6378.62,472.53,1517.52,53.32,20.78,20.85,4.7,265.37,P012,EQ022
2025-09-01 00:40:00,1197.41,245.59,175572.1,6663.73,519.15,1507.0,53.25,22.48,19.37,4.78,383.83,P002,EQ029
2025-09-01 00:50:00,1185.9,257.49,173749.42,6967.15,475.42,1478.02,53.84,23.42,20.51,5.25,338.57,P001,EQ036
2025-09-01 01:00:00,1242.79,248.59,167885.21,6393.58,528.59,1471.13,50.17,22.25,19.68,5.22,254.47,P004,EQ043
2025-09-01 01:10:00,1217.42,284.82,178099.84,6378.12,483.15,1483.37,54.76,21.43,19.93,5.22,284.9,P010,EQ050
2025-09-01 01:20:00,1178.3,245.6,165793.57,6283.5,482.97,1508.32,55.97,21.98,20.26,5.05,253.98,P004,EQ001
2025-09-01 01:30:00,1232.54,263.4,176368.47,6297.81,527.1,1507.62,56.13,21.97,21.95,4.89,357.4,P012,EQ008
2025-09-01 01:40:00,1247.79,251.73,172418.65,6274.31,495.47,1528.47,54.08,22.69,17.62,5.21,331.74,P004,EQ015
2025-09-01 01:50:00,1216.68,241.75,171863.08,6499.54,551.75,1478.9,47.86,23.36,19.55,4.89,317.38,P005,EQ022
2025-09-01 02:00:00,1202.93,231.38,176099.73,6258.08,526.56,1500.06,61.42,22.28,21.37,4.61,371.41,P001,EQ029
2025-09-01 02:10:00,1196.34,254.85,183728.6,6163.82,529.72,1511.83,57.67,22.71,20.05,4.84,363.82,P003,EQ036
2025-09-01 02:20:00,1162.55,252.93,174041.52,6904.05,481.67,1506.41,42.15,21.6,20.26,5.25,354.72,P006,EQ043
2025-09-01 02:30:00,1243.44,249.34,169413.78,6591.57,515.51,1509.83,46.5,23.13,20.09,5.21,291.68,P004,EQ050
2025-09-01 02:40:00,1238.22,259.14,176432.58,6930.56,507.31,1494.08,50.56,23.48,20.12,5.16,393.58,P006,EQ001
2025-09-01 02:50:00,1235.87,242.31,166367.15,6559.88,506.89,1487.84,54.36,22.61,19.01,5.16,265.33,P007,EQ008
2025-09-01 03:00:00,1194.12,227.75,177264.75,6490.96,477.64,1510.46,52.44,21.42,20.4,5.3,264.51,P014,EQ015
2025-09-01 03:10:00,1178.62,255.71,175013.78,6953.2,444.13,1513.91,48.47,21.9,21.9,5.0,301.59,P005,EQ022
2025-09-01 03:20:00,1267.23,243.37,176752.56,6401.83,479.28,1501.25,48.59,22.2,17.89,5.6,371.07,P012,EQ029
2025-09-01 03:30:00,1194.99,276.14,169964.44,6558.51,594.95,1482.61,42.52,21.45,20.47,5.21,318.91,P002,EQ036
2025-09-01 03:40:00,1238.71,246.14,166988.75,6412.99,537.21,1509.31,40.22,21.96,21.4,5.64,395.97,P007,EQ043
2025-09-01 03:50:00,1216.85,254.64,168798.97,6331.35,501.41,1510.06,52.9,21.52,18.85,4.77,261.82,P005,EQ050
2025-09-01 04:00:00,1165.29,259.65,163438.59,6433.34,513.5,1530.44,50.36,23.0,19.6,4.78,374.41,P010,EQ001
2025-09-01 04:10:00,1179.77,272.91,179971.11,6597.48,599.91,1499.35,53.1,22.31,19.78,5.69,382.82,P006,EQ008
2025-09-01 04:20:00,1245.2,229.01,173000.77,6585.67,523.5,1473.03,38.72,20.09,19.93,4.97,336.6,P012,EQ015
2025-09-01 04:30:00,1210.36,238.45,168878.81,6095.39,509.88,1507.4,54.96,22.79,19.81,5.4,260.43,P011,EQ022
2025-09-01 04:40:00,1195.91,240.09,172397.11,6383.04,435.03,1503.13,51.25,21.64,19.29,5.11,284.18,P005,EQ029
2025-09-01 04:50:00,1251.51,250.57,172461.83,6381.71,497.91,1474.7,49.37,22.06,21.84,5.28,397.78,P014,EQ036
2025-09-01 05:00:00,1231.02,239.31,178349.61,6272.12,509.36,1508.37,46.17,24.0,20.57,4.43,284.92,P002,EQ043
2025-09-01 05:10:00,1216.59,243.89,175006.88,6593.15,511.72,1459.22,44.21,22.77,21.3,5.57,307.02,P008,EQ050
2025-09-01 05:20:00,1254.1,219.17,178847.41,6116.74,548.41,1505.07,44.29,24.01,20.64,4.43,345.35,P006,EQ001
2025-09-01 05:30:00,1208.8,239.03,175556.48,6406.96,541.2,1471.53,51.59,23.81,19.17,5.06,274.4,P006,EQ008
2025-09-01 05:40:00,1206.06,239.65,178239.47,6519.41,471.69,1535.24,53.96,21.83,19.36,4.76,281.43,P005,EQ015
2025-09-01 05:50:00,1236.93,247.8,177297.19,6463.11,518.49,1497.68,53.82,21.82,20.83,5.2,355.27,P011,EQ022
2025-09-01 06:00:00,1196.5,237.1,170299.4,6351.85,470.47,1517.32,49.77,23.57,22.28,5.01,347.21,P010,EQ029
2025-09-01 06:10:00,1153.56,244.28,174623.26,6202.31,492.49,1505.74,47.7,21.23,19.24,5.54,345.25,P009,EQ036
2025-09-01 06:20:00,1195.21,237.55,173135.51,6690.87,479.46,1509.64,53.64,22.75,21.4,4.83,359.37,P003,EQ043
2025-09-01 06:30:00,1233.98,238.11,173017.3,6739.22,524.67,1500.04,44.04,22.56,19.37,4.72,319.34,P005,EQ050
2025-09-01 06:40:00,1180.56,253.7,164394.84,6572.15,505.22,1488.31,55.18,22.61,19.39,4.8,398.43,P011,EQ001
2025-09-01 06:50:00,1220.85,227.26,173336.89,6373.79,502.1,1504.22,50.18,23.13,20.23,4.91,353.22,P004,EQ008
2025-09-01 07:00:00,1163.67,260.83,177640.73,6790.16,477.58,1500.53,49.71,21.91,20.01,4.49,352.69,P014,EQ015
2025-09-01 07:10:00,1224.75,259.8,180652.37,6949.91,490.43,1499.28,50.05,23.94,18.27,5.15,365.25,P001,EQ022
2025-09-01 07:20:00,1155.88,211.28,164895.84,6223.65,532.07,1482.63,48.86,20.84,20.61,4.67,284.36,P001,EQ029
2025-09-01 07:30:00,1239.53,235.1,171175.86,6524.55,500.74,1528.49,50.6,20.79,19.44,4.83,370.76,P007,EQ036
2025-09-01 07:40:00,1221.75,255.76,174403.04,6673.92,484.15,1497.28,50.9,23.53,19.9,4.89,290.16,P004,EQ043
2025-09-01 07:50:00,1168.62,260.29,172061.77,6568.74,442.95,1520.86,43.34,21.22,21.06,4.6,386.97,P010,EQ050
2025-09-01 08:00:00,1197.62,251.11,170007.22,6768.59,544.96,1460.57,42.76,22.81,18.7,4.88,381.46,P006,EQ001
2025-09-01 08:10:00,1203.89,260.38,173883.74,6519.04,476.7,1525.85,47.52,22.34,19.49,5.03,281.89,P008,EQ008
2025-09-01 08:20:00,1194.96,247.56,169931.1,6659.28,542.42,1504.86,53.66,22.84,20.93,5.09,309.34,P015,EQ015
2025-09-01 08:30:00,1206.37,262.96,175344.16,6305.22,500.72,1462.23,49.97,22.41,21.24,5.05,346.43,P003,EQ022
2025-09-01 08:40:00,1227.84,249.99,169882.62,6217.72,470.91,1472.68,53.17,21.79,20.57,5.02,289.73,P004,EQ029
2025-09-01 08:50:00,1231.32,265.9,171773.31,6445.14,484.02,1467.57,53.38,23.19,19.99,4.85,361.75,P009,EQ036
2025-09-01 09:00:00,1232.73,214.83,175887.38,6528.66,482.87,1527.83,54.85,21.74,19.91,4.88,289.41,P010,EQ043
2025-09-01 09:10:00,1184.64,230.38,181899.74,6705.6,523.94,1478.11,60.4,23.98,20.19,4.73,314.27,P010,EQ050
2025-09-01 09:20:00,1174.01,256.28,170434.93,6493.16,532.66,1469.86,60.03,23.57,18.76,4.58,309.91,P004,EQ001
2025-09-01 09:30:00,1191.5,234.53,173681.4,5983.76,493.14,1536.06,44.42,21.73,18.51,5.19,399.6,P003,EQ008
2025-09-01 09:40:00,1193.24,279.11,176034.2,6425.56,516.51,1489.88,43.3,22.3,19.83,5.05,326.43,P002,EQ015
2025-09-01 09:50:00,1211.26,242.35,177107.88,6847.54,466.77,1534.75,48.79,21.23,22.43,5.05,363.37,P014,EQ022
2025-09-01 10:00:00,1241.11,262.26,166597.03,6524.16,484.24,1473.16,41.14,22.1,20.59,5.12,266.45,P011,EQ029
2025-09-01 10:10:00,1190.83,238.02,170065.69,6388.97,469.01,1495.93,49.89,21.1,19.77,4.77,274.0,P011,EQ036
2025-09-01 10:20:00,1199.87,257.61,175890.63,6594.43,450.44,1492.43,51.38,22.64,18.4,5.05,313.32,P002,EQ043
2025-09-01 10:30:00,1236.19,247.32,174526.21,6590.09,507.41,1513.49,50.36,22.15,19.22,4.95,307.72,P010,EQ050
2025-09-01 10:40:00,1237.59,246.94,174157.18,6401.7,523.62,1482.91,54.55,21.06,18.94,5.06,399.42,P009,EQ001
2025-09-01 10:50:00,1203.91,254.46,180312.69,6417.5,513.29,1481.8,56.3,22.63,20.54,5.06,287.71,P009,EQ008
2025-09-01 11:00:00,1176.43,245.09,177508.9,6496.16,503.71,1472.8,50.91,21.31,18.92,4.95,379.12,P001,EQ015
2025-09-01 11:10:00,1144.3,260.48,179260.06,6489.31,470.19,1481.09,49.24,19.58,20.18,5.2,352.04,P002,EQ022
2025-09-01 11:20:00,1190.64,242.58,175909.84,6570.13,532.82,1500.37,46.55,21.54,20.18,5.47,352.26,P009,EQ029
2025-09-01 11:30:00,1190.39,234.21,170649.47,6080.73,509.89,1472.77,43.83,20.02,18.88,5.17,362.63,P013,EQ036
2025-09-01 11:40:00,1160.66,223.76,175891.32,6431.77,512.97,1514.81,49.96,20.7,19.88,5.15,346.14,P002,EQ043
2025-09-01 11:50:00,1182.51,228.44,180513.06,6416.95,487.72,1500.32,55.15,22.26,19.67,5.2,294.03,P003,EQ050
2025-09-01 12:00:00,1264.41,270.82,178364.36,6275.54,612.56,1476.03,48.14,21.3,21.63,5.13,318.06,P012,EQ001
2025-09-01 12:10:00,1157.19,254.01,177734.53,6436.3,463.39,1485.5,47.82,22.02,19.48,5.22,381.38,P005,EQ008
2025-09-01 12:20:00,1171.5,224.03,171303.03,6769.78,482.81,1546.82,52.46,20.84,19.17,5.07,395.78,P013,EQ015
2025-09-01 12:30:00,1164.67,285.62,170045.55,6636.19,543.8,1497.82,45.02,21.73,20.36,5.26,276.8,P015,EQ022
2025-09-01 12:40:00,1201.7,229.0,175211.62,6365.33,434.5,1486.05,42.84,22.59,21.94,5.56,265.96,P011,EQ029
2025-09-01 12:50:00,1182.8,242.99,178443.91,6712.26,487.44,1497.15,61.03,21.89,19.51,5.04,294.77,P011,EQ036
2025-09-01 13:00:00,1217.39,234.68,173757.99,6266.73,491.65,1537.54,53.71,21.91,19.07,4.91,326.15,P004,EQ043
2025-09-01 13:10:00,1231.52,241.57,182252.1,6225.27,491.3,1534.86,39.96,23.19,18.15,4.97,272.93,P013,EQ050
2025-09-01 13:20:00,1194.82,262.36,159227.28,6116.44,483.02,1500.74,45.53,21.78,18.81,4.88,274.23,P013,EQ001
2025-09-01 13:30:00,1174.6,253.66,177907.1,6786.59,480.31,1493.64,50.24,21.71,19.95,4.53,388.37,P015,EQ008
2025-09-01 13:40:00,1211.15,236.27,170215.19,6182.37,534.83,1497.19,55.75,22.27,18.3,4.67,250.09,P006,EQ015
2025-09-01 13:50:00,1222.74,238.51,169548.28,6464.12,494.69,1479.76,48.37,21.52,17.41,5.15,323.29,P002,EQ022
2025-09-01 14:00:00,1175.66,269.57,169249.38,6184.08,535.63,1468.3,46.82,22.6,19.67,4.5,389.36,P015,EQ029
2025-09-01 14:10:00,1205.64,247.09,181419.28,6617.73,591.07,1467.08,49.89,20.93,21.15,5.25,397.8,P013,EQ036
2025-09-01 14:20:00,1222.62,238.34,171274.24,6094.06,551.29,1510.16,48.7,22.93,20.75,5.29,296.13,P001,EQ043
2025-09-01 14:30:00,1151.29,239.29,175977.21,6571.08,528.72,1479.83,50.64,24.21,20.69,5.26,286.13,P010,EQ050
2025-09-01 14:40:00,1199.42,261.51,184019.95,6521.33,536.72,1482.5,52.95,22.9,19.25,5.33,392.04,P002,EQ001
2025-09-01 14:50:00,1179.74,237.92,174994.04,6886.4,509.27,1518.72,46.34,22.08,18.82,4.83,359.79,P014,EQ008
2025-09-01 15:00:00,1225.07,249.42,182256.48,6459.52,494.06,1525.53,46.76,20.48,21.3,5.12,260.38,P013,EQ015
2025-09-01 15:10:00,1135.04,250.67,172981.07,6848.97,478.13,1488.38,45.45,20.95,19.3,4.57,329.91,P003,EQ022
2025-09-01 15:20:00,1169.06,225.9,167513.61,6188.06,484.37,1486.33,43.87,22.48,19.95,4.87,269.26,P008,EQ029
2025-09-01 15:30:00,1186.08,273.89,176199.07,6595.08,422.42,1486.93,39.14,21.57,20.37,4.8,392.03,P003,EQ036
2025-09-01 15:40:00,1215.56,234.66,177879.02,6189.28,492.15,1508.4,52.68,21.87,21.94,4.88,289.76,P014,EQ043
2025-09-01 15:50:00,1186.47,208.61,183844.67,6426.2,464.72,1526.42,56.18,22.11,18.57,5.13,340.99,P004,EQ050
2025-09-01 16:00:00,1181.36,232.44,180216.86,6073.48,517.01,1509.19,60.26,22.33,17.94,4.75,389.34,P013,EQ001
2025-09-01 16:10:00,1201.94,255.33,179904.08,6108.06,490.1,1519.4,57.72,23.86,19.61,5.33,359.49,P004,EQ008
2025-09-01 16:20:00,1251.35,267.97,178618.43,6665.56,476.3,1471.06,54.91,21.65,19.97,4.83,356.94,P007,EQ015
2025-09-01 16:30:00,1188.21,253.49,169890.7,6513.7,507.38,1498.45,46.28,22.79,21.87,4.82,399.27,P011,EQ022
2025-09-01 16:40:00,1237.03,263.34,161733.74,6347.76,480.92,1515.64,50.94,22.47,20.64,4.73,306.01,P015,EQ029
2025-09-01 16:50:00,1177.6,231.66,174148.65,6476.18,505.14,1485.45,54.53,22.92,21.55,5.21,327.64,P002,EQ036
2025-09-01 17:00:00,1205.57,260.09,178048.76,6369.64,538.68,1534.37,59.88,22.04,20.32,5.12,287.19,P002,EQ043
2025-09-01 17:10:00,1199.92,259.29,174394.1,6461.24,552.77,1503.29,50.34,22.88,20.15,5.09,300.71,P010,EQ050
2025-09-01 17:20:00,1198.09,231.69,174845.14,6272.62,506.3,1476.37,54.58,22.75,20.28,4.97,333.09,P010,EQ001
2025-09-01 17:30:00,1212.49,220.53,169515.9,6470.25,510.36,1498.41,44.98,22.13,19.55,4.68,283.03,P002,EQ008
2025-09-01 17:40:00,1209.89,246.85,180982.42,6633.11,522.04,1506.43,45.77,21.06,18.53,5.86,356.18,P001,EQ015
2025-09-01 17:50:00,1167.62,246.85,173198.05,6443.78,482.48,1462.63,45.01,20.61,19.87,4.79,284.34,P015,EQ022
2025-09-01 18:00:00,1179.38,253.24,172086.07,6686.42,488.41,1504.5,43.37,22.66,19.59,5.12,254.71,P006,EQ029
2025-09-01 18:10:00,1209.9,247.4,176087.2,6422.94,540.38,1518.69,52.41,20.82,18.9,4.8,260.63,P004,EQ036
2025-09-01 18:20:00,1192.65,256.72,170517.31,6735.41,500.11,1459.74,47.62,19.41,19.25,4.84,291.77,P008,EQ043
2025-09-01 18:30:00,1181.69,245.12,173029.49,6381.25,545.07,1524.3,44.29,23.25,18.38,4.76,282.14,P003,EQ050
2025-09-01 18:40:00,1245.76,216.41,177873.93,6249.3,495.68,1496.4,58.49,21.19,19.93,5.19,358.5,P015,EQ001
2025-09-01 18:50:00,1192.45,237.67,174704.0,6518.7,526.52,1481.14,47.75,22.32,19.83,4.94,335.66,P008,EQ008
2025-09-01 19:00:00,1199.49,239.56,171001.55,6588.15,467.15,1523.31,51.09,20.72,20.28,5.05,286.45,P008,EQ015
2025-09-01 19:10:00,1222.86,267.38,173167.9,6358.45,481.82,1480.38,46.27,22.28,20.02,4.85,371.12,P004,EQ022
2025-09-01 19:20:00,1177.85,255.22,172492.0,6291.97,495.45,1494.71,44.65,22.83,20.85,5.01,264.15,P011,EQ029
2025-09-01 19:30:00,1203.93,257.91,174845.39,6678.26,549.68,1501.61,52.2,22.87,19.66,4.66,314.66,P007,EQ036
2025-09-01 19:40:00,1227.18,226.47,183944.18,6674.09,505.63,1501.02,58.76,21.05,18.84,4.82,311.67,P014,EQ043
2025-09-01 19:50:00,1192.15,234.9,175769.31,6527.19,475.58,1532.06,43.04,20.72,20.38,4.94,359.36,P011,EQ050
2025-09-01 20:00:00,1212.53,240.72,169833.3,6370.89,479.49,1510.5,47.6,22.76,20.59,5.31,348.02,P011,EQ001
2025-09-01 20:10:00,1227.02,261.77,178849.26,6396.66,492.14,1463.4,51.46,21.33,20.4,5.16,264.76,P007,EQ008
2025-09-01 20:20:00,1159.44,234.79,173253.27,6396.48,505.01,1476.89,50.24,20.31,17.84,5.21,359.23,P013,EQ015
2025-09-01 20:30:00,1160.84,241.6,167913.19,6218.23,488.03,1491.8,54.91,22.45,19.74,5.23,379.25,P004,EQ022
2025-09-01 20:40:00,1233.5,256.17,172968.42,6703.72,553.06,1513.21,58.85,22.93,20.85,4.67,278.74,P009,EQ029
2025-09-01 20:50:00,1166.59,249.26,166652.71,6381.41,526.02,1486.7,52.67,20.65,19.51,5.31,317.29,P007,EQ036
2025-09-01 21:00:00,1206.26,254.35,183523.62,6759.36,473.69,1526.36,46.92,21.98,20.02,5.32,277.52,P008,EQ043
2025-09-01 21:10:00,1166.12,256.78,177620.07,6662.3,493.69,1520.07,46.44,23.15,20.35,4.58,287.47,P015,EQ050
2025-09-01 21:20:00,1212.24,252.69,173221.72,6352.75,492.79,1471.16,58.45,20.87,19.34,5.34,261.31,P013,EQ001
2025-09-01 21:30:00,1217.55,260.8,182583.54,6437.57,468.61,1516.89,53.98,21.67,18.73,5.37,379.2,P009,EQ008
2025-09-01 21:40:00,1217.28,229.4,178899.77,6211.8,485.52,1477.53,46.81,21.17,19.39,5.22,264.69,P011,EQ015
2025-09-01 21:50:00,1208.84,259.43,180461.71,6425.46,502.4,1510.76,58.53,22.9,21.38,5.31,399.89,P014,EQ022
2025-09-01 22:00:00,1231.72,223.23,179404.3,6542.58,501.63,1489.45,47.87,22.42,20.84,4.55,252.21,P002,EQ029
2025-09-01 22:10:00,1206.54,241.59,170245.99,6578.52,490.14,1486.82,46.15,22.28,19.99,4.67,388.96,P014,EQ036
2025-09-01 22:20:00,1174.77,247.26,177025.74,6290.06,514.64,1483.52,63.64,21.06,19.21,5.06,285.46,P007,EQ043
2025-09-01 22:30:00,1172.93,262.41,184007.08,6422.48,505.18,1489.64,50.0,23.43,20.89,4.73,322.85,P004,EQ050
2025-09-01 22:40:00,1246.38,267.43,177431.84,6368.16,501.97,1484.09,52.34,21.68,17.77,5.28,379.7,P015,EQ001
2025-09-01 22:50:00,1205.74,266.18,174319.1,6537.69,533.46,1507.76,51.44,25.21,19.83,5.05,258.8,P007,EQ008
2025-09-01 23:00:00,1252.02,237.92,169795.01,6213.59,516.01,1512.51,53.71,20.65,21.01,5.36,250.32,P007,EQ015
2025-09-01 23:10:00,1197.08,250.49,178377.98,6573.43,519.26,1478.28,49.13,20.79,20.63,5.16,289.78,P013,EQ022
2025-09-01 23:20:00,1197.04,254.45,167217.42,6671.59,485.98,1502.58,55.58,21.24,21.2,5.04,367.77,P005,EQ029
2025-09-01 23:30:00,1200.85,258.34,168764.87,6618.82,501.85,1520.73,48.92,21.64,20.37,4.98,313.45,P012,EQ036
2025-09-01 23:40:00,1164.78,247.09,181338.15,6481.38,473.89,1514.32,40.73,19.88,20.0,5.05,399.31,P009,EQ043
2025-09-01 23:50:00,1206.61,236.61,174247.5,6220.25,506.59,1467.69,49.25,22.26,18.24,4.84,349.28,P008,EQ050
2025-09-02 00:00:00,1223.64,273.23,167480.2,6567.98,462.92,1473.09,57.98,22.67,19.2,5.07,273.22,P005,EQ001
2025-09-02 00:10:00,1219.26,252.72,186236.39,6621.16,410.21,1494.2,46.32,21.8,20.01,4.8,282.66,P001,EQ008
2025-09-02 00:20:00,1167.45,270.45,177986.71,6365.85,520.39,1513.5,56.34,20.94,20.78,4.82,336.88,P009,EQ015
2025-09-02 00:30:00,1234.65,247.11,163641.1,6507.07,446.48,1495.66,49.71,21.6,18.51,4.67,259.14,P006,EQ022
2025-09-02 00:40:00,1174.66,246.28,181442.5,6641.82,485.83,1525.48,43.16,22.69,19.82,5.07,258.57,P010,EQ029
2025-09-02 00:50:00,1219.15,239.81,179005.79,6498.14,572.35,1493.91,56.35,22.65,18.83,5.41,321.52,P015,EQ036
2025-09-02 01:00:00,1168.19,216.52,179266.58,6713.79,501.56,1494.78,57.92,22.71,19.34,5.22,377.91,P003,EQ043
2025-09-02 01:10:00,1162.7,241.62,169744.35,6060.0,464.68,1524.45,44.51,21.45,18.84,5.26,258.53,P009,EQ050
2025-09-02 01:20:00,1200.04,257.36,174471.57,6265.79,470.78,1516.75,49.71,22.77,16.84,5.33,262.02,P003,EQ001
2025-09-02 01:30:00,1185.18,282.59,172446.22,6505.65,519.81,1482.48,54.36,21.35,21.29,5.24,260.28,P002,EQ008
2025-09-02 01:40:00,1214.87,239.14,173947.14,6559.98,439.0,1488.97,54.69,20.73,21.28,4.81,351.28,P004,EQ015
2025-09-02 01:50:00,1209.7,232.79,177421.89,6592.55,534.09,1527.08,56.27,22.21,18.77,5.4,310.57,P015,EQ022
2025-09-02 02:00:00,1160.88,243.42,178685.54,6588.71,547.79,1499.92,41.55,21.72,20.17,4.89,335.45,P010,EQ029
2025-09-02 02:10:00,1242.37,246.29,167820.76,6593.36,465.57,1534.0,51.35,20.6,21.08,5.71,339.18,P010,EQ036
2025-09-02 02:20:00,1139.88,263.55,177420.14,6535.14,510.3,1509.84,46.53,23.41,18.65,5.59,262.3,P011,EQ043
2025-09-02 02:30:00,1245.83,232.21,174973.0,6783.97,485.27,1496.75,47.99,23.17,19.39,5.0,337.55,P009,EQ050
2025-09-02 02:40:00,1216.21,246.89,170667.84,6231.69,454.45,1476.4,41.4,21.27,20.3,5.02,297.46,P005,EQ001
2025-09-02 02:50:00,1175.2,234.73,170033.06,6222.42,462.92,1514.29,42.98,22.02,19.38,5.73,280.64,P012,EQ008
2025-09-02 03:00:00,1146.09,252.9,173331.25,6345.77,509.46,1503.11,44.66,22.43,20.39,5.39,297.13,P005,EQ015
2025-09-02 03:10:00,1181.7,272.06,174015.91,6104.8,515.69,1498.37,45.59,22.93,19.53,5.31,309.37,P011,EQ022
2025-09-02 03:20:00,1197.52,261.25,178397.39,6594.63,469.04,1518.39,50.11,24.0,20.48,5.23,346.83,P008,EQ029
2025-09-02 03:30:00,1177.05,243.91,175483.59,6265.9,464.89,1497.83,49.61,22.2,21.12,4.88,297.43,P013,EQ036
2025-09-02 03:40:00,1220.43,247.83,174029.94,6551.41,437.97,1501.33,46.81,21.07,18.11,4.87,390.36,P001,EQ043
2025-09-02 03:50:00,1143.68,263.05,173803.46,6163.59,479.79,1515.1,47.03,21.72,19.63,4.96,318.74,P010,EQ050
2025-09-02 04:00:00,1149.01,249.32,172209.54,7090.76,493.61,1490.89,54.94,21.84,20.25,4.74,399.41,P002,EQ001
2025-09-02 04:10:00,1246.66,240.58,176876.75,6726.47,490.86,1500.0,52.93,22.68,18.91,5.05,330.65,P009,EQ008
2025-09-02 04:20:00,1171.64,238.82,171758.04,6743.2,547.9,1552.11,49.72,21.16,19.03,5.48,289.78,P015,EQ015
2025-09-02 04:30:00,1153.85,245.25,172169.68,6850.0,469.6,1522.03,56.57,21.83,20.47,4.54,302.35,P002,EQ022
2025-09-02 04:40:00,1197.35,246.77,162102.09,6583.08,510.65,1466.13,42.94,21.25,19.47,4.91,381.89,P006,EQ029
2025-09-02 04:50:00,1171.26,234.88,176532.57,6404.95,496.8,1495.41,52.29,21.85,20.86,5.03,292.75,P008,EQ036
2025-09-02 05:00:00,1226.67,268.71,167697.62,6684.4,553.48,1480.55,49.84,21.64,20.44,5.16,375.06,P012,EQ043
2025-09-02 05:10:00,1179.92,269.69,170716.6,6472.34,530.71,1539.07,47.44,22.78,20.22,4.53,295.38,P013,EQ050
2025-09-02 05:20:00,1171.34,231.93,172483.41,6416.64,500.84,1525.55,52.11,24.65,19.76,5.24,348.1,P001,EQ001
2025-09-02 05:30:00,1212.43,272.6,173106.42,6669.05,548.87,1485.58,49.63,22.5,19.57,4.74,350.18,P009,EQ008
2025-09-02 05:40:00,1254.98,246.56,183670.47,6398.31,493.79,1515.94,48.97,21.1,19.28,5.08,294.91,P011,EQ015
2025-09-02 05:50:00,1180.02,251.32,163713.57,6388.38,494.59,1489.75,45.03,21.12,20.07,5.45,265.54,P015,EQ022
2025-09-02 06:00:00,1158.05,245.86,179885.25,6566.89,497.19,1490.99,50.07,21.9,17.81,4.79,270.14,P002,EQ029
2025-09-02 06:10:00,1141.51,269.37,179113.24,6342.35,524.15,1548.97,46.88,23.3,20.36,4.93,383.46,P012,EQ036
2025-09-02 06:20:00,1166.82,241.66,173025.44,6036.84,515.91,1493.57,52.3,21.58,23.0,4.5,332.98,P005,EQ043
2025-09-02 06:30:00,1172.01,260.58,186792.34,6301.52,554.88,1481.66,56.47,22.08,22.23,5.53,292.26,P004,EQ050
2025-09-02 06:40:00,1180.57,294.04,169379.21,6437.28,554.24,1485.3,46.79,22.13,20.45,5.12,357.64,P004,EQ001
2025-09-02 06:50:00,1177.63,252.95,178187.13,6800.8,509.84,1474.94,50.14,21.38,21.32,4.5,353.12,P014,EQ008
2025-09-02 07:00:00,1216.79,234.02,181360.29,6654.23,506.58,1510.1,48.32,22.68,19.95,5.22,289.6,P008,EQ015
2025-09-02 07:10:00,1201.76,212.78,172431.71,6803.5,543.58,1502.09,49.37,21.66,20.63,5.17,287.67,P015,EQ022
2025-09-02 07:20:00,1170.63,259.92,181164.48,6309.03,494.39,1509.27,53.61,21.58,19.47,4.86,376.92,P002,EQ029
2025-09-02 07:30:00,1211.56,256.44,174902.91,6227.16,467.3,1512.74,43.89,22.23,19.64,4.82,345.14,P014,EQ036
2025-09-02 07:40:00,1200.8,275.15,176444.08,6440.87,455.8,1510.24,55.68,22.61,21.17,5.14,291.5,P001,EQ043
2025-09-02 07:50:00,1160.9,249.33,177624.34,6644.2,485.21,1498.73,51.83,23.27,21.01,5.19,300.03,P003,EQ050
2025-09-02 08:00:00,1211.89,234.62,169495.2,6481.63,531.25,1507.91,52.81,20.5,18.54,5.34,345.57,P005,EQ001
2025-09-02 08:10:00,1198.96,230.29,179410.84,6551.61,588.54,1525.0,51.73,21.85,20.23,4.97,274.24,P008,EQ008
2025-09-02 08:20:00,1156.84,263.91,176374.29,5949.06,480.93,1483.43,54.9,21.96,21.49,4.52,332.75,P007,EQ015
2025-09-02 08:30:00,1167.73,266.01,171723.89,6288.27,484.2,1484.8,52.7,23.12,18.41,4.91,334.14,P002,EQ022
2025-09-02 08:40:00,1200.43,251.23,179166.28,6523.97,482.61,1477.76,40.88,21.63,20.01,5.28,261.29,P015,EQ029
2025-09-02 08:50:00,1188.67,284.86,174617.6,6403.33,511.42,1480.59,51.04,19.94,20.68,5.02,353.65,P003,EQ036
2025-09-02 09:00:00,1206.32,252.32,168631.22,6320.28,546.99,1509.89,47.01,22.42,20.41,5.59,331.84,P014,EQ043
2025-09-02 09:10:00,1233.31,256.17,172754.07,6856.74,496.95,1482.59,43.9,21.14,19.64,5.23,305.38,P009,EQ050
2025-09-02 09:20:00,1227.4,267.27,175764.88,6666.3,567.78,1518.21,58.01,20.49,19.26,4.77,272.21,P003,EQ001
2025-09-02 09:30:00,1119.69,251.11,181962.24,6392.94,505.86,1482.92,47.54,22.29,18.8,5.35,256.27,P006,EQ008
2025-09-02 09:40:00,1142.44,254.83,172542.59,6797.83,522.86,1458.32,37.89,21.0,19.5,4.94,384.85,P013,EQ015
2025-09-02 09:50:00,1200.91,260.1,168170.05,6139.89,507.57,1492.78,49.48,21.36,19.83,5.45,395.83,P001,EQ022
2025-09-02 10:00:00,1151.3,231.62,178208.01,6813.48,493.83,1474.75,39.99,22.26,18.75,5.65,384.84,P004,EQ029
2025-09-02 10:10:00,1270.25,253.39,177427.31,6476.42,534.25,1499.94,50.32,23.36,20.63,5.64,352.31,P011,EQ036
2025-09-02 10:20:00,1150.9,241.67,170480.47,6668.36,485.19,1512.05,44.16,21.91,22.3,5.49,265.42,P013,EQ043
2025-09-02 10:30:00,1143.64,255.47,179131.76,6401.32,466.93,1513.24,50.5,22.55,19.84,5.7,333.98,P014,EQ050
2025-09-02 10:40:00,1172.58,242.56,177574.43,6646.35,458.64,1525.95,42.71,22.01,19.69,4.79,310.96,P010,EQ001
2025-09-02 10:50:00,1234.0,214.79,171346.09,6319.45,526.25,1531.01,53.88,23.4,17.78,5.05,362.42,P015,EQ008
2025-09-02 11:00:00,1158.51,244.38,176223.36,6518.92,541.27,1460.43,45.82,20.52,18.36,5.3,389.48,P014,EQ015
2025-09-02 11:10:00,1205.47,273.35,180926.03,6513.63,470.91,1519.84,46.54,20.8,18.85,5.04,274.38,P013,EQ022
2025-09-02 11:20:00,1237.97,250.79,181122.14,6518.27,487.21,1554.42,59.11,22.2,19.17,4.52,371.62,P015,EQ029
2025-09-02 11:30:00,1212.04,246.17,177335.0,6564.61,513.09,1522.84,51.57,21.28,19.23,5.17,311.84,P003,EQ036
2025-09-02 11:40:00,1167.85,260.78,178570.97,6491.22,476.56,1464.47,44.38,20.37,20.03,4.87,360.48,P006,EQ043
2025-09-02 11:50:00,1172.38,263.09,175646.64,6509.52,516.74,1520.73,41.99,22.71,18.19,4.76,367.36,P007,EQ050
2025-09-02 12:00:00,1230.36,260.37,178323.7,6536.42,542.39,1469.18,48.47,22.05,22.04,5.31,370.34,P014,EQ001
2025-09-02 12:10:00,1231.15,238.58,186248.31,6594.36,469.82,1546.91,42.87,21.13,19.77,4.71,360.26,P004,EQ008
2025-09-02 12:20:00,1215.82,254.15,175567.54,6878.76,450.98,1527.33,45.88,23.46,21.91,5.69,290.02,P013,EQ015
2025-09-02 12:30:00,1194.28,232.55,176639.63,6489.33,447.11,1514.71,45.39,23.44,20.97,4.92,355.19,P007,EQ022
2025-09-02 12:40:00,1201.08,246.36,172713.03,7119.66,471.91,1501.11,54.96,21.62,19.37,4.6,380.83,P014,EQ029
2025-09-02 12:50:00,1235.76,260.68,177349.67,6198.24,515.11,1505.71,48.31,20.62,19.94,4.74,320.6,P004,EQ036
2025-09-02 13:00:00,1202.4,250.95,173309.21,6676.4,498.02,1510.58,52.09,23.01,19.04,4.9,372.49,P008,EQ043
2025-09-02 13:10:00,1227.66,252.3,180629.03,6649.05,486.66,1517.61,48.71,22.96,21.85,5.33,302.45,P014,EQ050
2025-09-02 13:20:00,1268.69,226.73,172258.13,6446.73,487.99,1507.45,48.16,23.11,20.98,5.12,369.3,P004,EQ001
2025-09-02 13:30:00,1169.63,258.21,178371.45,6570.78,500.9,1528.01,47.26,21.63,20.67,5.16,283.44,P011,EQ008
2025-09-02 13:40:00,1225.58,245.74,168426.47,6252.48,487.02,1515.85,53.96,20.18,20.53,4.97,278.97,P006,EQ015
2025-09-02 13:50:00,1168.74,282.86,176319.79,6665.48,577.03,1488.38,48.02,23.49,18.69,5.02,291.79,P002,EQ022
2025-09-02 14:00:00,1201.39,264.55,177026.95,6317.36,529.17,1516.9,44.74,21.31,19.47,4.66,395.03,P005,EQ029
2025-09-02 14:10:00,1231.94,245.14,173610.85,6292.45,488.16,1529.7,53.74,20.38,19.01,5.19,302.67,P009,EQ036
2025-09-02 14:20:00,1185.06,241.7,170697.54,6233.79,502.86,1492.39,55.7,21.93,19.03,5.21,309.95,P014,EQ043
2025-09-02 14:30:00,1240.38,238.96,166487.12,6404.21,459.5,1532.83,43.06,21.67,21.47,5.26,330.43,P001,EQ050
2025-09-02 14:40:00,1184.59,238.25,174092.52,6451.97,544.89,1496.91,43.25,22.99,21.04,4.93,267.3,P005,EQ001
2025-09-02 14:50:00,1223.16,250.77,168966.01,6483.79,465.66,1487.32,45.31,22.33,20.19,4.6,276.79,P005,EQ008
2025-09-02 15:00:00,1172.4,249.96,177321.84,6514.45,433.8,1525.74,58.86,23.58,20.54,5.2,255.74,P010,EQ015
2025-09-02 15:10:00,1180.37,252.83,169346.85,6524.35,457.11,1511.7,48.23,22.77,20.18,4.86,315.18,P012,EQ022
2025-09-02 15:20:00,1225.3,232.4,173675.74,6392.49,522.32,1498.49,51.35,22.53,17.65,4.72,367.96,P007,EQ029
2025-09-02 15:30:00,1203.48,265.19,177862.94,6762.15,493.35,1502.01,47.5,21.56,19.17,4.84,340.93,P009,EQ036
2025-09-02 15:40:00,1194.29,240.23,175132.87,6136.27,512.84,1503.55,52.23,21.54,19.49,5.29,267.35,P015,EQ043
2025-09-02 15:50:00,1195.36,279.8,167969.41,6450.53,466.18,1484.27,46.05,21.52,20.78,4.66,336.49,P005,EQ050
2025-09-02 16:00:00,1218.3,228.39,172972.37,6763.96,513.86,1505.45,53.15,22.58,20.63,5.42,256.66,P007,EQ001
2025-09-02 16:10:00,1168.85,248.94,178186.34,6649.93,516.74,1526.13,47.5,20.65,21.27,5.0,250.25,P015,EQ008
2025-09-02 16:20:00,1183.54,250.54,172838.62,6701.24,526.7,1506.23,52.7,22.03,21.03,4.29,370.98,P011,EQ015
2025-09-02 16:30:00,1164.95,249.4,172932.61,6309.9,518.6,1480.43,51.09,22.12,20.06,4.75,357.91,P012,EQ022
2025-09-02 16:40:00,1194.21,268.4,177717.62,6692.57,497.6,1465.95,47.67,21.85,21.3,5.34,360.56,P004,EQ029
2025-09-02 16:50:00,1212.75,237.15,175642.24,6447.65,492.69,1475.33,52.32,21.97,20.8,4.56,304.63,P002,EQ036
2025-09-02 17:00:00,1166.19,304.69,170599.75,6557.52,513.13,1480.36,58.64,21.93,20.15,5.55,392.33,P015,EQ043
2025-09-02 17:10:00,1176.27,242.69,173272.44,6225.47,508.28,1509.46,50.92,22.66,20.87,5.1,299.53,P006,EQ050
2025-09-02 17:20:00,1192.76,268.31,171516.68,6779.27,494.21,1515.3,59.13,19.74,19.81,4.88,349.51,P002,EQ001
2025-09-02 17:30:00,1251.22,243.9,188645.1,6194.42,510.49,1492.27,52.53,21.43,19.55,4.45,357.96,P005,EQ008
2025-09-02 17:40:00,1203.25,227.53,168451.66,6517.37,496.36,1520.54,43.23,22.42,20.32,4.91,326.07,P011,EQ015
2025-09-02 17:50:00,1175.89,248.81,179419.93,6425.25,525.42,1494.52,58.62,22.03,19.82,4.52,311.26,P007,EQ022
2025-09-02 18:00:00,1157.19,255.72,173862.75,6556.26,479.46,1496.99,46.88,22.3,19.78,5.56,354.58,P009,EQ029
2025-09-02 18:10:00,1179.36,266.78,169727.54,6406.93,474.75,1525.19,52.18,22.14,20.23,4.67,269.09,P007,EQ036
2025-09-02 18:20:00,1242.09,270.84,174828.5,6502.65,519.47,1496.49,49.0,21.51,19.65,4.86,349.74,P007,EQ043
2025-09-02 18:30:00,1221.9,245.08,172858.18,6374.64,455.02,1531.2,52.54,22.87,19.47,5.44,351.6,P015,EQ050
2025-09-02 18:40:00,1204.36,271.79,174933.13,6491.07,484.16,1501.55,51.12,23.49,21.54,5.03,276.1,P010,EQ001
2025-09-02 18:50:00,1236.57,209.24,172648.54,6549.94,526.61,1508.46,49.72,21.54,19.2,5.57,295.14,P009,EQ008
2025-09-02 19:00:00,1233.67,269.62,175053.03,6393.11,516.64,1499.51,49.36,21.98,19.37,4.74,375.06,P005,EQ015
2025-09-02 19:10:00,1192.73,229.22,177991.25,6667.71,476.91,1463.45,51.97,22.24,20.02,4.6,293.04,P007,EQ022
2025-09-02 19:20:00,1142.47,275.67,173917.96,6600.88,497.88,1508.27,43.61,21.55,18.64,4.67,367.86,P010,EQ029
2025-09-02 19:30:00,1178.73,222.9,172694.0,6357.82,464.41,1497.34,49.94,21.16,22.01,5.22,348.21,P008,EQ036
2025-09-02 19:40:00,1233.65,245.07,179468.0,6653.12,469.44,1486.36,64.58,21.59,20.49,4.94,316.27,P011,EQ043
2025-09-02 19:50:00,1224.94,235.08,169973.54,6726.87,505.96,1450.45,50.12,21.82,20.71,5.1,282.06,P008,EQ050
2025-09-02 20:00:00,1210.27,251.31,176452.34,6269.48,475.55,1482.95,43.29,22.79,21.08,5.18,369.06,P013,EQ001
2025-09-02 20:10:00,1181.96,241.94,172800.63,6722.58,515.8,1534.78,45.15,21.77,18.74,4.57,360.39,P011,EQ008
2025-09-02 20:20:00,1195.34,244.96,172435.92,6193.06,505.9,1494.32,54.57,22.55,18.69,5.12,262.72,P009,EQ015
2025-09-02 20:30:00,1182.03,272.99,174852.06,6399.3,487.8,1469.98,56.37,24.12,18.27,4.92,349.58,P010,EQ022
2025-09-02 20:40:00,1196.69,241.09,181087.68,6749.49,492.64,1541.43,50.16,21.76,20.28,4.78,300.28,P014,EQ029
2025-09-02 20:50:00,1243.59,259.25,173225.27,6462.9,472.77,1505.25,43.53,22.0,19.48,5.17,392.8,P004,EQ036
2025-09-02 21:00:00,1231.28,261.8,174387.15,6358.08,491.01,1499.67,52.44,21.43,19.03,5.05,350.92,P004,EQ043
2025-09-02 21:10:00,1240.76,278.08,178966.0,6301.95,542.26,1483.09,46.15,22.43,18.62,5.24,370.98,P003,EQ050
2025-09-02 21:20:00,1198.39,255.99,170882.85,6669.29,515.39,1492.73,54.73,19.34,20.36,4.97,253.66,P004,EQ001
2025-09-02 21:30:00,1176.15,252.66,177499.0,6352.61,496.41,1499.17,51.96,23.23,19.54,5.4,397.59,P010,EQ008
2025-09-02 21:40:00,1160.87,254.51,166401.96,6514.36,521.67,1540.46,50.25,21.25,21.03,5.01,377.46,P002,EQ015
2025-09-02 21:50:00,1202.95,263.76,180463.75,6153.57,501.55,1499.67,44.65,20.38,19.93,4.86,318.31,P015,EQ022
2025-09-02 22:00:00,1178.26,247.94,173244.88,6503.52,547.3,1499.4,59.4,23.24,20.97,4.78,344.46,P004,EQ029
2025-09-02 22:10:00,1191.2,236.2,177079.37,6486.59,513.25,1506.05,50.84,21.64,19.03,4.87,357.75,P007,EQ036
2025-09-02 22:20:00,1221.5,247.54,174699.88,6673.56,514.63,1470.5,49.6,21.13,19.95,5.12,324.16,P004,EQ043
2025-09-02 22:30:00,1215.28,274.96,172495.92,6441.01,517.22,1519.24,44.84,22.69,20.67,4.95,272.14,P012,EQ050
2025-09-02 22:40:00,1191.57,260.99,177135.85,6580.14,478.05,1465.55,49.53,21.73,20.46,4.77,250.83,P013,EQ001
2025-09-02 22:50:00,1219.04,256.14,171299.35,6689.01,489.71,1486.07,51.25,21.99,19.09,5.19,379.07,P015,EQ008
2025-09-02 23:00:00,1199.73,238.63,166230.17,6585.28,502.97,1502.39,56.88,19.51,21.27,5.41,265.99,P007,EQ015
2025-09-02 23:10:00,1170.6,265.22,170940.2,6291.5,496.96,1536.55,51.81,22.05,20.89,4.81,282.83,P013,EQ022
2025-09-02 23:20:00,1244.93,273.56,177146.05,6342.35,532.16,1505.89,53.22,23.14,20.44,4.73,393.69,P009,EQ029
2025-09-02 23:30:00,1244.71,254.19,176620.79,6623.02,509.35,1514.96,50.99,21.82,19.45,4.85,319.68,P009,EQ036
2025-09-02 23:40:00,1191.35,264.84,173315.53,6477.78,496.97,1510.68,53.24,23.97,18.61,4.93,287.38,P014,EQ043
2025-09-02 23:50:00,1217.19,224.72,183706.7,6476.78,476.18,1519.42,39.01,22.21,19.01,5.0,268.2,P003,EQ050
2025-09-03 00:00:00,1211.22,261.89,177056.64,6917.28,501.86,1493.16,56.13,21.93,20.42,3.82,370.21,P011,EQ001
2025-09-03 00:10:00,1213.6,248.88,172825.5,6368.73,527.09,1459.17,65.75,23.15,20.37,5.57,329.67,P009,EQ008
2025-09-03 00:20:00,1208.24,236.58,180135.4,6172.79,518.0,1523.96,52.67,20.55,20.21,4.96,339.32,P013,EQ015
2025-09-03 00:30:00,1177.73,215.32,169072.5,6399.85,533.77,1555.06,54.28,21.21,19.58,5.32,383.71,P010,EQ022
2025-09-03 00:40:00,1218.41,255.86,176190.46,6739.86,567.08,1500.19,50.79,22.5,19.54,4.34,372.25,P015,EQ029
2025-09-03 00:50:00,1214.81,239.0,181583.02,6536.49,544.92,1482.85,55.66,20.37,20.94,4.93,325.72,P014,EQ036
2025-09-03 01:00:00,1228.12,244.63,178412.32,6600.53,511.49,1508.85,58.4,21.44,21.4,4.89,386.03,P008,EQ043
2025-09-03 01:10:00,1236.21,285.1,171008.39,6068.79,504.91,1486.17,47.37,21.67,19.47,5.43,384.58,P012,EQ050
2025-09-03 01:20:00,1233.76,267.39,186560.68,6345.85,425.1,1540.47,51.25,21.94,18.2,4.59,379.22,P008,EQ001
2025-09-03 01:30:00,1220.76,247.85,164235.65,6311.9,531.47,1525.57,51.07,24.83,21.03,5.54,288.88,P004,EQ008
2025-09-03 01:40:00,1240.0,262.47,168303.99,6179.93,477.76,1505.17,50.01,22.37,19.98,5.14,375.98,P005,EQ015
2025-09-03 01:50:00,1229.63,250.12,173560.07,5975.74,526.17,1484.53,45.45,22.87,20.92,5.2,364.87,P009,EQ022
2025-09-03 02:00:00,1228.59,233.59,173854.01,6390.0,551.9,1517.28,48.78,22.84,20.37,4.96,322.69,P004,EQ029
2025-09-03 02:10:00,1214.01,262.76,174289.24,6249.9,510.64,1494.72,44.27,21.23,19.75,5.01,291.19,P002,EQ036
2025-09-03 02:20:00,1216.85,246.81,177249.54,6425.33,516.37,1508.06,52.85,23.44,19.72,4.52,357.03,P004,EQ043
2025-09-03 02:30:00,1197.66,262.14,175124.7,6563.62,448.32,1483.32,52.69,22.78,19.25,5.11,290.76,P006,EQ050
2025-09-03 02:40:00,1178.67,232.71,175355.04,6543.41,511.89,1514.6,58.39,22.95,19.64,5.28,383.95,P002,EQ001
2025-09-03 02:50:00,1155.97,251.51,180267.39,6635.83,524.85,1538.2,46.3,22.79,19.91,5.33,270.76,P004,EQ008
2025-09-03 03:00:00,1203.53,261.73,182733.85,6626.18,493.71,1492.65,46.53,23.04,21.31,4.93,307.46,P003,EQ015
2025-09-03 03:10:00,1145.72,240.5,177169.94,6310.64,441.25,1491.11,39.8,22.33,19.6,5.02,355.96,P002,EQ022
2025-09-03 03:20:00,1238.9,236.38,164260.48,6494.33,514.07,1471.41,48.16,21.65,20.03,4.82,312.23,P006,EQ029
2025-09-03 03:30:00,1279.9,246.06,175932.62,6403.05,420.71,1527.62,34.22,23.36,18.68,4.59,331.39,P007,EQ036
2025-09-03 03:40:00,1196.73,282.94,176598.01,6461.75,476.97,1513.01,48.15,22.71,18.04,5.16,259.34,P014,EQ043
2025-09-03 03:50:00,1209.54,229.6,169836.83,6470.52,485.4,1505.8,42.83,21.12,22.11,4.75,313.02,P015,EQ050
2025-09-03 04:00:00,1187.22,247.34,173607.56,6741.38,482.83,1517.1,45.72,22.77,19.79,4.95,365.47,P012,EQ001
2025-09-03 04:10:00,1197.34,258.25,169032.69,6305.91,561.12,1510.13,48.2,22.64,19.94,4.32,252.93,P015,EQ008
2025-09-03 04:20:00,1204.84,248.17,176745.67,6345.05,493.39,1522.84,49.25,21.57,20.37,4.88,364.84,P007,EQ015
2025-09-03 04:30:00,1232.04,247.38,176816.85,6359.17,462.57,1514.39,51.31,22.64,20.74,4.56,321.55,P006,EQ022
2025-09-03 04:40:00,1203.59,219.91,177596.8,6282.87,514.02,1514.52,47.3,21.98,21.22,4.5,294.79,P007,EQ029
2025-09-03 04:50:00,1219.31,251.78,179740.73,6169.62,500.11,1522.08,56.8,21.23,19.72,5.55,378.02,P014,EQ036
2025-09-03 05:00:00,1157.41,249.31,175887.12,6534.99,471.97,1519.29,54.44,23.82,19.21,4.86,312.85,P012,EQ043
2025-09-03 05:10:00,1232.9,277.23,174950.13,6194.39,493.52,1519.29,53.39,23.11,21.92,4.87,360.2,P013,EQ050
2025-09-03 05:20:00,1172.87,231.96,174386.09,6703.82,551.82,1504.38,50.07,21.87,21.23,4.77,340.49,P004,EQ001
2025-09-03 05:30:00,1196.85,248.84,174864.2,6861.64,473.24,1549.11,46.72,21.18,19.34,5.19,323.23,P005,EQ008
2025-09-03 05:40:00,1199.58,266.82,170881.67,6165.36,488.87,1505.6,42.65,21.89,20.54,4.76,315.38,P001,EQ015
2025-09-03 05:50:00,1175.28,233.57,174282.73,6591.27,582.43,1523.3,43.69,20.46,19.89,5.47,308.33,P011,EQ022
2025-09-03 06:00:00,1219.71,242.09,180008.2,6775.47,543.85,1478.67,52.19,20.72,19.19,4.62,351.87,P007,EQ029
2025-09-03 06:10:00,1192.14,228.46,178874.62,6497.54,474.07,1509.71,57.65,22.35,19.42,4.91,358.63,P014,EQ036
2025-09-03 06:20:00,1196.88,239.48,166441.35,6424.3,537.28,1483.46,40.35,21.91,21.1,4.48,320.11,P003,EQ043
2025-09-03 06:30:00,1205.7,256.17,177684.28,6611.42,518.24,1468.32,53.08,23.38,19.78,5.11,397.11,P009,EQ050
2025-09-03 06:40:00,1169.57,269.54,171908.1,6829.9,488.6,1513.56,47.33,23.88,18.03,5.11,254.04,P007,EQ001
2025-09-03 06:50:00,1137.62,231.93,184459.97,6681.6,439.68,1499.88,46.9,22.57,21.85,5.2,338.78,P011,EQ008
2025-09-03 07:00:00,1213.04,257.62,169537.45,6640.23,527.63,1487.75,46.79,23.45,20.21,4.66,254.07,P011,EQ015
2025-09-03 07:10:00,1187.28,243.14,174677.43,6485.46,492.52,1533.48,54.16,23.48,18.31,5.03,314.29,P014,EQ022
2025-09-03 07:20:00,1235.24,260.88,171603.26,6348.81,528.8,1495.75,53.24,22.16,19.88,5.04,319.25,P001,EQ029
2025-09-03 07:30:00,1175.11,275.52,177740.9,6779.87,484.12,1489.19,48.4,21.14,20.68,5.21,289.02,P006,EQ036
2025-09-03 07:40:00,1184.61,245.21,176883.01,6349.48,487.72,1531.21,46.27,21.48,22.5,4.36,281.75,P006,EQ043
2025-09-03 07:50:00,1164.47,276.96,172952.26,6599.97,563.59,1485.66,47.04,22.41,19.92,4.84,300.63,P015,EQ050
2025-09-03 08:00:00,1196.0,230.08,177328.62,6666.9,495.16,1495.52,52.74,21.46,19.69,4.98,306.87,P013,EQ001
2025-09-03 08:10:00,1244.16,249.26,174431.36,6467.17,488.49,1480.7,45.4,22.86,19.43,5.03,392.68,P007,EQ008
2025-09-03 08:20:00,1185.71,230.08,172676.24,6779.39,487.56,1486.47,47.86,21.67,20.23,4.88,287.84,P002,EQ015
2025-09-03 08:30:00,1197.07,242.64,176787.5,6562.25,506.35,1512.66,49.5,23.21,20.47,5.45,320.55,P012,EQ022
2025-09-03 08:40:00,1197.61,254.08,171589.09,6503.13,524.54,1492.69,57.46,22.03,21.58,4.69,330.91,P006,EQ029
2025-09-03 08:50:00,1191.69,242.55,180053.16,6628.42,497.71,1490.88,49.87,22.72,20.84,4.98,283.63,P002,EQ036
2025-09-03 09:00:00,1186.59,251.53,175646.36,6550.51,486.4,1534.81,46.86,23.51,21.39,5.28,367.18,P011,EQ043
2025-09-03 09:10:00,1256.22,258.34,173416.57,6395.39,479.87,1516.75,42.6,20.58,21.53,5.3,256.04,P001,EQ050
2025-09-03 09:20:00,1212.43,263.85,178871.47,6462.63,455.94,1525.66,52.23,20.62,20.14,4.86,392.44,P004,EQ001
2025-09-03 09:30:00,1196.54,245.08,177756.04,6458.32,465.35,1513.46,52.43,20.57,20.41,5.27,375.88,P010,EQ008
2025-09-03 09:40:00,1195.43,252.82,171178.35,6149.99,515.65,1498.24,52.15,21.77,19.74,5.05,272.86,P003,EQ015
2025-09-03 09:50:00,1198.1,262.99,172880.55,6211.12,504.32,1473.94,37.33,20.9,19.56,4.76,321.03,P002,EQ022
2025-09-03 10:00:00,1153.9,246.63,181082.33,6665.88,500.25,1518.42,47.8,21.12,20.68,4.67,334.6,P004,EQ029
2025-09-03 10:10:00,1210.02,249.61,173186.26,6408.39,534.12,1468.21,51.34,21.71,19.26,5.01,319.76,P005,EQ036
2025-09-03 10:20:00,1209.47,249.1,176225.19,6782.97,481.97,1508.36,41.31,22.46,18.13,5.19,365.03,P003,EQ043
2025-09-03 10:30:00,1185.74,252.46,167722.58,6504.8,524.72,1512.4,49.91,21.99,21.15,5.22,340.88,P012,EQ050
2025-09-03 10:40:00,1181.26,241.3,171600.67,6492.87,465.18,1456.83,48.91,22.25,20.19,5.33,357.75,P013,EQ001
2025-09-03 10:50:00,1161.22,242.3,167787.87,6549.17,496.86,1490.38,50.21,21.29,18.98,5.47,372.9,P005,EQ008
2025-09-03 11:00:00,1224.31,247.24,167292.79,6457.14,517.23,1503.4,55.05,23.23,19.92,4.86,266.21,P001,EQ015
2025-09-03 11:10:00,1185.17,243.8,179522.75,6415.17,449.58,1509.3,49.51,21.53,18.04,5.35,389.33,P010,EQ022
2025-09-03 11:20:00,1220.89,232.95,175758.87,6283.25,459.18,1458.03,53.9,22.88,19.69,4.98,351.6,P007,EQ029
2025-09-03 11:30:00,1252.65,238.67,169076.24,6525.51,516.48,1494.06,42.87,21.23,20.69,5.21,309.5,P012,EQ036
2025-09-03 11:40:00,1149.88,231.66,170074.25,6494.91,566.2,1494.28,50.31,21.2,22.59,4.82,279.75,P010,EQ043
2025-09-03 11:50:00,1184.65,252.34,168378.18,6661.75,499.75,1483.15,47.02,20.11,19.44,4.32,353.59,P011,EQ050
2025-09-03 12:00:00,1186.49,242.57,172055.1,6383.43,474.74,1524.68,57.2,21.83,21.14,4.91,286.43,P012,EQ001
2025-09-03 12:10:00,1190.93,237.57,178487.34,6623.61,461.29,1503.2,47.41,21.1,19.97,4.42,365.87,P014,EQ008
2025-09-03 12:20:00,1186.98,278.34,177178.37,6272.88,516.6,1501.77,48.4,21.41,20.0,4.82,352.64,P013,EQ015
2025-09-03 12:30:00,1194.8,261.09,179078.57,6240.71,485.95,1532.14,58.98,22.37,21.61,5.36,268.16,P010,EQ022
2025-09-03 12:40:00,1196.04,220.06,174694.15,6243.56,504.09,1534.92,51.24,21.21,18.83,4.41,367.4,P006,EQ029
2025-09-03 12:50:00,1142.82,274.4,179279.79,6473.79,495.41,1498.96,49.94,23.39,20.39,4.41,329.91,P011,EQ036
2025-09-03 13:00:00,1231.82,221.05,172969.03,6222.79,501.21,1474.86,43.11,20.95,20.81,4.94,305.59,P009,EQ043
2025-09-03 13:10:00,1220.02,270.4,176191.72,6614.02,470.92,1498.31,44.26,22.55,20.91,5.29,347.13,P001,EQ050
2025-09-03 13:20:00,1199.15,263.43,174273.34,6387.7,515.06,1514.52,61.02,22.73,18.9,4.71,377.44,P014,EQ001
2025-09-03 13:30:00,1160.95,251.16,169501.58,6772.47,491.25,1512.84,50.76,22.34,18.96,4.99,323.53,P007,EQ008
2025-09-03 13:40:00,1187.18,248.48,175623.44,6636.29,486.03,1516.47,51.65,23.64,16.69,4.81,394.12,P011,EQ015
2025-09-03 13:50:00,1237.76,212.18,182423.18,6516.44,438.73,1514.51,44.74,21.09,21.46,4.88,383.74,P008,EQ022
2025-09-03 14:00:00,1171.22,280.12,179645.37,6433.09,476.32,1495.92,57.89,21.02,18.73,5.38,356.1,P007,EQ029
2025-09-03 14:10:00,1191.54,251.51,177624.39,6421.99,427.28,1495.76,56.21,24.17,19.88,4.99,276.42,P009,EQ036
2025-09-03 14:20:00,1240.96,258.94,176477.08,6104.17,487.51,1504.3,42.43,21.63,21.71,4.92,394.82,P005,EQ043
2025-09-03 14:30:00,1156.97,221.69,174943.56,6384.46,473.94,1504.55,51.42,22.17,20.35,4.63,342.39,P015,EQ050
2025-09-03 14:40:00,1180.78,245.11,174730.88,6697.91,478.15,1484.45,57.44,22.16,18.6,4.91,330.73,P008,EQ001
2025-09-03 14:50:00,1162.91,232.95,168328.69,6340.8,561.79,1520.21,56.91,23.09,19.87,5.12,319.73,P014,EQ008
2025-09-03 15:00:00,1203.08,233.98,169187.84,6680.07,463.45,1504.02,53.26,22.75,20.37,4.64,359.65,P005,EQ015
2025-09-03 15:10:00,1216.21,247.93,170112.24,6102.25,513.54,1468.95,41.46,23.75,18.8,4.87,298.35,P004,EQ022
2025-09-03 15:20:00,1202.15,251.05,169903.46,6358.33,524.17,1494.42,49.88,19.84,19.43,5.26,374.61,P002,EQ029
2025-09-03 15:30:00,1178.12,235.73,176874.52,6619.73,510.01,1488.67,53.75,23.63,21.17,4.53,291.84,P008,EQ036
2025-09-03 15:40:00,1287.88,230.12,168870.42,6560.88,497.17,1507.23,56.56,22.93,19.11,5.02,286.58,P008,EQ043
2025-09-03 15:50:00,1230.34,265.79,180622.27,6663.49,521.24,1489.73,43.41,22.42,19.55,5.37,335.48,P011,EQ050
2025-09-03 16:00:00,1173.82,244.28,172859.51,6693.39,522.54,1500.46,51.46,23.61,18.24,5.22,306.85,P001,EQ001
2025-09-03 16:10:00,1232.4,268.21,179012.5,6345.22,483.83,1513.24,47.05,21.8,18.49,4.64,324.15,P006,EQ008
2025-09-03 16:20:00,1210.4,243.61,171206.25,6462.44,509.04,1494.78,50.86,22.09,19.75,5.0,277.28,P004,EQ015
2025-09-03 16:30:00,1173.38,242.48,165814.64,6266.71,464.39,1492.02,55.65,21.99,20.15,4.72,303.22,P005,EQ022
2025-09-03 16:40:00,1208.61,275.44,174563.79,6335.05,465.02,1505.26,45.29,22.71,18.99,4.5,301.05,P015,EQ029
2025-09-03 16:50:00,1214.4,230.59,178030.67,6707.49,482.22,1504.17,56.96,21.54,21.6,4.9,339.42,P015,EQ036
2025-09-03 17:00:00,1171.87,251.46,176125.63,6726.87,526.59,1507.39,53.28,22.18,20.79,4.84,291.44,P001,EQ043
2025-09-03 17:10:00,1167.56,253.13,188445.78,6661.54,479.0,1527.88,40.68,21.75,20.4,4.8,327.49,P004,EQ050
2025-09-03 17:20:00,1182.17,247.45,172287.49,6343.17,467.47,1468.8,45.17,21.9,21.01,4.8,262.84,P012,EQ001
2025-09-03 17:30:00,1163.65,274.08,169283.71,6518.92,471.91,1485.62,51.93,22.46,21.27,5.2,310.96,P009,EQ008
2025-09-03 17:40:00,1204.62,259.37,169848.79,6742.1,515.98,1509.8,52.99,20.52,18.87,5.04,363.72,P012,EQ015
2025-09-03 17:50:00,1204.35,258.63,175532.89,6463.1,537.73,1506.99,53.73,23.2,21.26,5.1,321.41,P012,EQ022
2025-09-03 18:00:00,1221.77,253.99,180362.62,6956.12,468.65,1484.95,57.92,22.19,19.57,4.79,323.62,P013,EQ029
2025-09-03 18:10:00,1228.12,258.41,185038.74,6481.76,527.05,1533.08,42.83,20.95,20.27,4.83,252.59,P005,EQ036
2025-09-03 18:20:00,1187.36,240.09,174260.39,6319.2,461.61,1507.7,50.62,22.98,20.52,5.13,283.24,P012,EQ043
2025-09-03 18:30:00,1222.59,236.28,172507.73,6554.97,528.05,1512.93,48.94,21.81,20.25,4.65,286.5,P011,EQ050
2025-09-03 18:40:00,1225.46,261.58,179645.21,6698.69,529.94,1462.32,51.13,20.57,19.05,4.96,337.23,P008,EQ001
2025-09-03 18:50:00,1235.49,254.97,176157.17,6857.12,507.23,1481.01,43.03,21.13,20.11,4.54,333.02,P006,EQ008
2025-09-03 19:00:00,1213.15,254.63,171399.92,6520.83,515.49,1487.36,53.66,21.28,20.59,5.44,313.83,P012,EQ015
2025-09-03 19:10:00,1209.66,230.9,175443.56,6516.21,474.16,1474.81,48.09,22.87,20.82,5.36,332.56,P006,EQ022
2025-09-03 19:20:00,1198.65,279.47,170769.24,6588.16,492.75,1529.83,50.16,20.97,20.24,4.66,355.43,P005,EQ029
2025-09-03 19:30:00,1173.83,263.9,174898.44,6671.12,473.79,1525.94,49.12,20.04,19.1,4.58,295.99,P004,EQ036
2025-09-03 19:40:00,1156.09,257.66,176828.29,6618.16,477.88,1510.63,42.66,21.52,19.84,4.83,268.1,P004,EQ043
2025-09-03 19:50:00,1203.01,249.66,177355.59,6560.7,528.66,1490.4,53.26,22.28,20.24,5.04,297.33,P012,EQ050
2025-09-03 20:00:00,1135.31,278.76,170423.42,6340.71,490.33,1473.8,58.73,21.38,19.32,4.75,330.38,P013,EQ001
2025-09-03 20:10:00,1213.11,270.94,176363.75,6345.16,539.68,1505.67,46.39,21.93,20.13,5.07,353.52,P004,EQ008
2025-09-03 20:20:00,1200.05,250.36,184314.03,7066.74,505.19,1481.66,44.75,22.81,18.38,4.95,282.46,P008,EQ015
2025-09-03 20:30:00,1211.85,252.73,172976.71,6867.55,523.89,1490.58,53.92,21.82,19.48,4.88,291.47,P010,EQ022
2025-09-03 20:40:00,1235.48,241.61,174643.47,6704.01,509.12,1504.81,46.67,24.33,20.82,4.29,396.49,P009,EQ029
2025-09-03 20:50:00,1239.13,230.71,168139.82,6360.41,537.74,1494.55,51.05,20.33,21.08,4.92,339.52,P002,EQ036
2025-09-03 21:00:00,1161.32,254.87,177449.36,6517.0,538.74,1511.67,57.51,21.95,20.11,5.26,374.89,P005,EQ043
2025-09-03 21:10:00,1234.76,245.0,184429.19,6523.07,500.15,1508.84,45.72,20.35,22.06,5.32,284.12,P003,EQ050
2025-09-03 21:20:00,1172.28,252.06,178117.63,6402.41,542.99,1490.11,54.96,21.37,20.51,5.46,295.34,P012,EQ001
2025-09-03 21:30:00,1214.23,242.68,176108.33,6644.97,487.16,1492.1,58.81,23.4,19.34,4.6,330.12,P005,EQ008
2025-09-03 21:40:00,1161.5,233.28,173580.22,6484.86,458.49,1503.09,35.48,22.14,21.61,4.64,256.83,P001,EQ015
2025-09-03 21:50:00,1113.61,252.5,178503.37,6418.32,506.86,1525.82,58.45,22.6,18.76,5.05,333.0,P012,EQ022
2025-09-03 22:00:00,1169.99,249.77,173793.03,6385.81,545.93,1495.45,42.6,22.38,20.69,5.02,391.61,P011,EQ029
2025-09-03 22:10:00,1176.75,243.51,172055.93,6399.06,478.95,1495.58,43.22,22.25,19.22,5.26,380.27,P008,EQ036
2025-09-03 22:20:00,1211.44,272.59,168178.58,6782.24,496.5,1512.38,54.45,22.96,20.06,5.14,265.39,P001,EQ043
2025-09-03 22:30:00,1197.25,260.91,170541.13,6580.91,546.18,1540.13,55.34,23.46,20.52,5.32,336.11,P008,EQ050
2025-09-03 22:40:00,1258.35,249.19,167061.28,6465.94,505.58,1483.52,44.01,21.51,18.77,5.27,321.81,P006,EQ001
2025-09-03 22:50:00,1251.14,260.13,168027.05,6541.41,474.25,1505.59,45.88,22.98,20.7,4.9,277.65,P001,EQ008
2025-09-03 23:00:00,1215.13,250.95,183637.14,6119.69,512.39,1524.86,48.17,21.5,20.18,4.72,287.87,P014,EQ015
2025-09-03 23:10:00,1183.9,234.64,174112.36,6081.6,481.92,1511.17,48.11,21.59,20.9,5.47,321.66,P014,EQ022
2025-09-03 23:20:00,1177.88,268.07,166247.55,6330.83,516.07,1505.15,50.6,22.86,19.8,5.23,259.8,P008,EQ029
2025-09-03 23:30:00,1185.33,240.59,165625.48,6635.27,473.97,1520.15,55.05,21.78,20.09,5.06,261.11,P011,EQ036
2025-09-03 23:40:00,1193.85,228.12,182228.72,6386.44,515.88,1505.83,51.45,22.22,20.91,4.74,352.97,P003,EQ043
2025-09-03 23:50:00,1229.76,252.49,175196.14,6416.98,498.64,1511.58,44.14,20.28,19.73,5.21,272.38,P010,EQ050
2025-09-04 00:00:00,1191.03,270.57,181480.13,6780.5,543.57,1505.27,52.83,21.32,17.31,5.12,392.37,P002,EQ001
2025-09-04 00:10:00,1176.85,246.98,162572.96,6679.51,493.95,1488.19,44.23,21.19,19.15,4.71,399.09,P002,EQ008
2025-09-04 00:20:00,1157.61,246.85,173309.31,6671.88,447.45,1491.08,45.54,22.34,19.95,5.25,333.71,P007,EQ015
2025-09-04 00:30:00,1255.15,250.02,177649.98,6350.07,496.2,1500.5,60.69,20.86,19.87,5.01,340.95,P013,EQ022
2025-09-04 00:40:00,1177.37,255.29,175070.87,6523.91,478.33,1514.69,45.35,21.63,20.85,5.42,342.76,P013,EQ029
2025-09-04 00:50:00,1177.49,259.34,174573.33,6708.8,503.34,1533.94,57.66,21.03,19.67,4.77,328.39,P008,EQ036
2025-09-04 01:00:00,1197.58,222.74,166631.58,6703.96,510.22,1515.07,45.48,20.95,19.81,5.41,386.28,P005,EQ043
2025-09-04 01:10:00,1202.26,252.74,180888.88,6575.93,505.46,1508.55,49.05,23.57,19.9,4.78,379.02,P007,EQ050
2025-09-04 01:20:00,1220.45,264.2,172641.23,6644.8,532.3,1432.97,41.38,22.4,19.07,5.51,295.81,P010,EQ001
2025-09-04 01:30:00,1209.72,248.48,175308.83,6424.02,480.74,1502.44,55.01,20.45,20.24,4.87,259.03,P012,EQ008
2025-09-04 01:40:00,1202.58,238.72,175719.21,6285.57,499.39,1494.79,41.67,22.42,17.19,4.89,264.89,P013,EQ015
2025-09-04 01:50:00,1155.28,253.86,173319.75,6663.39,493.94,1495.74,55.6,21.54,19.97,5.43,281.17,P004,EQ022
2025-09-04 02:00:00,1219.86,279.74,177295.31,6394.07,532.22,1518.45,48.63,22.54,19.92,5.15,289.7,P002,EQ029
2025-09-04 02:10:00,1200.98,248.05,183443.87,6591.24,460.08,1504.17,48.5,22.31,20.24,5.11,273.56,P003,EQ036
2025-09-04 02:20:00,1149.05,226.48,182002.95,6494.67,540.14,1510.55,47.33,20.31,20.51,5.16,332.8,P003,EQ043
2025-09-04 02:30:00,1252.54,246.96,175380.66,6138.39,481.79,1504.92,48.25,21.13,21.42,5.48,250.4,P008,EQ050
2025-09-04 02:40:00,1167.96,251.48,172857.53,6796.96,507.12,1511.95,45.32,23.33,19.7,5.56,353.41,P008,EQ001
2025-09-04 02:50:00,1232.77,240.24,177634.6,6548.68,493.36,1515.0,49.87,22.03,19.37,4.78,293.69,P004,EQ008
2025-09-04 03:00:00,1202.3,252.68,180379.37,6229.09,503.37,1531.88,46.61,20.96,19.07,5.24,293.22,P005,EQ015
2025-09-04 03:10:00,1162.02,250.29,171654.05,6384.91,490.81,1492.51,48.16,21.95,20.27,4.86,355.45,P008,EQ022
2025-09-04 03:20:00,1214.12,242.81,172729.53,6508.37,448.51,1483.58,46.66,20.98,19.77,4.78,260.68,P004,EQ029
2025-09-04 03:30:00,1172.66,265.24,185412.31,6698.79,508.94,1522.48,51.57,21.74,20.11,4.9,388.59,P013,EQ036
2025-09-04 03:40:00,1133.86,237.38,170854.97,6596.72,485.57,1464.0,49.86,22.29,20.77,5.11,368.69,P010,EQ043
2025-09-04 03:50:00,1271.72,236.99,181585.85,6684.2,480.94,1497.44,46.27,21.88,19.56,4.87,349.18,P015,EQ050
2025-09-04 04:00:00,1199.84,234.46,180622.69,6675.62,479.14,1517.25,44.74,20.22,20.31,5.16,279.67,P002,EQ001
2025-09-04 04:10:00,1177.82,257.89,184802.42,7102.48,473.81,1506.53,43.86,24.83,19.56,5.26,331.68,P011,EQ008
2025-09-04 04:20:00,1202.83,234.14,173965.82,6229.27,480.8,1494.64,51.12,19.73,19.93,5.77,272.35,P005,EQ015
2025-09-04 04:30:00,1171.45,254.89,172884.23,5935.56,470.14,1486.33,54.23,21.96,19.78,5.2,373.99,P002,EQ022
2025-09-04 04:40:00,1203.87,247.53,178341.09,6224.75,493.81,1525.07,39.3,21.21,20.16,5.07,258.95,P013,EQ029
2025-09-04 04:50:00,1189.91,256.45,170567.25,6695.89,505.84,1536.3,54.23,22.55,21.42,4.76,296.14,P012,EQ036
2025-09-04 05:00:00,1191.2,223.75,179352.44,6830.83,485.44,1475.66,55.62,21.26,19.5,5.46,373.64,P015,EQ043
2025-09-04 05:10:00,1189.24,247.2,183059.26,6618.18,468.08,1530.11,41.29,23.01,20.49,4.84,293.29,P002,EQ050
2025-09-04 05:20:00,1176.63,233.31,183645.0,6524.89,481.08,1511.48,56.02,22.32,20.7,5.29,320.3,P005,EQ001
2025-09-04 05:30:00,1201.76,254.75,174423.12,6301.53,461.99,1509.01,46.46,21.98,19.75,5.29,354.96,P005,EQ008
2025-09-04 05:40:00,1208.4,254.6,173567.42,6472.4,489.8,1504.99,41.38,21.98,20.37,5.12,325.07,P008,EQ015
2025-09-04 05:50:00,1167.68,243.68,173096.13,6392.01,463.49,1478.27,50.05,22.39,20.15,4.74,315.66,P010,EQ022
2025-09-04 06:00:00,1211.55,247.02,172522.36,6314.94,484.72,1514.34,49.08,21.88,19.0,5.84,255.98,P007,EQ029
2025-09-04 06:10:00,1132.05,219.58,172375.8,6539.88,553.21,1510.28,51.5,22.92,20.1,4.41,360.18,P010,EQ036
2025-09-04 06:20:00,1207.65,253.26,185848.29,6355.81,537.72,1472.8,57.66,22.13,20.84,5.21,287.56,P002,EQ043
2025-09-04 06:30:00,1220.33,251.46,171720.09,6468.06,477.04,1497.75,41.96,22.17,20.98,5.36,284.34,P011,EQ050
2025-09-04 06:40:00,1239.41,252.29,174229.24,6448.95,511.77,1514.34,51.69,20.65,21.38,5.14,375.39,P010,EQ001
2025-09-04 06:50:00,1229.72,250.78,173695.03,6887.51,467.91,1466.24,59.98,22.24,19.57,4.82,338.07,P001,EQ008
2025-09-04 07:00:00,1139.82,278.01,178528.15,6602.0,524.74,1481.71,52.29,23.09,17.8,5.18,399.94,P011,EQ015
2025-09-04 07:10:00,1222.41,251.52,170572.17,6466.89,486.25,1507.26,47.34,22.76,19.48,4.84,373.21,P010,EQ022
2025-09-04 07:20:00,1235.06,247.59,177658.08,6240.52,545.63,1470.96,50.48,21.78,19.24,4.92,256.03,P013,EQ029
2025-09-04 07:30:00,1237.05,276.08,173816.79,6428.51,443.66,1534.3,44.67,21.09,20.1,5.22,276.28,P009,EQ036
2025-09-04 07:40:00,1245.7,282.62,178769.18,6403.97,480.3,1496.43,54.02,22.95,20.62,4.43,347.73,P015,EQ043
2025-09-04 07:50:00,1183.02,271.85,172334.57,6483.93,581.8,1498.52,57.12,23.84,20.76,4.87,291.72,P010,EQ050
2025-09-04 08:00:00,1131.6,237.12,178216.57,6618.39,535.17,1477.88,51.0,19.95,19.12,5.16,315.38,P014,EQ001
2025-09-04 08:10:00,1134.53,262.25,184153.22,6212.78,492.23,1534.37,52.5,22.4,20.11,4.59,323.76,P002,EQ008
2025-09-04 08:20:00,1195.89,269.3,175434.88,6644.34,489.15,1482.57,47.84,20.95,18.64,4.99,320.5,P007,EQ015
2025-09-04 08:30:00,1193.14,235.89,178480.35,6313.68,512.77,1509.97,58.33,22.34,20.79,5.02,300.0,P011,EQ022
2025-09-04 08:40:00,1157.78,262.84,183396.94,6475.14,562.81,1518.48,60.0,21.82,19.12,5.02,265.69,P003,EQ029
2025-09-04 08:50:00,1178.21,252.98,173791.82,6532.9,497.3,1480.51,47.35,23.27,19.94,4.6,299.47,P012,EQ036
2025-09-04 09:00:00,1139.5,245.16,176394.0,6263.96,446.38,1511.22,65.97,22.87,19.0,4.96,324.32,P011,EQ043
2025-09-04 09:10:00,1196.43,230.92,167979.26,6471.45,523.7,1505.06,46.58,22.51,20.52,4.71,391.78,P014,EQ050
2025-09-04 09:20:00,1163.47,259.68,180681.09,6581.08,535.38,1529.34,42.36,22.48,21.32,5.34,364.07,P001,EQ001
2025-09-04 09:30:00,1242.82,241.19,178408.65,6655.26,482.05,1503.81,43.34,21.15,20.33,5.32,318.22,P006,EQ008
2025-09-04 09:40:00,1199.98,273.01,182446.62,6303.43,496.96,1489.93,54.12,22.72,19.21,5.28,287.86,P002,EQ015
2025-09-04 09:50:00,1160.38,267.67,162804.14,6464.18,478.76,1513.52,51.26,19.81,18.65,4.82,395.53,P007,EQ022
2025-09-04 10:00:00,1235.51,274.47,178410.03,6784.59,477.41,1508.33,50.63,20.92,19.65,4.89,379.74,P014,EQ029
2025-09-04 10:10:00,1213.68,257.43,172257.81,6393.62,442.98,1510.11,49.48,21.97,20.55,4.85,398.22,P011,EQ036
2025-09-04 10:20:00,1171.09,240.97,173281.69,6543.53,481.82,1491.18,43.35,21.59,18.25,4.8,380.41,P008,EQ043
2025-09-04 10:30:00,1216.2,252.57,174219.03,6455.09,527.01,1476.43,52.21,21.28,20.28,4.95,311.99,P004,EQ050
2025-09-04 10:40:00,1183.7,254.68,171768.91,6257.41,485.51,1474.91,50.73,21.39,18.74,5.11,327.77,P010,EQ001
2025-09-04 10:50:00,1212.05,247.23,173538.61,6682.66,491.86,1505.16,44.33,22.56,19.86,5.16,363.47,P011,EQ008
2025-09-04 11:00:00,1191.81,238.71,168989.95,6458.74,486.22,1474.06,56.25,23.03,17.97,4.36,316.31,P001,EQ015
2025-09-04 11:10:00,1154.41,252.35,188398.54,6263.63,490.48,1526.66,47.52,23.12,20.93,4.99,280.53,P009,EQ022
2025-09-04 11:20:00,1226.46,264.04,167985.57,6465.08,481.13,1500.59,43.93,21.0,20.06,5.0,269.65,P005,EQ029
2025-09-04 11:30:00,1241.57,253.16,182161.75,6762.07,534.14,1429.3,46.14,22.46,18.68,4.84,315.72,P012,EQ036
2025-09-04 11:40:00,1220.06,250.71,173255.63,6846.49,487.34,1522.23,49.75,22.1,19.64,4.75,322.71,P001,EQ043
2025-09-04 11:50:00,1193.35,229.51,178055.67,6522.61,486.8,1515.89,44.79,20.03,20.42,4.59,395.97,P010,EQ050
2025-09-04 12:00:00,1158.14,252.44,179831.53,6344.29,473.23,1530.13,42.94,22.85,20.43,4.78,369.9,P012,EQ001
2025-09-04 12:10:00,1195.91,237.1,171669.44,6469.44,478.79,1467.05,53.56,21.4,20.8,4.95,273.76,P009,EQ008
2025-09-04 12:20:00,1284.38,258.37,168268.26,6225.57,473.11,1491.43,41.74,20.87,20.02,4.53,252.05,P007,EQ015
2025-09-04 12:30:00,1197.0,253.49,169975.61,6620.79,502.55,1521.87,53.32,21.79,19.84,5.14,263.98,P014,EQ022
2025-09-04 12:40:00,1211.33,224.61,179632.7,6387.81,534.02,1503.58,46.75,22.0,21.44,4.78,386.94,P008,EQ029
2025-09-04 12:50:00,1148.71,246.16,181296.92,6817.63,530.98,1457.59,48.81,21.52,19.82,4.67,392.06,P011,EQ036
2025-09-04 13:00:00,1191.75,232.24,186600.49,6511.99,484.47,1475.21,54.79,22.58,21.16,5.1,374.82,P008,EQ043
2025-09-04 13:10:00,1185.95,239.08,171178.16,6418.98,520.56,1488.97,51.42,22.75,19.55,5.29,389.9,P005,EQ050
2025-09-04 13:20:00,1212.61,255.75,174870.27,6534.68,474.19,1483.23,51.25,22.89,19.77,5.15,326.33,P005,EQ001
2025-09-04 13:30:00,1193.07,238.26,175062.49,6576.85,479.34,1488.12,47.52,22.18,18.52,5.08,312.32,P008,EQ008
2025-09-04 13:40:00,1207.85,253.08,172189.09,6555.99,466.9,1484.78,54.0,20.67,19.36,4.83,397.04,P004,EQ015
2025-09-04 13:50:00,1219.49,228.4,172055.09,6282.93,549.68,1494.47,47.4,22.11,20.86,4.38,318.52,P003,EQ022
2025-09-04 14:00:00,1167.57,253.28,171850.92,6211.52,478.73,1503.13,51.63,23.96,18.36,4.56,307.54,P015,EQ029
2025-09-04 14:10:00,1163.77,264.59,170520.31,6196.22,524.37,1485.2,55.58,22.21,19.34,5.27,339.91,P012,EQ036
2025-09-04 14:20:00,1224.48,272.53,172931.86,6436.3,544.16,1522.23,51.29,21.15,18.95,4.57,381.9,P014,EQ043
2025-09-04 14:30:00,1170.28,246.9,169040.96,6644.13,422.64,1483.98,46.6,22.61,20.52,4.63,260.47,P013,EQ050
2025-09-04 14:40:00,1206.86,234.33,176457.21,6256.04,503.84,1529.37,60.2,23.09,18.97,4.84,368.5,P007,EQ001
2025-09-04 14:50:00,1172.0,240.85,166260.9,6373.93,533.53,1544.69,52.17,22.2,20.67,4.53,300.98,P013,EQ008
2025-09-04 15:00:00,1174.63,262.08,173834.73,6426.38,525.63,1461.87,55.84,21.19,20.56,5.0,326.16,P014,EQ015
2025-09-04 15:10:00,1221.85,264.89,169940.27,6667.47,515.19,1528.51,47.36,23.19,20.73,4.87,250.38,P012,EQ022
2025-09-04 15:20:00,1230.03,244.42,179565.98,6479.93,503.24,1501.36,55.07,21.91,20.58,5.18,294.78,P010,EQ029
2025-09-04 15:30:00,1174.22,263.86,182364.65,6602.16,512.17,1482.96,56.45,20.47,20.14,5.46,336.99,P011,EQ036
2025-09-04 15:40:00,1179.33,258.09,171368.44,6631.7,457.55,1491.75,46.81,22.1,18.3,5.45,323.45,P003,EQ043
2025-09-04 15:50:00,1209.3,242.67,182445.06,6495.24,507.69,1505.77,57.95,22.16,18.93,5.03,316.98,P008,EQ050
2025-09-04 16:00:00,1212.59,249.61,171751.82,6338.36,449.09,1509.62,45.83,21.36,20.51,5.32,301.77,P009,EQ001
2025-09-04 16:10:00,1168.93,244.73,173030.28,6601.17,468.8,1483.95,52.1,21.4,18.97,5.0,364.43,P007,EQ008
2025-09-04 16:20:00,1172.51,245.9,181418.99,6464.66,495.89,1490.59,42.39,22.18,21.02,5.38,318.3,P006,EQ015
2025-09-04 16:30:00,1285.6,245.57,176008.77,6280.0,555.56,1519.83,54.8,22.6,19.87,4.24,380.44,P012,EQ022
2025-09-04 16:40:00,1237.5,260.02,176288.25,6334.71,526.03,1505.97,51.0,20.89,18.88,4.97,285.82,P007,EQ029
2025-09-04 16:50:00,1196.82,234.4,183672.95,6412.28,498.04,1505.2,57.36,21.22,19.81,4.62,285.03,P013,EQ036
2025-09-04 17:00:00,1231.47,256.39,175792.48,6556.88,554.48,1497.8,47.08,21.42,21.03,5.18,311.62,P006,EQ043
2025-09-04 17:10:00,1214.41,240.27,177732.46,6620.18,503.18,1497.36,52.37,22.4,19.52,4.91,361.71,P012,EQ050
2025-09-04 17:20:00,1148.54,258.96,174451.31,6809.91,446.47,1503.39,52.96,21.3,20.48,5.08,387.01,P007,EQ001
2025-09-04 17:30:00,1215.89,246.5,159116.15,6516.18,502.82,1485.38,43.37,22.52,20.4,5.47,307.91,P011,EQ008
2025-09-04 17:40:00,1175.8,267.78,175085.53,6400.74,514.98,1517.53,47.37,23.57,20.02,4.63,368.86,P011,EQ015
2025-09-04 17:50:00,1165.84,266.08,172235.36,6517.81,503.18,1497.75,54.9,21.52,18.89,4.31,397.12,P008,EQ022
2025-09-04 18:00:00,1196.45,246.04,181191.29,6359.18,530.7,1494.22,58.6,21.03,19.6,5.2,394.72,P003,EQ029
2025-09-04 18:10:00,1235.65,262.66,168324.4,6717.66,499.72,1467.44,47.21,21.65,19.2,5.39,325.34,P010,EQ036
2025-09-04 18:20:00,1216.11,267.09,170598.98,6165.99,513.56,1500.68,54.32,22.66,20.16,5.24,299.8,P002,EQ043
2025-09-04 18:30:00,1202.3,253.08,184892.32,6757.94,468.44,1468.36,56.79,21.56,19.87,4.85,381.13,P008,EQ050
2025-09-04 18:40:00,1209.81,243.79,169048.26,6143.0,428.24,1478.92,56.12,21.06,19.98,5.34,264.96,P015,EQ001
2025-09-04 18:50:00,1239.42,241.64,178556.62,6424.9,441.85,1519.15,50.55,21.12,20.21,5.1,318.54,P012,EQ008
2025-09-04 19:00:00,1205.0,235.48,174126.61,6561.11,522.61,1495.68,44.58,22.42,21.24,4.82,271.62,P014,EQ015
2025-09-04 19:10:00,1215.18,265.72,180291.73,6768.93,508.5,1528.15,56.76,21.17,20.31,5.07,348.22,P003,EQ022
2025-09-04 19:20:00,1179.46,245.06,164960.1,6642.07,525.47,1523.02,56.74,21.4,19.84,5.46,261.22,P013,EQ029
2025-09-04 19:30:00,1232.39,238.94,163198.0,6454.23,467.95,1501.25,54.85,20.55,20.27,4.64,395.38,P006,EQ036
2025-09-04 19:40:00,1274.47,250.77,177375.87,6291.19,436.02,1480.82,45.22,23.17,18.85,5.25,343.49,P007,EQ043
2025-09-04 19:50:00,1212.64,248.33,162567.74,6390.07,529.12,1510.75,50.75,20.56,20.13,5.08,347.48,P014,EQ050
2025-09-04 20:00:00,1185.42,256.5,171448.55,6098.45,480.7,1486.19,56.1,22.72,19.95,4.84,299.28,P011,EQ001
2025-09-04 20:10:00,1216.75,272.41,170164.7,6372.18,534.52,1509.62,47.81,23.16,20.55,4.72,378.9,P007,EQ008
2025-09-04 20:20:00,1208.24,249.89,183263.35,6621.48,514.51,1502.67,52.6,20.61,18.55,5.12,393.12,P011,EQ015
2025-09-04 20:30:00,1211.99,243.95,165009.56,6282.44,516.13,1502.54,46.79,21.07,20.27,4.95,357.81,P013,EQ022
2025-09-04 20:40:00,1195.22,242.43,175751.28,6556.54,481.21,1533.25,47.06,22.17,18.45,4.7,323.19,P009,EQ029
2025-09-04 20:50:00,1227.61,260.9,176073.37,6365.49,510.61,1480.14,55.35,19.37,19.61,4.76,255.38,P002,EQ036
2025-09-04 21:00:00,1238.85,247.03,181186.89,6789.13,513.64,1467.24,46.23,21.5,20.4,5.11,285.22,P011,EQ043
2025-09-04 21:10:00,1160.11,261.77,169926.48,6429.22,507.72,1497.4,57.84,23.14,18.68,4.66,388.14,P004,EQ050
2025-09-04 21:20:00,1234.49,251.7,178141.82,6505.02,536.92,1515.43,53.93,21.32,20.61,4.52,362.01,P007,EQ001
2025-09-04 21:30:00,1192.78,240.47,171116.47,6312.64,439.77,1524.77,48.94,21.82,20.5,5.32,396.75,P013,EQ008
2025-09-04 21:40:00,1240.1,243.53,175939.9,6318.93,521.98,1500.42,54.55,22.83,20.78,5.16,345.06,P014,EQ015
2025-09-04 21:50:00,1202.61,231.36,176645.37,6836.69,486.98,1486.45,53.09,23.67,18.96,4.28,265.08,P003,EQ022
2025-09-04 22:00:00,1181.56,251.5,174286.02,6447.94,484.92,1487.06,45.86,22.36,20.57,4.52,354.1,P015,EQ029
2025-09-04 22:10:00,1247.46,256.62,177769.84,6443.43,507.64,1477.53,57.92,23.41,19.76,4.6,254.34,P006,EQ036
2025-09-04 22:20:00,1190.82,258.87,173031.0,6340.87,504.83,1482.52,56.68,22.95,20.66,4.79,369.42,P005,EQ043
2025-09-04 22:30:00,1206.21,266.64,164534.42,6541.14,542.19,1536.23,45.25,22.28,21.04,5.36,303.77,P007,EQ050
2025-09-04 22:40:00,1144.81,219.86,175771.47,6599.66,496.26,1493.44,56.39,23.48,19.41,5.05,271.84,P009,EQ001
2025-09-04 22:50:00,1165.29,276.03,167978.8,6285.98,473.31,1479.03,56.39,24.32,20.26,4.9,311.81,P011,EQ008
2025-09-04 23:00:00,1221.65,236.39,181688.79,6492.71,512.62,1486.17,48.98,20.38,20.02,5.27,368.88,P003,EQ015
2025-09-04 23:10:00,1144.45,234.85,172619.23,6438.07,497.29,1499.1,51.42,21.96,18.32,5.09,276.26,P010,EQ022
2025-09-04 23:20:00,1236.1,253.87,166132.68,6546.46,514.26,1480.21,50.38,23.28,21.62,5.04,380.63,P010,EQ029
2025-09-04 23:30:00,1215.22,247.52,172950.75,6777.0,528.87,1512.34,47.37,23.47,21.04,4.61,352.47,P008,EQ036
2025-09-04 23:40:00,1232.66,252.52,176392.39,6096.59,456.11,1519.79,46.17,22.81,18.67,4.56,386.92,P003,EQ043
2025-09-04 23:50:00,1257.32,263.64,174358.2,6544.74,478.74,1507.12,55.9,21.58,20.49,4.49,284.83,P011,EQ050
2025-09-05 00:00:00,1254.05,265.07,174850.0,6433.11,542.33,1489.9,51.85,21.69,19.08,5.31,288.1,P005,EQ001
2025-09-05 00:10:00,1187.63,256.96,173263.4,6473.11,494.87,1486.9,53.67,21.91,20.86,5.22,350.03,P015,EQ008
2025-09-05 00:20:00,1236.67,242.63,178318.54,6465.12,499.33,1485.71,47.63,22.63,19.66,4.78,370.69,P015,EQ015
2025-09-05 00:30:00,1225.45,255.35,168907.38,6521.14,533.85,1521.92,47.31,20.89,19.63,5.4,293.14,P009,EQ022
2025-09-05 00:40:00,1222.31,215.59,179293.75,6056.43,557.98,1516.91,48.03,22.11,20.66,4.85,273.7,P008,EQ029
2025-09-05 00:50:00,1213.91,248.06,173745.96,6805.0,438.84,1500.94,43.03,21.82,19.29,5.76,391.79,P010,EQ036
2025-09-05 01:00:00,1184.57,247.95,171907.88,6677.88,484.7,1486.9,59.35,22.78,20.27,5.72,294.87,P007,EQ043
2025-09-05 01:10:00,1181.01,237.81,171032.54,6740.63,481.44,1523.81,46.85,20.19,19.2,5.09,353.55,P008,EQ050
2025-09-05 01:20:00,1235.77,269.52,176832.07,6636.82,420.67,1505.25,50.19,21.69,19.33,5.26,376.8,P004,EQ001
2025-09-05 01:30:00,1234.18,279.47,174026.21,6340.79,556.56,1493.59,47.4,20.61,20.42,5.18,399.91,P014,EQ008
2025-09-05 01:40:00,1225.31,253.35,177720.62,6610.86,515.43,1523.57,54.26,22.19,19.46,5.24,322.48,P004,EQ015
2025-09-05 01:50:00,1182.69,247.78,171418.93,6926.59,470.86,1513.28,53.38,22.88,19.96,5.03,307.2,P006,EQ022
2025-09-05 02:00:00,1194.1,209.23,171178.82,6772.81,475.51,1502.7,63.19,21.03,19.5,4.92,336.22,P012,EQ029
2025-09-05 02:10:00,1140.05,236.98,167856.73,6608.78,492.59,1457.35,54.05,22.97,19.64,5.28,294.28,P014,EQ036
2025-09-05 02:20:00,1217.62,236.28,176406.23,6536.94,474.95,1479.47,52.04,24.31,19.96,5.06,348.73,P005,EQ043
2025-09-05 02:30:00,1168.37,246.11,173988.33,6424.65,480.33,1499.03,47.19,23.24,22.05,4.77,251.21,P014,EQ050
2025-09-05 02:40:00,1189.09,256.5,177915.42,6347.3,482.87,1511.73,41.81,24.22,20.3,4.91,352.87,P012,EQ001
2025-09-05 02:50:00,1195.49,233.9,184012.54,6483.22,486.95,1535.14,55.16,21.81,20.44,4.9,396.04,P015,EQ008
2025-09-05 03:00:00,1189.13,246.69,176487.15,6718.98,559.33,1456.55,61.61,23.02,20.02,4.87,340.96,P008,EQ015
2025-09-05 03:10:00,1143.96,267.92,169527.09,6630.37,487.56,1467.49,52.09,22.49,19.06,5.26,374.93,P015,EQ022
2025-09-05 03:20:00,1254.16,257.36,177156.96,6353.24,468.82,1491.88,50.35,22.01,19.8,5.75,292.93,P013,EQ029
2025-09-05 03:30:00,1217.13,235.36,168997.1,6152.29,469.71,1511.57,48.57,21.31,20.59,5.16,284.52,P013,EQ036
2025-09-05 03:40:00,1211.14,249.8,174816.25,6236.28,444.64,1483.87,46.06,21.18,19.83,4.86,302.85,P011,EQ043
2025-09-05 03:50:00,1160.86,248.46,176680.01,6401.49,524.57,1506.31,51.95,21.63,20.41,5.2,278.52,P005,EQ050
2025-09-05 04:00:00,1142.12,266.02,172444.26,6630.12,430.81,1491.32,41.5,21.85,20.18,5.12,351.66,P012,EQ001
2025-09-05 04:10:00,1200.62,231.21,181513.65,6230.95,489.91,1484.47,46.99,20.6,21.09,5.22,365.12,P011,EQ008
2025-09-05 04:20:00,1202.15,247.83,170200.14,6477.98,472.76,1501.73,51.97,21.75,20.4,5.18,375.75,P011,EQ015
2025-09-05 04:30:00,1224.14,279.62,167861.56,6253.23,463.51,1496.04,42.03,21.47,20.84,5.22,264.57,P011,EQ022
2025-09-05 04:40:00,1249.19,262.8,180065.06,6394.21,489.26,1517.58,54.29,20.08,18.61,4.71,346.95,P005,EQ029
2025-09-05 04:50:00,1174.2,269.76,184029.6,6565.99,510.22,1538.84,52.24,22.56,20.37,5.11,368.29,P001,EQ036
2025-09-05 05:00:00,1240.47,260.9,175426.82,6421.37,507.8,1466.75,52.3,22.13,20.32,4.65,336.94,P012,EQ043
2025-09-05 05:10:00,1214.06,252.75,174964.96,6574.04,475.11,1470.87,52.27,19.8,20.6,5.62,269.71,P015,EQ050
2025-09-05 05:20:00,1211.12,262.81,183138.59,6708.84,568.31,1482.58,48.29,22.48,18.39,5.0,294.27,P012,EQ001
2025-09-05 05:30:00,1202.0,269.47,180336.14,6653.25,520.9,1501.23,51.46,22.76,21.01,4.78,312.33,P004,EQ008
2025-09-05 05:40:00,1213.49,248.87,176327.74,6730.88,492.48,1481.56,45.45,21.43,20.61,4.95,269.82,P009,EQ015
2025-09-05 05:50:00,1182.06,261.59,175799.78,6640.11,565.79,1537.63,51.72,22.34,21.11,5.38,381.47,P006,EQ022
2025-09-05 06:00:00,1189.26,231.62,179314.72,6545.02,518.31,1510.86,46.51,21.49,21.07,4.95,329.63,P015,EQ029
2025-09-05 06:10:00,1176.55,245.87,176988.23,6397.96,552.12,1516.25,42.55,22.23,21.57,5.99,290.88,P003,EQ036
2025-09-05 06:20:00,1185.88,250.37,168218.26,6611.25,514.37,1505.66,44.58,22.78,21.83,5.41,288.55,P014,EQ043
2025-09-05 06:30:00,1210.87,249.24,179491.62,6471.78,424.13,1465.64,56.84,23.33,19.87,4.76,391.63,P013,EQ050
2025-09-05 06:40:00,1190.99,230.71,173730.34,6849.4,481.23,1484.11,43.28,22.21,19.05,5.2,294.27,P014,EQ001
2025-09-05 06:50:00,1190.74,275.22,177956.59,6595.4,457.8,1500.48,51.52,22.34,20.36,5.04,300.81,P002,EQ008
2025-09-05 07:00:00,1164.97,213.9,169419.14,6702.79,524.01,1522.85,51.64,22.23,20.02,4.49,320.25,P002,EQ015
2025-09-05 07:10:00,1205.35,240.29,171954.54,6302.35,497.98,1518.3,54.0,21.03,20.24,4.98,271.11,P004,EQ022
2025-09-05 07:20:00,1139.66,264.1,171765.14,6616.07,476.27,1515.56,56.24,22.26,20.54,4.8,379.02,P012,EQ029
2025-09-05 07:30:00,1190.49,233.22,180263.53,6737.27,485.6,1500.76,46.67,20.69,19.49,4.64,351.16,P007,EQ036
2025-09-05 07:40:00,1141.79,254.44,170021.58,6491.63,420.26,1501.77,46.54,21.37,20.87,4.96,395.09,P013,EQ043
2025-09-05 07:50:00,1208.97,250.8,177406.01,6341.69,499.65,1495.34,53.54,21.42,20.75,5.16,333.6,P002,EQ050
2025-09-05 08:00:00,1182.57,260.9,173003.93,6371.99,475.98,1478.51,51.56,21.8,19.69,5.26,368.6,P001,EQ001
2025-09-05 08:10:00,1226.45,251.65,165323.26,6597.03,441.24,1482.15,49.2,23.53,17.52,4.54,289.67,P002,EQ008
2025-09-05 08:20:00,1178.54,260.37,166839.38,6339.99,536.38,1517.64,46.96,23.01,20.09,4.73,318.22,P011,EQ015
2025-09-05 08:30:00,1178.6,240.59,169606.48,6591.77,530.3,1471.2,53.33,20.96,19.93,5.09,362.35,P005,EQ022
2025-09-05 08:40:00,1230.41,249.64,176243.83,6825.86,548.46,1521.06,53.75,22.51,21.64,5.22,337.68,P014,EQ029
2025-09-05 08:50:00,1179.66,251.59,177054.08,6221.46,482.66,1534.21,44.31,22.51,20.31,5.29,345.78,P006,EQ036
2025-09-05 09:00:00,1176.68,238.35,175266.22,6374.22,546.45,1503.64,54.27,21.0,20.59,5.75,266.25,P004,EQ043
2025-09-05 09:10:00,1198.35,233.19,180693.26,6405.11,461.35,1477.45,44.09,22.52,19.15,4.74,320.72,P010,EQ050
2025-09-05 09:20:00,1188.84,256.39,179450.73,6746.57,490.03,1520.33,46.06,23.71,20.62,5.08,382.64,P009,EQ001
2025-09-05 09:30:00,1152.35,264.61,172660.82,6377.73,475.37,1487.88,52.47,22.43,20.05,5.56,299.2,P010,EQ008
2025-09-05 09:40:00,1162.54,254.29,168358.36,6612.73,517.2,1502.72,52.53,22.58,20.48,4.58,283.21,P002,EQ015
2025-09-05 09:50:00,1226.32,276.23,180618.61,6447.96,558.98,1504.94,55.86,22.68,21.44,4.52,345.31,P008,EQ022
2025-09-05 10:00:00,1176.22,257.86,173804.86,6427.29,545.12,1488.78,51.55,22.38,19.77,4.31,386.41,P005,EQ029
2025-09-05 10:10:00,1144.16,246.12,186005.49,6355.97,499.29,1541.56,50.19,22.51,20.31,4.75,347.39,P002,EQ036
2025-09-05 10:20:00,1174.26,242.46,174962.53,6353.28,485.18,1505.2,56.0,24.36,19.29,5.09,270.97,P001,EQ043
2025-09-05 10:30:00,1170.53,240.72,166398.74,6845.33,487.22,1519.19,44.73,19.66,21.71,4.52,295.65,P008,EQ050
2025-09-05 10:40:00,1168.99,268.04,175447.39,6462.8,540.05,1494.35,54.0,20.76,21.43,4.83,267.42,P004,EQ001
2025-09-05 10:50:00,1205.36,239.22,170932.71,6444.04,527.52,1495.1,50.97,21.53,21.32,4.56,383.09,P003,EQ008
2025-09-05 11:00:00,1149.7,271.21,164193.58,6844.19,499.55,1508.69,51.62,21.34,20.52,5.61,308.3,P006,EQ015
2025-09-05 11:10:00,1236.6,239.32,181199.35,6265.57,493.45,1502.92,56.22,20.61,21.05,4.88,350.57,P012,EQ022
2025-09-05 11:20:00,1150.85,264.96,172918.03,6099.31,523.9,1466.27,48.11,20.87,19.19,5.33,354.47,P009,EQ029
2025-09-05 11:30:00,1219.05,227.38,173872.87,6513.63,540.69,1509.21,43.95,20.71,20.66,5.23,312.87,P012,EQ036
2025-09-05 11:40:00,1181.98,240.61,177548.02,6557.91,421.1,1494.57,54.12,20.52,20.87,4.63,358.99,P015,EQ043
2025-09-05 11:50:00,1206.97,237.31,166924.5,6544.18,496.93,1530.43,54.16,20.41,20.33,5.29,312.23,P002,EQ050
2025-09-05 12:00:00,1225.46,277.91,184766.0,6358.69,511.65,1548.03,56.39,21.33,18.48,4.53,375.05,P010,EQ001
2025-09-05 12:10:00,1219.68,248.39,174083.53,6384.06,474.19,1512.33,49.86,22.43,18.36,5.54,311.22,P005,EQ008
2025-09-05 12:20:00,1235.36,266.06,164682.36,6678.11,456.99,1508.58,55.81,23.07,20.73,5.56,254.91,P006,EQ015
2025-09-05 12:30:00,1204.96,237.89,172360.83,6503.87,525.16,1478.74,54.08,21.98,19.54,4.72,282.59,P008,EQ022
2025-09-05 12:40:00,1185.86,254.58,174026.59,6650.89,451.65,1470.6,44.82,23.11,19.86,5.01,392.58,P014,EQ029
2025-09-05 12:50:00,1217.75,259.84,172330.22,6214.55,489.24,1469.43,49.66,21.23,20.29,5.06,304.4,P011,EQ036
2025-09-05 13:00:00,1189.08,259.52,189184.28,6131.0,572.8,1480.54,43.23,21.04,20.73,5.06,305.1,P015,EQ043
2025-09-05 13:10:00,1181.4,241.3,171201.92,6618.31,537.65,1494.89,46.6,21.62,17.69,4.98,396.68,P006,EQ050
2025-09-05 13:20:00,1211.49,244.46,172476.5,6724.24,509.4,1507.75,52.52,22.14,21.31,4.59,259.08,P005,EQ001
2025-09-05 13:30:00,1199.06,215.75,172897.71,6900.67,461.46,1477.94,49.63,22.86,20.68,4.84,278.47,P002,EQ008
2025-09-05 13:40:00,1250.93,249.13,180692.29,6818.69,470.51,1470.1,52.68,22.19,20.03,5.08,392.35,P014,EQ015
2025-09-05 13:50:00,1196.99,273.42,159946.77,6754.17,507.77,1497.45,45.13,23.23,18.84,5.03,318.21,P011,EQ022
2025-09-05 14:00:00,1234.13,225.17,176580.44,6562.16,512.8,1490.7,52.93,23.04,19.7,5.63,281.82,P011,EQ029
2025-09-05 14:10:00,1165.91,239.82,181012.92,6456.66,471.89,1491.07,57.57,22.79,19.07,4.44,339.57,P001,EQ036
2025-09-05 14:20:00,1244.77,253.68,172886.86,6318.48,437.83,1473.57,51.5,21.51,21.65,5.28,257.59,P006,EQ043
2025-09-05 14:30:00,1182.23,236.09,181451.03,6425.39,579.31,1501.93,43.18,19.96,19.26,5.43,286.54,P003,EQ050
2025-09-05 14:40:00,1192.59,212.5,171874.54,6441.98,541.1,1508.65,49.25,22.3,22.22,5.32,368.05,P004,EQ001
2025-09-05 14:50:00,1177.76,260.26,180659.66,6965.89,508.61,1493.53,51.79,21.52,20.15,4.76,260.29,P013,EQ008
2025-09-05 15:00:00,1200.7,228.15,179219.86,6659.71,450.48,1514.94,47.2,23.41,21.0,5.33,333.13,P010,EQ015
2025-09-05 15:10:00,1217.73,234.35,164614.37,6527.12,461.82,1503.8,42.56,22.78,20.52,4.62,282.39,P014,EQ022
2025-09-05 15:20:00,1171.06,256.36,179425.74,6545.97,479.18,1503.24,48.87,21.47,18.59,5.01,284.95,P013,EQ029
2025-09-05 15:30:00,1175.43,248.08,164930.98,6667.26,483.15,1501.59,57.5,23.55,20.66,4.69,272.13,P015,EQ036
2025-09-05 15:40:00,1197.36,254.5,176346.68,6528.1,524.61,1513.17,56.09,22.82,19.31,4.9,339.4,P005,EQ043
2025-09-05 15:50:00,1199.62,256.19,172541.25,6497.87,490.05,1489.31,52.06,22.91,21.77,5.31,378.76,P003,EQ050
2025-09-05 16:00:00,1188.23,269.07,167847.77,6583.12,483.23,1488.98,59.91,21.58,20.25,5.18,398.13,P009,EQ001
2025-09-05 16:10:00,1199.24,229.59,176640.43,6431.53,496.83,1499.54,52.28,22.41,18.48,5.07,287.6,P003,EQ008
2025-09-05 16:20:00,1252.92,221.38,170368.77,6362.02,440.42,1463.4,45.2,23.15,19.63,4.72,266.49,P014,EQ015
2025-09-05 16:30:00,1194.96,257.33,177426.78,6508.48,579.25,1505.29,52.17,21.47,19.14,4.65,253.87,P001,EQ022
2025-09-05 16:40:00,1161.3,258.26,175809.62,6373.91,489.47,1521.18,48.96,22.03,20.29,5.15,303.74,P013,EQ029
2025-09-05 16:50:00,1177.31,213.05,165247.35,6570.64,482.7,1493.16,41.41,21.2,20.12,5.01,285.69,P006,EQ036
2025-09-05 17:00:00,1167.64,232.68,184635.22,6450.05,496.73,1473.17,46.09,21.72,18.85,5.03,252.37,P005,EQ043
2025-09-05 17:10:00,1165.31,238.83,171008.86,6167.98,452.65,1502.4,44.85,21.81,19.85,5.1,257.86,P012,EQ050
2025-09-05 17:20:00,1224.37,240.28,169238.94,6538.97,525.67,1493.09,49.67,21.81,19.85,5.19,313.14,P002,EQ001
2025-09-05 17:30:00,1187.88,259.06,177071.77,6930.05,478.36,1523.0,54.01,20.78,20.57,5.18,361.85,P008,EQ008
2025-09-05 17:40:00,1181.73,213.08,178728.24,6240.75,494.83,1464.51,52.97,20.16,19.41,4.83,317.24,P006,EQ015
2025-09-05 17:50:00,1199.79,227.75,177297.01,6596.74,489.11,1494.31,36.23,23.61,19.77,5.19,326.99,P002,EQ022
2025-09-05 18:00:00,1205.49,250.84,178443.94,6372.11,530.57,1531.5,51.0,21.84,20.98,5.12,317.8,P004,EQ029
2025-09-05 18:10:00,1188.75,244.88,175625.67,6652.4,484.89,1515.8,59.81,22.59,19.94,5.17,391.81,P001,EQ036
2025-09-05 18:20:00,1186.74,233.21,171206.69,6226.1,528.84,1490.45,40.75,22.51,20.36,5.09,359.09,P015,EQ043
2025-09-05 18:30:00,1159.76,233.23,183809.75,6379.06,513.67,1502.46,43.07,20.53,20.5,4.91,380.05,P009,EQ050
2025-09-05 18:40:00,1191.53,265.63,166885.14,6487.97,535.14,1516.86,48.62,22.47,20.62,4.74,295.24,P011,EQ001
2025-09-05 18:50:00,1155.67,262.97,175267.78,6863.85,480.69,1519.92,54.15,22.49,20.03,4.72,394.6,P001,EQ008
2025-09-05 19:00:00,1191.24,242.6,175115.31,6290.73,507.38,1535.64,45.61,22.53,18.11,5.15,399.79,P014,EQ015
2025-09-05 19:10:00,1207.86,236.34,177755.89,6520.86,554.25,1502.26,51.97,21.85,18.88,5.78,310.24,P011,EQ022
2025-09-05 19:20:00,1205.48,254.59,175424.06,6206.64,459.2,1466.5,56.61,22.5,19.66,4.57,266.19,P012,EQ029
2025-09-05 19:30:00,1175.07,248.44,168830.86,6674.58,475.88,1494.37,49.5,19.81,20.81,5.01,386.46,P002,EQ036
2025-09-05 19:40:00,1133.52,244.14,173329.87,6293.09,510.46,1524.09,51.73,20.59,19.32,4.41,384.89,P006,EQ043
2025-09-05 19:50:00,1206.02,235.03,176377.24,6660.23,526.35,1504.15,48.72,20.38,22.18,5.66,341.24,P002,EQ050
2025-09-05 20:00:00,1197.2,256.47,169249.05,6422.39,500.78,1488.2,58.79,22.31,19.38,4.88,268.93,P010,EQ001
2025-09-05 20:10:00,1207.3,226.12,177410.87,6492.08,526.95,1507.11,46.73,21.33,21.39,5.13,344.96,P009,EQ008
2025-09-05 20:20:00,1217.87,258.91,174546.92,6281.01,553.97,1496.13,56.44,21.91,21.11,4.74,356.82,P007,EQ015
2025-09-05 20:30:00,1160.51,245.81,172588.01,6632.2,510.31,1469.07,46.29,20.6,19.25,4.97,399.19,P009,EQ022
2025-09-05 20:40:00,1181.37,267.5,177091.95,6330.12,538.62,1518.22,50.98,21.64,21.94,5.24,294.23,P009,EQ029
2025-09-05 20:50:00,1167.75,252.42,170835.97,6678.95,469.14,1487.26,46.91,22.48,18.95,5.0,340.81,P002,EQ036
2025-09-05 21:00:00,1135.48,262.75,161571.59,6535.35,507.49,1490.01,55.5,23.13,21.07,5.34,368.96,P002,EQ043
2025-09-05 21:10:00,1209.82,244.31,176316.9,6720.28,498.41,1451.98,41.61,23.8,19.18,4.82,377.92,P011,EQ050
2025-09-05 21:20:00,1228.34,263.45,177792.66,6528.89,436.33,1544.37,48.11,23.09,20.14,4.84,381.66,P009,EQ001
2025-09-05 21:30:00,1191.99,247.47,183254.59,6241.39,511.9,1536.12,47.45,22.04,18.83,5.49,358.13,P004,EQ008
2025-09-05 21:40:00,1165.99,259.69,165167.08,6327.55,506.67,1477.73,48.72,20.66,20.09,4.65,314.51,P015,EQ015
2025-09-05 21:50:00,1168.18,253.99,165477.95,6626.21,475.51,1531.94,47.37,21.12,20.11,5.3,284.27,P006,EQ022
2025-09-05 22:00:00,1126.93,240.38,181288.24,6292.03,463.41,1468.18,48.27,20.74,20.45,4.55,374.11,P007,EQ029
2025-09-05 22:10:00,1185.7,247.11,171955.73,6452.36,471.1,1482.2,56.14,22.42,20.42,5.32,312.4,P002,EQ036
2025-09-05 22:20:00,1212.11,245.42,177897.86,6450.86,552.37,1504.18,50.23,23.56,20.82,4.79,296.88,P006,EQ043
2025-09-05 22:30:00,1214.35,230.8,173762.71,6535.11,504.21,1496.69,45.22,22.4,20.56,4.8,349.77,P006,EQ050
2025-09-05 22:40:00,1199.33,257.39,177462.05,6570.92,514.24,1512.08,53.62,22.46,19.49,5.1,393.04,P011,EQ001
2025-09-05 22:50:00,1179.98,241.23,176710.89,6511.8,479.7,1511.2,46.22,22.46,18.67,5.4,388.45,P002,EQ008
2025-09-05 23:00:00,1214.63,256.95,175089.03,6234.4,449.92,1501.47,48.14,22.33,21.04,5.12,263.68,P002,EQ015
2025-09-05 23:10:00,1171.2,259.51,171950.62,6580.13,517.93,1489.61,57.3,21.66,20.03,5.38,263.98,P002,EQ022
2025-09-05 23:20:00,1205.61,237.53,173255.86,6546.3,486.69,1489.84,54.74,21.81,21.74,4.95,361.69,P006,EQ029
2025-09-05 23:30:00,1169.37,246.32,179655.81,6384.25,533.54,1500.14,51.98,21.27,20.03,5.0,371.77,P009,EQ036
2025-09-05 23:40:00,1231.46,243.02,167187.98,6279.3,479.63,1512.73,45.53,21.02,19.7,4.99,259.0,P009,EQ043
2025-09-05 23:50:00,1197.38,230.74,173431.12,6690.54,511.78,1507.66,46.2,21.72,18.75,5.17,334.25,P011,EQ050
2025-09-06 00:00:00,1225.33,246.53,173104.83,6333.22,496.42,1533.35,46.41,22.22,20.91,4.97,268.33,P006,EQ001
2025-09-06 00:10:00,1160.7,255.07,182633.74,6530.56,498.84,1498.98,39.35,22.32,19.52,4.73,381.04,P013,EQ008
2025-09-06 00:20:00,1237.0,235.7,175486.25,6252.17,510.08,1471.85,51.11,22.12,20.74,4.61,313.44,P015,EQ015
2025-09-06 00:30:00,1186.86,237.64,178602.29,6153.86,488.24,1509.73,50.87,20.46,21.11,5.02,358.16,P005,EQ022
2025-09-06 00:40:00,1229.96,243.66,175177.9,6539.34,486.85,1544.25,48.64,22.34,19.36,4.83,340.06,P006,EQ029
2025-09-06 00:50:00,1195.6,239.26,170254.99,6507.39,487.51,1542.54,49.09,21.34,20.62,5.52,265.54,P009,EQ036
2025-09-06 01:00:00,1151.87,268.4,169705.25,6401.79,458.25,1490.61,43.06,21.39,19.66,4.96,281.91,P011,EQ043
2025-09-06 01:10:00,1207.62,253.97,174607.46,6759.33,505.04,1524.1,50.66,21.36,18.64,4.16,322.33,P014,EQ050
2025-09-06 01:20:00,1187.02,232.67,174882.4,6756.28,432.22,1513.46,42.43,20.15,22.24,5.23,266.23,P014,EQ001
2025-09-06 01:30:00,1110.8,270.12,173864.16,6798.55,472.21,1503.95,50.59,19.93,20.13,5.24,333.44,P002,EQ008
2025-09-06 01:40:00,1171.3,257.88,178287.85,6504.26,534.02,1512.81,58.07,22.26,21.04,4.96,364.39,P010,EQ015
2025-09-06 01:50:00,1220.31,255.13,177208.15,6648.25,490.49,1493.58,40.99,22.23,18.83,4.77,283.92,P007,EQ022
2025-09-06 02:00:00,1188.49,259.83,177874.62,6592.53,494.58,1505.63,45.54,23.54,21.62,4.82,376.77,P013,EQ029
2025-09-06 02:10:00,1162.74,232.6,170360.02,6313.59,509.12,1503.62,54.24,22.18,20.21,4.91,372.76,P010,EQ036
2025-09-06 02:20:00,1246.81,274.16,171043.48,6560.46,492.23,1494.74,47.19,20.85,19.73,5.28,351.25,P009,EQ043
2025-09-06 02:30:00,1241.29,264.19,175716.46,6769.07,497.65,1497.54,43.36,23.19,21.01,4.71,253.94,P015,EQ050
2025-09-06 02:40:00,1162.28,279.88,176130.11,6284.64,490.75,1511.53,55.37,22.81,21.61,5.22,348.67,P012,EQ001
2025-09-06 02:50:00,1213.58,268.36,172498.6,6383.05,457.63,1515.3,46.49,22.25,20.1,4.9,290.12,P003,EQ008
2025-09-06 03:00:00,1187.87,264.86,183111.76,6416.13,476.59,1538.58,50.45,21.44,19.67,5.26,290.99,P013,EQ015
2025-09-06 03:10:00,1197.4,251.4,168553.22,6344.33,533.4,1508.38,55.04,20.3,19.42,5.09,296.35,P006,EQ022
2025-09-06 03:20:00,1220.13,281.22,176004.51,6321.63,477.19,1473.2,56.72,21.85,19.36,5.34,302.65,P003,EQ029
2025-09-06 03:30:00,1240.4,245.23,172404.39,6558.19,449.23,1509.99,53.4,22.18,20.71,5.0,380.48,P010,EQ036
2025-09-06 03:40:00,1205.19,270.82,175561.45,6824.98,525.74,1494.73,49.79,21.32,21.22,5.83,348.6,P002,EQ043
2025-09-06 03:50:00,1192.36,254.46,177429.81,6518.55,495.03,1512.73,42.69,21.13,20.24,5.02,271.28,P011,EQ050
2025-09-06 04:00:00,1205.98,258.78,180987.26,6289.88,479.6,1521.49,50.45,22.19,21.21,4.45,395.77,P002,EQ001
2025-09-06 04:10:00,1244.74,252.97,168626.8,6742.66,553.94,1530.12,48.74,22.7,20.54,4.59,361.92,P004,EQ008
2025-09-06 04:20:00,1276.88,235.1,185329.03,6494.02,507.96,1494.91,56.99,23.79,20.18,4.81,306.43,P008,EQ015
2025-09-06 04:30:00,1179.05,260.06,163867.61,6178.4,500.32,1506.15,47.59,21.57,18.28,4.88,301.13,P006,EQ022
2025-09-06 04:40:00,1195.35,254.38,177870.57,6110.37,546.95,1457.77,52.58,21.55,20.98,5.17,296.75,P006,EQ029
2025-09-06 04:50:00,1194.32,245.3,166670.93,6481.95,478.08,1481.14,44.41,22.01,19.58,5.26,366.53,P010,EQ036
2025-09-06 05:00:00,1183.75,227.64,171049.69,6505.17,445.05,1526.28,48.82,21.86,20.13,5.2,339.43,P015,EQ043
2025-09-06 05:10:00,1219.66,238.59,171389.03,6893.43,436.7,1479.7,45.55,22.9,20.28,5.09,257.89,P003,EQ050
2025-09-06 05:20:00,1173.76,254.77,170166.14,6387.35,477.11,1485.46,44.98,22.21,20.29,4.75,363.17,P001,EQ001
2025-09-06 05:30:00,1186.05,256.36,175731.98,6786.49,492.12,1506.42,53.3,21.0,18.91,4.59,351.1,P005,EQ008
2025-09-06 05:40:00,1212.23,246.96,176258.98,6524.22,506.1,1512.6,47.97,22.75,20.61,4.58,316.47,P007,EQ015
2025-09-06 05:50:00,1192.82,273.18,192944.25,6490.96,500.74,1467.18,50.56,21.93,19.43,5.53,322.85,P008,EQ022
2025-09-06 06:00:00,1206.31,235.07,169535.64,6647.03,481.0,1481.28,41.57,21.87,20.6,5.24,312.13,P004,EQ029
2025-09-06 06:10:00,1207.21,274.68,169055.42,6538.52,511.32,1467.18,49.04,20.9,20.23,4.75,363.24,P002,EQ036
2025-09-06 06:20:00,1219.58,273.79,173898.2,6370.1,463.52,1507.91,45.37,22.93,21.66,5.52,301.78,P002,EQ043
2025-09-06 06:30:00,1254.61,251.66,177302.18,6342.71,460.12,1514.8,42.87,22.99,19.14,4.94,292.49,P011,EQ050
2025-09-06 06:40:00,1252.07,253.83,177549.75,6445.71,525.68,1494.75,45.34,21.01,18.44,4.62,338.97,P009,EQ001
2025-09-06 06:50:00,1220.12,248.74,170220.1,6656.89,505.44,1508.88,45.03,21.54,20.35,4.92,350.07,P001,EQ008
2025-09-06 07:00:00,1230.18,261.6,182487.61,6561.16,480.76,1500.92,61.63,23.09,19.85,5.21,283.08,P010,EQ015
2025-09-06 07:10:00,1193.85,245.18,180655.68,6585.41,528.04,1534.95,47.52,22.31,20.95,5.24,258.22,P004,EQ022
2025-09-06 07:20:00,1188.78,250.77,184623.04,6388.42,513.94,1509.89,42.84,22.65,18.66,5.06,295.21,P004,EQ029
2025-09-06 07:30:00,1237.04,242.55,167402.69,6495.27,499.42,1502.41,51.14,22.28,18.54,5.32,365.1,P013,EQ036
2025-09-06 07:40:00,1134.99,244.67,179029.26,6347.2,456.45,1484.95,47.57,24.01,18.51,5.13,288.33,P006,EQ043
2025-09-06 07:50:00,1193.98,237.76,168090.67,6262.37,510.29,1513.5,56.57,21.04,17.88,5.17,268.0,P008,EQ050
2025-09-06 08:00:00,1215.8,267.77,165531.7,6799.34,503.92,1540.36,48.95,23.39,19.42,5.65,362.05,P003,EQ001
2025-09-06 08:10:00,1184.6,227.25,176191.42,6728.35,538.02,1498.79,51.99,21.99,21.35,5.31,269.38,P009,EQ008
2025-09-06 08:20:00,1184.9,264.59,174896.77,6737.51,488.63,1501.84,47.16,20.44,18.79,5.34,355.55,P009,EQ015
2025-09-06 08:30:00,1218.6,238.13,177462.27,6506.65,523.17,1491.14,49.95,20.85,21.15,5.16,333.81,P011,EQ022
2025-09-06 08:40:00,1203.55,286.68,180894.88,6785.96,509.98,1489.74,52.29,22.05,19.66,5.36,370.93,P002,EQ029
2025-09-06 08:50:00,1190.67,253.82,175641.38,6200.26,516.1,1515.47,50.28,22.26,19.68,4.81,309.56,P012,EQ036
2025-09-06 09:00:00,1181.25,223.04,177697.78,6234.83,486.6,1458.3,46.68,22.54,20.09,5.01,256.35,P001,EQ043
2025-09-06 09:10:00,1207.19,224.65,179368.27,6416.19,500.94,1508.73,36.73,23.42,19.66,5.17,318.96,P002,EQ050
2025-09-06 09:20:00,1189.67,240.75,181595.33,6259.3,508.81,1489.39,52.58,22.9,20.69,5.17,379.32,P010,EQ001
2025-09-06 09:30:00,1182.01,246.3,176662.54,6740.82,514.12,1496.2,51.06,22.91,20.47,5.27,314.39,P007,EQ008
2025-09-06 09:40:00,1187.96,263.62,173213.72,6518.93,517.28,1473.41,48.73,22.27,20.17,5.25,356.42,P007,EQ015
2025-09-06 09:50:00,1130.31,225.06,179972.31,6648.0,558.38,1497.68,55.99,24.23,17.71,4.5,293.43,P007,EQ022
2025-09-06 10:00:00,1185.06,228.69,182576.1,6446.85,478.99,1524.72,53.26,21.42,20.68,4.72,253.13,P006,EQ029
2025-09-06 10:10:00,1179.06,267.68,170775.63,6400.02,486.15,1488.76,37.27,20.44,20.15,5.41,275.78,P010,EQ036
2025-09-06 10:20:00,1220.55,242.21,174361.67,6164.43,492.3,1495.19,47.04,22.59,20.39,5.17,319.01,P012,EQ043
2025-09-06 10:30:00,1266.09,258.02,165145.37,6220.83,498.19,1482.19,48.74,23.41,20.08,4.64,387.97,P002,EQ050
2025-09-06 10:40:00,1242.93,246.95,174738.0,6542.53,515.4,1485.28,50.3,23.24,21.23,4.75,315.51,P002,EQ001
2025-09-06 10:50:00,1200.48,272.87,173696.65,6231.27,480.57,1511.94,49.49,22.04,20.26,4.92,286.5,P010,EQ008
2025-09-06 11:00:00,1215.05,269.9,177129.07,6604.99,533.71,1514.61,55.66,19.98,20.03,5.12,310.07,P002,EQ015
2025-09-06 11:10:00,1195.94,237.2,174336.47,6352.45,510.12,1513.55,48.8,23.06,19.48,4.82,309.37,P005,EQ022
2025-09-06 11:20:00,1202.39,243.99,179964.63,6465.41,515.99,1518.77,41.86,21.95,20.12,4.45,361.87,P004,EQ029
2025-09-06 11:30:00,1201.62,247.11,167789.75,6766.04,503.77,1454.95,47.62,21.68,19.89,4.77,299.96,P003,EQ036
2025-09-06 11:40:00,1167.87,253.73,170169.92,6692.85,514.63,1504.74,47.15,22.11,20.06,5.04,261.46,P011,EQ043
2025-09-06 11:50:00,1151.77,249.89,163615.72,6524.48,574.09,1480.54,45.95,22.83,19.16,4.69,267.1,P009,EQ050
2025-09-06 12:00:00,1192.91,252.29,179342.79,6406.77,481.94,1494.73,46.46,22.3,21.37,4.75,279.09,P013,EQ001
2025-09-06 12:10:00,1165.32,248.95,172089.76,6213.95,460.02,1462.87,49.66,21.26,21.79,5.12,302.41,P012,EQ008
2025-09-06 12:20:00,1169.35,233.48,172666.82,6227.57,497.65,1522.0,48.39,21.3,18.03,4.56,393.73,P011,EQ015
2025-09-06 12:30:00,1202.57,248.02,175944.71,6214.89,526.18,1489.95,40.78,20.89,19.36,4.98,372.26,P004,EQ022
2025-09-06 12:40:00,1150.04,263.14,174923.48,6669.64,543.07,1494.09,46.82,22.58,18.26,5.32,265.42,P005,EQ029
2025-09-06 12:50:00,1198.19,243.59,169322.72,6238.53,490.69,1509.2,49.91,19.69,19.31,5.15,279.59,P010,EQ036
2025-09-06 13:00:00,1255.05,247.75,176902.54,6500.75,487.89,1476.97,45.41,20.66,20.46,5.26,272.93,P013,EQ043
2025-09-06 13:10:00,1194.33,240.45,180047.17,6943.29,447.57,1511.2,50.69,22.32,20.69,5.46,348.33,P003,EQ050
2025-09-06 13:20:00,1196.2,282.29,169101.13,6652.27,457.13,1471.62,52.09,22.72,19.42,5.17,392.69,P011,EQ001
2025-09-06 13:30:00,1178.21,266.67,167598.01,6541.38,508.58,1504.2,50.01,21.88,17.43,4.56,324.12,P013,EQ008
2025-09-06 13:40:00,1229.92,260.42,181789.18,6512.4,550.61,1497.22,55.15,21.53,19.45,5.27,334.56,P010,EQ015
2025-09-06 13:50:00,1156.61,272.87,184212.53,6498.72,541.36,1489.28,48.76,22.24,19.45,5.21,317.34,P015,EQ022
2025-09-06 14:00:00,1226.8,259.76,172435.41,6195.34,512.51,1492.92,41.92,20.8,19.71,5.46,382.31,P011,EQ029
2025-09-06 14:10:00,1211.43,236.8,169602.64,6301.43,469.4,1503.2,55.56,24.71,21.77,4.86,345.29,P010,EQ036
2025-09-06 14:20:00,1228.2,251.48,183704.81,6602.95,485.14,1519.28,46.04,21.37,19.69,4.92,298.48,P011,EQ043
2025-09-06 14:30:00,1137.54,265.2,188351.2,6252.15,540.59,1466.05,49.59,21.17,20.19,5.16,297.42,P008,EQ050
2025-09-06 14:40:00,1161.23,247.54,178685.19,6314.34,537.19,1525.7,47.63,23.42,18.06,4.82,260.24,P008,EQ001
2025-09-06 14:50:00,1216.06,264.19,180508.18,6695.92,501.18,1513.77,50.15,20.53,20.9,5.17,344.71,P013,EQ008
2025-09-06 15:00:00,1196.22,241.34,184735.05,6313.67,502.17,1485.96,49.73,23.14,20.41,4.91,291.2,P001,EQ015
2025-09-06 15:10:00,1224.4,263.97,174665.02,6413.95,478.24,1462.13,57.75,21.29,18.84,4.75,302.79,P002,EQ022
2025-09-06 15:20:00,1165.85,266.65,174569.38,6304.66,475.83,1479.99,55.62,20.57,20.08,5.15,296.56,P008,EQ029
2025-09-06 15:30:00,1211.05,253.39,174304.2,6030.25,499.5,1490.07,43.4,23.45,21.26,4.89,255.64,P006,EQ036
2025-09-06 15:40:00,1210.72,250.06,165551.01,6414.01,526.12,1497.78,45.01,23.13,20.35,4.65,374.75,P002,EQ043
2025-09-06 15:50:00,1182.92,243.66,170080.76,6652.01,483.74,1502.74,58.92,21.33,18.9,5.0,346.7,P014,EQ050
2025-09-06 16:00:00,1186.46,244.99,170441.46,6190.12,488.19,1474.14,44.49,24.84,22.42,5.71,263.54,P010,EQ001
2025-09-06 16:10:00,1190.77,233.52,177773.44,6294.2,491.71,1481.35,54.47,21.89,20.32,4.82,326.06,P008,EQ008
2025-09-06 16:20:00,1194.05,222.81,174496.24,6437.44,512.5,1490.6,45.03,22.08,21.46,4.96,337.05,P013,EQ015
2025-09-06 16:30:00,1253.47,212.47,170667.76,6446.16,460.01,1445.24,50.24,21.01,19.2,4.96,360.84,P001,EQ022
2025-09-06 16:40:00,1193.47,240.67,178097.07,6342.86,534.1,1524.48,42.09,21.12,20.92,4.62,317.46,P013,EQ029
2025-09-06 16:50:00,1182.7,252.36,180008.57,6734.75,495.72,1510.82,51.65,23.63,19.99,4.96,335.75,P004,EQ036
2025-09-06 17:00:00,1194.09,230.58,168496.36,5962.0,544.11,1539.22,41.39,22.85,20.4,4.94,298.23,P008,EQ043
2025-09-06 17:10:00,1218.63,248.47,188256.05,6681.44,476.36,1478.28,56.9,21.73,19.78,5.04,325.21,P001,EQ050
2025-09-06 17:20:00,1202.0,267.34,170277.31,6039.98,483.31,1484.1,46.82,20.34,19.06,4.56,317.58,P013,EQ001
2025-09-06 17:30:00,1228.74,233.68,173851.93,6787.42,489.8,1507.49,55.03,22.58,19.42,4.69,384.87,P006,EQ008
2025-09-06 17:40:00,1238.73,252.82,171410.31,6429.51,498.44,1464.44,52.41,23.04,19.34,4.75,397.36,P002,EQ015
2025-09-06 17:50:00,1187.63,247.02,185084.81,6670.06,505.38,1487.72,50.38,21.82,18.84,4.87,325.68,P003,EQ022
2025-09-06 18:00:00,1213.23,233.94,168417.94,6468.58,488.03,1465.57,55.95,23.18,22.09,4.86,255.87,P012,EQ029
2025-09-06 18:10:00,1217.12,268.39,177710.32,6730.15,504.8,1490.26,52.34,22.49,20.68,5.33,315.66,P008,EQ036
2025-09-06 18:20:00,1204.77,246.78,180892.19,6470.12,475.38,1518.96,39.33,23.12,20.85,5.0,328.61,P010,EQ043
2025-09-06 18:30:00,1234.26,243.98,176501.27,6212.77,462.98,1508.9,47.94,20.86,20.93,4.98,273.81,P006,EQ050
2025-09-06 18:40:00,1180.0,247.55,182522.02,6715.75,501.57,1512.87,47.1,23.8,21.31,4.89,387.69,P007,EQ001
2025-09-06 18:50:00,1205.99,263.83,179824.35,6701.63,520.55,1506.91,42.03,23.46,19.66,5.07,311.32,P006,EQ008
2025-09-06 19:00:00,1199.17,265.78,172883.64,6267.09,544.02,1513.94,57.72,21.95,20.34,5.27,351.83,P001,EQ015
2025-09-06 19:10:00,1169.42,226.78,170877.24,6372.17,553.45,1551.37,48.95,22.09,19.68,4.93,368.38,P011,EQ022
2025-09-06 19:20:00,1210.26,255.11,173237.55,6477.89,481.87,1485.36,48.0,22.69,20.49,4.84,300.2,P006,EQ029
2025-09-06 19:30:00,1229.14,250.9,179784.08,6461.96,554.04,1527.95,53.63,23.44,19.35,5.52,264.18,P011,EQ036
2025-09-06 19:40:00,1163.27,251.2,171932.9,6118.71,461.11,1491.3,52.44,21.63,20.94,4.9,307.98,P005,EQ043
2025-09-06 19:50:00,1172.23,270.39,181034.7,6450.8,451.62,1478.19,47.42,22.08,21.2,5.02,358.56,P011,EQ050
2025-09-06 20:00:00,1208.73,256.46,169098.52,6725.05,545.6,1510.49,57.74,21.75,20.01,5.41,394.66,P010,EQ001
2025-09-06 20:10:00,1194.88,240.81,183915.94,6469.1,475.9,1499.77,39.29,23.05,21.35,4.63,380.99,P006,EQ008
2025-09-06 20:20:00,1179.86,277.87,179831.71,6433.77,494.99,1508.03,57.1,22.77,20.57,4.94,262.23,P011,EQ015
2025-09-06 20:30:00,1246.3,258.73,169507.67,6422.21,554.07,1463.66,44.71,22.55,19.86,4.66,271.21,P006,EQ022
2025-09-06 20:40:00,1094.9,245.03,180900.85,6299.89,465.59,1515.49,57.01,21.12,19.65,4.54,296.53,P011,EQ029
2025-09-06 20:50:00,1199.95,238.77,174151.03,6010.2,527.5,1463.09,43.25,21.76,17.98,4.52,354.77,P007,EQ036
2025-09-06 21:00:00,1171.68,222.42,171468.33,6478.97,551.1,1517.39,37.7,21.79,19.14,5.14,269.34,P012,EQ043
2025-09-06 21:10:00,1189.71,255.26,178251.07,6422.04,450.38,1491.7,53.11,22.57,19.81,5.2,390.7,P005,EQ050
2025-09-06 21:20:00,1197.07,230.6,175865.59,6667.0,539.31,1488.29,50.62,21.76,18.65,5.1,333.84,P011,EQ001
2025-09-06 21:30:00,1171.94,251.04,171662.31,6381.5,498.15,1501.62,52.48,21.59,19.72,5.11,368.75,P014,EQ008
2025-09-06 21:40:00,1187.39,250.32,172122.96,6489.62,524.7,1516.23,54.09,23.21,20.15,5.3,269.17,P012,EQ015
2025-09-06 21:50:00,1190.33,265.11,178775.72,6832.72,525.01,1513.56,51.58,21.5,19.35,5.25,374.34,P012,EQ022
2025-09-06 22:00:00,1161.56,273.46,176031.47,6622.93,529.1,1505.01,49.59,19.85,20.36,5.17,399.57,P015,EQ029
2025-09-06 22:10:00,1155.99,252.88,174481.87,6708.09,448.84,1488.89,49.01,21.14,20.19,4.38,328.96,P011,EQ036
2025-09-06 22:20:00,1131.97,249.6,177738.85,6334.5,511.06,1506.08,52.88,22.08,18.29,5.0,350.57,P009,EQ043
2025-09-06 22:30:00,1203.83,272.51,167509.89,6958.35,497.47,1478.72,48.58,23.12,20.05,4.77,304.27,P006,EQ050
2025-09-06 22:40:00,1220.64,264.68,175028.58,6841.24,563.35,1451.58,50.15,23.85,20.5,5.45,296.33,P004,EQ001
2025-09-06 22:50:00,1217.15,228.32,171838.84,6498.15,540.08,1498.75,47.6,21.46,20.19,5.06,301.26,P013,EQ008
2025-09-06 23:00:00,1268.89,247.92,168806.77,6623.68,508.16,1503.5,46.43,22.47,19.51,4.84,322.94,P004,EQ015
2025-09-06 23:10:00,1182.34,264.68,167828.85,6482.2,492.05,1514.93,49.11,22.91,19.24,5.13,400.0,P003,EQ022
2025-09-06 23:20:00,1208.28,251.28,182823.66,6606.33,508.02,1521.96,51.93,21.75,20.97,5.67,261.57,P014,EQ029
2025-09-06 23:30:00,1183.27,259.66,175680.35,6518.97,443.43,1487.28,45.98,23.43,18.88,5.4,368.22,P009,EQ036
2025-09-06 23:40:00,1171.56,247.39,172986.24,6388.77,453.24,1527.82,55.62,23.2,20.97,5.27,365.63,P014,EQ043
2025-09-06 23:50:00,1237.24,238.54,177854.91,6790.74,510.56,1496.44,45.61,21.74,19.53,4.1,360.8,P009,EQ050
2025-09-07 00:00:00,1214.23,272.88,178139.32,6535.47,478.25,1495.24,57.02,20.63,22.27,4.55,255.66,P006,EQ001
2025-09-07 00:10:00,1225.85,239.96,172758.75,6069.47,528.48,1508.6,55.38,21.5,21.34,5.06,381.46,P010,EQ008
2025-09-07 00:20:00,1194.82,242.56,181200.22,6572.81,512.71,1470.42,49.71,21.0,19.19,4.44,269.66,P007,EQ015
2025-09-07 00:30:00,1217.76,248.39,175022.51,6303.08,505.57,1480.1,49.57,22.63,20.38,5.18,273.14,P003,EQ022
2025-09-07 00:40:00,1179.74,220.87,176392.62,6286.65,490.4,1476.45,48.84,22.67,19.67,4.63,374.7,P013,EQ029
2025-09-07 00:50:00,1204.36,254.03,175104.44,6556.33,537.16,1533.27,53.56,21.65,20.36,4.58,343.71,P015,EQ036
2025-09-07 01:00:00,1200.35,277.93,174741.56,6497.72,476.49,1522.31,48.58,22.31,19.65,4.64,274.83,P008,EQ043
2025-09-07 01:10:00,1194.64,234.87,171613.05,6385.78,551.66,1512.96,51.58,21.37,20.61,4.96,256.55,P006,EQ050
2025-09-07 01:20:00,1236.66,246.69,183600.17,6453.82,502.71,1490.69,49.87,21.02,18.85,4.5,351.45,P004,EQ001
2025-09-07 01:30:00,1174.77,235.82,176439.62,6371.06,495.33,1526.22,52.97,20.44,20.41,5.18,395.44,P010,EQ008
2025-09-07 01:40:00,1195.73,235.77,176811.85,6448.84,508.01,1511.63,52.1,21.51,18.39,5.03,292.74,P012,EQ015
2025-09-07 01:50:00,1196.29,247.53,176627.37,6606.86,467.69,1516.88,51.75,22.16,20.07,5.66,367.57,P004,EQ022
2025-09-07 02:00:00,1213.55,248.72,167059.48,6446.05,514.54,1474.59,49.26,22.14,20.79,4.55,330.1,P005,EQ029
2025-09-07 02:10:00,1194.48,246.46,175021.75,6583.56,526.33,1521.95,62.98,22.22,20.46,4.96,394.84,P013,EQ036
2025-09-07 02:20:00,1197.63,236.42,174111.98,6370.3,461.7,1503.16,47.2,22.2,19.72,5.15,320.35,P014,EQ043
2025-09-07 02:30:00,1243.24,257.92,173216.52,6426.4,506.34,1491.7,48.27,23.15,20.29,4.86,279.1,P011,EQ050
2025-09-07 02:40:00,1205.63,248.27,172467.32,6549.92,487.97,1488.14,53.57,21.32,21.39,4.63,392.07,P008,EQ001
2025-09-07 02:50:00,1213.91,255.93,176783.37,6559.12,527.13,1494.85,48.12,21.67,21.99,4.69,319.25,P005,EQ008
2025-09-07 03:00:00,1232.38,237.54,177685.19,6721.24,463.33,1482.33,54.35,23.2,19.41,5.52,366.72,P009,EQ015
2025-09-07 03:10:00,1191.86,255.73,181365.47,6352.07,549.94,1485.06,49.52,21.61,22.33,5.01,329.12,P003,EQ022
2025-09-07 03:20:00,1226.06,267.61,172873.94,6679.97,490.57,1465.47,48.15,22.05,17.76,4.64,372.53,P013,EQ029
2025-09-07 03:30:00,1197.68,256.43,178166.39,6495.84,480.26,1511.6,43.18,22.71,18.48,5.27,340.7,P014,EQ036
2025-09-07 03:40:00,1172.96,273.37,172868.11,6376.28,469.32,1511.47,43.97,21.74,20.43,4.73,287.5,P011,EQ043
2025-09-07 03:50:00,1172.57,242.35,168212.91,6355.43,499.5,1468.83,50.04,22.08,20.19,5.0,322.09,P006,EQ050
2025-09-07 04:00:00,1129.59,236.47,176540.51,6466.58,465.92,1531.54,56.19,20.63,19.85,5.16,333.18,P002,EQ001
2025-09-07 04:10:00,1248.45,218.07,178182.86,6422.48,504.78,1494.01,58.29,23.95,19.72,4.72,356.71,P009,EQ008
2025-09-07 04:20:00,1276.59,256.4,169618.76,6724.41,493.88,1493.32,55.28,20.28,20.94,5.05,377.67,P005,EQ015
2025-09-07 04:30:00,1210.57,252.86,166686.07,6345.59,511.22,1510.26,49.66,20.34,19.73,4.76,262.58,P003,EQ022
2025-09-07 04:40:00,1176.88,257.18,176510.73,6197.66,496.0,1511.33,50.94,21.83,20.01,4.65,290.92,P015,EQ029
2025-09-07 04:50:00,1256.6,251.94,170644.69,6130.36,446.8,1487.44,55.16,21.43,19.73,4.7,327.0,P014,EQ036
2025-09-07 05:00:00,1244.59,283.62,161317.54,6425.61,514.63,1509.77,47.42,21.52,20.67,5.45,315.62,P015,EQ043
2025-09-07 05:10:00,1146.35,239.52,177282.82,6294.53,483.38,1526.43,51.4,21.47,20.47,4.59,283.31,P008,EQ050
2025-09-07 05:20:00,1204.89,256.76,181001.8,6627.71,504.08,1496.08,48.74,23.22,21.24,5.16,382.69,P015,EQ001
2025-09-07 05:30:00,1201.06,237.11,168241.28,6408.97,523.27,1503.2,56.38,21.81,18.37,4.79,254.0,P001,EQ008
2025-09-07 05:40:00,1225.01,253.69,175611.82,6490.93,484.82,1512.77,47.36,22.39,20.02,4.52,309.47,P006,EQ015
2025-09-07 05:50:00,1246.1,246.18,179186.17,6617.49,499.26,1490.78,51.01,21.47,19.16,4.85,285.37,P002,EQ022
2025-09-07 06:00:00,1149.78,234.86,174285.06,6611.03,439.25,1509.56,56.63,22.88,21.36,4.64,306.24,P001,EQ029
2025-09-07 06:10:00,1170.93,228.84,181826.82,6936.62,451.79,1496.7,43.3,20.12,19.05,5.44,297.8,P002,EQ036
2025-09-07 06:20:00,1184.95,262.02,178278.95,6332.99,540.02,1478.12,47.4,22.44,19.7,4.92,375.88,P011,EQ043
2025-09-07 06:30:00,1224.27,267.25,165964.08,6505.63,537.89,1531.58,37.4,21.23,20.08,4.87,300.29,P003,EQ050
2025-09-07 06:40:00,1221.61,257.26,177716.3,6452.22,494.64,1518.67,52.66,22.33,20.11,4.77,270.64,P005,EQ001
2025-09-07 06:50:00,1177.25,251.93,180178.19,6297.14,509.81,1507.95,48.71,21.88,20.64,4.76,387.61,P008,EQ008
2025-09-07 07:00:00,1241.7,223.81,178293.92,6638.52,541.5,1459.2,44.69,23.08,19.22,4.99,354.41,P003,EQ015
2025-09-07 07:10:00,1232.24,233.99,169781.45,6302.46,498.74,1485.04,50.27,21.89,20.5,4.8,363.83,P008,EQ022
2025-09-07 07:20:00,1216.52,262.69,179444.72,6587.76,487.08,1502.08,42.99,22.31,20.91,4.8,317.29,P001,EQ029
2025-09-07 07:30:00,1241.76,262.5,184820.98,6275.8,502.29,1486.75,47.93,22.77,21.15,4.99,385.88,P001,EQ036
2025-09-07 07:40:00,1189.93,233.7,174752.25,6555.0,518.87,1518.7,47.2,21.32,21.33,5.08,288.39,P014,EQ043
2025-09-07 07:50:00,1148.57,274.06,171581.94,6662.15,490.14,1501.11,58.34,20.18,19.68,4.78,272.43,P012,EQ050
2025-09-07 08:00:00,1191.75,245.28,179620.71,6585.93,485.84,1530.12,54.21,21.12,19.63,4.8,341.33,P007,EQ001
2025-09-07 08:10:00,1206.41,244.22,178728.65,6393.97,500.36,1488.01,46.96,22.85,18.49,5.07,266.68,P005,EQ008
2025-09-07 08:20:00,1224.66,269.62,170302.74,6743.2,496.75,1501.81,51.39,20.68,21.31,5.21,285.65,P002,EQ015
2025-09-07 08:30:00,1180.26,241.13,186781.15,6459.54,497.79,1467.36,48.84,22.52,19.45,5.04,257.16,P007,EQ022
2025-09-07 08:40:00,1209.69,244.45,180015.91,6461.7,497.45,1499.78,41.0,22.58,20.77,5.23,345.84,P010,EQ029
2025-09-07 08:50:00,1213.34,248.7,177722.85,7045.27,466.94,1512.09,52.45,22.84,18.57,5.6,318.57,P002,EQ036
2025-09-07 09:00:00,1238.73,246.53,184130.05,6533.07,563.59,1504.33,39.94,21.97,19.55,4.59,375.5,P008,EQ043
2025-09-07 09:10:00,1170.33,254.21,171254.88,6700.28,449.48,1495.06,52.35,22.41,19.44,5.08,339.51,P001,EQ050
2025-09-07 09:20:00,1168.94,239.46,167896.2,6761.63,487.88,1480.13,48.56,23.36,21.76,4.73,344.79,P010,EQ001
2025-09-07 09:30:00,1254.3,249.21,180754.78,6675.82,477.0,1486.26,41.66,22.04,20.41,4.94,286.29,P003,EQ008
2025-09-07 09:40:00,1162.83,256.81,179050.69,6533.7,481.29,1506.79,45.3,22.28,20.38,5.32,293.69,P001,EQ015
2025-09-07 09:50:00,1255.76,277.68,179425.77,6393.84,520.04,1471.8,49.97,21.88,19.5,5.15,342.22,P004,EQ022
2025-09-07 10:00:00,1187.06,280.18,174131.41,6880.32,508.69,1480.13,50.57,24.14,19.85,5.03,335.6,P003,EQ029
2025-09-07 10:10:00,1216.58,261.93,178768.57,6161.66,478.07,1489.38,65.2,21.2,20.14,5.81,349.66,P002,EQ036
2025-09-07 10:20:00,1215.21,270.19,179258.63,6183.34,486.09,1495.06,40.98,19.92,21.0,5.58,328.52,P006,EQ043
2025-09-07 10:30:00,1168.01,248.26,182284.6,6710.52,457.63,1499.24,52.06,20.12,19.46,4.83,260.15,P009,EQ050
2025-09-07 10:40:00,1130.89,238.07,175633.78,6584.79,460.98,1510.79,49.01,21.87,19.41,4.35,331.61,P013,EQ001
2025-09-07 10:50:00,1225.92,256.99,174872.75,6394.33,459.39,1508.1,47.67,22.58,20.67,4.85,398.25,P009,EQ008
2025-09-07 11:00:00,1178.05,247.52,176646.9,6155.01,505.62,1470.89,48.17,24.31,19.01,4.69,253.05,P014,EQ015
2025-09-07 11:10:00,1187.69,246.65,168489.91,6568.38,519.12,1510.15,51.74,21.73,19.05,5.01,320.52,P011,EQ022
2025-09-07 11:20:00,1215.74,237.31,173948.07,6502.37,567.92,1522.56,56.76,22.7,19.39,5.18,308.03,P006,EQ029
2025-09-07 11:30:00,1245.74,235.14,175304.73,6525.82,516.82,1523.33,49.01,21.84,23.15,4.86,288.05,P001,EQ036
2025-09-07 11:40:00,1158.82,252.09,172188.05,6466.18,496.42,1454.35,50.43,22.23,21.18,5.05,303.56,P002,EQ043
2025-09-07 11:50:00,1234.69,274.63,177626.15,6592.36,490.11,1512.45,48.35,19.65,19.87,5.34,301.72,P012,EQ050
2025-09-07 12:00:00,1226.58,245.98,171041.75,6446.9,498.94,1476.6,44.96,21.92,20.22,5.17,348.57,P002,EQ001
2025-09-07 12:10:00,1175.85,221.08,174030.73,6695.99,455.74,1482.89,46.65,23.65,21.11,4.9,365.73,P012,EQ008
2025-09-07 12:20:00,1223.34,239.43,174831.2,6132.12,470.62,1480.92,44.16,22.56,19.01,5.3,363.5,P003,EQ015
2025-09-07 12:30:00,1216.69,253.57,180849.71,6550.39,478.63,1491.35,53.34,20.72,20.91,4.94,256.65,P009,EQ022
2025-09-07 12:40:00,1218.56,251.77,171099.39,6817.57,492.7,1506.05,47.34,21.2,20.09,4.85,300.78,P011,EQ029
2025-09-07 12:50:00,1198.14,252.02,172339.25,6696.9,518.01,1458.91,45.43,21.63,19.02,4.78,276.26,P013,EQ036
2025-09-07 13:00:00,1219.33,257.3,166927.33,6239.95,507.54,1493.92,54.09,21.35,20.03,4.74,352.7,P012,EQ043
2025-09-07 13:10:00,1191.52,258.99,176911.07,6277.76,531.32,1498.72,52.18,22.43,19.54,5.26,321.78,P003,EQ050
2025-09-07 13:20:00,1178.2,244.32,168900.69,6190.86,565.9,1496.67,47.94,23.88,18.26,5.37,371.72,P002,EQ001
2025-09-07 13:30:00,1207.38,247.91,173835.11,6440.1,544.67,1520.27,49.33,21.21,20.02,4.7,357.41,P008,EQ008
2025-09-07 13:40:00,1175.61,245.48,171195.2,6370.31,489.1,1479.21,57.59,19.87,20.7,5.2,255.55,P004,EQ015
2025-09-07 13:50:00,1194.6,247.53,175690.45,6508.56,520.92,1510.84,47.96,21.01,20.31,5.17,256.57,P004,EQ022
2025-09-07 14:00:00,1223.53,241.71,187378.03,6153.79,555.27,1483.81,49.47,23.75,21.86,5.47,382.87,P006,EQ029
2025-09-07 14:10:00,1223.89,256.09,168052.79,6261.9,497.71,1512.13,53.6,22.85,21.4,5.43,390.01,P009,EQ036
2025-09-07 14:20:00,1201.2,218.63,180044.98,6456.0,485.52,1503.35,43.53,21.77,18.55,4.3,309.73,P014,EQ043
2025-09-07 14:30:00,1178.78,271.86,175591.99,6654.73,496.43,1507.97,40.52,21.27,19.12,4.59,331.45,P005,EQ050
2025-09-07 14:40:00,1203.31,255.82,176735.27,6487.56,520.87,1501.15,51.35,21.41,20.54,5.13,255.49,P011,EQ001
2025-09-07 14:50:00,1169.04,240.11,180324.99,6237.39,487.5,1520.36,53.36,22.98,20.6,4.89,278.67,P006,EQ008
2025-09-07 15:00:00,1146.62,280.8,179049.32,6322.8,503.63,1487.32,49.48,22.59,19.29,5.57,379.32,P001,EQ015
2025-09-07 15:10:00,1189.91,243.2,180888.84,6267.96,503.77,1542.31,50.46,22.22,19.42,4.72,379.87,P006,EQ022
2025-09-07 15:20:00,1193.29,284.15,179589.5,6607.12,520.72,1519.17,48.35,21.98,19.94,5.13,290.98,P013,EQ029
2025-09-07 15:30:00,1171.04,230.43,171311.65,6578.01,467.01,1515.42,44.27,21.78,18.62,5.18,305.2,P015,EQ036
2025-09-07 15:40:00,1154.04,219.85,175313.89,6564.89,523.01,1503.5,52.11,22.19,20.21,5.41,310.0,P008,EQ043
2025-09-07 15:50:00,1193.62,235.38,181542.96,6693.45,517.24,1489.14,52.41,23.69,19.53,5.2,384.2,P007,EQ050
2025-09-07 16:00:00,1159.85,236.11,179907.61,6632.05,489.54,1478.33,46.29,24.05,20.06,5.26,300.86,P003,EQ001
2025-09-07 16:10:00,1217.51,254.08,177235.98,6434.91,533.93,1501.81,48.42,22.54,19.97,5.12,324.43,P008,EQ008
2025-09-07 16:20:00,1174.72,223.48,164026.01,6205.68,469.91,1488.45,50.04,22.48,20.54,4.65,305.1,P013,EQ015
2025-09-07 16:30:00,1256.88,248.28,172012.44,6480.87,508.06,1507.07,47.25,23.54,18.44,5.14,327.89,P013,EQ022
2025-09-07 16:40:00,1223.09,249.26,170257.86,6516.14,527.88,1501.59,47.39,19.96,20.3,4.42,262.39,P007,EQ029
2025-09-07 16:50:00,1232.99,238.36,180777.16,6698.02,499.16,1495.94,59.76,21.74,19.7,4.86,261.84,P010,EQ036
2025-09-07 17:00:00,1177.54,250.15,174240.38,5962.51,468.55,1525.53,54.3,24.34,18.33,4.4,399.26,P003,EQ043
2025-09-07 17:10:00,1232.4,234.23,179402.5,6370.73,535.45,1493.66,49.28,23.5,20.76,4.81,331.82,P006,EQ050
2025-09-07 17:20:00,1116.78,273.8,174472.47,6553.96,472.71,1497.69,45.94,21.31,17.48,5.22,265.39,P006,EQ001
2025-09-07 17:30:00,1206.51,238.06,180770.12,6455.17,486.75,1479.4,57.65,24.11,18.95,4.69,349.14,P005,EQ008
2025-09-07 17:40:00,1191.82,261.67,175272.78,6466.26,523.67,1504.15,48.62,21.82,19.64,5.3,316.89,P012,EQ015
2025-09-07 17:50:00,1199.43,249.55,174958.18,6685.71,487.68,1538.73,45.66,20.52,20.24,5.11,313.92,P012,EQ022
2025-09-07 18:00:00,1187.11,299.33,177179.09,6750.61,518.43,1506.83,45.39,22.16,20.54,4.6,316.59,P008,EQ029
2025-09-07 18:10:00,1130.76,268.31,178174.48,6590.01,491.69,1516.34,43.06,21.41,19.42,5.35,256.35,P014,EQ036
2025-09-07 18:20:00,1191.86,240.86,179182.82,6691.45,496.0,1508.03,43.57,21.43,19.07,4.92,386.74,P010,EQ043
2025-09-07 18:30:00,1222.87,238.7,178478.36,6665.22,472.86,1543.1,48.69,20.91,19.06,5.14,399.72,P005,EQ050
2025-09-07 18:40:00,1193.99,251.9,163285.05,6318.17,455.71,1516.01,46.82,21.44,20.06,5.36,345.92,P013,EQ001
2025-09-07 18:50:00,1226.18,263.47,171182.09,6433.26,501.0,1480.04,49.55,22.06,20.72,4.43,392.19,P002,EQ008
2025-09-07 19:00:00,1190.28,251.24,183860.76,6626.83,484.1,1485.43,53.39,22.48,19.11,5.03,350.68,P007,EQ015
2025-09-07 19:10:00,1245.72,259.19,171250.6,6208.32,519.21,1504.43,55.07,23.29,19.29,5.01,304.5,P013,EQ022
2025-09-07 19:20:00,1173.59,223.81,173643.66,6663.84,503.41,1499.85,42.41,22.14,20.01,5.0,362.48,P003,EQ029
2025-09-07 19:30:00,1187.89,245.38,177773.32,6577.3,444.04,1506.21,48.41,22.12,20.73,5.21,392.92,P003,EQ036
2025-09-07 19:40:00,1255.25,246.98,178427.49,6289.04,519.75,1472.77,54.39,20.93,18.7,5.18,377.3,P011,EQ043
2025-09-07 19:50:00,1222.07,275.42,173319.47,6397.71,498.02,1474.88,45.91,22.12,18.75,4.34,367.2,P001,EQ050
2025-09-07 20:00:00,1155.51,250.98,169004.47,6695.4,524.34,1512.97,48.94,22.11,18.76,5.1,268.93,P004,EQ001
2025-09-07 20:10:00,1225.42,250.88,168523.68,6165.56,493.54,1495.96,60.7,20.59,18.43,5.1,366.78,P006,EQ008
2025-09-07 20:20:00,1185.72,291.84,168835.17,6806.82,472.22,1499.63,48.65,21.04,21.35,5.17,304.32,P010,EQ015
2025-09-07 20:30:00,1171.44,269.18,170783.77,6768.38,505.54,1484.27,50.34,21.15,18.25,5.41,254.86,P003,EQ022
2025-09-07 20:40:00,1182.15,238.47,167781.08,6551.8,438.98,1478.94,50.97,20.79,20.61,5.19,351.86,P006,EQ029
2025-09-07 20:50:00,1226.66,246.15,171238.47,6363.13,556.32,1510.89,51.22,22.38,21.83,5.43,305.8,P013,EQ036
2025-09-07 21:00:00,1149.88,253.74,184029.14,6457.43,497.6,1485.39,52.5,21.64,21.31,4.68,261.53,P003,EQ043
2025-09-07 21:10:00,1190.41,252.63,173119.24,6436.23,506.67,1493.61,50.57,20.64,21.22,4.43,329.42,P007,EQ050
2025-09-07 21:20:00,1179.91,270.95,164221.82,6917.11,482.09,1494.03,49.92,23.07,19.85,5.2,297.16,P005,EQ001
2025-09-07 21:30:00,1228.86,273.41,176177.54,6378.07,463.25,1486.1,48.35,21.41,20.78,4.41,287.44,P002,EQ008
2025-09-07 21:40:00,1180.48,261.86,173149.74,6477.7,519.19,1529.73,56.08,21.24,18.11,5.01,253.89,P003,EQ015
2025-09-07 21:50:00,1169.28,242.73,170846.15,6722.44,484.76,1496.07,54.82,22.43,19.73,5.08,324.86,P007,EQ022
2025-09-07 22:00:00,1246.2,262.35,174252.56,6595.63,504.95,1526.93,48.27,22.62,22.1,4.75,387.03,P002,EQ029
2025-09-07 22:10:00,1199.59,273.38,184219.0,6667.77,511.59,1498.43,41.28,21.11,21.07,4.85,289.27,P005,EQ036
2025-09-07 22:20:00,1191.74,253.03,174215.08,6408.26,434.11,1508.1,49.9,22.25,19.59,5.2,355.61,P004,EQ043
2025-09-07 22:30:00,1174.15,272.0,179032.99,6693.24,493.11,1454.81,44.68,20.24,20.04,5.12,399.45,P005,EQ050
2025-09-07 22:40:00,1261.56,239.57,172526.04,6174.03,582.42,1512.41,56.42,21.58,19.69,4.92,354.1,P008,EQ001
2025-09-07 22:50:00,1131.14,238.47,174812.38,6557.92,534.82,1505.28,46.89,21.14,19.36,5.55,280.03,P003,EQ008
2025-09-07 23:00:00,1206.15,249.44,183102.26,6617.5,513.95,1477.09,54.83,20.84,19.9,4.62,377.92,P008,EQ015
2025-09-07 23:10:00,1248.39,258.22,173218.78,6300.37,485.36,1504.83,40.14,22.81,20.95,4.97,275.9,P012,EQ022
2025-09-07 23:20:00,1211.14,265.07,178395.27,6551.73,481.72,1492.41,49.83,19.91,20.35,4.63,316.77,P002,EQ029
2025-09-07 23:30:00,1205.19,249.85,173275.59,6140.54,513.84,1504.82,50.63,22.27,19.14,5.35,371.58,P014,EQ036
2025-09-07 23:40:00,1200.9,262.47,170515.28,6358.81,508.62,1505.56,49.99,23.25,18.37,5.02,397.99,P011,EQ043
2025-09-07 23:50:00,1158.52,276.07,176466.62,6810.58,548.73,1487.47,48.07,23.4,19.22,4.96,302.11,P002,EQ050
2025-09-08 00:00:00,1188.56,233.2,185127.55,6642.97,488.45,1473.19,49.37,22.66,21.78,5.62,332.5,P005,EQ001
2025-09-08 00:10:00,1206.02,274.5,176177.6,6687.21,506.72,1489.88,57.67,21.79,19.35,4.73,383.7,P014,EQ008
2025-09-08 00:20:00,1226.57,261.6,178944.95,6533.98,458.03,1524.93,53.49,22.41,19.1,4.78,273.63,P012,EQ015
2025-09-08 00:30:00,1219.24,238.78,178262.32,6537.39,512.76,1519.46,54.04,22.28,19.11,4.93,389.1,P011,EQ022
2025-09-08 00:40:00,1240.55,253.34,183859.31,6218.53,545.71,1479.97,42.92,21.09,18.98,5.47,276.11,P006,EQ029
2025-09-08 00:50:00,1170.99,256.38,173938.78,6176.63,513.51,1503.38,43.9,23.03,19.14,4.47,326.31,P002,EQ036
2025-09-08 01:00:00,1230.97,243.64,169181.85,6385.8,482.26,1498.59,43.92,23.12,20.47,4.93,397.77,P013,EQ043
2025-09-08 01:10:00,1253.54,252.56,177014.9,6474.35,500.02,1525.02,47.38,22.85,19.29,4.81,270.83,P013,EQ050
2025-09-08 01:20:00,1171.71,227.95,177529.39,6245.67,527.62,1518.25,48.31,22.71,20.48,5.3,324.1,P006,EQ001
2025-09-08 01:30:00,1168.74,256.2,180588.92,6451.33,511.75,1488.37,61.03,22.85,19.77,5.41,333.1,P006,EQ008
2025-09-08 01:40:00,1195.73,255.02,178637.8,6808.24,490.11,1539.79,54.92,23.01,20.84,5.33,320.11,P009,EQ015
2025-09-08 01:50:00,1214.08,252.27,182372.98,6572.77,525.29,1479.77,57.67,22.41,21.47,5.18,269.47,P015,EQ022
2025-09-08 02:00:00,1198.68,261.55,170707.3,6144.49,471.13,1525.36,46.26,21.45,20.96,5.15,262.93,P005,EQ029
2025-09-08 02:10:00,1177.99,249.24,172791.58,6671.27,513.72,1481.38,43.58,20.41,20.55,5.21,309.72,P012,EQ036
2025-09-08 02:20:00,1206.44,236.84,168912.26,6658.56,420.53,1509.87,47.87,21.59,22.22,5.19,357.83,P009,EQ043
2025-09-08 02:30:00,1205.8,248.21,167965.67,6270.08,447.85,1497.64,43.41,21.93,19.61,5.17,311.62,P007,EQ050
2025-09-08 02:40:00,1203.75,246.62,174272.11,6306.26,512.13,1499.89,60.35,23.09,20.19,5.35,373.5,P002,EQ001
2025-09-08 02:50:00,1166.24,241.47,167926.76,6660.02,521.15,1479.96,55.36,22.36,18.93,4.95,268.8,P006,EQ008
2025-09-08 03:00:00,1193.14,278.32,174000.31,6644.16,502.23,1534.14,46.43,22.84,19.99,4.85,346.35,P008,EQ015
2025-09-08 03:10:00,1202.74,274.33,178459.46,6370.42,478.71,1519.03,56.26,21.26,19.14,4.8,319.87,P009,EQ022
2025-09-08 03:20:00,1166.01,259.5,176200.24,6408.33,449.51,1491.89,44.46,22.73,20.5,5.18,301.68,P015,EQ029
2025-09-08 03:30:00,1194.02,262.67,179556.68,6602.46,539.08,1497.25,44.21,20.73,21.65,4.64,374.36,P009,EQ036
2025-09-08 03:40:00,1215.15,250.74,174466.19,6753.46,544.75,1485.99,50.92,22.19,18.61,5.19,345.97,P003,EQ043
2025-09-08 03:50:00,1215.96,249.49,182505.21,6167.48,523.14,1489.41,44.78,22.73,19.88,4.85,365.17,P003,EQ050
2025-09-08 04:00:00,1251.28,230.73,169188.83,6349.44,509.12,1499.78,49.67,21.07,19.03,5.1,314.89,P015,EQ001
2025-09-08 04:10:00,1145.88,258.84,173608.6,6720.85,512.67,1509.53,51.11,19.78,20.39,4.95,380.23,P014,EQ008
2025-09-08 04:20:00,1231.9,237.72,170048.6,6711.24,476.59,1514.77,43.35,21.93,20.42,4.95,268.62,P003,EQ015
2025-09-08 04:30:00,1191.97,263.1,165186.77,6332.68,449.29,1481.46,46.05,22.39,19.74,5.17,295.62,P003,EQ022
2025-09-08 04:40:00,1234.21,271.55,173548.66,5900.9,508.88,1523.47,43.84,21.37,20.66,5.14,298.4,P012,EQ029
2025-09-08 04:50:00,1217.64,258.13,165350.67,6655.86,483.95,1543.4,58.35,21.88,21.32,4.8,283.82,P009,EQ036
2025-09-08 05:00:00,1212.92,257.91,179438.61,6215.48,563.78,1507.38,56.03,21.69,20.04,4.97,384.24,P014,EQ043
2025-09-08 05:10:00,1203.4,247.02,178460.42,6956.46,456.1,1485.96,40.65,21.75,19.87,5.14,261.83,P004,EQ050
2025-09-08 05:20:00,1184.31,222.13,170001.05,6572.83,495.08,1539.85,58.1,21.93,20.7,5.19,345.26,P009,EQ001
2025-09-08 05:30:00,1246.83,262.69,174369.05,6323.77,475.91,1499.29,45.91,21.12,20.26,4.54,291.17,P011,EQ008
2025-09-08 05:40:00,1172.98,281.33,164396.69,6688.69,507.19,1483.19,54.0,20.77,20.19,4.94,295.42,P009,EQ015
2025-09-08 05:50:00,1197.48,248.58,178169.3,6647.26,542.05,1489.54,49.73,22.57,20.64,4.55,264.01,P011,EQ022
2025-09-08 06:00:00,1195.94,259.77,183725.3,6154.76,531.12,1473.99,51.87,22.01,19.36,4.93,275.3,P010,EQ029
2025-09-08 06:10:00,1213.63,264.05,174598.65,6694.99,463.05,1485.66,42.72,22.14,20.36,5.23,273.13,P011,EQ036
2025-09-08 06:20:00,1202.83,262.39,166113.77,6533.46,478.02,1511.78,47.76,22.05,21.57,5.4,343.67,P015,EQ043
2025-09-08 06:30:00,1200.77,237.66,179354.44,6466.05,492.22,1491.54,45.73,22.19,21.17,5.3,340.77,P014,EQ050
2025-09-08 06:40:00,1185.52,225.18,166010.18,6536.87,469.15,1501.4,50.39,22.83,17.9,4.97,388.59,P001,EQ001
2025-09-08 06:50:00,1202.18,244.8,175531.69,6345.7,487.68,1518.16,45.29,22.36,20.67,4.88,373.79,P001,EQ008
2025-09-08 07:00:00,1196.26,236.46,176792.54,6343.89,467.0,1514.0,51.7,22.59,18.28,4.48,262.18,P011,EQ015
2025-09-08 07:10:00,1179.68,241.24,174207.31,6475.42,490.62,1464.53,56.59,22.84,21.45,4.73,365.65,P005,EQ022
2025-09-08 07:20:00,1158.63,242.86,170291.36,6477.83,505.58,1511.08,40.34,21.56,20.23,5.53,347.67,P013,EQ029
2025-09-08 07:30:00,1222.79,242.83,176742.71,6817.62,507.56,1498.0,61.78,22.3,20.81,5.18,335.82,P010,EQ036
2025-09-08 07:40:00,1182.55,250.83,173851.26,6637.11,503.17,1485.07,49.64,22.51,20.31,4.57,345.85,P008,EQ043
2025-09-08 07:50:00,1233.46,268.09,174736.01,6583.59,542.93,1514.33,50.4,20.97,21.88,5.05,383.35,P009,EQ050
2025-09-08 08:00:00,1186.39,244.73,174213.82,6146.63,514.04,1525.63,48.32,22.82,19.78,4.99,293.45,P005,EQ001
2025-09-08 08:10:00,1196.96,259.98,174345.91,6791.03,475.51,1502.97,60.88,23.44,18.93,4.87,322.44,P013,EQ008
2025-09-08 08:20:00,1230.97,239.85,175031.52,6537.25,470.0,1500.37,45.62,22.9,20.55,5.13,371.1,P007,EQ015
2025-09-08 08:30:00,1229.83,247.66,175538.8,6690.99,460.3,1488.91,45.49,23.58,20.44,4.98,294.62,P002,EQ022
2025-09-08 08:40:00,1229.16,276.23,171215.4,6509.7,526.21,1521.48,42.1,22.27,19.34,4.91,353.29,P003,EQ029
2025-09-08 08:50:00,1202.5,238.64,173290.07,6668.24,515.45,1514.29,45.32,21.59,21.53,5.02,315.94,P008,EQ036
2025-09-08 09:00:00,1201.69,223.32,170843.84,6451.03,484.73,1485.61,48.46,20.84,21.98,4.27,319.67,P006,EQ043
2025-09-08 09:10:00,1212.32,253.46,173478.66,6315.65,500.77,1488.12,49.96,21.4,17.53,5.31,341.0,P006,EQ050
2025-09-08 09:20:00,1230.58,253.83,179307.03,6816.77,450.28,1502.67,45.17,21.71,19.69,5.31,379.22,P006,EQ001
2025-09-08 09:30:00,1181.41,282.58,172297.51,6282.18,478.32,1487.24,48.38,21.55,19.33,4.97,360.13,P014,EQ008
2025-09-08 09:40:00,1164.17,234.41,171224.64,6481.52,431.52,1510.84,57.16,21.29,20.32,4.87,301.81,P007,EQ015
2025-09-08 09:50:00,1144.24,245.7,180178.44,6512.8,506.55,1506.04,54.28,21.88,20.59,5.43,269.61,P006,EQ022
2025-09-08 10:00:00,1173.85,246.84,180213.82,6584.26,515.45,1515.46,46.67,21.74,18.42,4.5,327.25,P002,EQ029
2025-09-08 10:10:00,1191.44,277.48,179477.92,6304.62,485.59,1526.29,46.85,22.44,18.58,4.89,297.87,P008,EQ036
2025-09-08 10:20:00,1215.25,254.04,174508.69,6339.09,498.87,1509.26,51.93,20.73,20.09,4.73,268.38,P008,EQ043
2025-09-08 10:30:00,1205.53,230.1,173454.72,6857.64,530.79,1478.51,47.01,22.1,20.63,4.12,287.19,P002,EQ050
2025-09-08 10:40:00,1245.44,264.69,176816.96,6595.53,518.7,1487.47,51.3,21.8,18.93,4.98,257.59,P007,EQ001
2025-09-08 10:50:00,1186.38,238.51,172502.35,6499.76,472.86,1492.82,45.73,22.75,19.54,5.34,379.62,P007,EQ008
2025-09-08 11:00:00,1138.97,244.04,181825.1,6082.63,553.52,1487.28,47.7,20.14,18.92,4.87,287.24,P014,EQ015
2025-09-08 11:10:00,1211.06,227.87,170003.65,6423.9,496.07,1503.69,46.28,22.84,19.22,4.58,385.35,P014,EQ022
2025-09-08 11:20:00,1208.67,268.72,186838.69,6493.75,486.07,1508.46,49.99,21.85,18.86,5.13,299.12,P010,EQ029
2025-09-08 11:30:00,1225.85,250.46,178982.61,6606.96,498.4,1545.11,48.98,21.84,19.82,5.34,358.17,P004,EQ036
2025-09-08 11:40:00,1244.51,256.3,174866.29,6780.17,554.94,1493.28,57.48,20.26,21.41,4.99,364.47,P008,EQ043
2025-09-08 11:50:00,1166.08,251.03,180889.69,6264.23,502.96,1494.78,60.43,22.38,20.93,5.4,399.4,P008,EQ050
2025-09-08 12:00:00,1210.98,244.22,166540.13,6687.22,540.11,1509.83,52.09,22.17,17.25,4.77,324.81,P005,EQ001
2025-09-08 12:10:00,1214.22,269.44,184475.83,6539.86,515.15,1485.77,47.25,19.9,17.95,4.63,324.61,P002,EQ008
2025-09-08 12:20:00,1129.1,246.35,167175.64,6717.99,494.68,1493.58,52.68,20.95,19.94,4.88,391.78,P009,EQ015
2025-09-08 12:30:00,1177.42,254.19,176880.19,6725.11,523.14,1529.34,50.21,21.93,19.86,5.28,318.58,P004,EQ022
2025-09-08 12:40:00,1178.87,266.32,172860.51,6256.1,485.49,1502.29,56.81,22.87,20.53,5.37,282.27,P006,EQ029
2025-09-08 12:50:00,1250.01,244.54,175843.99,6364.04,491.29,1505.84,49.39,21.26,20.75,4.63,257.3,P005,EQ036
2025-09-08 13:00:00,1215.91,244.33,175097.77,6393.33,544.33,1510.29,51.2,22.49,19.71,5.2,324.23,P015,EQ043
2025-09-08 13:10:00,1223.54,278.8,176848.13,6649.97,492.39,1485.17,43.44,22.08,19.17,5.35,376.43,P011,EQ050
2025-09-08 13:20:00,1159.74,256.59,175671.98,6452.34,515.03,1482.99,46.66,21.84,19.73,4.74,320.59,P009,EQ001
2025-09-08 13:30:00,1219.98,225.18,177048.84,6799.18,443.55,1499.11,50.6,21.58,20.11,4.77,251.23,P002,EQ008
2025-09-08 13:40:00,1192.57,250.76,180487.53,6694.25,506.4,1510.11,45.88,21.5,19.04,5.28,314.64,P015,EQ015
2025-09-08 13:50:00,1245.58,254.92,168070.41,6206.78,531.34,1501.04,46.33,23.24,21.79,5.39,289.67,P006,EQ022
2025-09-08 14:00:00,1188.35,265.78,175409.41,6538.61,512.04,1479.43,45.25,21.51,18.47,5.34,364.58,P006,EQ029
2025-09-08 14:10:00,1199.53,264.5,171048.75,6756.54,475.28,1550.54,56.09,20.82,20.97,4.79,256.79,P001,EQ036
2025-09-08 14:20:00,1154.5,262.32,179849.98,6442.29,535.37,1504.28,59.22,21.02,22.34,4.84,335.54,P004,EQ043
2025-09-08 14:30:00,1225.58,288.11,175030.66,6394.5,462.03,1543.96,54.23,21.84,20.18,4.46,304.38,P005,EQ050
2025-09-08 14:40:00,1182.57,252.31,177824.6,6500.6,518.84,1488.64,53.21,22.36,20.13,5.12,261.03,P009,EQ001
2025-09-08 14:50:00,1201.51,272.78,177738.16,6340.28,472.7,1502.61,42.51,22.28,19.3,4.37,317.55,P009,EQ008
2025-09-08 15:00:00,1172.25,225.33,172695.48,6173.35,512.97,1505.94,50.22,21.47,20.31,4.37,291.96,P010,EQ015
2025-09-08 15:10:00,1220.62,228.01,170548.0,6591.31,531.27,1510.08,49.6,20.67,20.24,5.4,352.06,P002,EQ022
2025-09-08 15:20:00,1203.22,235.69,170019.64,6814.56,461.53,1478.63,56.19,21.26,20.42,5.15,269.3,P002,EQ029
2025-09-08 15:30:00,1207.74,265.57,171112.45,6746.44,478.06,1507.37,42.97,23.21,22.46,5.16,309.09,P013,EQ036
2025-09-08 15:40:00,1184.2,254.23,171090.41,6154.58,487.84,1501.82,49.1,21.57,21.17,4.59,398.02,P009,EQ043
2025-09-08 15:50:00,1226.22,251.01,170610.14,6410.97,466.77,1506.48,54.91,21.75,20.11,4.75,390.84,P013,EQ050
2025-09-08 16:00:00,1197.69,271.24,167838.05,6281.69,472.42,1505.94,45.55,22.15,19.07,4.94,271.64,P010,EQ001
2025-09-08 16:10:00,1218.65,208.89,170179.72,6461.07,492.2,1489.84,43.93,23.99,19.44,4.89,326.37,P009,EQ008
2025-09-08 16:20:00,1218.61,227.67,173485.3,6517.61,496.98,1509.98,45.23,22.06,21.17,4.71,256.04,P001,EQ015
2025-09-08 16:30:00,1199.6,263.61,172356.34,6854.45,481.85,1496.67,49.42,22.15,19.36,5.38,270.56,P006,EQ022
2025-09-08 16:40:00,1176.75,242.02,182975.7,6574.71,500.11,1508.38,56.67,22.9,19.29,4.76,370.59,P009,EQ029
2025-09-08 16:50:00,1187.61,289.6,173600.98,6361.23,526.03,1466.24,49.34,20.79,19.61,5.03,318.55,P010,EQ036
2025-09-08 17:00:00,1188.22,256.06,182050.71,6458.67,521.71,1486.75,52.01,21.95,21.49,4.78,383.97,P003,EQ043
2025-09-08 17:10:00,1194.36,251.49,178666.82,6452.71,464.4,1466.05,52.77,21.09,20.49,5.13,299.19,P010,EQ050
2025-09-08 17:20:00,1198.24,262.72,165225.36,6465.42,502.11,1535.8,46.02,22.8,20.07,4.68,297.78,P007,EQ001
2025-09-08 17:30:00,1198.98,223.97,173747.26,6794.16,447.91,1473.2,48.26,21.28,19.84,5.03,398.59,P012,EQ008
2025-09-08 17:40:00,1186.42,254.05,174277.04,6768.86,525.95,1497.36,50.17,22.19,19.84,5.1,376.39,P010,EQ015
2025-09-08 17:50:00,1188.85,273.0,178095.95,6264.23,482.26,1486.62,41.16,23.48,20.91,5.02,300.46,P014,EQ022
2025-09-08 18:00:00,1181.49,263.37,166997.17,6578.03,511.36,1530.0,48.21,21.32,21.92,5.12,326.46,P008,EQ029
2025-09-08 18:10:00,1241.52,245.73,170735.38,6430.81,522.89,1555.86,47.17,22.61,19.4,5.41,356.31,P005,EQ036
2025-09-08 18:20:00,1241.29,253.88,177325.54,6661.28,409.74,1527.61,63.32,22.39,18.91,4.88,321.23,P001,EQ043
2025-09-08 18:30:00,1206.48,283.66,179625.26,6701.28,507.94,1492.68,53.08,25.05,19.43,4.92,305.25,P011,EQ050
2025-09-08 18:40:00,1228.11,271.88,174506.45,6298.44,458.0,1518.14,44.11,22.67,19.6,5.26,266.44,P007,EQ001
2025-09-08 18:50:00,1249.12,269.21,183206.0,6416.25,484.65,1522.56,42.29,23.24,18.88,5.01,337.56,P013,EQ008
2025-09-08 19:00:00,1215.09,235.45,177776.38,6442.45,491.16,1523.95,47.19,22.96,21.02,5.58,384.82,P014,EQ015
2025-09-08 19:10:00,1167.55,264.6,180071.61,6466.89,472.72,1479.0,54.48,23.06,21.35,5.0,353.21,P001,EQ022
2025-09-08 19:20:00,1191.9,214.04,173277.98,6635.14,469.26,1490.47,54.04,22.52,19.91,4.38,339.54,P005,EQ029
2025-09-08 19:30:00,1178.45,234.34,181372.25,6205.1,515.22,1516.3,52.19,21.56,22.08,4.74,395.06,P013,EQ036
2025-09-08 19:40:00,1188.98,261.21,177683.54,6416.14,478.17,1503.62,37.95,20.17,20.78,4.23,395.81,P010,EQ043
2025-09-08 19:50:00,1185.44,249.99,171438.83,6390.92,515.49,1494.33,37.55,22.6,20.26,5.0,336.65,P012,EQ050
2025-09-08 20:00:00,1173.27,222.99,184950.29,6488.83,528.17,1508.89,49.5,23.58,21.25,5.36,257.7,P008,EQ001
2025-09-08 20:10:00,1177.66,235.2,180661.4,6534.0,496.25,1483.54,42.54,23.11,20.11,4.72,275.58,P011,EQ008
2025-09-08 20:20:00,1192.52,232.44,171880.77,6329.11,511.99,1507.9,49.27,23.86,20.01,4.85,358.18,P013,EQ015
2025-09-08 20:30:00,1215.09,263.52,169089.41,6873.4,505.82,1486.82,55.87,22.82,21.91,5.29,376.18,P003,EQ022
2025-09-08 20:40:00,1177.55,250.59,174737.35,6667.0,450.37,1511.99,47.98,20.77,18.6,4.72,373.25,P004,EQ029
2025-09-08 20:50:00,1214.79,259.92,175871.59,6689.36,483.81,1512.6,52.76,21.8,19.24,4.75,254.74,P012,EQ036
2025-09-08 21:00:00,1176.69,254.63,174696.64,6191.99,515.1,1513.24,44.69,22.95,20.68,5.04,266.48,P001,EQ043
2025-09-08 21:10:00,1187.02,268.78,174527.26,6819.07,497.15,1433.39,44.24,22.77,20.44,5.24,316.16,P007,EQ050
2025-09-08 21:20:00,1232.73,274.37,173096.51,6678.11,522.93,1482.75,52.97,23.07,20.96,5.57,272.71,P012,EQ001
2025-09-08 21:30:00,1272.41,253.25,172641.37,6643.89,503.89,1515.94,51.55,20.26,19.45,4.77,280.58,P009,EQ008
2025-09-08 21:40:00,1135.9,258.37,182960.51,6287.39,529.68,1471.17,46.44,21.89,20.43,5.42,366.25,P015,EQ015
2025-09-08 21:50:00,1189.0,254.07,174106.53,6565.48,464.95,1491.87,49.44,19.97,20.33,4.98,320.74,P014,EQ022
2025-09-08 22:00:00,1179.31,245.39,174687.22,6827.77,483.9,1473.05,50.24,23.53,19.72,5.02,360.38,P001,EQ029
2025-09-08 22:10:00,1170.58,237.96,177725.79,6570.51,505.28,1493.66,54.99,21.3,20.67,5.08,355.87,P009,EQ036
2025-09-08 22:20:00,1166.01,239.85,168951.31,6555.25,505.16,1482.81,47.8,21.51,20.31,5.08,281.1,P006,EQ043
2025-09-08 22:30:00,1212.17,267.74,176260.86,6725.59,464.09,1488.86,51.56,21.63,21.31,4.66,399.72,P008,EQ050
2025-09-08 22:40:00,1218.46,275.54,170846.42,6354.61,550.28,1500.1,45.32,21.31,20.53,5.32,328.82,P006,EQ001
2025-09-08 22:50:00,1126.5,246.71,171916.69,6882.54,500.15,1516.05,46.02,21.68,17.44,5.3,393.5,P008,EQ008
2025-09-08 23:00:00,1232.69,244.2,169298.55,6990.98,482.4,1502.2,54.87,22.43,19.23,5.64,386.82,P006,EQ015
2025-09-08 23:10:00,1159.93,257.47,171917.25,6469.5,509.16,1466.62,51.35,23.15,19.48,5.33,331.94,P011,EQ022
2025-09-08 23:20:00,1220.22,257.63,169975.45,6334.74,509.87,1509.63,50.9,20.25,20.82,4.67,365.8,P012,EQ029
2025-09-08 23:30:00,1241.42,281.37,182228.61,6465.6,512.58,1466.24,48.59,24.31,18.06,5.1,352.11,P013,EQ036
2025-09-08 23:40:00,1194.45,257.92,172653.31,6661.67,499.01,1478.15,45.54,22.45,18.53,5.25,354.0,P010,EQ043
2025-09-08 23:50:00,1134.95,272.38,169518.1,6787.84,550.58,1494.66,57.75,22.19,20.41,5.46,322.63,P004,EQ050
2025-09-09 00:00:00,1191.94,263.93,171140.98,6818.4,482.4,1522.78,51.09,22.66,18.03,4.99,291.85,P005,EQ001
2025-09-09 00:10:00,1217.53,256.96,172389.82,6703.38,493.93,1477.83,51.51,21.94,19.18,4.61,283.73,P005,EQ008
2025-09-09 00:20:00,1229.14,240.61,173714.02,6768.35,490.19,1506.54,47.43,21.38,18.45,5.5,365.68,P012,EQ015
2025-09-09 00:30:00,1212.35,255.17,174995.16,6322.83,504.9,1479.59,51.65,22.47,19.8,5.19,281.09,P012,EQ022
2025-09-09 00:40:00,1219.15,255.91,167388.64,6350.3,497.52,1524.56,49.73,22.2,20.05,4.89,323.35,P008,EQ029
2025-09-09 00:50:00,1210.58,226.95,171167.26,6860.72,526.97,1487.8,52.39,21.58,18.91,5.07,302.32,P015,EQ036
2025-09-09 01:00:00,1177.51,269.57,173907.03,6352.77,499.9,1495.67,53.77,22.7,19.08,5.21,390.17,P012,EQ043
2025-09-09 01:10:00,1235.12,255.47,180118.11,6375.4,532.0,1502.18,55.8,22.24,20.53,4.49,291.02,P002,EQ050
2025-09-09 01:20:00,1160.81,250.98,169591.51,6256.55,425.59,1478.42,51.18,20.79,20.58,4.45,336.02,P009,EQ001
2025-09-09 01:30:00,1257.8,267.77,162874.43,6098.59,500.61,1465.86,46.35,22.34,18.03,5.19,306.95,P007,EQ008
2025-09-09 01:40:00,1196.98,228.3,181476.65,6627.98,480.35,1520.7,46.73,20.27,19.81,5.03,372.76,P013,EQ015
2025-09-09 01:50:00,1196.98,249.23,175460.62,6465.58,504.91,1520.86,49.8,22.71,19.59,4.76,370.69,P005,EQ022
2025-09-09 02:00:00,1157.16,255.82,175816.22,6240.61,462.22,1532.62,51.93,21.57,20.1,4.8,256.31,P012,EQ029
2025-09-09 02:10:00,1202.88,253.14,167262.17,6269.37,506.88,1475.5,54.27,21.75,19.71,5.2,261.85,P015,EQ036
2025-09-09 02:20:00,1206.52,262.32,171465.42,6572.84,519.34,1494.55,48.33,22.43,20.87,4.81,316.36,P005,EQ043
2025-09-09 02:30:00,1214.68,237.44,167253.16,6613.87,498.14,1480.47,45.23,22.33,20.27,5.28,362.1,P004,EQ050
2025-09-09 02:40:00,1205.22,243.91,180013.74,6894.19,497.56,1489.94,50.11,21.49,18.64,5.03,280.31,P009,EQ001
2025-09-09 02:50:00,1199.95,236.9,180257.65,7040.89,508.72,1482.03,49.92,22.49,19.88,5.01,290.67,P009,EQ008
2025-09-09 03:00:00,1209.99,235.68,177925.85,6353.9,553.81,1487.27,41.12,22.78,18.74,6.15,354.43,P003,EQ015
2025-09-09 03:10:00,1237.17,260.9,170657.11,6644.29,522.93,1495.17,47.34,21.29,20.48,5.18,266.38,P012,EQ022
2025-09-09 03:20:00,1185.58,246.9,179301.04,6755.76,500.82,1492.91,53.24,20.1,19.49,4.75,338.02,P004,EQ029
2025-09-09 03:30:00,1184.89,254.48,180495.61,6914.67,548.21,1492.88,51.17,21.41,20.35,4.9,257.61,P015,EQ036
2025-09-09 03:40:00,1218.41,265.0,172582.78,6763.03,519.8,1491.5,46.22,23.58,18.97,5.55,329.66,P011,EQ043
2025-09-09 03:50:00,1259.43,256.49,176321.03,6468.11,470.98,1518.86,47.1,21.91,22.12,5.06,284.93,P002,EQ050
2025-09-09 04:00:00,1274.83,274.45,179322.59,6647.51,558.75,1495.89,47.38,21.88,18.87,4.74,312.0,P012,EQ001
2025-09-09 04:10:00,1187.28,265.65,177146.43,6439.97,484.12,1484.13,44.0,20.96,18.35,5.07,320.86,P011,EQ008
2025-09-09 04:20:00,1211.85,242.05,175505.27,6603.51,520.05,1494.93,51.94,22.22,18.28,5.36,365.61,P001,EQ015
2025-09-09 04:30:00,1216.96,256.6,177930.1,6769.11,461.58,1547.56,47.03,20.94,18.17,4.71,394.68,P015,EQ022
2025-09-09 04:40:00,1200.99,242.04,168509.0,6638.47,438.46,1477.66,60.62,22.46,19.76,5.06,273.69,P011,EQ029
2025-09-09 04:50:00,1206.12,259.01,175820.74,6541.22,504.95,1488.58,47.13,23.17,19.09,5.03,390.25,P015,EQ036
2025-09-09 05:00:00,1161.83,230.0,170147.88,6397.7,509.16,1527.19,47.6,21.86,19.69,5.5,321.35,P011,EQ043
2025-09-09 05:10:00,1224.16,243.74,177996.45,6404.01,512.15,1478.35,42.97,21.55,19.55,4.76,279.92,P005,EQ050
2025-09-09 05:20:00,1189.24,249.35,170244.46,6714.61,515.2,1497.72,50.79,23.09,20.97,5.24,298.18,P011,EQ001
2025-09-09 05:30:00,1182.72,279.24,173122.8,6700.5,512.43,1499.18,53.97,21.12,18.1,5.43,258.87,P013,EQ008
2025-09-09 05:40:00,1219.75,249.91,176897.87,6380.4,548.51,1503.41,45.88,23.08,21.15,5.49,263.42,P010,EQ015
2025-09-09 05:50:00,1146.82,245.78,172647.08,6609.98,534.9,1491.98,48.38,22.33,20.72,5.37,284.83,P012,EQ022
2025-09-09 06:00:00,1157.45,230.47,175019.92,6385.13,538.47,1490.25,52.54,21.37,22.36,4.81,358.47,P015,EQ029
2025-09-09 06:10:00,1181.42,280.89,185424.19,6425.9,484.1,1502.16,50.12,21.99,19.99,5.38,255.59,P015,EQ036
2025-09-09 06:20:00,1174.35,281.46,165412.08,6169.86,528.73,1507.47,55.75,23.46,20.17,4.46,276.26,P015,EQ043
2025-09-09 06:30:00,1221.3,246.61,176630.03,6219.21,484.77,1508.29,50.97,21.67,20.78,4.94,375.64,P015,EQ050
2025-09-09 06:40:00,1212.03,245.19,174219.4,6020.31,518.78,1517.66,46.03,20.51,20.5,5.01,387.95,P014,EQ001
2025-09-09 06:50:00,1194.77,256.47,171099.35,6336.86,486.51,1485.75,55.83,23.16,19.63,5.03,309.55,P008,EQ008
2025-09-09 07:00:00,1265.34,245.66,172835.73,6633.84,529.32,1498.52,51.9,21.69,18.7,5.08,277.95,P012,EQ015
2025-09-09 07:10:00,1232.78,233.86,177323.72,6175.94,502.22,1509.21,56.8,21.98,19.23,4.83,394.32,P015,EQ022
2025-09-09 07:20:00,1230.24,233.77,181660.6,6060.35,462.31,1513.47,52.68,21.39,19.87,4.76,293.42,P001,EQ029
2025-09-09 07:30:00,1199.62,267.86,166674.49,6684.05,512.43,1499.12,57.29,23.07,20.05,5.35,251.39,P010,EQ036
2025-09-09 07:40:00,1162.67,237.98,181919.19,6711.82,490.09,1475.21,52.53,21.17,17.74,4.92,340.42,P015,EQ043
2025-09-09 07:50:00,1169.88,263.69,167510.62,6308.98,537.65,1492.55,56.29,23.14,19.04,5.34,397.45,P005,EQ050
2025-09-09 08:00:00,1225.84,241.08,168515.25,6704.5,469.66,1528.85,53.91,20.95,17.65,4.9,318.15,P011,EQ001
2025-09-09 08:10:00,1216.31,230.54,176284.46,6207.04,538.31,1504.15,61.94,22.37,21.83,5.39,331.5,P008,EQ008
2025-09-09 08:20:00,1215.53,227.04,177236.29,6375.95,511.47,1483.3,53.73,21.88,19.7,5.03,383.39,P003,EQ015
2025-09-09 08:30:00,1111.1,261.95,174265.57,6854.1,513.0,1533.22,45.79,21.74,19.25,5.16,377.66,P008,EQ022
2025-09-09 08:40:00,1223.15,223.46,177798.54,6358.73,463.36,1478.08,51.85,21.38,20.22,4.88,290.93,P013,EQ029
2025-09-09 08:50:00,1192.48,228.91,172741.81,6716.44,511.5,1518.09,49.28,23.56,18.93,5.44,266.9,P003,EQ036
2025-09-09 09:00:00,1239.89,234.68,179270.85,6455.35,530.29,1517.02,56.52,21.16,18.44,4.81,359.67,P011,EQ043
2025-09-09 09:10:00,1170.65,246.4,173885.44,6374.6,534.12,1514.54,53.64,21.29,19.87,5.47,288.59,P003,EQ050
2025-09-09 09:20:00,1170.48,246.91,177058.33,6455.58,552.99,1489.99,53.17,21.46,19.63,4.95,252.11,P006,EQ001
2025-09-09 09:30:00,1232.43,249.94,181095.33,6563.86,488.11,1486.1,40.54,22.07,20.75,4.98,368.62,P010,EQ008
2025-09-09 09:40:00,1206.56,271.42,175167.74,6530.9,500.24,1504.09,42.74,20.76,18.91,5.19,351.16,P004,EQ015
2025-09-09 09:50:00,1171.85,243.58,178805.33,6284.59,456.19,1469.95,58.22,21.78,19.24,4.18,276.32,P014,EQ022
2025-09-09 10:00:00,1207.73,238.92,167642.86,6812.48,524.31,1493.22,42.15,23.97,21.32,5.44,345.81,P007,EQ029
2025-09-09 10:10:00,1222.51,249.03,172450.26,6474.99,552.16,1495.83,44.32,21.95,19.3,5.5,374.05,P009,EQ036
2025-09-09 10:20:00,1162.0,235.44,173543.68,6218.13,417.97,1480.67,43.62,22.28,21.31,5.14,299.19,P007,EQ043
2025-09-09 10:30:00,1167.89,250.29,177933.73,6464.43,464.3,1490.59,54.32,22.33,20.38,4.87,350.39,P003,EQ050
2025-09-09 10:40:00,1195.43,244.98,173737.87,6245.2,545.77,1489.52,48.68,20.87,19.32,4.31,397.25,P008,EQ001
2025-09-09 10:50:00,1220.81,249.1,169062.21,6573.7,487.75,1484.05,40.75,21.13,20.53,4.94,298.54,P004,EQ008
2025-09-09 11:00:00,1156.03,244.41,174770.27,6521.43,463.44,1479.94,48.41,22.39,21.37,4.94,251.02,P007,EQ015
2025-09-09 11:10:00,1152.27,245.48,174586.31,6349.62,459.35,1479.91,51.36,22.57,19.31,4.72,285.33,P013,EQ022
2025-09-09 11:20:00,1209.48,254.42,181161.56,6413.27,528.19,1493.77,43.55,22.85,20.59,5.21,290.05,P006,EQ029
2025-09-09 11:30:00,1223.16,257.96,172273.31,6103.64,480.84,1500.03,47.08,22.42,21.41,4.96,295.29,P012,EQ036
2025-09-09 11:40:00,1173.24,271.17,173996.22,6493.93,433.18,1464.93,54.5,22.35,21.26,5.67,335.93,P005,EQ043
2025-09-09 11:50:00,1197.15,249.74,174112.99,6531.38,531.96,1485.55,57.92,20.07,20.53,5.39,348.05,P012,EQ050
2025-09-09 12:00:00,1208.75,259.58,169287.29,6835.12,534.63,1485.88,40.58,21.06,19.44,4.41,285.45,P011,EQ001
2025-09-09 12:10:00,1207.49,257.65,175521.38,6454.94,536.16,1505.99,61.47,21.38,20.3,4.76,267.73,P005,EQ008
2025-09-09 12:20:00,1192.84,263.43,177559.48,6719.05,528.51,1486.23,36.3,19.91,22.07,4.66,273.96,P011,EQ015
2025-09-09 12:30:00,1234.07,241.8,170825.86,6640.18,528.39,1516.98,47.49,22.81,20.12,5.55,325.38,P015,EQ022
2025-09-09 12:40:00,1211.54,264.14,167986.86,6846.47,548.17,1482.64,56.61,21.16,20.24,4.88,383.17,P013,EQ029
2025-09-09 12:50:00,1156.07,247.25,172374.5,6721.18,467.07,1488.8,45.05,22.78,20.27,5.25,296.65,P002,EQ036
2025-09-09 13:00:00,1181.13,253.2,179950.94,6427.64,488.58,1503.29,52.32,22.07,18.73,4.85,345.81,P005,EQ043
2025-09-09 13:10:00,1167.81,293.93,176115.35,6159.59,488.41,1476.76,61.7,22.63,19.53,5.37,305.13,P004,EQ050
2025-09-09 13:20:00,1230.4,239.0,169811.35,6246.11,490.89,1498.67,48.95,22.61,20.32,4.98,282.87,P003,EQ001
2025-09-09 13:30:00,1227.84,222.85,174561.71,6256.94,512.58,1517.33,46.55,19.91,21.99,5.43,321.73,P008,EQ008
2025-09-09 13:40:00,1236.94,235.18,178025.52,6559.73,511.52,1527.55,61.24,22.22,20.42,5.44,362.16,P010,EQ015
2025-09-09 13:50:00,1202.6,249.33,175553.23,6865.94,542.31,1449.67,59.33,21.85,18.68,5.41,306.04,P012,EQ022
2025-09-09 14:00:00,1215.93,252.3,175178.65,6797.13,523.19,1485.83,40.98,21.14,19.52,4.86,332.39,P008,EQ029
2025-09-09 14:10:00,1235.44,233.08,173915.88,6803.13,473.23,1510.42,48.11,24.12,20.47,4.68,363.6,P013,EQ036
2025-09-09 14:20:00,1165.96,237.61,168889.27,6688.45,458.0,1509.27,51.2,23.4,21.62,5.43,349.61,P004,EQ043
2025-09-09 14:30:00,1180.96,250.69,169399.2,6923.9,498.15,1530.2,54.57,21.57,19.2,4.94,364.28,P011,EQ050
2025-09-09 14:40:00,1186.99,246.93,181805.52,6753.71,554.82,1467.38,44.47,21.6,22.3,5.71,363.21,P014,EQ001
2025-09-09 14:50:00,1185.84,251.4,176265.68,6875.05,520.36,1531.08,51.29,21.3,19.2,4.79,368.11,P009,EQ008
2025-09-09 15:00:00,1225.24,265.8,186260.12,6618.82,502.04,1487.13,51.08,22.85,17.79,4.69,317.01,P012,EQ015
2025-09-09 15:10:00,1160.07,280.88,179093.39,6412.43,513.16,1527.38,47.76,22.36,19.91,5.11,304.27,P015,EQ022
2025-09-09 15:20:00,1207.95,259.02,172063.49,6319.92,507.86,1494.51,50.16,23.23,19.48,4.94,334.63,P001,EQ029
2025-09-09 15:30:00,1209.99,248.86,172953.35,6311.59,459.31,1494.07,55.6,24.04,19.62,5.12,374.32,P015,EQ036
2025-09-09 15:40:00,1217.4,256.64,170278.56,6674.66,520.0,1468.48,52.6,22.49,19.11,4.72,325.82,P010,EQ043
2025-09-09 15:50:00,1238.8,259.72,184964.94,6249.88,484.99,1487.14,45.92,21.27,19.98,4.55,330.5,P003,EQ050
2025-09-09 16:00:00,1179.02,241.03,180493.1,6483.37,515.13,1494.41,45.4,21.79,20.88,5.34,299.22,P009,EQ001
2025-09-09 16:10:00,1235.92,284.89,185335.57,6497.77,495.83,1503.03,50.95,21.48,18.47,5.12,316.28,P011,EQ008
2025-09-09 16:20:00,1179.2,247.23,167175.93,6720.75,456.87,1538.07,45.43,22.49,19.89,4.68,280.81,P010,EQ015
2025-09-09 16:30:00,1178.2,259.2,172681.28,6679.21,496.6,1486.61,50.67,22.64,20.69,5.57,323.32,P015,EQ022
2025-09-09 16:40:00,1177.52,232.46,180107.38,6352.26,502.7,1479.59,47.86,21.46,20.3,5.11,326.56,P013,EQ029
2025-09-09 16:50:00,1185.39,239.64,179294.41,6200.54,493.08,1495.47,51.3,23.24,20.54,5.25,258.35,P003,EQ036
2025-09-09 17:00:00,1181.2,248.96,167794.16,6607.92,466.45,1519.48,48.79,23.64,19.46,4.93,326.99,P008,EQ043
2025-09-09 17:10:00,1157.29,265.14,176657.71,6694.91,440.8,1507.89,57.89,23.69,19.06,5.64,334.59,P009,EQ050
2025-09-09 17:20:00,1162.77,234.14,180339.91,6288.85,502.92,1491.76,59.94,22.11,21.85,5.19,319.36,P013,EQ001
2025-09-09 17:30:00,1174.97,279.79,175831.32,6609.33,513.24,1537.3,42.86,23.66,18.38,4.72,296.23,P001,EQ008
2025-09-09 17:40:00,1153.79,253.65,174428.35,6589.66,440.32,1483.7,52.99,22.85,18.64,4.92,309.39,P014,EQ015
2025-09-09 17:50:00,1220.73,265.95,160955.94,6608.74,476.1,1459.78,57.3,21.78,20.66,5.26,250.45,P004,EQ022
2025-09-09 18:00:00,1200.58,241.91,171420.03,6632.87,502.89,1503.52,46.5,20.29,21.2,4.83,336.75,P001,EQ029
2025-09-09 18:10:00,1226.4,278.91,186893.58,6410.17,442.95,1483.03,60.4,21.84,20.49,5.07,313.55,P012,EQ036
2025-09-09 18:20:00,1190.71,264.27,184285.55,7007.76,511.36,1471.24,54.27,21.79,19.41,4.29,259.56,P001,EQ043
2025-09-09 18:30:00,1235.34,260.16,175273.46,6465.84,524.17,1486.85,54.75,23.71,20.29,5.23,390.19,P002,EQ050
2025-09-09 18:40:00,1133.79,245.73,164154.6,6528.36,520.99,1504.74,48.1,23.02,19.74,5.04,397.92,P008,EQ001
2025-09-09 18:50:00,1200.0,224.67,173025.42,6521.29,484.94,1496.65,56.93,21.81,19.98,4.94,254.76,P007,EQ008
2025-09-09 19:00:00,1152.41,272.16,174013.14,6537.06,478.16,1472.75,45.38,23.55,21.06,4.58,277.0,P003,EQ015
2025-09-09 19:10:00,1177.08,257.56,182460.89,6388.1,467.11,1492.51,48.84,24.2,20.37,4.94,364.87,P012,EQ022
2025-09-09 19:20:00,1186.8,238.64,172549.13,6494.58,520.25,1466.37,51.54,22.25,19.6,5.12,346.88,P007,EQ029
2025-09-09 19:30:00,1216.56,225.29,175456.05,6478.96,554.22,1503.06,54.75,20.99,20.78,5.35,306.17,P015,EQ036
2025-09-09 19:40:00,1223.03,237.94,181146.98,6249.13,512.04,1506.29,49.05,21.36,19.99,4.88,307.37,P014,EQ043
2025-09-09 19:50:00,1261.87,270.1,183852.54,6508.55,501.02,1506.37,53.86,22.42,18.88,4.94,387.57,P007,EQ050
2025-09-09 20:00:00,1228.99,292.16,172470.55,6421.05,489.33,1529.18,51.18,21.73,20.04,5.03,306.35,P011,EQ001
2025-09-09 20:10:00,1208.95,258.9,178864.02,6696.42,545.87,1494.71,49.42,21.62,20.34,5.24,394.62,P014,EQ008
2025-09-09 20:20:00,1217.84,249.55,170579.96,6298.7,471.35,1485.84,48.84,23.03,20.74,4.56,330.9,P011,EQ015
2025-09-09 20:30:00,1157.05,245.83,178731.25,6469.72,500.3,1492.69,54.24,22.35,19.85,4.59,379.04,P002,EQ022
2025-09-09 20:40:00,1205.05,244.42,175718.61,6183.92,549.4,1502.49,55.66,22.7,20.82,4.86,276.77,P009,EQ029
2025-09-09 20:50:00,1181.04,229.5,178571.83,6562.77,517.55,1481.49,49.72,20.86,18.3,5.0,308.96,P003,EQ036
2025-09-09 21:00:00,1156.38,301.76,177437.52,6747.55,526.99,1504.95,44.57,22.24,21.72,4.73,359.18,P004,EQ043
2025-09-09 21:10:00,1232.98,247.1,179419.3,6370.02,531.36,1525.96,49.03,22.11,20.56,5.2,375.22,P013,EQ050
2025-09-09 21:20:00,1242.34,248.64,174323.76,6519.8,511.35,1471.54,53.13,23.19,20.18,5.12,253.41,P005,EQ001
2025-09-09 21:30:00,1186.74,255.4,174454.04,6535.73,480.11,1510.66,56.06,21.65,20.16,5.34,319.45,P012,EQ008
2025-09-09 21:40:00,1194.75,234.24,177790.66,6461.65,510.33,1498.65,51.81,21.91,19.49,5.31,331.67,P009,EQ015
2025-09-09 21:50:00,1194.63,260.65,183455.69,6374.23,495.81,1501.62,48.95,22.55,18.96,4.67,306.89,P004,EQ022
2025-09-09 22:00:00,1186.2,253.3,177796.09,6618.25,491.4,1464.17,53.16,21.28,20.35,4.98,287.13,P006,EQ029
2025-09-09 22:10:00,1170.54,255.09,176119.66,6671.99,506.32,1540.32,45.74,24.05,21.73,4.91,273.27,P004,EQ036
2025-09-09 22:20:00,1162.96,243.33,173397.12,6614.81,518.44,1512.63,41.05,20.03,20.18,5.4,390.61,P012,EQ043
2025-09-09 22:30:00,1204.52,277.67,169382.37,6516.14,535.62,1502.91,56.87,22.94,19.71,4.91,364.82,P001,EQ050
2025-09-09 22:40:00,1159.31,251.16,184756.41,6180.89,496.71,1521.74,51.52,20.26,19.91,5.16,371.42,P007,EQ001
2025-09-09 22:50:00,1206.03,245.72,175151.88,6783.14,473.89,1533.02,47.21,22.06,19.87,5.26,342.24,P015,EQ008
2025-09-09 23:00:00,1240.7,248.11,165919.41,6415.66,454.07,1460.09,47.93,21.71,19.83,4.51,382.56,P001,EQ015
2025-09-09 23:10:00,1218.22,275.27,173209.1,6846.4,450.93,1517.19,53.88,22.05,20.14,5.05,286.1,P002,EQ022
2025-09-09 23:20:00,1170.53,229.27,179921.85,6606.16,514.3,1493.93,45.52,21.09,18.6,4.72,265.13,P001,EQ029
2025-09-09 23:30:00,1218.7,257.51,173729.52,6808.92,482.87,1503.45,58.64,23.81,21.43,5.42,316.97,P011,EQ036
2025-09-09 23:40:00,1172.78,245.33,171816.96,6792.86,459.84,1491.28,46.96,21.2,19.12,5.51,355.49,P001,EQ043
2025-09-09 23:50:00,1223.89,252.63,169060.32,6396.09,507.56,1495.46,49.46,21.48,20.35,5.04,286.71,P001,EQ050
2025-09-10 00:00:00,1221.16,264.87,178403.93,6446.21,502.35,1446.45,47.29,22.88,20.01,4.65,310.34,P004,EQ001
2025-09-10 00:10:00,1164.87,244.88,171844.05,6343.8,531.38,1530.77,52.15,21.0,21.65,5.44,330.96,P013,EQ008
2025-09-10 00:20:00,1198.5,261.07,171078.06,6298.39,554.61,1512.46,50.23,22.29,20.14,5.21,379.56,P001,EQ015
2025-09-10 00:30:00,1234.84,274.83,170584.09,6499.35,501.67,1470.23,58.45,22.21,18.51,5.02,271.02,P005,EQ022
2025-09-10 00:40:00,1187.63,232.08,181462.77,6566.6,510.14,1525.56,57.77,22.07,19.16,4.86,285.12,P015,EQ029
2025-09-10 00:50:00,1214.44,244.65,176436.41,6741.18,542.67,1483.22,48.75,23.25,19.41,4.99,359.73,P006,EQ036
2025-09-10 01:00:00,1212.29,269.58,172747.02,6653.51,499.02,1510.05,49.73,22.24,18.84,4.74,336.62,P013,EQ043
2025-09-10 01:10:00,1169.48,248.87,175580.71,6553.52,516.64,1468.96,52.35,21.53,18.5,4.79,350.88,P006,EQ050
2025-09-10 01:20:00,1222.37,230.52,181984.72,6258.79,493.56,1505.13,45.46,21.08,20.57,4.85,285.54,P015,EQ001
2025-09-10 01:30:00,1174.22,249.1,175661.49,6623.55,482.23,1520.34,48.5,20.43,19.04,5.08,271.49,P011,EQ008
2025-09-10 01:40:00,1201.64,216.23,168313.61,6533.49,512.41,1471.52,51.86,21.85,20.02,5.0,328.19,P007,EQ015
2025-09-10 01:50:00,1209.43,250.94,178993.34,6511.27,532.56,1500.0,48.3,19.47,20.78,5.16,295.08,P001,EQ022
2025-09-10 02:00:00,1151.39,218.35,174752.68,6307.06,491.82,1528.61,49.61,22.26,20.4,5.11,333.51,P010,EQ029
2025-09-10 02:10:00,1132.92,259.3,186029.44,6453.49,531.06,1519.53,58.48,21.48,21.69,4.52,381.96,P015,EQ036
2025-09-10 02:20:00,1206.69,256.52,174131.36,6282.32,534.95,1479.83,49.85,22.21,19.67,4.96,276.27,P011,EQ043
2025-09-10 02:30:00,1192.53,240.24,171106.66,6616.87,531.07,1504.93,46.97,22.13,22.13,5.05,314.08,P008,EQ050
2025-09-10 02:40:00,1157.95,218.38,180610.1,6279.44,496.08,1486.79,49.19,23.48,20.63,4.96,257.03,P006,EQ001
2025-09-10 02:50:00,1179.76,224.59,176501.59,6498.43,445.44,1484.74,42.74,21.44,20.41,4.54,391.24,P011,EQ008
2025-09-10 03:00:00,1198.84,237.69,179064.67,6600.93,516.17,1477.35,42.47,23.54,19.81,4.63,307.17,P009,EQ015
2025-09-10 03:10:00,1181.59,269.34,169505.15,6645.36,440.33,1541.25,50.31,21.44,19.02,4.44,297.81,P007,EQ022
2025-09-10 03:20:00,1186.18,236.29,177063.9,6479.57,499.67,1510.88,56.41,21.34,18.81,5.11,311.24,P005,EQ029
2025-09-10 03:30:00,1173.3,221.47,168800.05,6872.66,516.7,1498.79,46.15,23.19,19.94,4.41,306.47,P013,EQ036
2025-09-10 03:40:00,1126.18,231.57,177449.51,6139.87,455.57,1522.58,61.17,19.92,18.84,4.9,330.69,P004,EQ043
2025-09-10 03:50:00,1179.53,244.75,163652.74,6351.11,497.06,1469.7,51.36,20.87,19.13,5.51,377.4,P005,EQ050
2025-09-10 04:00:00,1150.66,275.2,165847.43,6446.44,505.39,1518.25,43.01,22.91,21.12,5.27,378.63,P003,EQ001
2025-09-10 04:10:00,1145.51,258.17,177555.14,6420.96,553.29,1500.13,47.61,21.99,20.24,5.09,370.87,P015,EQ008
2025-09-10 04:20:00,1221.24,246.56,167239.25,6707.79,486.95,1497.65,50.43,21.8,20.5,5.03,258.64,P007,EQ015
2025-09-10 04:30:00,1220.4,273.86,178445.16,6566.27,529.93,1493.66,46.82,22.79,19.73,4.76,395.17,P009,EQ022
2025-09-10 04:40:00,1184.38,256.65,168987.8,6615.9,458.94,1503.73,55.61,22.3,20.86,5.05,329.5,P007,EQ029
2025-09-10 04:50:00,1245.71,254.51,178163.97,6349.3,486.78,1497.8,47.38,20.71,18.42,5.64,286.43,P004,EQ036
2025-09-10 05:00:00,1192.95,250.21,180610.99,6555.63,528.27,1487.34,48.0,21.89,19.74,4.53,299.54,P002,EQ043
2025-09-10 05:10:00,1229.18,242.25,174977.87,6351.34,507.89,1499.47,46.82,23.61,20.43,4.83,388.33,P014,EQ050
2025-09-10 05:20:00,1196.35,251.15,181894.36,6787.76,513.53,1454.04,44.45,22.4,18.5,5.11,305.66,P009,EQ001
2025-09-10 05:30:00,1147.89,272.06,174101.16,6448.01,460.13,1484.13,39.23,22.12,19.84,5.17,358.69,P004,EQ008
2025-09-10 05:40:00,1193.26,263.03,177238.11,6573.75,510.43,1488.63,49.47,22.01,20.29,4.46,257.73,P007,EQ015
2025-09-10 05:50:00,1242.77,235.55,178055.95,6534.58,475.62,1525.59,52.04,21.41,18.54,5.16,351.05,P010,EQ022
2025-09-10 06:00:00,1211.8,246.34,180265.48,6752.02,536.44,1491.54,45.58,22.36,19.94,4.94,255.93,P002,EQ029
2025-09-10 06:10:00,1154.42,246.36,173430.27,6428.93,476.07,1502.66,45.1,21.63,20.72,5.09,278.22,P013,EQ036
2025-09-10 06:20:00,1226.77,245.53,165870.1,6760.71,551.0,1477.4,52.15,22.41,18.66,4.81,338.14,P011,EQ043
2025-09-10 06:30:00,1104.79,266.77,172267.23,6611.65,548.4,1514.4,52.04,22.95,19.32,4.92,333.83,P008,EQ050
2025-09-10 06:40:00,1209.64,256.41,174774.79,6471.38,549.14,1512.97,55.62,22.96,19.89,4.98,281.33,P015,EQ001
2025-09-10 06:50:00,1211.9,244.44,183719.66,6310.34,506.14,1487.73,44.36,22.18,20.81,5.17,299.94,P015,EQ008
2025-09-10 07:00:00,1174.95,236.08,175933.16,6393.97,525.02,1517.1,51.21,21.71,17.05,4.93,252.3,P015,EQ015
2025-09-10 07:10:00,1179.32,245.44,175205.22,6117.35,486.16,1510.91,49.86,22.35,18.16,5.25,278.5,P012,EQ022
2025-09-10 07:20:00,1201.36,246.51,169538.89,6092.67,468.31,1517.31,55.57,20.77,20.96,5.3,267.6,P013,EQ029
2025-09-10 07:30:00,1215.81,219.58,169900.43,6233.45,522.31,1522.58,47.98,23.67,19.77,5.03,321.84,P004,EQ036
2025-09-10 07:40:00,1211.55,252.56,177179.39,6429.39,481.83,1485.09,45.62,22.69,20.78,4.37,354.34,P012,EQ043
2025-09-10 07:50:00,1187.75,267.53,173001.61,6651.92,534.04,1492.39,42.36,23.33,19.42,4.57,280.68,P015,EQ050
2025-09-10 08:00:00,1236.26,240.54,171535.11,6278.52,487.14,1501.67,45.43,22.06,18.6,4.95,285.9,P006,EQ001
2025-09-10 08:10:00,1199.76,261.85,174450.28,6663.7,474.1,1498.53,59.05,20.78,19.15,4.89,366.33,P007,EQ008
2025-09-10 08:20:00,1180.56,276.3,169882.7,6477.18,497.25,1520.92,45.38,20.56,20.42,4.9,319.94,P011,EQ015
2025-09-10 08:30:00,1203.13,237.56,173176.67,6325.16,474.54,1495.33,51.96,20.74,20.74,5.43,303.89,P005,EQ022
2025-09-10 08:40:00,1230.48,234.98,177425.15,6839.74,509.23,1488.87,46.48,21.06,20.03,5.35,303.95,P015,EQ029
2025-09-10 08:50:00,1194.95,269.27,172264.67,6473.8,482.0,1490.57,58.96,21.62,20.08,5.0,324.59,P002,EQ036
2025-09-10 09:00:00,1226.2,282.44,179950.04,6403.47,539.64,1498.48,48.9,23.28,20.1,5.09,370.42,P012,EQ043
2025-09-10 09:10:00,1123.74,268.62,170301.4,6371.8,488.53,1506.58,51.99,22.86,20.11,4.9,320.42,P014,EQ050
2025-09-10 09:20:00,1213.86,240.09,171228.96,6452.57,514.45,1455.42,48.69,21.38,21.0,4.76,298.03,P004,EQ001
2025-09-10 09:30:00,1227.18,250.84,172139.94,6386.51,480.36,1506.18,45.21,21.12,19.87,5.38,305.61,P007,EQ008
2025-09-10 09:40:00,1209.29,242.76,170882.38,6442.21,510.22,1535.56,51.53,21.4,18.15,4.5,256.86,P014,EQ015
2025-09-10 09:50:00,1241.41,263.35,178928.92,6478.81,486.6,1500.77,51.99,21.42,19.42,5.05,283.19,P003,EQ022
2025-09-10 10:00:00,1209.78,259.39,177884.06,6592.29,485.81,1524.57,45.99,21.42,20.1,5.13,252.43,P009,EQ029
2025-09-10 10:10:00,1241.22,261.67,167331.52,6615.85,469.0,1518.34,45.45,22.85,19.72,5.61,390.21,P010,EQ036
2025-09-10 10:20:00,1147.11,251.41,170641.1,6473.58,458.51,1500.17,53.59,20.84,18.91,5.33,358.0,P005,EQ043
2025-09-10 10:30:00,1162.56,236.23,168668.66,6744.91,506.93,1516.74,46.87,22.42,19.82,5.21,272.86,P006,EQ050
2025-09-10 10:40:00,1172.72,240.03,186563.45,6571.1,501.73,1530.91,41.43,22.53,19.3,5.18,284.5,P010,EQ001
2025-09-10 10:50:00,1174.44,261.85,173230.9,6067.67,519.47,1508.18,50.64,22.95,21.14,4.99,375.0,P008,EQ008
2025-09-10 11:00:00,1228.81,275.64,170856.81,6286.32,521.41,1464.05,54.72,21.88,20.03,4.87,332.6,P011,EQ015
2025-09-10 11:10:00,1211.4,246.67,174460.13,6439.65,561.12,1522.15,46.01,22.24,20.51,4.81,300.63,P013,EQ022
2025-09-10 11:20:00,1218.69,244.55,172711.83,6724.56,501.5,1508.74,56.9,22.47,20.53,4.27,373.24,P012,EQ029
2025-09-10 11:30:00,1217.42,246.65,163604.91,6358.4,517.4,1490.99,51.17,21.38,19.91,4.89,346.25,P008,EQ036
2025-09-10 11:40:00,1244.44,266.47,176114.65,6592.82,450.65,1507.89,49.52,21.43,20.68,4.91,319.12,P012,EQ043
2025-09-10 11:50:00,1258.91,251.62,175615.28,6261.27,535.25,1503.08,52.52,22.19,20.56,5.05,369.25,P003,EQ050
2025-09-10 12:00:00,1240.22,272.04,178298.92,6274.55,495.88,1514.77,51.09,22.43,20.02,5.43,270.99,P009,EQ001
2025-09-10 12:10:00,1200.32,244.41,174878.44,6504.72,447.9,1508.74,47.8,21.1,19.02,4.92,323.25,P015,EQ008
2025-09-10 12:20:00,1124.19,243.98,179380.02,6434.78,462.36,1480.4,49.97,20.33,18.99,4.95,383.4,P011,EQ015
2025-09-10 12:30:00,1164.7,249.65,176149.95,6371.83,476.75,1488.77,47.96,23.3,19.17,5.15,393.59,P009,EQ022
2025-09-10 12:40:00,1181.72,259.3,175284.83,6534.12,460.67,1511.24,56.03,23.6,20.42,4.52,255.07,P014,EQ029
2025-09-10 12:50:00,1184.93,239.75,175031.44,6536.33,504.63,1521.28,44.42,22.09,17.98,5.13,261.15,P014,EQ036
2025-09-10 13:00:00,1169.72,253.55,186520.81,6654.06,554.17,1472.72,49.53,22.32,19.04,5.06,350.23,P013,EQ043
2025-09-10 13:10:00,1181.77,236.87,171183.09,6391.64,465.94,1498.2,59.22,21.19,19.08,5.04,250.96,P003,EQ050
2025-09-10 13:20:00,1223.56,281.77,182839.83,7037.52,528.76,1525.02,49.86,22.22,20.24,5.36,376.38,P004,EQ001
2025-09-10 13:30:00,1230.14,252.3,176666.51,6288.12,482.28,1488.65,55.73,22.38,20.77,5.23,260.2,P003,EQ008
2025-09-10 13:40:00,1149.2,252.0,183468.59,6578.31,494.82,1474.38,61.97,23.08,20.89,4.88,251.37,P009,EQ015
2025-09-10 13:50:00,1182.8,236.33,174323.35,6344.67,541.74,1534.61,54.1,22.54,19.77,5.05,318.4,P001,EQ022
2025-09-10 14:00:00,1175.74,285.13,177217.74,6743.96,451.26,1518.51,53.65,23.03,19.93,5.67,342.68,P011,EQ029
2025-09-10 14:10:00,1211.11,250.02,177481.66,6378.21,488.97,1500.8,36.18,22.56,21.04,4.84,390.09,P015,EQ036
2025-09-10 14:20:00,1229.17,258.01,180587.43,6336.34,558.01,1494.98,53.71,21.79,18.04,4.77,322.48,P008,EQ043
2025-09-10 14:30:00,1210.58,237.65,171884.9,6289.48,471.85,1466.97,43.6,21.19,20.6,4.51,252.36,P009,EQ050
2025-09-10 14:40:00,1201.63,277.54,171353.42,6564.35,523.58,1493.77,65.18,21.48,21.27,5.13,332.75,P001,EQ001
2025-09-10 14:50:00,1207.39,239.03,177855.45,6272.55,511.8,1488.35,55.38,21.7,20.26,5.11,252.51,P012,EQ008
2025-09-10 15:00:00,1172.5,246.27,174755.21,6291.71,493.97,1507.18,52.99,22.98,20.33,4.95,291.21,P005,EQ015
2025-09-10 15:10:00,1175.38,278.96,166555.09,6644.61,519.26,1518.65,61.56,22.45,20.54,5.15,252.57,P014,EQ022
2025-09-10 15:20:00,1225.31,237.98,181434.77,6430.93,451.65,1521.81,48.44,23.34,20.3,5.15,354.68,P007,EQ029
2025-09-10 15:30:00,1186.4,262.91,176795.24,6541.19,501.12,1497.5,44.36,21.71,22.22,5.44,370.93,P015,EQ036
2025-09-10 15:40:00,1215.48,229.75,175322.8,6499.34,507.06,1509.62,54.75,21.9,19.26,4.48,276.89,P015,EQ043
2025-09-10 15:50:00,1175.61,265.27,185229.2,6606.24,495.92,1504.94,37.08,20.52,18.6,4.63,264.45,P003,EQ050
2025-09-10 16:00:00,1206.5,258.56,162722.19,6901.81,531.4,1516.78,45.43,21.19,20.4,4.79,286.15,P010,EQ001
2025-09-10 16:10:00,1237.59,258.13,174549.91,6786.67,495.83,1491.45,44.01,21.05,21.92,5.12,328.97,P014,EQ008
2025-09-10 16:20:00,1176.47,230.1,176742.6,6324.82,475.02,1499.07,48.61,21.03,20.26,4.79,303.17,P013,EQ015
2025-09-10 16:30:00,1225.69,248.75,173282.19,6631.55,510.35,1509.34,55.84,22.64,20.35,5.1,309.53,P006,EQ022
2025-09-10 16:40:00,1183.81,252.69,182679.84,6652.75,484.94,1475.67,48.95,20.95,21.03,5.3,393.89,P008,EQ029
2025-09-10 16:50:00,1235.58,243.29,164969.38,6253.54,508.49,1521.93,52.85,22.12,20.13,5.1,334.75,P012,EQ036
2025-09-10 17:00:00,1257.62,255.75,174955.95,6628.51,456.04,1500.44,43.72,22.94,19.76,5.14,283.88,P011,EQ043
2025-09-10 17:10:00,1163.64,284.65,171159.71,6581.52,533.45,1486.9,49.81,21.88,20.51,4.27,374.21,P002,EQ050
2025-09-10 17:20:00,1170.08,258.75,177824.1,6491.73,516.6,1490.15,40.03,20.48,21.33,4.74,348.06,P014,EQ001
2025-09-10 17:30:00,1155.21,262.71,169660.01,6268.09,508.99,1481.63,55.74,22.02,20.53,4.68,347.48,P001,EQ008
2025-09-10 17:40:00,1206.53,263.09,170566.45,6225.66,463.11,1499.23,62.22,19.97,18.95,4.73,264.03,P007,EQ015
2025-09-10 17:50:00,1132.66,264.59,176711.43,6290.56,492.72,1475.3,41.85,21.59,20.86,5.07,306.58,P008,EQ022
2025-09-10 18:00:00,1164.81,261.58,176473.94,6280.91,549.78,1468.14,55.88,21.3,20.1,5.26,258.42,P001,EQ029
2025-09-10 18:10:00,1172.43,241.14,172742.62,6776.23,521.02,1503.48,53.16,21.57,19.88,5.37,355.43,P002,EQ036
2025-09-10 18:20:00,1271.55,259.32,170224.57,6563.06,431.48,1521.49,51.29,21.24,20.5,4.65,324.98,P007,EQ043
2025-09-10 18:30:00,1169.32,258.84,183504.77,6395.57,483.65,1486.82,48.69,21.81,20.69,4.99,346.74,P006,EQ050
2025-09-10 18:40:00,1186.93,239.52,177730.83,6597.37,538.39,1498.27,47.03,23.11,20.47,5.43,334.88,P014,EQ001
2025-09-10 18:50:00,1237.97,260.39,175965.39,6486.53,534.19,1524.24,49.62,23.46,19.51,4.73,396.08,P015,EQ008
2025-09-10 19:00:00,1216.83,244.35,176166.89,6577.7,523.48,1492.84,43.91,21.67,22.59,5.36,329.22,P001,EQ015
2025-09-10 19:10:00,1241.08,229.0,178699.51,6503.09,509.56,1465.0,62.17,21.11,20.83,5.21,284.46,P015,EQ022
2025-09-10 19:20:00,1236.95,267.67,176032.39,6280.05,532.07,1520.61,49.63,22.41,20.23,4.73,380.22,P015,EQ029
2025-09-10 19:30:00,1185.19,256.29,182561.62,6390.98,535.38,1485.22,58.37,21.67,20.59,4.99,335.02,P005,EQ036
2025-09-10 19:40:00,1180.06,265.26,173781.53,6377.95,550.41,1498.12,47.29,22.73,18.71,5.32,256.98,P002,EQ043
2025-09-10 19:50:00,1228.61,260.89,176308.24,6372.1,515.7,1526.5,51.22,20.36,22.88,5.39,352.66,P005,EQ050
2025-09-10 20:00:00,1206.39,271.71,179986.19,6378.44,503.88,1480.37,47.92,21.48,21.06,5.09,384.9,P010,EQ001
2025-09-10 20:10:00,1228.11,250.33,186620.23,6463.9,481.52,1483.33,56.91,19.75,20.27,4.9,348.72,P003,EQ008
2025-09-10 20:20:00,1222.25,233.19,172694.43,6462.54,523.04,1517.59,58.04,21.96,19.24,5.35,389.31,P006,EQ015
2025-09-10 20:30:00,1255.79,255.77,173231.08,6657.85,510.95,1485.01,51.06,21.74,19.2,5.74,252.35,P004,EQ022
2025-09-10 20:40:00,1215.13,258.79,172904.44,6579.13,483.44,1517.41,55.49,22.55,20.76,5.12,338.06,P013,EQ029
2025-09-10 20:50:00,1198.02,253.06,179425.19,6479.05,485.61,1460.79,56.17,21.43,20.57,4.77,373.1,P014,EQ036
2025-09-10 21:00:00,1219.42,256.61,169738.69,6862.14,508.51,1512.6,51.13,21.31,19.68,5.57,309.74,P002,EQ043
2025-09-10 21:10:00,1164.39,244.19,180789.93,6217.36,462.47,1492.06,48.47,21.22,19.2,4.92,294.89,P010,EQ050
2025-09-10 21:20:00,1239.67,234.68,185840.53,6613.48,461.47,1514.08,49.8,22.32,22.22,5.31,286.07,P014,EQ001
2025-09-10 21:30:00,1187.88,246.24,169431.11,6532.45,475.9,1519.14,49.4,23.33,18.35,4.8,377.42,P011,EQ008
2025-09-10 21:40:00,1215.85,254.49,171137.14,6291.53,528.34,1479.02,53.49,22.07,19.84,4.82,384.48,P006,EQ015
2025-09-10 21:50:00,1257.76,242.06,159910.99,6463.23,536.48,1500.81,48.7,23.76,20.11,4.81,307.58,P012,EQ022
2025-09-10 22:00:00,1189.97,248.45,176798.22,6787.69,513.0,1522.92,47.16,22.84,18.15,4.64,270.99,P012,EQ029
2025-09-10 22:10:00,1194.68,261.04,176595.87,6418.91,461.96,1513.89,36.2,22.04,19.46,5.11,358.62,P009,EQ036
2025-09-10 22:20:00,1199.71,257.86,177868.13,6762.21,532.61,1520.41,50.96,22.21,21.65,4.99,361.82,P006,EQ043
2025-09-10 22:30:00,1194.65,227.39,177353.16,6604.05,537.95,1493.4,45.4,20.7,20.08,4.96,258.05,P007,EQ050
2025-09-10 22:40:00,1215.96,256.35,179944.02,6752.92,513.41,1460.69,47.66,22.92,19.19,4.62,284.82,P002,EQ001
2025-09-10 22:50:00,1181.13,253.5,172750.15,6397.86,463.41,1532.2,54.63,20.85,17.56,5.05,301.09,P013,EQ008
2025-09-10 23:00:00,1178.88,254.38,172315.86,6547.83,511.14,1462.85,49.94,20.78,20.14,5.14,342.08,P010,EQ015
2025-09-10 23:10:00,1194.33,261.91,178787.24,6807.08,449.84,1505.68,55.05,22.44,19.77,5.2,309.51,P013,EQ022
2025-09-10 23:20:00,1218.18,278.54,181857.58,6064.56,495.77,1522.71,47.52,22.2,20.28,4.58,298.96,P011,EQ029
2025-09-10 23:30:00,1134.13,279.19,168209.84,6408.44,514.55,1512.46,47.36,22.56,21.62,5.35,291.0,P008,EQ036
2025-09-10 23:40:00,1174.28,248.66,173516.76,6541.02,513.77,1497.47,53.07,21.55,20.09,5.75,323.59,P006,EQ043
2025-09-10 23:50:00,1253.64,237.66,164855.87,6295.13,537.18,1486.74,50.41,21.99,20.86,4.93,332.96,P007,EQ050
2025-09-11 00:00:00,1185.89,232.3,174753.93,6495.52,505.0,1508.98,47.05,23.59,19.99,5.54,314.78,P011,EQ001
2025-09-11 00:10:00,1163.81,239.11,168861.21,6054.43,474.15,1492.51,44.9,22.96,20.68,4.83,337.88,P007,EQ008
2025-09-11 00:20:00,1217.67,239.02,175345.64,6253.76,468.18,1500.91,42.93,21.42,21.7,5.39,262.85,P010,EQ015
2025-09-11 00:30:00,1207.06,279.9,176439.68,6698.03,511.64,1499.8,44.26,19.52,19.5,5.06,294.31,P004,EQ022
2025-09-11 00:40:00,1198.42,239.5,178158.16,6588.02,526.8,1489.91,57.17,21.92,21.63,4.6,356.97,P002,EQ029
2025-09-11 00:50:00,1256.63,268.85,173308.72,6442.75,499.92,1527.01,49.73,19.64,20.06,5.34,290.2,P007,EQ036
2025-09-11 01:00:00,1196.93,258.94,175371.63,6177.31,531.12,1489.63,58.9,21.91,20.35,4.91,356.75,P011,EQ043
2025-09-11 01:10:00,1178.35,249.75,174939.4,6498.75,476.84,1455.91,50.13,20.73,20.84,5.42,273.14,P007,EQ050
2025-09-11 01:20:00,1238.78,247.64,173376.22,6386.46,509.62,1486.87,53.02,22.18,20.31,4.82,297.5,P002,EQ001
2025-09-11 01:30:00,1197.02,255.12,168404.3,6586.7,547.31,1506.32,49.22,21.06,20.07,4.49,263.73,P005,EQ008
2025-09-11 01:40:00,1216.19,236.26,171399.07,6149.67,515.81,1516.4,50.63,22.24,20.87,5.51,316.71,P013,EQ015
2025-09-11 01:50:00,1188.92,253.03,176070.11,6565.19,472.42,1510.87,49.06,21.43,19.64,4.54,290.46,P003,EQ022
2025-09-11 02:00:00,1227.51,237.69,180436.6,6343.9,538.69,1493.7,47.35,22.96,20.64,4.65,263.09,P007,EQ029
2025-09-11 02:10:00,1188.86,241.16,172082.77,6538.68,516.87,1481.44,47.26,23.25,21.6,4.76,317.33,P009,EQ036
2025-09-11 02:20:00,1210.16,241.48,172571.61,6830.2,487.21,1501.91,42.22,21.13,20.23,5.07,326.87,P002,EQ043
2025-09-11 02:30:00,1196.98,231.54,178996.06,6299.65,465.73,1517.81,47.85,20.21,20.6,5.06,253.94,P006,EQ050
2025-09-11 02:40:00,1238.19,231.1,175096.45,6564.44,523.64,1480.53,55.56,22.56,21.06,5.18,333.13,P010,EQ001
2025-09-11 02:50:00,1219.42,256.47,166056.32,6386.47,533.52,1506.34,51.44,21.53,20.39,4.55,339.71,P006,EQ008
2025-09-11 03:00:00,1214.36,254.52,170103.43,6574.22,491.82,1493.91,50.35,20.89,18.69,4.14,379.56,P001,EQ015
2025-09-11 03:10:00,1195.92,253.32,176173.82,6503.41,496.61,1496.19,50.45,21.77,19.26,5.45,293.78,P007,EQ022
2025-09-11 03:20:00,1214.19,231.39,177821.66,6564.5,513.06,1497.36,51.31,20.78,18.78,5.38,366.88,P012,EQ029
2025-09-11 03:30:00,1199.61,229.56,172131.41,5914.0,482.76,1527.57,51.64,20.86,19.79,5.24,385.17,P015,EQ036
2025-09-11 03:40:00,1220.34,265.86,179442.44,6738.05,476.09,1495.91,41.54,21.76,21.09,5.45,398.91,P004,EQ043
2025-09-11 03:50:00,1189.86,270.29,179711.58,6551.51,531.02,1505.36,56.67,22.22,20.78,5.0,335.79,P003,EQ050
2025-09-11 04:00:00,1200.76,263.8,172425.06,6658.99,463.32,1497.55,44.67,22.72,20.05,5.17,352.8,P003,EQ001
2025-09-11 04:10:00,1197.38,260.71,171798.8,6764.99,462.85,1527.67,51.06,21.05,21.53,5.12,270.83,P005,EQ008
2025-09-11 04:20:00,1193.0,246.5,176342.76,6698.37,523.7,1479.9,43.52,20.81,21.39,5.04,290.26,P003,EQ015
2025-09-11 04:30:00,1153.55,223.24,177844.34,6441.71,521.77,1506.23,52.44,22.15,18.52,5.36,259.49,P007,EQ022
2025-09-11 04:40:00,1227.15,263.45,174509.22,6496.35,483.65,1489.02,51.95,21.51,21.11,4.89,291.39,P005,EQ029
2025-09-11 04:50:00,1232.77,242.4,168877.72,6735.57,489.25,1498.71,49.68,22.58,21.42,5.19,322.63,P002,EQ036
2025-09-11 05:00:00,1181.61,241.47,178104.35,6728.83,476.46,1471.67,47.54,22.32,20.05,5.31,304.17,P004,EQ043
2025-09-11 05:10:00,1194.08,235.93,174049.8,6257.78,505.81,1516.77,50.37,21.59,21.3,4.6,358.13,P008,EQ050
2025-09-11 05:20:00,1177.98,291.13,171396.42,6619.43,500.09,1466.33,50.98,21.78,19.41,5.12,339.07,P004,EQ001
2025-09-11 05:30:00,1187.7,237.79,173300.01,6347.66,563.9,1488.84,52.08,22.06,19.26,5.22,318.68,P003,EQ008
2025-09-11 05:40:00,1195.37,262.21,166838.13,6331.82,432.93,1498.53,51.12,20.4,19.14,5.28,295.7,P007,EQ015
2025-09-11 05:50:00,1181.19,249.94,179460.01,6480.08,533.09,1496.15,50.88,21.69,19.9,4.92,299.83,P010,EQ022
2025-09-11 06:00:00,1196.01,245.24,177226.45,6382.11,517.78,1493.14,50.44,21.07,20.37,4.8,306.98,P014,EQ029
2025-09-11 06:10:00,1181.26,271.62,172205.33,6587.03,508.78,1507.21,55.61,22.76,18.42,4.92,299.43,P006,EQ036
2025-09-11 06:20:00,1208.75,231.71,172389.69,6417.47,464.72,1484.38,51.12,22.66,19.27,5.15,314.59,P014,EQ043
2025-09-11 06:30:00,1209.43,280.67,179905.48,6246.42,564.59,1487.84,45.48,21.23,20.05,4.73,378.93,P010,EQ050
2025-09-11 06:40:00,1174.36,260.69,169886.86,6499.12,443.31,1487.05,50.57,21.91,20.74,5.51,270.42,P006,EQ001
2025-09-11 06:50:00,1207.33,249.94,181802.23,6715.88,511.97,1506.77,40.69,20.7,20.03,5.29,340.48,P012,EQ008
2025-09-11 07:00:00,1153.97,254.05,174644.1,6662.74,515.02,1498.67,49.18,20.98,21.39,5.01,280.13,P006,EQ015
2025-09-11 07:10:00,1206.5,264.0,175700.73,6396.48,524.21,1506.15,52.31,22.22,18.3,4.92,276.65,P007,EQ022
2025-09-11 07:20:00,1191.43,268.18,175760.37,6698.85,443.33,1505.41,42.81,21.13,19.49,5.1,395.31,P005,EQ029
2025-09-11 07:30:00,1187.91,214.76,170345.06,6352.61,529.43,1509.76,47.35,22.9,21.95,5.38,360.23,P011,EQ036
2025-09-11 07:40:00,1180.09,222.12,173349.12,6733.03,458.46,1518.25,53.38,20.76,20.16,4.73,323.65,P010,EQ043
2025-09-11 07:50:00,1169.93,250.72,166875.69,6639.73,544.2,1508.84,51.95,22.35,20.04,4.94,367.3,P006,EQ050
2025-09-11 08:00:00,1218.96,252.57,181048.78,6485.17,508.66,1519.05,51.61,21.71,20.16,4.95,306.41,P014,EQ001
2025-09-11 08:10:00,1218.77,263.62,171461.98,6798.9,515.08,1507.3,52.09,24.09,18.86,5.44,367.88,P006,EQ008
2025-09-11 08:20:00,1180.93,249.46,169817.01,6399.17,518.12,1482.79,40.01,21.19,17.92,4.41,267.08,P010,EQ015
2025-09-11 08:30:00,1212.16,239.16,177414.69,6477.21,487.3,1523.98,53.94,19.21,20.17,4.73,279.97,P009,EQ022
2025-09-11 08:40:00,1204.72,279.81,181970.31,6329.68,469.8,1496.34,51.7,23.4,19.61,4.9,276.99,P013,EQ029
2025-09-11 08:50:00,1223.09,258.66,174654.83,6464.41,515.66,1478.61,56.59,21.94,20.76,5.1,332.51,P012,EQ036
2025-09-11 09:00:00,1137.33,234.26,173790.0,6285.67,498.21,1536.28,44.47,22.77,17.86,4.68,319.24,P012,EQ043
2025-09-11 09:10:00,1163.11,260.03,178601.08,6122.89,468.76,1468.61,44.69,20.69,19.96,4.55,281.45,P013,EQ050
2025-09-11 09:20:00,1204.1,220.64,180138.0,6629.8,532.12,1527.67,43.75,21.32,19.49,4.93,293.7,P012,EQ001
2025-09-11 09:30:00,1177.03,245.0,176459.16,6086.16,451.8,1485.01,57.7,20.06,20.37,4.91,260.37,P014,EQ008
2025-09-11 09:40:00,1228.93,226.95,176468.67,6843.32,505.23,1479.09,38.29,21.01,21.31,5.14,369.35,P007,EQ015
2025-09-11 09:50:00,1237.93,252.76,179018.6,6736.53,469.92,1505.53,55.57,21.1,20.32,5.19,350.95,P003,EQ022
2025-09-11 10:00:00,1110.09,231.66,175936.56,6770.66,479.73,1526.2,56.07,21.21,20.97,4.78,345.0,P004,EQ029
2025-09-11 10:10:00,1178.81,233.93,184185.42,6540.56,499.49,1501.53,47.13,22.85,18.54,4.27,287.9,P003,EQ036
2025-09-11 10:20:00,1231.69,238.83,173871.2,6519.83,517.66,1467.02,42.94,22.94,19.46,4.95,357.29,P013,EQ043
2025-09-11 10:30:00,1192.94,244.37,168804.89,6418.43,476.27,1523.37,53.1,21.68,18.32,4.79,306.55,P008,EQ050
2025-09-11 10:40:00,1246.1,266.36,181299.88,6270.08,509.16,1483.76,44.11,23.94,21.4,5.4,398.61,P008,EQ001
2025-09-11 10:50:00,1205.15,235.09,178947.1,6714.33,508.46,1461.47,48.53,24.12,21.16,4.55,337.34,P009,EQ008
2025-09-11 11:00:00,1225.72,271.51,182422.01,6501.82,459.52,1497.64,54.15,21.45,20.5,5.0,325.99,P015,EQ015
2025-09-11 11:10:00,1229.45,248.11,175610.57,6578.61,514.39,1525.79,54.15,20.33,22.38,5.12,380.45,P007,EQ022
2025-09-11 11:20:00,1192.79,253.6,173781.28,6434.4,491.99,1494.32,49.87,21.67,19.48,5.1,331.55,P013,EQ029
2025-09-11 11:30:00,1186.4,242.8,170298.5,6392.79,485.83,1505.9,49.56,21.3,19.97,5.05,395.26,P012,EQ036
2025-09-11 11:40:00,1167.57,250.48,174414.85,6616.71,492.72,1478.71,53.24,22.78,20.97,4.66,384.33,P009,EQ043
2025-09-11 11:50:00,1177.32,242.16,172934.52,6469.98,533.54,1476.91,55.2,19.99,22.51,4.6,339.07,P015,EQ050
2025-09-11 12:00:00,1136.15,236.08,182919.01,6641.33,569.74,1506.69,48.22,21.31,20.65,4.96,262.75,P013,EQ001
2025-09-11 12:10:00,1187.57,251.85,182780.7,6842.75,456.54,1535.99,53.26,24.13,19.09,5.2,287.23,P011,EQ008
2025-09-11 12:20:00,1230.07,242.6,179655.68,7139.75,537.77,1483.49,52.63,22.28,19.49,5.14,303.25,P011,EQ015
2025-09-11 12:30:00,1150.58,263.2,179336.39,6477.58,463.07,1505.06,54.8,21.86,20.4,5.3,341.9,P010,EQ022
2025-09-11 12:40:00,1229.23,238.13,172647.48,6750.94,497.26,1487.98,48.62,21.85,20.55,4.81,397.54,P011,EQ029
2025-09-11 12:50:00,1253.32,257.38,171283.47,6568.64,531.09,1507.15,46.09,20.28,19.01,5.22,347.01,P013,EQ036
2025-09-11 13:00:00,1258.49,235.71,174664.35,6265.02,433.6,1496.27,58.44,22.86,18.68,4.53,299.74,P013,EQ043
2025-09-11 13:10:00,1231.5,237.67,176084.89,6417.82,512.65,1522.7,53.03,21.9,18.44,4.86,314.57,P001,EQ050
2025-09-11 13:20:00,1151.44,251.33,172137.35,6409.45,449.82,1516.78,54.39,21.12,21.39,4.59,264.79,P004,EQ001
2025-09-11 13:30:00,1220.04,270.36,174492.9,6544.22,506.6,1533.02,51.04,21.95,20.3,4.61,326.6,P009,EQ008
2025-09-11 13:40:00,1193.89,234.42,168204.78,5915.28,455.41,1508.93,40.34,23.35,20.09,5.3,333.7,P012,EQ015
2025-09-11 13:50:00,1203.15,241.7,176254.81,6316.09,537.42,1500.35,58.27,22.97,20.6,5.38,336.29,P008,EQ022
2025-09-11 14:00:00,1191.69,257.8,182525.85,6485.14,497.21,1497.09,42.36,24.58,21.41,4.82,306.12,P008,EQ029
2025-09-11 14:10:00,1185.84,254.82,181510.53,6628.31,510.76,1497.01,45.98,21.62,19.11,5.2,365.85,P010,EQ036
2025-09-11 14:20:00,1192.94,247.63,167752.95,6314.41,496.31,1521.06,46.8,21.48,19.83,4.98,353.57,P003,EQ043
2025-09-11 14:30:00,1234.48,276.55,179356.41,6542.17,539.97,1505.77,49.06,20.54,17.38,4.79,301.75,P001,EQ050
2025-09-11 14:40:00,1162.48,236.69,170850.38,6492.32,542.5,1530.17,45.73,23.39,18.59,4.97,322.42,P005,EQ001
2025-09-11 14:50:00,1185.26,240.21,169004.24,6574.83,447.21,1509.54,56.58,21.2,19.12,5.1,312.4,P002,EQ008
2025-09-11 15:00:00,1227.48,278.75,170944.58,6615.3,517.1,1532.29,49.36,21.81,19.4,4.84,267.41,P012,EQ015
2025-09-11 15:10:00,1214.58,212.09,181478.02,6609.21,534.57,1496.11,45.17,21.8,20.82,5.34,271.25,P005,EQ022
2025-09-11 15:20:00,1230.69,240.96,174432.29,6386.62,513.28,1484.83,44.83,21.46,20.0,4.47,301.46,P013,EQ029
2025-09-11 15:30:00,1155.54,245.45,182181.72,6501.18,478.06,1467.69,44.77,23.13,21.09,4.7,281.03,P008,EQ036
2025-09-11 15:40:00,1233.96,231.41,168781.01,6705.39,483.7,1519.23,57.26,22.36,21.06,5.56,302.25,P002,EQ043
2025-09-11 15:50:00,1222.31,272.21,177372.68,6373.56,515.02,1522.2,45.15,22.24,21.19,5.43,315.72,P012,EQ050
2025-09-11 16:00:00,1185.29,243.81,175260.97,6992.16,480.04,1470.02,55.04,20.55,20.34,4.81,317.87,P002,EQ001
2025-09-11 16:10:00,1235.12,243.13,180310.52,6348.74,524.37,1512.3,49.49,23.52,20.56,4.9,295.04,P013,EQ008
2025-09-11 16:20:00,1203.47,226.05,177849.61,6448.24,528.02,1493.28,53.01,21.88,20.67,4.93,356.62,P001,EQ015
2025-09-11 16:30:00,1190.61,237.07,169070.16,6308.9,547.67,1523.78,52.2,21.82,19.76,4.72,377.38,P011,EQ022
2025-09-11 16:40:00,1242.66,253.47,162579.49,6440.61,536.46,1492.03,54.37,22.09,18.49,5.03,266.4,P013,EQ029
2025-09-11 16:50:00,1209.69,240.47,177417.18,6764.17,532.81,1520.54,43.46,21.9,20.44,4.93,274.65,P012,EQ036
2025-09-11 17:00:00,1165.72,252.03,180809.61,6570.52,488.87,1474.65,49.83,22.28,20.36,4.83,286.59,P003,EQ043
2025-09-11 17:10:00,1190.58,262.44,170739.24,6551.06,493.29,1508.41,49.37,21.05,21.39,4.64,332.79,P006,EQ050
2025-09-11 17:20:00,1142.65,254.38,171355.85,6477.36,447.58,1517.46,62.16,22.72,19.81,5.58,333.98,P008,EQ001
2025-09-11 17:30:00,1185.95,229.64,184486.11,6810.33,502.12,1494.84,46.65,22.88,18.18,4.52,284.78,P007,EQ008
2025-09-11 17:40:00,1228.92,263.93,173264.43,6511.94,498.25,1489.44,46.06,22.11,21.32,5.42,344.46,P003,EQ015
2025-09-11 17:50:00,1141.73,245.05,173273.65,6597.19,517.55,1513.59,53.3,20.3,19.69,5.05,346.07,P007,EQ022
2025-09-11 18:00:00,1176.71,273.05,166142.61,6485.66,469.18,1506.71,49.09,22.58,19.09,5.01,309.34,P012,EQ029
2025-09-11 18:10:00,1174.3,271.03,171968.95,6281.69,478.68,1522.54,58.7,21.61,19.35,5.43,342.12,P004,EQ036
2025-09-11 18:20:00,1185.82,243.85,183681.92,6864.71,566.48,1472.06,52.02,21.02,19.73,5.14,317.44,P007,EQ043
2025-09-11 18:30:00,1236.81,225.0,183668.91,6595.74,484.92,1510.37,47.82,21.42,20.51,4.96,308.33,P012,EQ050
2025-09-11 18:40:00,1244.6,228.35,179172.04,6182.78,507.7,1494.43,54.55,22.03,20.66,5.04,282.22,P005,EQ001
2025-09-11 18:50:00,1174.38,235.83,175950.97,6583.75,480.77,1536.87,45.15,21.85,17.21,4.49,362.85,P013,EQ008
2025-09-11 19:00:00,1164.76,251.04,183991.51,6007.2,505.72,1521.5,46.49,21.18,21.36,4.87,369.4,P010,EQ015
2025-09-11 19:10:00,1202.0,251.37,170983.85,6679.26,498.72,1487.91,47.67,22.5,21.18,4.91,265.26,P014,EQ022
2025-09-11 19:20:00,1206.3,241.31,166134.27,6400.91,498.41,1487.04,53.08,22.26,21.19,5.45,330.53,P006,EQ029
2025-09-11 19:30:00,1225.56,250.57,179064.86,6606.96,513.0,1500.44,50.13,22.78,20.85,5.4,298.9,P008,EQ036
2025-09-11 19:40:00,1193.53,250.76,177873.3,6694.5,487.28,1499.0,41.54,22.48,20.92,4.8,267.09,P011,EQ043
2025-09-11 19:50:00,1178.59,272.44,170411.96,6713.01,470.87,1501.98,57.77,20.19,19.37,5.37,379.4,P009,EQ050
2025-09-11 20:00:00,1148.27,248.22,172345.24,6307.46,530.78,1485.02,49.36,21.01,19.4,4.94,394.89,P006,EQ001
2025-09-11 20:10:00,1185.85,252.82,173226.17,6514.1,492.36,1487.71,51.87,20.43,21.3,4.8,339.55,P010,EQ008
2025-09-11 20:20:00,1273.53,242.17,178969.69,6420.46,518.4,1523.18,43.69,21.44,19.88,4.38,308.88,P002,EQ015
2025-09-11 20:30:00,1246.83,243.25,177234.93,6221.31,463.09,1485.41,50.54,23.26,20.05,5.18,302.19,P014,EQ022
2025-09-11 20:40:00,1173.34,230.82,175225.93,6762.42,515.94,1491.71,45.97,21.7,18.99,5.17,318.68,P003,EQ029
2025-09-11 20:50:00,1169.85,230.66,177599.39,6405.4,508.88,1484.55,56.08,21.54,19.95,5.23,372.06,P012,EQ036
2025-09-11 21:00:00,1219.3,225.96,168848.45,6293.26,513.81,1519.72,54.5,20.23,19.4,5.07,370.09,P015,EQ043
2025-09-11 21:10:00,1205.23,255.08,178535.82,6551.36,527.42,1486.91,44.22,21.8,20.88,5.23,342.17,P002,EQ050
2025-09-11 21:20:00,1221.13,241.85,169390.52,6377.42,519.27,1492.4,55.41,23.47,20.01,4.86,350.82,P006,EQ001
2025-09-11 21:30:00,1208.1,235.46,177514.71,6114.14,482.33,1496.34,52.92,21.47,18.71,4.86,267.68,P005,EQ008
2025-09-11 21:40:00,1257.95,238.47,169103.23,6472.27,474.76,1492.22,52.01,23.59,19.73,4.72,267.54,P006,EQ015
2025-09-11 21:50:00,1180.91,249.14,171746.32,6347.76,553.09,1514.24,50.07,18.53,20.08,4.8,354.02,P009,EQ022
2025-09-11 22:00:00,1195.53,262.52,181364.01,6365.31,523.31,1463.88,47.85,21.78,21.74,5.23,308.27,P010,EQ029
2025-09-11 22:10:00,1210.71,258.8,173523.38,6076.26,504.34,1496.82,53.88,23.06,20.3,4.52,270.68,P007,EQ036
2025-09-11 22:20:00,1176.28,242.79,179198.27,6525.55,456.72,1504.02,49.69,21.35,19.5,4.87,313.46,P008,EQ043
2025-09-11 22:30:00,1231.08,250.48,171623.55,6525.68,488.97,1495.1,52.74,21.89,20.55,5.05,345.33,P012,EQ050
2025-09-11 22:40:00,1211.83,258.34,180616.27,6705.92,489.78,1478.86,42.82,22.31,21.29,5.14,387.87,P015,EQ001
2025-09-11 22:50:00,1199.68,243.52,178855.53,6632.07,513.01,1509.18,55.8,23.1,18.49,5.16,399.98,P009,EQ008
2025-09-11 23:00:00,1163.99,220.94,175725.28,6036.65,513.46,1526.45,49.83,21.73,19.04,4.86,275.03,P005,EQ015
2025-09-11 23:10:00,1180.61,265.86,172056.5,6313.6,539.19,1474.48,50.39,21.54,20.07,4.76,271.04,P006,EQ022
2025-09-11 23:20:00,1219.82,257.24,176877.43,6206.27,488.35,1492.2,49.66,22.11,18.56,4.27,376.3,P010,EQ029
2025-09-11 23:30:00,1214.48,259.98,181604.7,6777.14,460.88,1483.13,41.23,23.95,19.66,4.44,258.04,P006,EQ036
2025-09-11 23:40:00,1245.2,259.95,169922.73,6200.53,509.81,1528.93,47.84,21.7,19.6,4.67,392.78,P008,EQ043
2025-09-11 23:50:00,1213.49,250.73,177465.11,6480.47,494.98,1520.73,47.19,22.69,19.43,5.19,270.48,P014,EQ050
2025-09-12 00:00:00,1218.39,245.24,186742.6,6580.58,539.74,1477.55,64.99,22.49,20.95,4.87,307.59,P009,EQ001
2025-09-12 00:10:00,1188.48,256.8,175702.98,6732.04,537.68,1510.0,57.38,22.6,21.04,4.93,325.82,P008,EQ008
2025-09-12 00:20:00,1204.13,247.57,175355.03,6603.04,491.48,1528.42,53.72,21.47,19.86,5.6,311.37,P008,EQ015
2025-09-12 00:30:00,1221.39,229.88,172777.85,6389.71,493.93,1484.11,50.0,22.52,18.37,4.56,312.34,P014,EQ022
2025-09-12 00:40:00,1170.87,259.83,181132.34,6353.28,457.0,1531.09,49.34,22.34,18.59,5.16,316.58,P003,EQ029
2025-09-12 00:50:00,1228.93,249.82,172257.12,6555.75,500.84,1522.85,57.47,23.18,19.99,5.32,262.4,P001,EQ036
2025-09-12 01:00:00,1229.33,262.22,176072.59,6145.28,491.6,1499.5,60.86,22.37,20.34,4.63,369.38,P004,EQ043
2025-09-12 01:10:00,1224.44,258.92,175183.2,6413.46,519.01,1520.5,44.2,21.67,20.57,4.59,293.81,P005,EQ050
2025-09-12 01:20:00,1183.92,252.74,182829.83,6560.73,546.22,1494.96,46.79,22.15,21.06,5.09,283.73,P005,EQ001
2025-09-12 01:30:00,1200.73,266.7,175265.72,6580.82,557.91,1511.96,46.05,22.94,19.86,5.25,275.23,P008,EQ008
2025-09-12 01:40:00,1205.86,241.17,174681.12,6457.04,482.57,1494.96,43.99,21.76,19.35,5.25,334.85,P013,EQ015
2025-09-12 01:50:00,1179.26,254.92,177489.81,6518.79,519.97,1500.46,45.17,20.22,20.31,5.29,364.89,P009,EQ022
2025-09-12 02:00:00,1229.66,219.77,171443.93,6556.86,472.28,1507.66,50.9,21.64,18.95,4.81,326.62,P010,EQ029
2025-09-12 02:10:00,1222.59,229.67,173738.79,6507.99,530.23,1497.43,46.15,22.39,19.35,5.35,267.13,P013,EQ036
2025-09-12 02:20:00,1201.71,223.3,181329.62,6583.28,492.26,1491.08,49.99,22.2,19.25,4.67,331.47,P006,EQ043
2025-09-12 02:30:00,1131.22,240.27,182210.32,6631.19,502.71,1460.53,47.31,21.42,20.76,5.0,331.31,P013,EQ050
2025-09-12 02:40:00,1211.07,249.91,175315.78,6442.57,472.79,1484.89,51.49,21.21,20.9,4.51,256.24,P012,EQ001
2025-09-12 02:50:00,1227.15,243.53,163113.67,6125.87,472.13,1477.86,52.12,23.27,19.27,4.5,316.2,P004,EQ008
2025-09-12 03:00:00,1171.75,262.9,173639.12,6698.41,489.87,1506.19,50.86,22.8,21.09,5.1,398.47,P002,EQ015
2025-09-12 03:10:00,1197.78,260.88,177022.24,6656.79,520.03,1529.83,57.28,21.69,18.91,4.78,360.4,P011,EQ022
2025-09-12 03:20:00,1284.22,224.0,174189.54,6511.43,484.18,1457.28,52.7,22.91,21.47,4.97,362.7,P005,EQ029
2025-09-12 03:30:00,1233.21,252.77,165787.48,6463.83,482.19,1496.91,51.42,22.18,20.81,5.37,381.22,P001,EQ036
2025-09-12 03:40:00,1253.3,254.64,173447.34,6435.69,563.91,1480.24,58.4,21.38,20.14,5.45,317.46,P006,EQ043
2025-09-12 03:50:00,1200.23,230.47,166417.4,6265.19,506.14,1478.57,51.47,22.39,22.53,4.88,379.33,P002,EQ050
2025-09-12 04:00:00,1195.55,231.51,165916.75,6132.26,532.13,1489.56,53.9,20.21,22.26,4.87,315.86,P002,EQ001
2025-09-12 04:10:00,1220.1,242.12,180438.88,6757.14,441.07,1512.41,46.29,22.94,21.17,4.83,366.34,P004,EQ008
2025-09-12 04:20:00,1166.8,256.53,174296.06,6511.63,525.64,1532.32,49.91,22.31,18.88,5.05,281.48,P012,EQ015
2025-09-12 04:30:00,1247.98,266.02,177675.47,6336.23,534.73,1513.72,56.06,22.79,20.51,5.09,338.19,P006,EQ022
2025-09-12 04:40:00,1234.8,235.79,167537.7,6309.44,474.52,1487.67,52.35,21.68,19.85,4.7,379.16,P010,EQ029
2025-09-12 04:50:00,1241.88,242.2,179265.97,6258.6,508.47,1501.84,45.17,23.25,19.9,5.53,344.92,P003,EQ036
2025-09-12 05:00:00,1207.85,234.75,174083.35,6547.51,534.74,1483.08,51.81,22.73,21.2,4.72,342.42,P013,EQ043
2025-09-12 05:10:00,1174.77,245.17,173292.86,6566.27,535.91,1488.92,54.64,20.86,19.6,4.85,280.99,P004,EQ050
2025-09-12 05:20:00,1160.25,225.97,181959.43,6360.85,491.52,1526.85,47.18,22.5,19.87,5.41,370.82,P010,EQ001
2025-09-12 05:30:00,1232.53,252.64,174300.95,6567.63,538.38,1501.87,52.22,22.33,20.93,4.97,302.62,P005,EQ008
2025-09-12 05:40:00,1203.54,222.03,169791.72,6638.48,525.06,1516.72,42.11,21.21,20.22,5.37,339.53,P003,EQ015
2025-09-12 05:50:00,1165.33,246.39,167232.33,6229.25,515.07,1511.76,34.85,22.39,20.02,4.67,298.55,P012,EQ022
2025-09-12 06:00:00,1171.95,242.77,173706.18,6449.38,493.57,1513.22,53.19,20.83,20.07,4.52,293.9,P010,EQ029
2025-09-12 06:10:00,1168.46,269.62,167560.05,6284.67,560.96,1499.64,49.47,21.53,20.36,5.47,290.1,P014,EQ036
2025-09-12 06:20:00,1221.62,241.55,176485.67,6492.88,498.92,1525.49,53.73,22.5,20.1,4.94,327.16,P015,EQ043
2025-09-12 06:30:00,1233.04,278.16,174246.86,6666.93,509.51,1508.14,53.58,22.5,20.64,5.04,351.89,P002,EQ050
2025-09-12 06:40:00,1198.25,253.48,170374.73,6416.86,546.44,1512.98,39.04,22.22,19.97,4.48,270.34,P013,EQ001
2025-09-12 06:50:00,1216.23,258.3,166878.39,6420.41,474.25,1481.61,57.78,21.56,20.74,4.75,367.85,P015,EQ008
2025-09-12 07:00:00,1187.15,247.86,178487.29,6576.25,402.38,1493.03,52.22,20.14,18.39,4.53,258.89,P005,EQ015
2025-09-12 07:10:00,1149.07,224.02,168363.88,6421.22,447.35,1491.36,50.09,24.72,18.9,5.25,380.06,P003,EQ022
2025-09-12 07:20:00,1135.56,262.67,171824.13,6617.56,510.19,1494.56,47.91,22.66,19.43,5.41,355.21,P003,EQ029
2025-09-12 07:30:00,1231.77,263.25,173697.61,6202.81,542.69,1510.98,45.31,22.13,19.68,4.72,287.45,P012,EQ036
2025-09-12 07:40:00,1190.51,236.88,176828.58,6534.63,495.6,1493.48,53.08,20.92,20.24,4.46,298.31,P004,EQ043
2025-09-12 07:50:00,1206.93,262.56,168342.59,6667.15,525.38,1517.09,49.7,22.96,21.08,5.12,364.22,P011,EQ050
2025-09-12 08:00:00,1238.38,256.12,172540.8,6362.21,524.24,1518.53,47.25,21.7,19.74,5.28,308.91,P003,EQ001
2025-09-12 08:10:00,1157.52,271.23,176817.75,6179.61,469.96,1492.54,48.4,22.01,20.19,4.77,336.61,P005,EQ008
2025-09-12 08:20:00,1252.83,252.39,173045.16,6694.84,466.86,1525.32,44.35,23.78,18.43,4.77,344.17,P007,EQ015
2025-09-12 08:30:00,1190.55,262.27,176594.04,6842.82,502.47,1495.45,56.71,23.45,18.78,5.39,317.8,P011,EQ022
2025-09-12 08:40:00,1237.3,231.55,176944.92,6398.77,459.35,1515.18,54.74,22.34,19.31,5.35,369.19,P013,EQ029
2025-09-12 08:50:00,1201.32,254.94,172450.55,6217.9,510.31,1510.87,51.9,22.74,21.74,4.88,263.96,P009,EQ036
2025-09-12 09:00:00,1144.26,263.51,173045.14,6287.22,458.54,1519.76,46.23,21.35,20.5,5.11,362.47,P012,EQ043
2025-09-12 09:10:00,1196.5,243.34,165675.27,6884.85,424.88,1498.94,44.1,21.75,19.73,5.07,390.45,P006,EQ050
2025-09-12 09:20:00,1205.51,208.28,180647.38,6521.37,470.03,1497.95,46.24,19.0,21.41,5.44,318.2,P008,EQ001
2025-09-12 09:30:00,1218.8,267.86,180059.6,6422.46,501.1,1496.77,51.74,20.97,21.02,4.99,299.09,P001,EQ008
2025-09-12 09:40:00,1198.52,258.95,175755.6,6426.37,491.75,1455.44,55.79,22.4,20.22,5.5,380.34,P014,EQ015
2025-09-12 09:50:00,1178.61,251.44,171228.65,6719.83,462.21,1521.97,56.07,22.38,21.4,4.93,359.91,P012,EQ022
2025-09-12 10:00:00,1184.06,258.65,170711.43,6484.81,527.36,1517.88,50.04,20.82,20.69,4.8,395.82,P011,EQ029
2025-09-12 10:10:00,1201.12,213.29,182177.94,6587.64,476.87,1507.35,45.11,23.08,19.7,5.14,349.62,P006,EQ036
2025-09-12 10:20:00,1220.27,279.18,184195.42,6809.79,526.85,1526.04,41.89,22.56,18.77,4.68,377.52,P013,EQ043
2025-09-12 10:30:00,1244.96,246.75,168329.09,6246.92,527.75,1510.92,51.25,20.32,20.04,5.25,330.16,P004,EQ050
2025-09-12 10:40:00,1168.87,230.82,173754.1,6503.36,525.72,1481.19,47.78,22.42,21.02,5.15,395.22,P014,EQ001
2025-09-12 10:50:00,1190.24,228.67,183987.33,6644.37,476.75,1487.7,50.03,22.29,19.32,5.37,281.78,P005,EQ008
2025-09-12 11:00:00,1240.22,254.26,175959.96,6360.76,493.17,1476.79,54.29,23.1,20.25,5.58,298.43,P005,EQ015
2025-09-12 11:10:00,1203.39,248.43,181252.38,6189.19,511.6,1468.08,42.11,21.85,19.1,5.21,300.66,P010,EQ022
2025-09-12 11:20:00,1185.16,281.69,177528.27,6346.17,510.78,1513.52,60.81,20.75,19.92,5.32,269.59,P014,EQ029
2025-09-12 11:30:00,1209.46,240.84,170377.31,6458.57,537.31,1510.94,51.59,23.53,19.83,4.98,322.8,P006,EQ036
2025-09-12 11:40:00,1180.36,226.81,177319.36,6217.21,502.3,1526.87,53.33,22.88,18.53,4.99,384.12,P013,EQ043
2025-09-12 11:50:00,1234.4,232.61,177152.11,6255.63,464.42,1511.98,47.11,21.95,21.16,4.7,257.26,P002,EQ050
2025-09-12 12:00:00,1287.93,267.7,172407.68,6741.69,523.01,1516.93,49.17,23.08,20.63,5.22,343.93,P014,EQ001
2025-09-12 12:10:00,1212.66,251.47,174107.42,6232.28,499.57,1480.4,49.93,22.79,21.56,4.68,318.94,P002,EQ008
2025-09-12 12:20:00,1176.11,233.84,176909.81,6625.07,487.26,1496.13,64.36,21.56,19.37,4.7,389.41,P003,EQ015
2025-09-12 12:30:00,1156.99,267.36,181065.18,6410.41,536.0,1497.49,48.42,21.97,18.0,4.68,316.19,P001,EQ022
2025-09-12 12:40:00,1207.53,256.63,175350.17,6468.3,507.88,1541.6,57.63,22.16,19.2,5.21,398.78,P007,EQ029
2025-09-12 12:50:00,1249.49,271.71,167944.81,6485.94,481.84,1477.49,51.84,20.92,19.89,5.03,280.35,P012,EQ036
2025-09-12 13:00:00,1221.72,256.3,168780.63,6756.16,483.85,1543.33,50.59,23.26,21.31,4.81,386.41,P015,EQ043
2025-09-12 13:10:00,1192.01,245.1,173445.67,6495.96,468.82,1502.28,50.07,20.03,19.59,4.85,347.5,P003,EQ050
2025-09-12 13:20:00,1178.08,278.03,166984.36,6300.18,501.99,1494.84,52.74,23.63,21.89,5.06,381.16,P015,EQ001
2025-09-12 13:30:00,1184.3,255.39,168703.92,6767.99,569.43,1482.83,45.44,21.43,20.18,5.03,291.1,P011,EQ008
2025-09-12 13:40:00,1188.0,235.11,182318.43,6448.8,488.37,1504.13,57.19,22.12,20.73,4.87,304.07,P002,EQ015
2025-09-12 13:50:00,1211.17,253.38,183514.64,5968.68,503.85,1516.08,52.22,20.83,21.11,5.24,305.78,P015,EQ022
2025-09-12 14:00:00,1235.46,240.6,175790.6,6277.05,494.83,1499.5,51.22,20.33,18.86,5.16,347.34,P001,EQ029
2025-09-12 14:10:00,1195.47,257.95,168676.31,6444.63,487.26,1491.84,43.14,20.91,18.77,4.93,309.45,P005,EQ036
2025-09-12 14:20:00,1166.04,243.52,173343.96,6424.6,455.34,1494.49,44.48,20.65,20.22,5.03,358.9,P013,EQ043
2025-09-12 14:30:00,1210.35,234.99,168717.67,6792.28,442.04,1482.01,56.65,22.2,21.68,5.51,285.12,P011,EQ050
2025-09-12 14:40:00,1241.62,272.93,175413.92,6312.27,524.74,1477.07,41.66,21.12,20.07,5.05,263.68,P002,EQ001
2025-09-12 14:50:00,1237.72,247.35,186982.39,6517.61,522.98,1488.47,51.25,22.3,19.12,5.07,250.16,P008,EQ008
2025-09-12 15:00:00,1170.35,284.64,169643.76,6554.19,487.81,1471.31,52.72,22.64,18.6,4.69,261.69,P010,EQ015
2025-09-12 15:10:00,1236.85,262.79,178215.5,6281.85,492.22,1526.9,40.08,20.7,19.43,5.07,283.93,P011,EQ022
2025-09-12 15:20:00,1245.46,277.8,171638.61,6729.76,447.98,1511.44,58.14,20.5,19.85,5.48,316.76,P001,EQ029
2025-09-12 15:30:00,1198.36,257.94,177050.4,6334.71,490.62,1522.22,52.23,21.25,20.1,4.85,354.34,P014,EQ036
2025-09-12 15:40:00,1209.31,243.14,177677.63,6341.47,522.88,1472.46,58.09,22.18,20.93,5.12,268.09,P014,EQ043
2025-09-12 15:50:00,1257.24,235.5,164643.97,6762.85,480.0,1503.48,56.37,23.46,19.39,5.04,313.35,P003,EQ050
2025-09-12 16:00:00,1219.99,266.42,171234.47,6781.91,500.71,1498.04,55.14,22.64,21.73,4.81,321.66,P004,EQ001
2025-09-12 16:10:00,1218.79,270.91,174238.5,6354.86,520.51,1515.76,41.04,23.49,21.58,4.76,307.46,P012,EQ008
2025-09-12 16:20:00,1175.97,262.3,179337.7,6567.34,457.1,1488.16,52.08,21.86,17.58,4.63,370.89,P002,EQ015
2025-09-12 16:30:00,1155.55,231.52,176812.78,6436.8,505.15,1492.24,50.8,22.38,21.2,4.66,297.0,P015,EQ022
2025-09-12 16:40:00,1207.82,277.36,175450.89,6436.35,481.86,1494.35,51.88,22.08,19.21,5.11,294.89,P007,EQ029
2025-09-12 16:50:00,1274.93,253.47,174686.55,6810.38,512.73,1499.36,41.23,21.95,19.18,4.9,366.02,P013,EQ036
2025-09-12 17:00:00,1185.38,276.37,179099.74,6700.4,460.56,1505.3,41.03,21.11,19.55,5.08,381.17,P011,EQ043
2025-09-12 17:10:00,1196.65,287.53,175518.03,6294.46,491.76,1449.68,51.61,20.84,20.72,5.26,398.94,P003,EQ050
2025-09-12 17:20:00,1218.47,224.23,184350.05,6713.77,498.23,1492.43,49.93,22.3,19.23,5.31,260.26,P010,EQ001
2025-09-12 17:30:00,1183.7,243.19,177290.82,6705.26,476.9,1550.89,51.7,20.42,18.87,5.14,251.27,P011,EQ008
2025-09-12 17:40:00,1216.4,242.42,176978.87,6417.14,469.94,1496.18,49.1,23.24,21.03,5.08,274.62,P006,EQ015
2025-09-12 17:50:00,1213.08,267.73,191761.54,6456.66,553.72,1470.75,43.71,21.97,20.86,4.95,358.36,P011,EQ022
2025-09-12 18:00:00,1209.38,283.48,177087.39,6230.36,517.97,1483.47,51.01,22.24,19.45,5.28,362.24,P015,EQ029
2025-09-12 18:10:00,1177.32,254.14,179492.33,6558.54,479.6,1487.25,46.69,22.76,20.17,5.18,311.76,P011,EQ036
2025-09-12 18:20:00,1218.21,232.03,170645.08,6454.29,501.4,1490.52,42.25,22.06,19.82,4.56,316.36,P004,EQ043
2025-09-12 18:30:00,1149.08,231.48,176689.54,6548.93,542.14,1520.44,52.08,21.84,20.2,4.99,263.0,P002,EQ050
2025-09-12 18:40:00,1188.12,261.04,182078.69,6392.86,544.06,1510.36,50.54,22.19,19.8,4.72,271.0,P002,EQ001
2025-09-12 18:50:00,1205.62,277.53,182051.34,6371.94,516.23,1506.23,52.08,22.0,20.71,5.24,338.44,P007,EQ008
2025-09-12 19:00:00,1179.21,274.55,165719.51,6336.89,516.37,1504.28,42.05,22.9,20.35,4.94,302.73,P007,EQ015
2025-09-12 19:10:00,1215.98,256.7,174393.84,6375.14,556.52,1463.95,45.71,20.74,19.91,5.42,297.18,P003,EQ022
2025-09-12 19:20:00,1194.35,247.42,172465.51,6989.24,449.0,1501.64,47.26,20.15,18.77,5.09,287.17,P011,EQ029
2025-09-12 19:30:00,1242.7,240.08,170966.78,6397.78,521.39,1502.54,50.01,21.63,21.0,5.02,262.64,P009,EQ036
2025-09-12 19:40:00,1240.36,244.46,183454.54,6435.12,545.78,1502.35,49.66,21.96,18.64,5.58,340.15,P012,EQ043
2025-09-12 19:50:00,1222.9,239.02,167261.27,6487.39,500.71,1492.72,43.23,21.63,22.1,4.6,341.14,P013,EQ050
2025-09-12 20:00:00,1227.14,249.19,167105.01,6220.26,527.41,1495.29,50.23,21.25,19.09,5.28,391.19,P001,EQ001
2025-09-12 20:10:00,1217.2,261.31,176579.14,6530.04,537.94,1494.14,43.65,21.33,19.15,5.19,377.18,P011,EQ008
2025-09-12 20:20:00,1247.97,235.61,180865.72,6590.84,492.99,1477.7,57.42,22.42,20.06,5.34,381.37,P004,EQ015
2025-09-12 20:30:00,1195.15,272.52,172396.96,6010.3,479.57,1477.86,48.4,23.28,20.94,4.93,327.66,P009,EQ022
2025-09-12 20:40:00,1200.35,251.11,170144.16,6511.27,510.14,1490.45,48.35,22.62,18.74,4.58,278.3,P007,EQ029
2025-09-12 20:50:00,1218.6,254.58,172211.22,6605.44,515.38,1492.44,54.89,22.77,20.14,5.1,294.33,P001,EQ036
2025-09-12 21:00:00,1228.14,283.53,174162.73,6391.24,506.29,1483.37,51.17,21.7,19.98,4.92,367.57,P013,EQ043
2025-09-12 21:10:00,1261.71,257.89,168375.4,6641.89,498.03,1501.67,50.56,20.76,21.02,4.81,393.2,P008,EQ050
2025-09-12 21:20:00,1200.76,258.59,176762.61,6450.68,483.49,1508.81,57.52,23.73,19.7,5.44,307.88,P004,EQ001
2025-09-12 21:30:00,1265.64,241.06,166933.68,6590.37,538.24,1499.36,55.44,21.88,21.24,4.53,324.94,P010,EQ008
2025-09-12 21:40:00,1234.29,260.54,170633.86,6383.55,504.58,1505.36,53.55,21.79,19.02,4.45,260.65,P015,EQ015
2025-09-12 21:50:00,1218.28,220.19,178029.74,6649.27,488.03,1498.96,44.58,22.26,21.33,5.06,396.65,P006,EQ022
2025-09-12 22:00:00,1232.55,250.11,178865.35,6599.26,524.89,1526.93,47.0,21.8,17.72,5.31,390.09,P003,EQ029
2025-09-12 22:10:00,1243.43,265.56,174531.69,6378.99,460.41,1535.12,51.35,20.81,21.35,4.74,308.03,P014,EQ036
2025-09-12 22:20:00,1184.93,232.16,167127.44,6639.25,479.33,1499.73,45.63,22.91,21.16,5.2,335.26,P006,EQ043
2025-09-12 22:30:00,1180.76,273.04,172933.36,6290.18,496.19,1491.47,48.58,21.9,22.97,5.29,331.95,P003,EQ050
2025-09-12 22:40:00,1188.23,259.31,166130.68,6420.75,483.37,1491.53,45.36,21.71,21.12,4.87,364.41,P013,EQ001
2025-09-12 22:50:00,1144.05,234.19,176330.74,6348.29,525.14,1495.86,52.12,22.15,19.4,4.98,260.95,P010,EQ008
2025-09-12 23:00:00,1200.45,241.07,180968.72,6584.22,472.09,1483.59,43.26,20.65,20.2,5.44,260.13,P005,EQ015
2025-09-12 23:10:00,1212.79,259.47,174009.07,6727.75,496.28,1513.56,55.63,23.22,19.52,4.98,282.36,P015,EQ022
2025-09-12 23:20:00,1134.55,267.6,170674.34,6709.42,501.42,1502.7,54.92,23.0,20.27,5.01,259.07,P013,EQ029
2025-09-12 23:30:00,1202.53,254.67,182120.09,6381.2,503.08,1510.41,48.79,20.85,20.31,4.87,309.7,P005,EQ036
2025-09-12 23:40:00,1215.94,242.11,174708.2,6443.0,502.67,1489.57,53.76,22.5,20.73,5.07,344.29,P009,EQ043
2025-09-12 23:50:00,1214.84,271.47,177082.9,6336.17,505.81,1486.04,52.61,21.03,18.67,5.51,365.07,P007,EQ050
2025-09-13 00:00:00,1230.68,260.56,176296.11,6556.63,517.65,1501.71,45.77,21.4,21.13,4.69,355.27,P002,EQ001
2025-09-13 00:10:00,1198.37,233.13,170066.65,6689.74,511.31,1490.96,49.96,20.77,21.28,5.36,346.08,P009,EQ008
2025-09-13 00:20:00,1195.05,278.72,174526.54,6129.39,527.1,1508.07,53.39,23.1,20.21,4.81,342.41,P005,EQ015
2025-09-13 00:30:00,1225.48,261.74,170219.34,6498.69,473.07,1493.26,55.2,20.39,20.93,4.82,262.54,P002,EQ022
2025-09-13 00:40:00,1201.25,218.43,169236.21,6708.03,511.37,1496.42,45.01,21.92,19.45,5.19,326.7,P004,EQ029
2025-09-13 00:50:00,1188.29,274.77,174782.68,6792.06,470.28,1507.7,57.54,21.81,19.49,4.88,396.15,P003,EQ036
2025-09-13 01:00:00,1204.93,265.38,182207.38,6515.48,476.4,1515.36,52.09,22.44,21.37,5.46,330.46,P007,EQ043
2025-09-13 01:10:00,1218.58,258.45,177108.04,6611.37,486.17,1505.77,52.18,21.19,19.13,4.62,337.97,P013,EQ050
2025-09-13 01:20:00,1198.22,258.55,170806.59,6148.27,451.03,1462.39,44.3,21.75,22.44,4.94,375.18,P011,EQ001
2025-09-13 01:30:00,1163.63,233.41,177558.37,6452.08,501.61,1517.23,50.9,21.62,18.78,4.73,346.47,P005,EQ008
2025-09-13 01:40:00,1198.28,260.01,173040.79,6625.51,551.9,1538.74,62.1,21.84,20.63,4.97,354.8,P012,EQ015
2025-09-13 01:50:00,1193.14,253.86,171501.08,6471.81,498.64,1513.42,53.63,20.33,20.02,5.12,393.01,P004,EQ022
2025-09-13 02:00:00,1229.49,224.87,169983.88,6463.03,466.45,1522.69,46.17,22.82,19.69,4.34,258.69,P002,EQ029
2025-09-13 02:10:00,1178.15,245.38,172327.0,6692.12,445.56,1477.97,51.16,21.24,20.3,4.36,388.69,P002,EQ036
2025-09-13 02:20:00,1152.16,222.62,172630.37,6613.86,476.67,1516.41,53.12,21.22,21.22,4.83,318.01,P010,EQ043
2025-09-13 02:30:00,1123.2,249.33,178151.04,6553.22,497.69,1507.97,47.34,22.8,17.87,4.86,258.25,P011,EQ050
2025-09-13 02:40:00,1138.67,234.93,185290.37,6327.52,495.55,1508.03,45.4,23.42,19.27,4.85,361.25,P012,EQ001
2025-09-13 02:50:00,1236.52,242.76,167304.78,6732.4,524.46,1535.64,50.36,23.1,20.54,4.98,276.35,P001,EQ008
2025-09-13 03:00:00,1167.8,267.59,178917.07,6487.47,447.72,1530.81,46.1,25.4,21.39,4.88,356.19,P012,EQ015
2025-09-13 03:10:00,1180.41,244.33,184500.99,6213.76,510.31,1484.53,48.25,22.79,19.93,4.9,251.7,P008,EQ022
2025-09-13 03:20:00,1180.67,245.7,175455.71,6358.0,543.98,1492.68,56.14,22.14,19.8,4.86,392.95,P009,EQ029
2025-09-13 03:30:00,1251.84,239.77,177423.68,6446.51,520.93,1513.15,47.9,21.87,20.74,4.9,327.58,P014,EQ036
2025-09-13 03:40:00,1215.8,261.85,178973.04,6469.13,525.4,1487.08,57.42,21.0,19.88,5.58,358.11,P003,EQ043
2025-09-13 03:50:00,1173.54,231.67,180592.1,6570.52,488.82,1490.66,44.51,20.52,21.21,5.06,305.78,P012,EQ050
2025-09-13 04:00:00,1217.68,220.7,176517.8,6371.73,469.02,1507.48,45.53,21.53,19.71,5.17,367.17,P005,EQ001
2025-09-13 04:10:00,1185.71,251.46,181106.36,6347.19,548.75,1509.81,47.17,20.25,20.9,4.36,359.94,P002,EQ008
2025-09-13 04:20:00,1263.44,263.23,170130.51,6714.09,495.0,1494.87,52.83,22.09,20.39,4.85,365.71,P001,EQ015
2025-09-13 04:30:00,1217.9,259.29,171870.79,6766.92,514.28,1496.6,54.17,22.14,21.5,4.91,300.25,P007,EQ022
2025-09-13 04:40:00,1247.97,273.51,175503.12,6255.37,491.1,1493.88,60.92,21.91,20.21,5.19,290.8,P002,EQ029
2025-09-13 04:50:00,1179.96,240.3,179895.32,6784.94,521.49,1528.56,47.41,21.62,19.71,4.42,289.44,P010,EQ036
2025-09-13 05:00:00,1205.86,236.54,172490.34,5988.84,461.98,1533.87,48.13,21.42,20.06,5.18,344.13,P008,EQ043
2025-09-13 05:10:00,1167.16,230.17,167745.69,6609.24,513.4,1522.61,49.79,21.97,19.26,5.26,318.28,P006,EQ050
2025-09-13 05:20:00,1177.89,220.18,179279.93,6195.86,503.3,1514.17,44.67,22.53,21.11,4.94,258.32,P014,EQ001
2025-09-13 05:30:00,1207.97,252.59,176509.81,6490.87,515.71,1525.25,50.6,21.51,19.41,4.99,335.03,P006,EQ008
2025-09-13 05:40:00,1217.8,238.31,179732.1,6635.12,507.66,1507.62,42.43,20.05,20.7,4.97,273.6,P013,EQ015
2025-09-13 05:50:00,1243.92,244.76,172855.66,6406.19,550.21,1521.14,45.18,20.34,18.56,5.19,265.44,P010,EQ022
2025-09-13 06:00:00,1195.47,279.63,176046.19,6275.66,477.39,1529.9,52.33,22.5,20.69,4.96,351.12,P002,EQ029
2025-09-13 06:10:00,1193.73,241.95,185726.97,6367.36,457.48,1498.51,50.11,21.17,20.92,5.0,284.26,P009,EQ036
2025-09-13 06:20:00,1259.17,248.21,167726.71,6371.77,476.78,1473.82,52.0,21.52,20.98,4.92,250.39,P014,EQ043
2025-09-13 06:30:00,1160.15,269.42,163369.2,6074.36,510.62,1528.35,53.02,21.56,21.41,4.68,379.44,P004,EQ050
2025-09-13 06:40:00,1146.76,253.57,181598.47,6617.52,476.59,1496.86,47.65,20.94,20.58,5.13,256.9,P006,EQ001
2025-09-13 06:50:00,1174.0,251.18,182602.77,6116.83,506.06,1471.18,49.63,22.15,19.62,4.82,307.45,P003,EQ008
2025-09-13 07:00:00,1177.16,260.02,183198.43,6623.52,488.86,1487.63,52.67,21.0,19.76,5.08,276.84,P014,EQ015
2025-09-13 07:10:00,1193.51,223.67,179203.94,6548.89,451.16,1485.01,56.77,21.43,19.28,5.23,255.3,P013,EQ022
2025-09-13 07:20:00,1197.85,244.3,164763.8,6319.06,482.63,1517.7,61.57,22.25,21.34,5.26,387.09,P012,EQ029
2025-09-13 07:30:00,1182.71,244.33,172283.24,6727.07,487.98,1509.97,49.84,22.0,20.5,5.17,348.36,P004,EQ036
2025-09-13 07:40:00,1183.85,253.52,181950.96,6526.12,492.21,1492.66,49.71,21.57,19.16,5.67,298.27,P007,EQ043
2025-09-13 07:50:00,1154.89,239.11,164047.22,6706.17,469.62,1514.04,46.93,21.18,18.89,4.85,387.38,P006,EQ050
2025-09-13 08:00:00,1203.86,258.8,169259.47,6513.65,535.69,1513.06,50.34,21.47,19.13,4.63,290.69,P002,EQ001
2025-09-13 08:10:00,1274.67,256.71,170670.4,6014.63,466.75,1495.08,45.52,21.74,21.26,4.41,335.73,P002,EQ008
2025-09-13 08:20:00,1242.47,241.7,181265.21,6318.18,494.64,1509.23,57.19,22.93,19.69,5.17,325.31,P015,EQ015
2025-09-13 08:30:00,1242.93,243.59,176580.45,6222.41,506.44,1509.39,52.44,22.14,21.74,5.24,257.9,P004,EQ022
2025-09-13 08:40:00,1205.33,232.89,163614.13,6937.83,469.46,1491.48,55.04,21.46,19.99,4.99,370.65,P001,EQ029
2025-09-13 08:50:00,1166.15,259.18,171591.31,6604.88,483.74,1481.57,44.71,22.76,18.11,4.62,393.11,P002,EQ036
2025-09-13 09:00:00,1209.71,245.71,176994.7,6319.42,473.56,1525.06,59.66,22.42,21.0,5.06,381.55,P014,EQ043
2025-09-13 09:10:00,1171.97,268.54,173639.16,6510.29,494.43,1445.79,43.65,21.45,21.05,4.93,292.35,P014,EQ050
2025-09-13 09:20:00,1232.83,263.57,173403.42,6412.01,492.91,1486.61,52.11,23.48,18.67,4.73,296.6,P002,EQ001
2025-09-13 09:30:00,1211.97,262.56,176564.17,6600.69,482.54,1507.03,45.45,24.82,20.83,4.67,332.96,P001,EQ008
2025-09-13 09:40:00,1236.11,239.5,168954.71,6404.98,484.66,1517.19,54.57,21.52,19.23,5.1,305.34,P005,EQ015
2025-09-13 09:50:00,1188.69,260.23,184215.0,6236.16,499.25,1482.87,49.91,22.39,21.1,4.75,334.57,P005,EQ022
2025-09-13 10:00:00,1145.48,271.0,167914.61,6322.41,502.22,1531.25,52.52,21.37,19.32,5.07,360.94,P004,EQ029
2025-09-13 10:10:00,1245.02,229.11,174471.26,6743.41,480.32,1473.83,47.4,21.79,20.85,5.08,319.59,P010,EQ036
2025-09-13 10:20:00,1164.13,259.84,163425.2,6567.29,544.49,1497.82,41.61,21.64,18.04,4.92,395.78,P013,EQ043
2025-09-13 10:30:00,1197.21,261.27,175503.36,6515.34,530.72,1483.95,55.28,23.11,20.86,5.23,366.38,P012,EQ050
2025-09-13 10:40:00,1225.71,253.59,179873.96,6356.92,514.91,1526.41,51.03,21.06,18.69,5.07,385.07,P013,EQ001
2025-09-13 10:50:00,1209.85,243.98,175051.78,6559.2,494.38,1520.97,46.15,24.17,20.82,5.33,369.4,P003,EQ008
2025-09-13 11:00:00,1148.99,238.66,180154.16,6753.84,489.98,1508.52,56.11,23.07,18.08,5.14,250.96,P007,EQ015
2025-09-13 11:10:00,1224.22,236.15,172311.8,6427.02,463.33,1486.09,56.87,19.82,19.0,4.89,253.59,P009,EQ022
2025-09-13 11:20:00,1223.46,218.15,165714.22,6194.75,498.02,1518.87,48.84,22.74,19.54,5.26,301.96,P014,EQ029
2025-09-13 11:30:00,1218.36,255.4,170352.41,6449.72,518.88,1488.91,53.81,23.72,20.82,5.37,354.02,P001,EQ036
2025-09-13 11:40:00,1238.99,272.32,176876.37,6708.07,512.5,1518.65,49.46,21.84,20.12,5.33,392.65,P001,EQ043
2025-09-13 11:50:00,1168.79,241.49,171858.36,6163.31,455.72,1522.53,50.63,21.78,20.77,4.13,363.84,P007,EQ050
2025-09-13 12:00:00,1172.5,230.79,180180.52,6343.77,490.42,1532.84,52.79,21.85,20.15,4.88,377.35,P012,EQ001
2025-09-13 12:10:00,1181.91,235.21,176400.48,6453.22,491.93,1563.29,46.91,23.82,20.67,5.08,296.13,P004,EQ008
2025-09-13 12:20:00,1215.52,222.62,177823.87,6461.13,516.35,1474.83,49.06,22.98,20.7,5.45,329.47,P004,EQ015
2025-09-13 12:30:00,1193.65,225.08,175183.56,6366.98,564.16,1547.59,47.4,21.49,20.35,5.12,312.97,P001,EQ022
2025-09-13 12:40:00,1124.62,276.93,177203.39,6900.51,502.68,1513.96,49.87,23.12,21.4,5.19,395.88,P003,EQ029
2025-09-13 12:50:00,1184.79,236.1,163815.78,6626.04,558.92,1502.65,53.58,22.89,18.72,4.68,356.75,P002,EQ036
2025-09-13 13:00:00,1174.44,279.44,178782.51,6556.27,493.02,1504.95,52.88,21.78,20.16,5.39,256.59,P004,EQ043
2025-09-13 13:10:00,1206.78,222.61,175580.63,6542.64,491.24,1544.34,50.41,21.7,18.93,4.92,384.59,P009,EQ050
2025-09-13 13:20:00,1250.78,241.14,178261.69,6167.42,504.73,1498.19,47.14,22.17,20.92,5.46,311.96,P015,EQ001
2025-09-13 13:30:00,1183.6,279.85,183562.72,6631.86,488.39,1456.13,49.42,24.07,18.32,5.12,305.87,P012,EQ008
2025-09-13 13:40:00,1253.8,269.96,170197.39,6261.16,489.93,1514.01,56.91,23.08,18.39,4.65,262.74,P002,EQ015
2025-09-13 13:50:00,1208.58,247.84,171026.36,6692.72,434.29,1489.68,54.26,23.24,19.37,4.8,325.81,P011,EQ022
2025-09-13 14:00:00,1207.58,246.07,178778.9,6724.09,512.93,1474.92,48.13,21.09,20.04,4.76,372.99,P002,EQ029
2025-09-13 14:10:00,1198.94,267.84,174200.46,6016.05,458.03,1502.56,41.83,22.52,20.57,5.09,338.78,P001,EQ036
2025-09-13 14:20:00,1208.71,254.64,180884.17,6571.84,508.58,1498.76,45.34,19.31,18.28,4.82,315.25,P003,EQ043
2025-09-13 14:30:00,1199.56,245.2,186811.83,6225.89,552.71,1517.61,53.75,21.13,19.38,4.5,285.52,P005,EQ050
2025-09-13 14:40:00,1236.93,241.67,171002.66,6712.9,483.29,1489.61,45.86,23.07,19.8,4.36,377.64,P015,EQ001
2025-09-13 14:50:00,1210.76,254.42,179898.09,6887.54,546.93,1488.81,50.01,23.28,20.09,5.06,370.12,P012,EQ008
2025-09-13 15:00:00,1210.65,243.32,177360.63,6581.15,480.36,1472.56,49.31,24.05,18.14,5.51,374.78,P006,EQ015
2025-09-13 15:10:00,1241.37,236.65,181227.13,6502.36,527.54,1551.5,48.51,23.04,20.16,4.97,297.71,P005,EQ022
2025-09-13 15:20:00,1163.73,249.75,168422.59,6485.81,488.43,1513.9,52.99,22.08,20.88,4.68,285.04,P004,EQ029
2025-09-13 15:30:00,1174.36,262.42,170977.87,6723.32,513.75,1490.83,47.57,20.93,18.46,4.54,270.42,P013,EQ036
2025-09-13 15:40:00,1165.99,262.81,178078.88,6969.88,478.61,1489.95,50.34,22.64,21.0,4.84,337.71,P003,EQ043
2025-09-13 15:50:00,1204.92,241.49,173177.65,6589.6,445.55,1520.45,48.78,22.34,20.2,4.85,265.85,P008,EQ050
2025-09-13 16:00:00,1177.83,233.88,177567.91,6449.64,497.42,1507.5,61.06,20.86,20.08,4.79,319.91,P007,EQ001
2025-09-13 16:10:00,1215.2,260.69,175363.66,6189.5,473.77,1512.34,42.23,22.37,20.58,5.25,268.11,P006,EQ008
2025-09-13 16:20:00,1222.26,228.71,168623.27,6074.33,528.14,1505.16,48.02,22.67,18.56,4.96,394.7,P004,EQ015
2025-09-13 16:30:00,1187.14,247.86,175666.95,6591.32,471.42,1472.08,53.86,22.2,18.09,4.87,317.79,P008,EQ022
2025-09-13 16:40:00,1195.04,241.59,175877.34,6424.09,507.89,1492.81,54.15,20.46,19.42,5.18,289.75,P002,EQ029
2025-09-13 16:50:00,1167.58,223.46,173500.55,6258.68,525.67,1481.71,34.96,21.31,19.96,5.04,263.56,P013,EQ036
2025-09-13 17:00:00,1201.23,242.79,172045.2,6725.91,524.09,1506.18,49.08,22.5,20.02,4.99,352.91,P014,EQ043
2025-09-13 17:10:00,1205.19,240.98,185000.85,6305.79,457.22,1500.39,40.63,22.23,18.29,4.93,355.71,P010,EQ050
2025-09-13 17:20:00,1241.4,244.65,172996.47,6896.14,499.65,1465.45,53.93,22.73,20.58,5.18,256.05,P014,EQ001
2025-09-13 17:30:00,1217.47,268.65,173827.84,6291.11,507.28,1506.24,51.74,22.78,20.75,5.1,378.49,P003,EQ008
2025-09-13 17:40:00,1171.78,238.06,175694.74,6406.19,492.35,1453.16,55.62,21.35,21.3,4.54,263.68,P004,EQ015
2025-09-13 17:50:00,1250.47,266.02,166181.36,6623.22,465.8,1515.24,53.99,21.88,19.84,4.87,395.26,P007,EQ022
2025-09-13 18:00:00,1224.67,269.68,179842.9,6662.1,557.32,1514.31,49.09,22.1,19.77,4.83,327.02,P011,EQ029
2025-09-13 18:10:00,1203.12,250.02,182644.35,6370.51,480.93,1496.8,41.93,23.23,21.41,5.01,294.83,P014,EQ036
2025-09-13 18:20:00,1191.26,258.36,175220.92,6745.42,504.46,1531.32,55.83,21.5,20.55,5.27,398.6,P001,EQ043
2025-09-13 18:30:00,1206.8,241.47,176513.05,6163.88,530.36,1508.38,44.8,21.77,20.74,4.55,392.81,P014,EQ050
2025-09-13 18:40:00,1254.16,237.99,177809.16,6728.68,547.67,1473.55,39.43,21.98,19.04,4.45,317.83,P012,EQ001
2025-09-13 18:50:00,1215.75,276.39,168071.35,6682.03,457.43,1498.99,59.56,20.28,21.42,4.74,332.52,P002,EQ008
2025-09-13 19:00:00,1202.11,240.7,171377.09,6542.22,426.41,1483.32,60.43,23.7,20.54,5.41,319.31,P013,EQ015
2025-09-13 19:10:00,1205.13,240.28,176045.7,6770.79,530.39,1514.55,36.72,21.86,19.62,5.16,369.07,P002,EQ022
2025-09-13 19:20:00,1196.1,225.86,180247.49,6588.18,486.77,1467.16,50.93,21.93,21.1,4.9,251.79,P014,EQ029
2025-09-13 19:30:00,1167.25,264.32,168776.18,6631.83,472.83,1519.23,60.69,22.08,19.55,4.97,367.14,P004,EQ036
2025-09-13 19:40:00,1186.63,240.27,175887.24,6223.61,468.16,1504.45,45.31,22.6,19.52,5.0,269.61,P014,EQ043
2025-09-13 19:50:00,1230.71,247.06,179336.58,6271.16,475.55,1495.7,48.33,21.47,18.62,4.18,310.09,P011,EQ050
2025-09-13 20:00:00,1207.49,242.29,171290.13,6621.53,528.99,1494.17,47.71,22.41,20.89,4.71,344.54,P011,EQ001
2025-09-13 20:10:00,1222.02,257.4,176967.85,6765.57,447.34,1476.73,52.32,22.76,18.81,4.73,262.61,P010,EQ008
2025-09-13 20:20:00,1197.2,248.54,171049.65,6557.63,539.04,1530.09,53.91,22.11,18.32,5.08,288.82,P014,EQ015
2025-09-13 20:30:00,1165.9,260.52,176802.41,6498.65,461.47,1510.57,43.6,22.13,18.73,4.87,261.25,P002,EQ022
2025-09-13 20:40:00,1184.13,271.2,174856.35,6686.2,471.18,1482.45,48.36,22.22,18.2,4.97,279.66,P011,EQ029
2025-09-13 20:50:00,1218.65,222.47,179232.67,6644.68,491.95,1521.49,54.3,21.68,18.94,5.24,316.51,P003,EQ036
2025-09-13 21:00:00,1205.12,243.35,168660.86,6735.67,476.97,1496.7,46.43,23.62,20.71,5.37,263.8,P014,EQ043
2025-09-13 21:10:00,1221.19,221.25,173581.76,6608.51,545.17,1449.58,51.41,22.47,19.03,5.08,374.4,P006,EQ050
2025-09-13 21:20:00,1189.91,269.72,183871.13,6643.61,515.98,1522.33,49.9,23.21,20.0,4.99,268.38,P008,EQ001
2025-09-13 21:30:00,1228.07,236.36,177726.85,6775.26,533.29,1505.87,46.88,20.92,20.11,5.4,257.6,P015,EQ008
2025-09-13 21:40:00,1143.97,254.67,174903.56,6405.41,450.24,1547.12,50.24,22.57,21.71,4.87,336.08,P014,EQ015
2025-09-13 21:50:00,1208.04,247.63,176744.88,6793.59,490.57,1466.81,44.5,22.76,20.92,4.7,358.66,P008,EQ022
2025-09-13 22:00:00,1196.57,247.79,179609.29,6462.71,489.82,1524.64,50.35,21.35,18.84,5.14,254.42,P011,EQ029
2025-09-13 22:10:00,1251.32,212.07,169092.25,6607.61,465.7,1499.62,49.82,21.8,20.83,5.23,314.0,P006,EQ036
2025-09-13 22:20:00,1163.03,261.02,177389.86,6521.32,500.02,1478.87,51.96,21.67,20.27,5.67,282.21,P003,EQ043
2025-09-13 22:30:00,1174.15,287.35,179556.62,6697.86,533.24,1506.18,43.69,19.86,17.85,4.75,291.25,P008,EQ050
2025-09-13 22:40:00,1212.12,236.8,174558.96,6553.29,532.74,1526.98,58.15,23.47,19.18,4.79,382.51,P001,EQ001
2025-09-13 22:50:00,1174.14,251.82,172204.16,6556.57,517.57,1495.27,46.52,21.43,20.31,5.42,342.12,P010,EQ008
2025-09-13 23:00:00,1182.68,236.38,180777.75,6543.18,470.46,1502.44,42.66,21.61,19.38,5.36,286.87,P005,EQ015
2025-09-13 23:10:00,1178.51,242.11,182663.55,6712.26,502.45,1514.19,59.41,22.07,20.81,4.95,324.83,P015,EQ022
2025-09-13 23:20:00,1197.19,239.57,179720.35,6824.95,508.25,1495.98,49.72,21.0,18.68,4.39,332.6,P001,EQ029
2025-09-13 23:30:00,1210.2,247.62,173840.73,6278.67,537.98,1486.72,46.27,21.17,20.95,5.43,263.16,P007,EQ036
2025-09-13 23:40:00,1163.28,245.77,175104.87,6684.43,480.59,1527.06,47.11,21.8,19.26,4.87,270.59,P004,EQ043
2025-09-13 23:50:00,1188.42,237.44,173997.32,6331.53,431.34,1530.66,47.75,22.85,20.32,5.06,346.4,P013,EQ050
2025-09-14 00:00:00,1194.95,254.21,175926.77,6450.09,495.24,1508.23,45.94,22.27,18.33,5.09,328.87,P011,EQ001
2025-09-14 00:10:00,1181.85,239.22,178393.54,6666.51,451.34,1494.04,49.73,21.52,20.27,4.68,399.11,P009,EQ008
2025-09-14 00:20:00,1184.28,259.95,177233.6,6255.59,507.75,1515.7,52.74,21.61,19.42,5.3,369.23,P007,EQ015
2025-09-14 00:30:00,1179.22,247.72,177480.88,6599.0,545.76,1517.56,48.6,21.31,18.62,4.47,367.29,P006,EQ022
2025-09-14 00:40:00,1231.43,248.06,180515.18,6552.87,481.83,1497.3,51.61,21.81,20.31,4.67,321.95,P013,EQ029
2025-09-14 00:50:00,1195.87,250.32,177490.7,6311.0,495.66,1506.58,52.26,22.99,19.69,5.25,322.7,P015,EQ036
2025-09-14 01:00:00,1163.59,220.95,174242.6,6272.4,512.34,1477.5,55.18,22.77,20.82,5.2,334.85,P006,EQ043
2025-09-14 01:10:00,1175.27,251.69,178992.71,6328.54,496.99,1478.47,47.84,22.41,20.48,4.63,308.26,P003,EQ050
2025-09-14 01:20:00,1223.72,255.16,176251.8,6694.51,466.53,1486.3,55.39,21.09,17.58,5.34,253.91,P010,EQ001
2025-09-14 01:30:00,1177.64,267.27,167128.56,6339.28,494.57,1490.94,43.78,21.74,18.7,5.05,282.85,P015,EQ008
2025-09-14 01:40:00,1178.52,247.86,182130.75,6368.23,524.16,1526.74,45.03,21.74,17.85,4.91,371.6,P005,EQ015
2025-09-14 01:50:00,1212.05,260.99,173014.66,6964.75,504.18,1483.42,50.07,19.85,19.23,4.58,258.79,P008,EQ022
2025-09-14 02:00:00,1172.06,241.99,165510.42,6346.84,528.21,1462.44,46.27,23.39,19.3,5.3,329.41,P013,EQ029
2025-09-14 02:10:00,1246.5,241.7,175892.01,6445.75,520.08,1516.92,42.99,21.19,18.35,4.59,337.6,P004,EQ036
2025-09-14 02:20:00,1232.42,226.38,176795.37,6347.39,458.53,1492.82,54.58,21.4,20.15,5.03,396.1,P002,EQ043
2025-09-14 02:30:00,1181.35,267.44,171049.16,6994.3,548.85,1483.52,52.21,20.28,20.32,5.34,287.18,P004,EQ050
2025-09-14 02:40:00,1225.63,237.0,170280.37,6653.76,541.86,1516.04,47.78,21.48,18.33,4.99,289.98,P014,EQ001
2025-09-14 02:50:00,1208.6,244.0,178268.78,6573.94,534.77,1497.97,46.11,21.81,21.13,4.8,368.69,P012,EQ008
2025-09-14 03:00:00,1204.88,247.91,177036.58,6219.12,538.62,1471.33,41.33,21.15,20.54,4.72,258.39,P004,EQ015
2025-09-14 03:10:00,1174.46,243.28,180953.44,6818.45,535.42,1487.9,51.6,23.74,21.59,5.3,336.35,P013,EQ022
2025-09-14 03:20:00,1186.27,266.4,175045.18,6164.79,451.34,1507.32,50.88,20.52,20.51,5.42,308.26,P015,EQ029
2025-09-14 03:30:00,1249.16,253.1,177677.73,6602.96,496.25,1498.53,55.96,21.68,21.74,4.31,375.88,P014,EQ036
2025-09-14 03:40:00,1184.74,270.24,173988.13,6593.29,498.54,1494.2,55.73,22.45,20.82,4.52,276.06,P004,EQ043
2025-09-14 03:50:00,1229.36,231.22,179296.42,6547.27,518.37,1488.4,49.25,21.34,20.83,5.12,338.88,P013,EQ050
2025-09-14 04:00:00,1182.8,225.06,170119.76,6504.67,445.61,1525.64,56.73,22.73,18.65,4.98,360.72,P006,EQ001
2025-09-14 04:10:00,1181.32,245.72,175349.09,6777.37,488.08,1473.07,36.92,21.25,21.9,4.92,387.1,P001,EQ008
2025-09-14 04:20:00,1174.04,256.09,180259.12,6439.78,501.01,1529.0,55.94,20.58,20.08,5.35,355.52,P006,EQ015
2025-09-14 04:30:00,1210.84,262.74,176656.37,6435.57,492.51,1519.35,49.36,21.73,20.79,5.27,392.13,P010,EQ022
2025-09-14 04:40:00,1202.18,267.28,165527.07,6605.11,469.83,1494.2,50.48,21.03,22.21,5.02,271.32,P004,EQ029
2025-09-14 04:50:00,1189.84,267.48,172242.1,6606.62,542.57,1513.07,48.86,22.14,22.98,5.69,375.5,P013,EQ036
2025-09-14 05:00:00,1128.95,258.69,172755.58,6398.67,445.98,1491.85,54.48,21.5,19.73,5.81,382.24,P008,EQ043
2025-09-14 05:10:00,1208.07,249.05,171944.29,6280.03,555.39,1542.08,52.77,22.03,19.08,5.15,331.32,P003,EQ050
2025-09-14 05:20:00,1232.72,242.75,180668.61,6670.13,485.3,1480.33,43.53,21.76,18.51,4.71,323.57,P002,EQ001
2025-09-14 05:30:00,1235.16,241.26,173650.13,6472.43,476.72,1500.46,50.43,19.77,20.9,4.68,258.43,P010,EQ008
2025-09-14 05:40:00,1199.09,248.81,177737.6,6710.64,502.06,1483.91,45.84,21.28,19.89,5.26,282.82,P009,EQ015
2025-09-14 05:50:00,1214.18,248.22,172477.87,6136.51,503.95,1475.3,52.11,21.66,18.9,5.02,321.7,P006,EQ022
2025-09-14 06:00:00,1204.75,247.99,183871.42,6427.29,584.27,1485.52,52.03,20.37,20.99,4.53,387.68,P004,EQ029
2025-09-14 06:10:00,1208.2,224.78,179162.39,6537.34,509.21,1522.87,48.19,21.95,18.74,5.02,370.97,P006,EQ036
2025-09-14 06:20:00,1153.37,258.7,178445.16,6466.27,503.06,1520.27,50.38,20.91,20.21,4.88,357.54,P015,EQ043
2025-09-14 06:30:00,1191.7,229.98,173245.97,6431.85,518.74,1496.07,54.67,20.19,20.63,4.96,370.36,P014,EQ050
2025-09-14 06:40:00,1211.15,255.77,174724.99,6620.35,522.67,1503.83,48.29,21.49,21.45,4.54,298.54,P001,EQ001
2025-09-14 06:50:00,1163.14,234.51,171558.36,6674.97,550.48,1501.55,51.56,22.14,19.44,4.57,272.16,P012,EQ008
2025-09-14 07:00:00,1212.67,239.86,172294.52,6453.15,463.93,1525.22,53.85,20.79,21.07,5.13,387.58,P013,EQ015
2025-09-14 07:10:00,1189.8,245.44,173143.74,6416.53,500.15,1474.94,43.5,22.29,19.9,4.66,266.64,P009,EQ022
2025-09-14 07:20:00,1196.99,207.22,179338.54,6304.52,505.27,1512.0,55.16,22.55,19.83,5.16,379.1,P002,EQ029
2025-09-14 07:30:00,1194.2,261.41,180551.89,6316.46,507.02,1520.32,57.31,23.18,20.62,5.06,306.04,P011,EQ036
2025-09-14 07:40:00,1176.4,260.73,173669.1,6371.38,483.15,1501.79,43.79,22.91,21.13,5.61,309.34,P002,EQ043
2025-09-14 07:50:00,1204.66,253.27,167796.16,6305.34,505.4,1542.15,47.68,22.28,19.4,4.91,300.48,P006,EQ050
2025-09-14 08:00:00,1238.35,244.87,180580.09,6514.01,494.14,1496.98,53.08,22.42,19.1,5.46,270.47,P003,EQ001
2025-09-14 08:10:00,1206.73,249.26,168290.8,6566.4,542.43,1517.82,55.35,22.24,20.26,5.12,359.85,P007,EQ008
2025-09-14 08:20:00,1171.58,246.3,180767.05,6561.17,532.76,1480.65,46.8,22.02,21.84,5.09,368.78,P008,EQ015
2025-09-14 08:30:00,1172.61,281.0,176212.09,6173.67,528.92,1429.26,52.32,22.39,20.92,4.28,347.38,P003,EQ022
2025-09-14 08:40:00,1196.68,250.27,174839.1,6649.76,578.37,1518.36,53.84,20.5,19.53,5.51,356.08,P009,EQ029
2025-09-14 08:50:00,1215.63,244.5,179455.92,6727.48,527.34,1501.77,51.47,23.3,20.02,4.83,354.03,P015,EQ036
2025-09-14 09:00:00,1192.3,214.99,174188.31,6237.35,481.05,1535.03,51.68,20.92,20.59,5.38,342.06,P006,EQ043
2025-09-14 09:10:00,1204.94,259.2,172060.43,6355.01,556.33,1525.31,48.01,22.08,18.2,5.12,283.49,P010,EQ050
2025-09-14 09:20:00,1198.77,246.74,177636.0,6480.35,553.24,1487.98,46.06,22.96,20.21,5.05,372.17,P007,EQ001
2025-09-14 09:30:00,1230.89,262.1,184575.35,6818.64,434.03,1489.58,57.61,22.98,19.01,4.92,296.02,P012,EQ008
2025-09-14 09:40:00,1201.15,237.71,170144.59,6346.1,470.67,1511.79,40.76,22.9,21.49,4.95,294.18,P003,EQ015
2025-09-14 09:50:00,1223.39,261.98,185918.6,6497.61,476.24,1499.98,48.95,22.06,19.99,4.68,359.32,P012,EQ022
2025-09-14 10:00:00,1154.84,215.7,177382.73,6485.96,524.39,1503.37,51.51,21.56,19.72,5.03,392.3,P007,EQ029
2025-09-14 10:10:00,1159.68,263.95,176028.78,6036.43,508.33,1452.54,52.05,23.31,19.94,4.84,377.61,P013,EQ036
2025-09-14 10:20:00,1208.65,262.6,175763.4,6747.48,476.22,1499.02,51.33,21.9,20.39,5.18,394.78,P001,EQ043
2025-09-14 10:30:00,1230.11,246.68,174509.54,6627.38,499.07,1497.27,52.76,22.24,19.95,4.65,277.31,P006,EQ050
2025-09-14 10:40:00,1215.76,246.81,185747.48,6539.4,520.49,1500.13,50.36,22.35,21.2,5.04,388.16,P010,EQ001
2025-09-14 10:50:00,1200.21,262.46,173870.33,6301.84,500.98,1509.69,56.02,22.04,18.44,4.77,283.13,P010,EQ008
2025-09-14 11:00:00,1215.26,249.97,181556.4,6743.53,573.91,1507.22,52.91,21.2,20.03,4.58,265.62,P008,EQ015
2025-09-14 11:10:00,1207.02,242.59,163355.08,6516.18,498.05,1473.62,41.56,21.66,19.76,4.51,271.1,P012,EQ022
2025-09-14 11:20:00,1178.04,239.97,167152.12,6415.65,472.05,1557.1,61.4,21.27,20.84,4.72,261.67,P006,EQ029
2025-09-14 11:30:00,1177.01,251.45,175051.21,6564.46,548.59,1482.55,55.93,21.79,19.7,4.79,397.36,P003,EQ036
2025-09-14 11:40:00,1209.94,254.59,181298.24,6074.21,511.72,1504.45,53.24,21.41,19.33,4.67,345.43,P002,EQ043
2025-09-14 11:50:00,1184.16,258.5,166562.51,6497.35,525.1,1496.02,53.19,21.89,19.88,5.58,373.25,P011,EQ050
2025-09-14 12:00:00,1228.41,251.08,173343.55,6632.2,493.68,1502.57,44.78,24.16,19.41,4.86,345.87,P015,EQ001
2025-09-14 12:10:00,1159.26,238.47,178472.0,6338.89,505.94,1505.33,52.54,22.2,21.17,4.67,300.36,P001,EQ008
2025-09-14 12:20:00,1217.32,228.17,172874.0,6478.69,432.53,1498.02,46.55,21.02,18.6,4.71,289.78,P004,EQ015
2025-09-14 12:30:00,1216.72,248.3,177129.45,6430.15,465.3,1495.45,53.53,22.33,19.76,5.14,353.98,P006,EQ022
2025-09-14 12:40:00,1209.38,282.8,172870.49,6400.68,472.2,1545.49,52.86,25.25,20.83,5.03,288.5,P002,EQ029
2025-09-14 12:50:00,1207.21,255.64,176657.43,6014.27,474.46,1494.27,42.74,21.54,21.3,4.84,358.06,P001,EQ036
2025-09-14 13:00:00,1218.38,210.41,174461.17,6531.31,467.96,1463.59,50.96,22.17,19.4,5.04,307.89,P012,EQ043
2025-09-14 13:10:00,1229.74,255.39,177087.75,6512.44,466.22,1490.83,48.82,22.06,19.72,4.51,312.95,P003,EQ050
2025-09-14 13:20:00,1238.68,288.42,180683.62,6733.58,528.24,1490.44,48.47,22.42,19.56,4.81,382.68,P008,EQ001
2025-09-14 13:30:00,1171.55,247.07,169704.12,6502.98,500.19,1485.74,54.18,20.07,21.43,4.74,382.27,P006,EQ008
2025-09-14 13:40:00,1181.67,272.31,179196.71,6468.68,507.35,1510.03,36.23,23.09,20.51,4.8,331.9,P002,EQ015
2025-09-14 13:50:00,1203.08,246.99,171760.14,6375.14,535.25,1501.01,49.71,20.6,20.45,5.47,374.32,P013,EQ022
2025-09-14 14:00:00,1182.99,250.44,175606.42,6754.53,469.25,1510.96,47.43,22.33,21.56,4.81,379.61,P011,EQ029
2025-09-14 14:10:00,1199.95,242.21,163058.42,6626.34,430.48,1536.31,40.32,21.89,19.72,4.72,363.74,P004,EQ036
2025-09-14 14:20:00,1172.43,268.71,172669.81,6567.55,558.86,1541.8,56.71,21.62,16.73,5.37,274.4,P002,EQ043
2025-09-14 14:30:00,1219.42,237.03,177453.67,6375.52,475.76,1484.13,53.54,20.71,18.74,4.8,369.88,P001,EQ050
2025-09-14 14:40:00,1194.72,253.13,177370.85,6484.96,464.72,1498.48,45.79,22.09,20.45,5.17,294.24,P006,EQ001
2025-09-14 14:50:00,1236.02,229.34,173483.17,6660.26,457.02,1515.92,47.92,22.4,20.33,5.08,289.17,P002,EQ008
2025-09-14 15:00:00,1208.07,234.54,174857.12,6827.41,482.54,1514.76,47.26,21.72,21.44,4.92,261.13,P003,EQ015
2025-09-14 15:10:00,1195.96,262.07,178550.96,6189.9,538.01,1518.68,46.7,22.03,18.83,4.88,383.19,P003,EQ022
2025-09-14 15:20:00,1197.92,250.24,173217.1,6372.77,506.96,1529.71,51.43,20.86,21.19,4.59,359.8,P009,EQ029
2025-09-14 15:30:00,1194.02,231.86,173469.57,6854.34,407.92,1485.53,41.7,23.13,21.92,5.07,391.28,P002,EQ036
2025-09-14 15:40:00,1238.36,206.84,176231.96,6607.77,518.67,1488.04,47.76,21.33,20.21,4.82,300.69,P010,EQ043
2025-09-14 15:50:00,1209.83,244.29,171485.85,6600.19,498.61,1475.51,62.08,22.06,19.54,5.0,383.98,P012,EQ050
2025-09-14 16:00:00,1192.36,219.81,163898.32,6891.25,503.16,1506.87,49.26,21.55,18.23,5.18,254.65,P011,EQ001
2025-09-14 16:10:00,1152.57,226.9,177060.9,6526.5,488.47,1546.58,52.8,24.17,19.51,5.02,274.75,P015,EQ008
2025-09-14 16:20:00,1235.93,264.29,174896.78,6233.07,457.35,1506.05,42.5,22.89,21.11,5.26,315.13,P001,EQ015
2025-09-14 16:30:00,1147.64,272.23,175786.12,6026.76,483.2,1474.66,50.01,21.68,19.55,4.99,265.19,P004,EQ022
2025-09-14 16:40:00,1165.34,226.77,168911.55,6219.77,486.45,1516.77,52.53,22.03,20.29,5.31,396.16,P007,EQ029
2025-09-14 16:50:00,1206.12,268.18,174709.06,6458.82,533.9,1488.06,45.73,20.3,19.92,5.0,354.58,P012,EQ036
2025-09-14 17:00:00,1221.87,262.82,175519.98,6183.76,429.1,1509.65,50.93,22.15,19.82,4.86,388.84,P009,EQ043
2025-09-14 17:10:00,1138.75,222.81,180971.64,6849.72,472.64,1463.15,37.37,20.44,19.99,5.35,289.79,P005,EQ050
2025-09-14 17:20:00,1214.47,256.85,173100.93,6621.64,470.42,1506.76,57.0,20.38,21.79,5.02,294.61,P002,EQ001
2025-09-14 17:30:00,1157.05,243.46,173996.75,6313.22,463.99,1532.23,49.14,22.0,19.14,4.64,257.45,P010,EQ008
2025-09-14 17:40:00,1185.62,275.86,181762.86,6806.66,517.4,1497.33,52.24,21.11,23.07,5.22,332.45,P008,EQ015
2025-09-14 17:50:00,1159.26,234.71,165815.45,6376.83,497.33,1529.58,58.91,22.22,19.61,4.74,273.04,P006,EQ022
2025-09-14 18:00:00,1157.64,258.86,175250.26,6889.25,524.54,1490.24,49.91,19.95,20.55,5.21,250.57,P002,EQ029
2025-09-14 18:10:00,1194.89,221.46,182345.09,6271.06,497.84,1501.21,53.15,21.69,18.17,5.63,294.18,P011,EQ036
2025-09-14 18:20:00,1241.67,243.94,176116.17,6079.71,532.29,1532.35,47.75,20.53,18.54,4.59,343.76,P008,EQ043
2025-09-14 18:30:00,1178.15,244.18,178634.08,6313.28,500.8,1502.82,56.99,21.15,18.53,4.68,279.95,P001,EQ050
2025-09-14 18:40:00,1210.25,237.96,175377.89,6611.91,492.19,1505.66,45.29,22.14,20.45,4.65,281.04,P011,EQ001
2025-09-14 18:50:00,1181.02,258.04,174134.28,6354.09,465.27,1459.26,52.36,21.45,19.58,4.96,293.77,P002,EQ008
2025-09-14 19:00:00,1174.51,274.69,177938.22,6390.28,476.74,1500.13,55.8,21.95,20.57,4.64,321.04,P002,EQ015
2025-09-14 19:10:00,1132.51,267.33,173396.01,6636.22,474.25,1528.23,52.08,21.75,19.62,4.97,296.25,P007,EQ022
2025-09-14 19:20:00,1166.83,255.5,175942.95,6399.57,457.28,1481.35,47.72,22.01,19.62,5.13,320.64,P015,EQ029
2025-09-14 19:30:00,1226.07,232.99,175713.17,6135.4,479.08,1503.41,47.85,22.39,20.24,4.69,349.16,P002,EQ036
2025-09-14 19:40:00,1193.17,204.21,175712.62,6292.25,483.89,1502.57,46.61,22.84,20.66,5.03,346.28,P007,EQ043
2025-09-14 19:50:00,1215.56,235.17,169160.38,6776.46,501.01,1477.11,58.35,21.95,18.41,5.06,277.73,P015,EQ050
2025-09-14 20:00:00,1207.24,266.94,173740.48,6634.88,519.13,1501.28,41.32,22.66,20.64,4.7,307.22,P003,EQ001
2025-09-14 20:10:00,1185.03,264.85,175670.82,6558.03,475.1,1493.11,50.65,21.01,17.22,4.85,316.87,P005,EQ008
2025-09-14 20:20:00,1215.09,244.03,170796.68,6482.83,529.87,1505.88,50.0,22.14,19.44,4.76,315.96,P005,EQ015
2025-09-14 20:30:00,1209.16,266.49,183645.87,6656.41,507.35,1517.5,48.09,19.42,19.16,5.18,283.94,P005,EQ022
2025-09-14 20:40:00,1226.34,265.59,176229.58,6740.45,490.03,1462.56,46.01,21.36,19.88,4.93,334.64,P003,EQ029
2025-09-14 20:50:00,1194.42,283.47,170054.25,6470.81,491.98,1488.75,47.0,20.37,20.13,4.77,362.84,P011,EQ036
2025-09-14 21:00:00,1196.11,252.79,165635.55,6441.09,504.69,1477.54,42.73,21.23,20.86,4.93,264.51,P011,EQ043
2025-09-14 21:10:00,1219.27,237.38,174969.16,6526.62,515.66,1527.3,47.62,22.98,19.9,4.65,301.57,P009,EQ050
2025-09-14 21:20:00,1226.02,238.06,172966.12,6629.99,488.94,1503.12,49.67,21.77,20.6,4.68,312.1,P013,EQ001
2025-09-14 21:30:00,1211.41,257.57,176260.06,6696.6,517.25,1481.18,50.48,22.34,21.07,5.64,338.46,P009,EQ008
2025-09-14 21:40:00,1208.43,255.59,175690.86,6120.75,521.01,1474.57,43.18,22.08,20.47,4.97,259.15,P007,EQ015
2025-09-14 21:50:00,1226.73,272.4,180680.76,6846.47,482.82,1511.9,52.65,21.13,19.76,4.97,372.76,P007,EQ022
2025-09-14 22:00:00,1206.31,256.26,169146.41,6619.62,515.66,1538.0,50.53,22.22,20.44,5.28,394.84,P011,EQ029
2025-09-14 22:10:00,1237.75,245.29,172865.82,6472.5,523.4,1497.96,48.28,21.29,20.17,4.91,380.03,P008,EQ036
2025-09-14 22:20:00,1142.13,241.32,165127.25,6626.73,504.03,1454.95,50.71,21.62,20.96,4.85,335.91,P004,EQ043
2025-09-14 22:30:00,1211.2,219.1,170287.69,6062.53,494.89,1512.85,53.78,23.74,20.9,5.61,321.44,P002,EQ050
2025-09-14 22:40:00,1184.73,257.47,181887.47,6737.2,513.0,1513.64,36.97,22.96,20.09,4.98,309.22,P014,EQ001
2025-09-14 22:50:00,1206.68,269.0,174548.01,6164.45,495.17,1506.31,55.07,21.06,17.77,4.43,357.15,P009,EQ008
2025-09-14 23:00:00,1178.89,270.7,176319.19,6767.33,532.49,1522.27,55.82,21.94,19.59,4.97,335.68,P009,EQ015
2025-09-14 23:10:00,1211.86,245.39,171480.95,6620.04,577.82,1516.05,45.12,21.59,20.75,5.23,370.07,P011,EQ022
2025-09-14 23:20:00,1173.66,257.26,173502.72,6607.14,524.82,1480.75,45.45,24.6,19.33,4.88,397.41,P003,EQ029
2025-09-14 23:30:00,1199.73,230.07,182922.89,6546.92,462.32,1499.11,49.88,22.07,19.96,4.04,268.04,P013,EQ036
2025-09-14 23:40:00,1201.29,220.97,176496.28,6508.21,547.43,1502.04,60.1,23.53,20.75,4.67,317.36,P003,EQ043
2025-09-14 23:50:00,1225.99,272.26,182133.09,6303.77,558.3,1485.87,50.1,22.26,19.93,5.39,395.82,P013,EQ050
2025-09-15 00:00:00,1220.92,252.31,178723.14,6390.01,507.22,1512.72,53.03,22.02,19.82,5.07,278.91,P001,EQ001
2025-09-15 00:10:00,1223.85,219.65,176565.17,6327.33,514.52,1498.37,52.68,21.53,19.53,5.23,313.51,P011,EQ008
2025-09-15 00:20:00,1187.18,218.63,175764.04,6701.44,461.87,1499.31,42.84,21.43,20.17,5.19,315.31,P014,EQ015
2025-09-15 00:30:00,1203.16,240.31,180102.63,6831.67,485.91,1507.37,49.46,22.05,19.1,4.94,344.08,P014,EQ022
2025-09-15 00:40:00,1199.21,231.35,173435.05,6419.18,525.96,1469.28,50.04,21.56,20.25,4.93,339.26,P006,EQ029
2025-09-15 00:50:00,1209.4,225.42,166468.39,6772.27,468.36,1482.16,52.39,21.85,20.05,5.35,386.62,P015,EQ036
2025-09-15 01:00:00,1211.01,266.28,173253.96,6679.72,534.97,1536.76,44.99,22.9,20.96,4.68,371.1,P002,EQ043
2025-09-15 01:10:00,1140.92,236.92,167026.45,6989.57,513.07,1506.15,48.43,22.24,20.15,5.34,308.21,P007,EQ050
2025-09-15 01:20:00,1203.4,265.09,184226.83,6364.91,496.04,1517.31,47.06,20.96,20.66,4.89,332.81,P014,EQ001
2025-09-15 01:30:00,1252.04,269.64,171827.97,6099.07,470.77,1509.82,50.12,21.77,19.47,4.92,291.43,P008,EQ008
2025-09-15 01:40:00,1198.1,231.51,173813.35,6904.75,497.49,1512.92,49.5,21.65,19.28,4.45,387.57,P001,EQ015
2025-09-15 01:50:00,1183.97,260.38,173955.36,6816.28,525.34,1520.31,52.91,22.45,20.66,4.7,367.98,P010,EQ022
2025-09-15 02:00:00,1137.47,262.01,172339.46,6526.62,420.85,1511.4,44.21,23.17,20.37,4.87,338.14,P013,EQ029
2025-09-15 02:10:00,1231.36,260.43,174005.28,6352.02,507.83,1483.18,58.05,21.26,18.63,4.74,312.94,P007,EQ036
2025-09-15 02:20:00,1224.99,247.55,169384.03,6438.19,461.35,1511.84,51.59,21.42,20.19,5.21,272.45,P010,EQ043
2025-09-15 02:30:00,1219.25,267.55,170632.54,6433.12,473.9,1521.59,54.27,22.32,19.69,4.57,338.19,P013,EQ050
2025-09-15 02:40:00,1223.3,247.01,178349.02,6379.51,447.46,1499.24,49.43,20.78,20.6,4.67,394.72,P002,EQ001
2025-09-15 02:50:00,1225.99,247.75,166797.54,6636.52,534.98,1526.44,55.92,22.13,19.59,5.09,388.74,P010,EQ008
2025-09-15 03:00:00,1184.3,245.39,173813.27,6631.48,511.51,1459.95,49.83,21.59,19.48,4.91,366.93,P013,EQ015
2025-09-15 03:10:00,1210.34,258.03,170055.5,6770.92,472.63,1496.13,53.31,19.77,18.6,5.28,292.91,P009,EQ022
2025-09-15 03:20:00,1232.59,248.86,171940.56,6458.13,504.07,1458.84,48.68,21.65,21.67,4.82,382.02,P015,EQ029
2025-09-15 03:30:00,1200.65,261.99,173477.48,6753.86,456.11,1480.38,44.25,21.1,18.51,5.35,311.63,P007,EQ036
2025-09-15 03:40:00,1184.89,252.81,171866.62,6592.88,513.4,1484.0,56.82,19.83,19.58,5.15,348.22,P010,EQ043
2025-09-15 03:50:00,1252.1,261.61,174413.32,6468.94,501.37,1507.84,49.83,21.58,20.18,5.28,341.34,P001,EQ050
2025-09-15 04:00:00,1212.68,269.86,177791.36,6625.8,487.54,1501.93,45.89,21.46,20.31,5.0,275.83,P007,EQ001
2025-09-15 04:10:00,1267.85,242.44,178575.76,6681.0,529.49,1504.69,40.82,23.33,19.98,4.43,271.58,P010,EQ008
2025-09-15 04:20:00,1276.95,263.82,178415.39,6355.08,507.23,1523.95,50.67,21.95,19.35,4.91,352.12,P007,EQ015
2025-09-15 04:30:00,1211.04,260.58,182892.99,6700.73,467.97,1466.8,48.43,21.4,20.45,4.85,255.82,P015,EQ022
2025-09-15 04:40:00,1195.99,251.27,181391.02,6392.9,497.26,1508.65,47.51,22.21,20.14,5.13,381.84,P012,EQ029
2025-09-15 04:50:00,1162.5,276.16,172391.9,6932.08,506.19,1511.85,39.58,22.4,18.87,4.95,285.64,P012,EQ036
2025-09-15 05:00:00,1141.07,266.14,184695.87,6578.15,505.89,1514.69,48.16,23.35,20.77,5.07,321.28,P005,EQ043
2025-09-15 05:10:00,1189.74,252.47,172859.02,6661.03,467.71,1498.43,59.51,21.98,18.62,5.01,384.55,P001,EQ050
2025-09-15 05:20:00,1209.5,261.74,179240.62,6877.27,495.13,1513.69,46.96,23.61,21.03,5.16,300.68,P013,EQ001
2025-09-15 05:30:00,1205.34,263.55,176720.66,6150.02,470.24,1499.88,49.77,23.3,20.6,5.0,295.46,P005,EQ008
2025-09-15 05:40:00,1236.32,231.64,172558.29,6604.37,508.9,1490.92,48.65,21.89,19.77,4.83,376.43,P014,EQ015
2025-09-15 05:50:00,1151.42,247.59,174260.04,6789.41,502.39,1499.79,46.88,23.0,18.92,5.53,354.43,P002,EQ022
2025-09-15 06:00:00,1128.53,254.12,177277.25,6677.07,495.29,1517.33,49.24,21.9,20.39,4.62,395.87,P004,EQ029
2025-09-15 06:10:00,1206.86,268.21,174607.27,6710.6,480.42,1536.45,44.6,20.77,19.7,5.32,270.16,P012,EQ036
2025-09-15 06:20:00,1235.11,245.04,174107.88,6718.14,476.88,1511.77,44.71,21.71,18.86,4.52,316.47,P014,EQ043
2025-09-15 06:30:00,1216.68,242.02,170185.83,6615.37,487.25,1482.11,50.64,23.26,20.94,4.28,298.13,P012,EQ050
2025-09-15 06:40:00,1240.15,259.01,176576.97,6442.43,474.75,1517.31,48.99,21.83,21.02,5.12,312.52,P011,EQ001
2025-09-15 06:50:00,1216.13,245.86,175412.47,6475.1,473.08,1498.07,47.65,20.63,20.52,4.75,263.39,P008,EQ008
2025-09-15 07:00:00,1194.52,260.66,166201.49,6717.51,562.9,1508.89,50.52,22.75,19.89,5.31,281.71,P014,EQ015
2025-09-15 07:10:00,1179.37,249.4,169279.67,6674.38,496.79,1496.34,43.59,22.88,20.39,4.9,311.08,P008,EQ022
2025-09-15 07:20:00,1217.41,246.1,177087.91,6687.82,541.32,1465.67,44.59,20.65,18.71,4.66,363.92,P014,EQ029
2025-09-15 07:30:00,1158.65,256.41,171818.58,6559.0,502.81,1470.02,50.55,21.71,19.33,5.04,306.09,P001,EQ036
2025-09-15 07:40:00,1178.01,256.53,177985.94,6215.23,479.03,1462.22,44.27,21.97,18.67,5.29,327.29,P003,EQ043
2025-09-15 07:50:00,1161.77,294.23,174536.1,6537.79,487.83,1485.08,56.07,23.43,19.88,4.9,259.84,P012,EQ050
2025-09-15 08:00:00,1176.97,234.58,175800.31,6161.22,470.81,1494.34,49.79,21.76,19.5,5.12,326.02,P003,EQ001
2025-09-15 08:10:00,1210.57,252.14,175536.04,6238.2,562.07,1489.97,53.25,22.06,20.48,4.63,367.08,P009,EQ008
2025-09-15 08:20:00,1203.76,232.21,169415.05,6301.27,466.01,1489.91,51.36,22.43,20.88,5.38,381.9,P001,EQ015
2025-09-15 08:30:00,1250.21,244.52,175516.24,6355.66,541.36,1517.6,55.45,21.42,20.38,4.77,276.06,P015,EQ022
2025-09-15 08:40:00,1197.62,265.24,174677.45,6547.83,491.98,1473.78,47.15,20.64,20.42,4.98,374.94,P014,EQ029
2025-09-15 08:50:00,1209.96,212.61,170108.63,7071.61,495.24,1497.65,48.26,23.69,19.2,4.8,258.64,P001,EQ036
2025-09-15 09:00:00,1228.94,252.46,177963.65,6750.42,513.65,1480.51,53.87,22.01,19.53,4.89,318.47,P015,EQ043
2025-09-15 09:10:00,1221.8,249.95,182021.59,6327.8,490.8,1534.6,52.92,20.57,20.31,4.55,304.06,P004,EQ050
2025-09-15 09:20:00,1205.19,244.66,174614.56,6403.91,441.46,1507.07,57.08,22.05,20.76,4.93,291.1,P014,EQ001
2025-09-15 09:30:00,1202.6,257.26,179543.4,6335.73,533.14,1474.52,52.05,21.78,19.55,4.81,319.63,P007,EQ008
2025-09-15 09:40:00,1209.48,216.54,169130.87,6139.31,492.48,1492.71,61.84,22.02,20.08,4.85,345.31,P002,EQ015
2025-09-15 09:50:00,1238.21,256.8,178927.9,6734.59,559.57,1510.87,51.72,23.15,18.83,4.91,352.18,P004,EQ022
2025-09-15 10:00:00,1261.31,227.21,177699.21,6547.2,510.59,1509.75,55.96,21.58,19.0,4.58,305.87,P010,EQ029
2025-09-15 10:10:00,1228.71,224.99,169421.93,6929.54,496.85,1496.66,53.58,22.95,19.2,4.87,316.92,P014,EQ036
2025-09-15 10:20:00,1160.55,241.47,171071.25,6533.14,533.28,1511.35,44.07,22.62,21.03,5.26,321.19,P009,EQ043
2025-09-15 10:30:00,1246.74,231.72,177676.84,6699.16,495.87,1502.22,52.62,22.11,21.39,5.04,302.46,P003,EQ050
2025-09-15 10:40:00,1158.97,255.78,180390.72,5894.69,460.55,1514.19,53.0,21.45,20.36,5.53,375.65,P005,EQ001
2025-09-15 10:50:00,1167.99,264.75,172168.59,6359.67,444.85,1494.9,49.46,22.01,20.71,5.44,362.34,P012,EQ008
2025-09-15 11:00:00,1187.61,271.2,172695.1,6359.16,484.08,1483.81,49.19,22.11,21.93,5.37,263.56,P001,EQ015
2025-09-15 11:10:00,1232.01,245.55,175027.05,6627.02,532.83,1486.01,42.38,23.03,19.78,4.78,307.98,P003,EQ022
2025-09-15 11:20:00,1163.72,267.75,186190.47,6502.16,492.12,1518.68,55.71,23.26,19.89,4.92,378.07,P013,EQ029
2025-09-15 11:30:00,1171.56,268.36,169746.72,6607.21,532.53,1511.77,45.56,22.35,21.41,4.84,394.74,P014,EQ036
2025-09-15 11:40:00,1260.01,244.45,176854.63,6358.97,525.68,1483.34,52.81,22.74,19.77,4.68,283.2,P004,EQ043
2025-09-15 11:50:00,1163.77,250.18,173694.6,6811.35,404.99,1539.58,53.51,21.82,20.99,5.07,351.65,P005,EQ050
2025-09-15 12:00:00,1149.5,255.88,180028.06,6461.84,486.42,1494.62,44.36,21.37,17.81,5.06,347.74,P009,EQ001
2025-09-15 12:10:00,1249.5,228.85,176065.3,6548.27,498.31,1527.23,47.72,22.39,18.82,5.22,253.01,P013,EQ008
2025-09-15 12:20:00,1231.09,251.08,179934.89,6596.97,536.07,1488.94,54.68,23.89,17.92,5.61,395.07,P011,EQ015
2025-09-15 12:30:00,1261.26,230.2,173407.63,6403.29,535.08,1486.13,56.01,21.62,20.36,5.49,251.33,P015,EQ022
2025-09-15 12:40:00,1194.27,220.11,170139.43,6641.6,491.85,1478.78,54.28,24.06,19.23,5.1,269.85,P003,EQ029
2025-09-15 12:50:00,1200.68,268.3,186572.24,6646.73,522.52,1460.26,50.87,21.59,20.38,5.35,340.17,P001,EQ036
2025-09-15 13:00:00,1218.9,273.69,188234.03,6811.44,494.01,1502.81,53.3,21.5,22.64,5.26,283.57,P010,EQ043
2025-09-15 13:10:00,1177.96,217.21,179183.41,6720.82,499.79,1492.53,52.16,20.41,18.96,4.5,370.76,P005,EQ050
2025-09-15 13:20:00,1233.44,232.35,171775.76,6445.13,514.93,1509.14,52.21,20.92,20.82,5.35,356.91,P012,EQ001
2025-09-15 13:30:00,1184.61,247.84,169768.2,6364.53,465.06,1470.19,47.8,22.39,20.53,4.31,346.41,P007,EQ008
2025-09-15 13:40:00,1243.26,274.67,168668.4,6964.09,493.98,1494.55,51.86,22.83,20.15,5.39,384.32,P014,EQ015
2025-09-15 13:50:00,1168.51,251.54,168034.78,6273.52,483.23,1489.18,54.2,21.44,21.12,4.8,302.31,P005,EQ022
2025-09-15 14:00:00,1251.4,246.22,187229.75,6235.92,586.99,1512.56,45.77,22.9,20.31,4.91,282.73,P005,EQ029
2025-09-15 14:10:00,1187.79,240.53,180010.07,6413.64,488.41,1505.01,43.58,21.79,20.57,4.98,351.58,P014,EQ036
2025-09-15 14:20:00,1206.06,216.8,169607.46,6232.64,502.04,1498.12,50.16,24.37,19.49,5.01,343.54,P010,EQ043
2025-09-15 14:30:00,1211.11,259.17,177950.04,6557.85,486.06,1485.26,49.34,22.09,18.83,5.01,265.35,P009,EQ050
2025-09-15 14:40:00,1192.67,245.44,179629.69,6489.03,501.93,1508.39,43.44,21.33,20.55,4.96,399.91,P014,EQ001
2025-09-15 14:50:00,1179.03,268.11,178464.41,6268.43,517.99,1505.74,46.58,22.07,20.81,5.06,375.91,P009,EQ008
2025-09-15 15:00:00,1210.11,261.45,179009.34,6496.28,464.05,1508.03,53.97,22.0,19.02,5.14,347.1,P010,EQ015
2025-09-15 15:10:00,1230.08,246.01,177468.53,6603.4,567.69,1496.15,55.75,20.98,19.13,5.05,292.4,P011,EQ022
2025-09-15 15:20:00,1207.03,229.77,176599.45,6225.37,545.33,1495.69,58.21,19.84,21.3,5.25,266.22,P002,EQ029
2025-09-15 15:30:00,1217.56,247.8,170515.35,6456.08,496.67,1519.55,51.35,21.95,20.5,4.65,300.44,P005,EQ036
2025-09-15 15:40:00,1199.02,250.64,170317.74,6770.74,492.8,1464.0,45.91,23.71,19.89,5.48,346.09,P014,EQ043
2025-09-15 15:50:00,1167.31,234.82,175052.31,6796.35,508.2,1497.08,44.35,22.06,20.14,5.01,291.53,P011,EQ050
2025-09-15 16:00:00,1201.48,278.18,179306.27,6513.67,511.71,1493.77,49.84,22.19,20.1,4.59,356.66,P015,EQ001
2025-09-15 16:10:00,1209.02,231.7,178936.64,6825.1,520.31,1502.07,43.67,23.15,20.18,4.51,347.72,P004,EQ008
2025-09-15 16:20:00,1234.9,254.47,180400.12,6372.87,441.06,1528.8,44.68,20.89,21.08,5.04,272.49,P013,EQ015
2025-09-15 16:30:00,1183.35,247.84,172020.32,6746.44,458.13,1545.26,44.34,23.04,19.83,4.8,286.05,P001,EQ022
2025-09-15 16:40:00,1206.32,260.56,174514.86,6395.3,518.3,1504.43,54.21,21.92,20.7,4.71,370.81,P013,EQ029
2025-09-15 16:50:00,1190.07,249.77,175620.82,6288.73,546.15,1508.43,45.46,21.3,21.32,4.92,371.5,P007,EQ036
2025-09-15 17:00:00,1243.76,255.77,180733.52,6708.64,547.9,1521.02,53.09,20.73,21.99,4.92,349.08,P011,EQ043
2025-09-15 17:10:00,1217.62,254.76,176733.07,6411.96,489.39,1505.87,47.95,22.69,19.84,5.08,270.99,P001,EQ050
2025-09-15 17:20:00,1215.74,262.94,175979.54,6592.89,474.68,1488.68,48.45,23.06,18.8,4.19,348.31,P005,EQ001
2025-09-15 17:30:00,1215.72,260.37,170452.19,6366.75,534.14,1501.0,48.88,23.56,19.54,5.46,288.91,P007,EQ008
2025-09-15 17:40:00,1209.91,248.68,164667.35,6416.24,509.5,1455.66,51.62,21.75,20.0,4.75,310.69,P012,EQ015
2025-09-15 17:50:00,1198.56,222.1,167737.62,6358.15,472.19,1490.32,52.39,20.26,20.53,5.0,255.3,P012,EQ022
2025-09-15 18:00:00,1181.06,256.22,173098.02,6249.21,525.22,1491.14,52.69,21.92,18.77,5.33,399.21,P014,EQ029
2025-09-15 18:10:00,1195.0,257.5,168656.72,6522.12,480.16,1504.44,46.13,22.65,19.11,5.48,278.49,P012,EQ036
2025-09-15 18:20:00,1193.15,252.71,170768.43,6629.92,508.99,1500.32,48.75,19.93,21.21,5.22,357.01,P011,EQ043
2025-09-15 18:30:00,1199.62,251.89,172564.93,6471.69,525.34,1479.47,37.51,20.36,21.53,5.18,330.2,P013,EQ050
2025-09-15 18:40:00,1189.3,243.61,179518.92,6705.69,475.7,1525.9,50.61,20.9,19.23,5.24,321.36,P011,EQ001
2025-09-15 18:50:00,1182.2,243.75,180515.09,6687.49,511.6,1518.41,57.56,22.49,19.52,5.07,303.77,P005,EQ008
2025-09-15 19:00:00,1227.19,247.14,177305.29,6285.91,492.58,1516.91,55.31,19.38,19.54,4.91,376.81,P014,EQ015
2025-09-15 19:10:00,1179.09,272.57,178954.3,6462.18,494.1,1517.44,47.43,21.96,21.28,5.04,348.64,P009,EQ022
2025-09-15 19:20:00,1192.03,230.22,172320.91,6651.75,515.04,1540.48,54.77,20.6,19.18,5.18,277.17,P002,EQ029
2025-09-15 19:30:00,1227.12,234.99,173883.92,6395.34,464.96,1500.98,47.97,22.94,22.63,5.06,320.62,P012,EQ036
2025-09-15 19:40:00,1154.07,264.9,177314.3,6354.85,471.06,1510.13,47.13,23.91,20.59,5.26,288.8,P013,EQ043
2025-09-15 19:50:00,1204.75,248.72,177945.19,6838.8,532.79,1509.12,54.77,22.16,20.03,5.03,333.85,P015,EQ050
2025-09-15 20:00:00,1157.8,258.17,173560.59,6434.85,486.68,1500.16,45.91,22.43,19.67,5.04,277.46,P011,EQ001
2025-09-15 20:10:00,1215.89,258.35,178341.76,6568.16,485.03,1519.17,49.24,23.57,21.59,4.9,384.94,P011,EQ008
2025-09-15 20:20:00,1191.01,255.07,177908.24,6214.86,533.58,1498.24,57.54,22.54,21.67,5.49,263.39,P006,EQ015
2025-09-15 20:30:00,1237.74,260.37,168532.65,6459.51,437.93,1530.92,58.94,21.25,19.43,5.12,283.5,P014,EQ022
2025-09-15 20:40:00,1169.9,277.34,171894.32,6456.39,482.01,1524.57,49.35,23.48,18.78,5.09,296.06,P013,EQ029
2025-09-15 20:50:00,1245.66,250.99,178053.44,6538.99,502.22,1533.08,44.38,22.15,19.85,4.63,383.03,P006,EQ036
2025-09-15 21:00:00,1200.12,251.64,170970.26,6299.09,521.0,1523.32,46.61,22.31,20.68,5.51,289.08,P005,EQ043
2025-09-15 21:10:00,1185.02,231.01,166294.1,6546.09,525.93,1519.18,52.65,21.37,21.95,5.15,319.56,P002,EQ050
2025-09-15 21:20:00,1223.31,243.74,175754.99,6133.55,558.51,1483.05,43.29,22.34,19.47,4.89,320.58,P014,EQ001
2025-09-15 21:30:00,1217.23,264.64,175966.36,6963.48,525.82,1526.92,54.89,20.93,20.71,5.06,345.16,P010,EQ008
2025-09-15 21:40:00,1216.19,267.88,174867.73,7118.14,538.11,1511.04,51.24,23.77,19.17,4.97,391.65,P002,EQ015
2025-09-15 21:50:00,1205.89,262.24,171344.44,6270.09,437.83,1493.36,57.46,22.09,19.57,5.23,320.83,P004,EQ022
2025-09-15 22:00:00,1249.83,264.55,174042.0,6403.14,448.96,1528.51,44.99,22.38,19.48,4.61,325.07,P014,EQ029
2025-09-15 22:10:00,1222.68,286.24,175309.02,6512.26,526.16,1469.36,53.45,21.93,20.97,5.43,352.1,P009,EQ036
2025-09-15 22:20:00,1161.68,258.65,177010.78,6064.75,466.36,1501.02,52.34,24.32,18.62,5.25,294.75,P001,EQ043
2025-09-15 22:30:00,1197.56,246.26,165773.8,6773.75,499.1,1495.25,50.14,21.92,19.69,4.96,380.63,P003,EQ050
2025-09-15 22:40:00,1194.25,252.75,172706.35,6419.77,474.45,1499.63,48.56,21.69,20.64,4.62,270.6,P004,EQ001
2025-09-15 22:50:00,1206.44,237.81,185078.24,6641.27,494.29,1529.76,53.84,21.17,20.06,4.64,301.4,P010,EQ008
2025-09-15 23:00:00,1171.82,256.84,167124.25,6830.24,517.35,1482.24,55.16,23.62,20.03,5.31,383.93,P008,EQ015
2025-09-15 23:10:00,1214.94,229.2,168974.78,6803.44,511.15,1481.08,53.75,21.78,19.67,5.06,271.48,P014,EQ022
2025-09-15 23:20:00,1178.83,244.72,169043.1,6338.04,509.33,1523.52,51.34,23.3,20.19,4.55,357.35,P013,EQ029
2025-09-15 23:30:00,1199.48,221.35,172498.03,6128.98,490.18,1495.36,43.63,21.09,18.8,5.18,262.12,P006,EQ036
2025-09-15 23:40:00,1181.0,241.05,171095.15,6869.95,455.88,1479.41,52.46,23.8,20.17,4.68,344.65,P003,EQ043
2025-09-15 23:50:00,1203.33,257.8,176151.51,6763.25,510.87,1494.25,56.42,22.94,18.0,4.64,297.01,P001,EQ050
2025-09-16 00:00:00,1157.45,245.43,169148.56,6128.44,488.14,1514.48,53.28,21.71,21.54,5.05,250.71,P005,EQ001
2025-09-16 00:10:00,1213.52,264.96,174190.87,5907.66,511.59,1492.34,52.34,23.25,17.82,4.87,281.41,P013,EQ008
2025-09-16 00:20:00,1223.51,245.26,180332.86,6092.24,515.93,1517.11,44.25,22.29,18.06,5.03,275.29,P013,EQ015
2025-09-16 00:30:00,1205.59,231.88,177207.7,6443.17,459.03,1508.83,48.98,21.72,18.52,4.33,273.77,P013,EQ022
2025-09-16 00:40:00,1192.59,264.39,182361.68,6594.61,519.98,1498.95,48.91,20.71,19.41,5.19,364.54,P002,EQ029
2025-09-16 00:50:00,1199.41,230.38,165167.06,6408.23,499.12,1504.42,47.42,20.91,19.46,4.61,269.41,P007,EQ036
2025-09-16 01:00:00,1151.17,239.0,177648.51,6781.96,500.14,1501.72,41.88,20.46,20.57,5.25,345.02,P007,EQ043
2025-09-16 01:10:00,1241.99,269.55,184589.61,6650.07,474.37,1509.79,51.54,22.34,19.05,5.58,314.35,P008,EQ050
2025-09-16 01:20:00,1194.99,227.36,171644.59,6589.56,431.4,1500.21,54.17,21.71,20.01,4.72,307.5,P001,EQ001
2025-09-16 01:30:00,1186.25,250.28,178747.58,6467.54,497.08,1500.9,55.76,22.39,19.08,5.45,330.07,P012,EQ008
2025-09-16 01:40:00,1168.23,259.4,180092.57,6724.69,480.6,1516.16,47.33,22.71,21.2,5.52,305.97,P001,EQ015
2025-09-16 01:50:00,1215.02,241.1,175828.73,6235.46,475.24,1502.9,56.01,23.52,20.37,5.35,383.8,P013,EQ022
2025-09-16 02:00:00,1290.47,222.14,183593.78,6536.83,528.76,1468.27,55.44,20.8,17.59,5.22,374.98,P004,EQ029
2025-09-16 02:10:00,1192.32,252.5,168445.75,6246.86,492.55,1544.27,44.87,21.92,20.83,5.48,252.69,P001,EQ036
2025-09-16 02:20:00,1195.3,254.1,170271.04,6340.56,540.35,1505.2,55.77,20.81,20.35,5.43,344.0,P004,EQ043
2025-09-16 02:30:00,1251.3,251.96,168971.29,6215.96,465.85,1503.51,55.2,20.46,18.97,4.84,283.94,P015,EQ050
2025-09-16 02:40:00,1214.66,238.56,177267.35,6629.66,507.45,1519.23,49.9,22.16,19.88,5.08,301.65,P003,EQ001
2025-09-16 02:50:00,1214.12,274.09,169490.03,6713.2,489.12,1522.74,56.49,21.87,18.57,5.0,265.41,P009,EQ008
2025-09-16 03:00:00,1203.88,261.24,179499.59,6521.4,524.01,1470.17,57.03,22.41,19.45,5.08,338.3,P003,EQ015
2025-09-16 03:10:00,1182.33,242.01,169685.68,6204.8,521.02,1504.0,59.29,23.18,18.63,4.7,259.79,P001,EQ022
2025-09-16 03:20:00,1187.99,260.58,175511.96,6468.41,509.37,1516.14,52.18,22.11,19.95,4.56,294.73,P005,EQ029
2025-09-16 03:30:00,1163.61,253.33,168354.16,6567.76,514.17,1497.3,47.83,23.12,19.3,5.11,318.39,P009,EQ036
2025-09-16 03:40:00,1230.69,240.13,175232.83,6514.47,452.33,1495.58,52.33,21.26,18.72,4.53,339.46,P006,EQ043
2025-09-16 03:50:00,1182.02,224.37,173924.42,6756.46,523.38,1524.28,52.51,24.61,18.52,5.21,315.05,P011,EQ050
2025-09-16 04:00:00,1175.77,264.53,173239.88,6171.16,515.81,1518.02,38.61,22.28,20.49,5.57,399.32,P006,EQ001
2025-09-16 04:10:00,1156.37,258.09,172638.03,6584.41,462.99,1484.26,45.26,20.82,18.04,5.61,399.42,P008,EQ008
2025-09-16 04:20:00,1137.6,244.12,175506.58,6275.97,474.92,1499.93,52.96,22.78,19.41,5.21,303.89,P004,EQ015
2025-09-16 04:30:00,1183.99,269.36,174095.11,6475.82,484.84,1505.52,55.37,23.2,20.21,5.33,274.73,P015,EQ022
2025-09-16 04:40:00,1166.26,255.45,162657.99,6231.53,516.09,1490.41,47.2,20.82,21.78,5.12,387.73,P007,EQ029
2025-09-16 04:50:00,1202.57,234.19,179549.4,6136.79,490.66,1472.58,42.94,22.48,18.27,4.82,252.87,P004,EQ036
2025-09-16 05:00:00,1239.38,248.07,174446.22,6426.74,508.0,1479.79,48.68,22.62,17.04,4.86,359.08,P003,EQ043
2025-09-16 05:10:00,1227.19,236.99,173988.14,6459.87,480.31,1504.04,45.35,21.92,21.07,5.14,281.68,P001,EQ050
2025-09-16 05:20:00,1236.97,257.06,164888.73,6932.9,503.2,1471.99,54.63,23.63,20.19,5.23,338.45,P003,EQ001
2025-09-16 05:30:00,1169.22,248.86,165186.15,6437.51,544.15,1492.34,47.7,22.34,18.74,4.75,268.47,P012,EQ008
2025-09-16 05:40:00,1229.76,281.83,176538.06,6235.34,481.75,1486.7,58.73,23.08,19.45,4.95,347.58,P001,EQ015
2025-09-16 05:50:00,1151.7,239.17,170105.15,6471.51,471.59,1471.88,47.33,21.96,20.52,4.59,306.28,P011,EQ022
2025-09-16 06:00:00,1133.5,252.42,168554.64,6718.73,508.01,1498.83,54.05,22.75,20.77,5.25,288.37,P009,EQ029
2025-09-16 06:10:00,1223.06,265.21,169802.48,6677.29,502.87,1515.92,48.01,20.58,20.86,4.64,343.47,P010,EQ036
2025-09-16 06:20:00,1174.23,239.68,182578.39,6590.59,533.52,1506.38,43.31,22.34,21.13,4.6,399.2,P011,EQ043
2025-09-16 06:30:00,1266.81,212.12,176694.03,6674.37,449.21,1511.93,42.33,22.58,20.19,4.43,266.22,P014,EQ050
2025-09-16 06:40:00,1166.32,224.12,178612.79,6605.2,469.39,1477.68,50.6,20.93,20.78,4.84,252.96,P012,EQ001
2025-09-16 06:50:00,1177.34,235.63,169463.26,6297.54,497.54,1475.94,49.01,21.21,20.92,5.08,267.37,P008,EQ008
2025-09-16 07:00:00,1179.48,249.41,179251.47,6469.61,487.6,1521.45,60.65,22.71,20.46,5.1,307.04,P009,EQ015
2025-09-16 07:10:00,1206.29,271.45,174299.29,6557.03,425.75,1535.68,55.31,22.92,18.17,5.43,287.91,P012,EQ022
2025-09-16 07:20:00,1188.45,248.75,181939.33,6566.59,523.69,1484.86,48.44,22.11,20.54,4.85,272.97,P012,EQ029
2025-09-16 07:30:00,1253.44,245.51,171730.32,6364.93,476.61,1498.78,56.46,21.81,19.4,5.64,352.86,P001,EQ036
2025-09-16 07:40:00,1255.39,248.2,166275.17,6682.66,552.75,1489.49,53.21,22.28,20.58,5.2,295.17,P011,EQ043
2025-09-16 07:50:00,1206.9,267.28,169704.5,6157.22,455.7,1538.04,44.78,23.17,21.17,5.56,265.15,P009,EQ050
2025-09-16 08:00:00,1178.54,230.67,175616.4,6737.28,550.25,1491.79,50.36,22.27,19.6,4.95,290.5,P010,EQ001
2025-09-16 08:10:00,1136.91,237.69,171229.26,6255.98,521.51,1499.63,50.99,22.39,21.0,4.61,355.11,P007,EQ008
2025-09-16 08:20:00,1225.13,255.81,174565.95,6252.22,453.55,1482.19,55.54,22.17,20.22,5.24,374.6,P002,EQ015
2025-09-16 08:30:00,1174.71,261.25,174909.74,6624.66,535.55,1522.92,44.36,21.45,18.68,4.45,326.74,P010,EQ022
2025-09-16 08:40:00,1150.87,252.0,181079.01,6372.91,471.16,1509.84,43.7,24.08,20.32,4.93,267.66,P002,EQ029
2025-09-16 08:50:00,1184.35,236.88,168177.06,6407.88,559.16,1485.18,57.16,23.02,19.75,5.23,367.71,P008,EQ036
2025-09-16 09:00:00,1153.89,252.98,181236.54,6596.19,508.3,1487.7,44.55,22.09,23.3,5.16,279.8,P004,EQ043
2025-09-16 09:10:00,1159.88,237.01,178594.65,6644.47,447.75,1441.58,58.44,21.69,20.56,5.03,366.69,P014,EQ050
2025-09-16 09:20:00,1241.34,244.93,183160.0,6436.13,461.5,1486.9,43.08,23.23,21.56,5.42,328.47,P004,EQ001
2025-09-16 09:30:00,1171.6,258.33,180924.36,6731.42,530.95,1498.7,50.26,21.98,21.66,4.99,303.69,P007,EQ008
2025-09-16 09:40:00,1220.86,243.86,179240.72,6081.64,538.74,1529.08,55.24,23.09,20.78,4.97,294.3,P001,EQ015
2025-09-16 09:50:00,1192.75,247.75,177763.65,6419.31,470.9,1508.0,50.96,23.03,18.97,5.38,332.22,P015,EQ022
2025-09-16 10:00:00,1249.84,266.66,171646.18,6382.82,484.13,1487.9,46.71,22.46,20.59,5.03,281.15,P015,EQ029
2025-09-16 10:10:00,1201.75,279.64,178931.4,6565.33,477.54,1511.55,52.02,21.63,20.66,4.49,322.1,P004,EQ036
2025-09-16 10:20:00,1222.74,259.41,172386.01,6506.83,507.71,1525.38,50.95,21.08,20.81,4.83,250.41,P011,EQ043
2025-09-16 10:30:00,1179.38,241.21,172454.64,6441.8,518.72,1527.73,42.68,23.45,20.32,4.77,263.35,P002,EQ050
2025-09-16 10:40:00,1220.12,252.92,180582.33,6224.19,510.43,1483.75,58.12,21.72,19.82,5.09,375.28,P011,EQ001
2025-09-16 10:50:00,1196.41,239.91,187127.73,6296.53,512.59,1455.22,49.77,23.26,19.37,5.02,324.12,P002,EQ008
2025-09-16 11:00:00,1218.3,244.24,180624.24,6501.12,501.21,1514.56,49.92,22.95,18.82,5.34,366.93,P002,EQ015
2025-09-16 11:10:00,1239.53,261.47,172523.58,6862.89,507.86,1507.1,49.41,23.74,18.84,5.09,358.53,P002,EQ022
2025-09-16 11:20:00,1177.86,243.01,184392.37,6658.47,505.02,1500.17,48.36,22.67,18.93,5.01,385.72,P011,EQ029
2025-09-16 11:30:00,1216.33,255.53,172120.78,6157.56,489.47,1499.91,48.96,20.78,20.41,4.97,284.67,P005,EQ036
2025-09-16 11:40:00,1203.43,256.06,176533.75,6540.08,504.56,1522.72,43.98,22.74,20.16,4.98,289.62,P001,EQ043
2025-09-16 11:50:00,1203.61,244.25,173534.45,6516.59,479.92,1475.14,48.2,22.77,19.47,5.29,264.97,P003,EQ050
2025-09-16 12:00:00,1240.67,257.02,174803.51,6488.94,536.52,1471.93,47.93,21.38,20.14,4.89,381.12,P014,EQ001
2025-09-16 12:10:00,1217.62,246.64,174965.73,6468.64,518.75,1502.65,61.91,22.84,19.18,5.11,293.59,P013,EQ008
2025-09-16 12:20:00,1156.8,221.41,175823.82,6479.07,473.87,1533.44,54.04,23.43,21.45,5.3,351.51,P007,EQ015
2025-09-16 12:30:00,1230.31,252.63,179234.73,6539.73,498.12,1532.74,49.1,21.92,21.01,4.97,360.78,P002,EQ022
2025-09-16 12:40:00,1215.92,243.65,174830.39,6390.09,510.7,1508.16,64.96,22.72,20.31,5.82,377.69,P015,EQ029
2025-09-16 12:50:00,1230.27,266.21,179658.09,6556.93,492.44,1492.58,46.42,20.82,20.38,5.03,256.88,P014,EQ036
2025-09-16 13:00:00,1201.18,238.48,173758.25,6633.35,517.37,1508.53,51.45,22.56,18.06,5.56,270.76,P011,EQ043
2025-09-16 13:10:00,1205.08,241.57,174590.27,6347.71,515.29,1482.1,49.46,22.51,19.61,5.33,275.58,P006,EQ050
2025-09-16 13:20:00,1183.78,275.84,170914.19,6365.81,523.46,1500.49,44.72,21.92,19.82,5.49,384.18,P010,EQ001
2025-09-16 13:30:00,1194.95,230.31,171671.14,6668.12,457.19,1508.52,42.9,20.58,20.07,5.44,290.25,P012,EQ008
2025-09-16 13:40:00,1160.05,243.49,177490.56,6702.86,503.44,1520.24,50.69,21.11,20.43,5.27,263.94,P014,EQ015
2025-09-16 13:50:00,1227.97,246.39,170198.43,6836.65,494.4,1533.78,47.74,22.37,20.47,4.41,301.41,P002,EQ022
2025-09-16 14:00:00,1158.39,248.57,171343.18,6584.59,494.54,1534.76,47.42,22.55,20.9,4.62,310.12,P008,EQ029
2025-09-16 14:10:00,1233.23,275.91,177093.62,6019.36,526.64,1490.78,48.6,20.54,19.33,5.33,290.77,P007,EQ036
2025-09-16 14:20:00,1185.27,227.93,167913.73,6685.63,528.79,1482.13,56.34,20.93,20.38,5.17,353.49,P008,EQ043
2025-09-16 14:30:00,1242.61,236.62,166338.34,6793.07,508.18,1507.58,47.12,22.09,18.61,5.11,369.98,P011,EQ050
2025-09-16 14:40:00,1267.41,235.16,174800.23,6248.42,503.79,1515.72,53.82,21.7,18.88,4.89,382.92,P003,EQ001
2025-09-16 14:50:00,1159.75,259.6,183646.1,6557.31,470.77,1515.45,48.39,23.08,19.11,4.68,266.96,P012,EQ008
2025-09-16 15:00:00,1200.65,224.7,175465.67,6422.04,548.99,1522.55,47.29,20.95,21.71,5.38,358.96,P014,EQ015
2025-09-16 15:10:00,1180.23,249.05,173816.88,6511.55,553.79,1505.25,45.18,22.16,19.41,5.03,273.91,P007,EQ022
2025-09-16 15:20:00,1201.31,248.81,180117.81,6639.91,469.48,1510.59,42.56,21.48,19.48,4.94,386.68,P008,EQ029
2025-09-16 15:30:00,1195.56,230.53,185273.96,6875.48,529.97,1497.35,52.82,23.61,20.22,4.68,370.34,P011,EQ036
2025-09-16 15:40:00,1217.35,269.69,179378.55,6217.51,542.41,1498.49,44.04,23.0,19.43,5.25,315.72,P010,EQ043
2025-09-16 15:50:00,1216.96,245.14,177117.4,6569.07,554.0,1483.27,40.91,20.87,21.0,5.02,306.96,P006,EQ050
2025-09-16 16:00:00,1168.04,242.15,166920.61,5953.98,533.16,1518.25,48.55,21.06,19.71,5.32,341.7,P014,EQ001
2025-09-16 16:10:00,1176.09,238.71,172582.45,6318.1,516.39,1490.85,46.79,23.19,22.45,5.15,352.67,P014,EQ008
2025-09-16 16:20:00,1221.74,258.7,175172.8,6453.24,461.12,1518.5,46.37,21.67,18.54,4.74,359.09,P015,EQ015
2025-09-16 16:30:00,1218.75,255.26,174446.81,6657.78,456.07,1504.41,53.65,20.73,20.42,5.44,269.6,P015,EQ022
2025-09-16 16:40:00,1186.5,248.56,181174.44,6572.75,506.88,1484.98,48.31,19.53,20.77,4.74,323.22,P015,EQ029
2025-09-16 16:50:00,1202.46,255.75,174958.82,6750.78,503.45,1501.76,48.5,23.43,18.77,4.76,311.69,P001,EQ036
2025-09-16 17:00:00,1201.27,245.36,170962.2,6896.6,534.88,1537.45,53.76,23.04,21.44,4.6,259.5,P011,EQ043
2025-09-16 17:10:00,1227.27,243.14,173754.9,6485.77,559.83,1491.04,46.99,21.55,21.53,5.59,297.14,P012,EQ050
2025-09-16 17:20:00,1202.86,238.51,184239.58,6214.51,492.46,1514.73,50.98,22.29,19.83,5.11,380.25,P009,EQ001
2025-09-16 17:30:00,1231.7,256.43,177237.63,6491.18,535.91,1460.84,59.12,23.32,19.7,5.08,365.13,P010,EQ008
2025-09-16 17:40:00,1203.17,243.34,174367.17,6418.83,479.78,1500.38,55.16,23.17,19.25,4.87,358.57,P004,EQ015
2025-09-16 17:50:00,1203.12,247.78,182175.5,6827.04,498.64,1498.38,55.96,21.78,20.14,4.88,396.68,P011,EQ022
2025-09-16 18:00:00,1213.4,254.37,165458.87,6418.17,495.06,1510.33,42.31,22.15,20.19,4.59,380.97,P009,EQ029
2025-09-16 18:10:00,1233.51,246.78,169202.03,6485.3,491.23,1520.34,47.08,21.55,20.1,4.88,328.47,P012,EQ036
2025-09-16 18:20:00,1230.7,241.3,173175.54,6435.93,515.25,1499.1,46.37,21.62,20.0,5.17,342.74,P007,EQ043
2025-09-16 18:30:00,1164.42,275.03,178268.49,6567.79,518.43,1493.25,56.39,22.43,18.65,5.18,349.26,P004,EQ050
2025-09-16 18:40:00,1176.57,259.88,174905.58,6683.74,513.17,1515.33,50.28,20.83,19.85,5.11,322.29,P011,EQ001
2025-09-16 18:50:00,1218.32,260.92,165938.32,6530.68,530.8,1491.0,42.47,21.58,19.8,5.36,351.44,P007,EQ008
2025-09-16 19:00:00,1226.67,241.52,170292.16,6354.86,540.24,1496.95,51.24,21.97,22.4,5.56,272.3,P014,EQ015
2025-09-16 19:10:00,1191.66,236.96,163718.46,6642.19,517.78,1493.19,46.11,22.89,21.48,4.62,333.75,P010,EQ022
2025-09-16 19:20:00,1217.18,269.59,177493.74,6560.2,458.2,1519.14,46.91,22.73,19.89,5.61,258.18,P011,EQ029
2025-09-16 19:30:00,1156.22,253.27,183581.6,6697.24,486.36,1486.81,50.27,21.91,20.5,4.67,390.16,P009,EQ036
2025-09-16 19:40:00,1230.16,245.69,175612.1,6552.06,490.02,1479.34,53.65,20.09,21.43,5.01,377.33,P014,EQ043
2025-09-16 19:50:00,1211.82,235.79,168943.87,6325.15,554.03,1497.34,52.18,22.32,20.72,5.26,324.38,P003,EQ050
2025-09-16 20:00:00,1217.35,265.43,178558.75,6619.77,504.72,1488.56,50.82,23.26,20.54,5.35,261.23,P008,EQ001
2025-09-16 20:10:00,1192.14,268.17,165134.7,6572.6,472.14,1496.94,44.71,21.17,20.78,5.05,298.1,P006,EQ008
2025-09-16 20:20:00,1248.55,256.07,174231.53,6770.99,521.65,1512.85,51.55,20.47,20.85,4.89,395.52,P001,EQ015
2025-09-16 20:30:00,1257.73,255.45,175499.85,6370.09,570.43,1490.18,52.7,21.74,19.17,4.69,326.04,P009,EQ022
2025-09-16 20:40:00,1203.3,249.14,178732.94,6429.14,455.01,1463.95,46.32,22.9,21.34,4.95,346.5,P007,EQ029
2025-09-16 20:50:00,1178.32,252.47,179335.48,6679.24,503.91,1496.48,47.84,23.33,21.33,4.75,372.57,P002,EQ036
2025-09-16 21:00:00,1187.84,261.15,167328.47,6235.36,535.67,1524.15,50.15,21.55,19.54,4.79,318.86,P013,EQ043
2025-09-16 21:10:00,1149.45,240.78,172556.92,6903.28,505.63,1503.94,55.14,22.61,18.71,4.86,335.96,P002,EQ050
2025-09-16 21:20:00,1221.04,251.5,167117.05,6968.06,456.01,1488.55,66.2,22.51,18.71,5.09,378.49,P008,EQ001
2025-09-16 21:30:00,1212.61,255.59,176290.29,6789.47,492.64,1468.53,49.96,24.23,20.1,5.48,297.41,P008,EQ008
2025-09-16 21:40:00,1195.89,248.58,177493.51,6266.79,564.28,1488.37,51.43,20.69,19.41,5.48,361.79,P001,EQ015
2025-09-16 21:50:00,1176.72,246.64,167744.6,6350.03,520.56,1476.53,43.56,22.61,19.65,4.74,265.4,P007,EQ022
2025-09-16 22:00:00,1223.45,266.84,174168.98,6490.74,508.64,1502.56,47.28,22.97,20.17,5.5,255.37,P009,EQ029
2025-09-16 22:10:00,1156.16,272.98,178795.61,6587.23,487.54,1503.04,51.26,23.45,21.21,5.17,250.03,P002,EQ036
2025-09-16 22:20:00,1184.39,247.36,175190.97,6539.98,493.51,1522.42,44.46,22.82,18.76,4.55,368.77,P010,EQ043
2025-09-16 22:30:00,1192.8,262.18,175878.31,6267.53,522.32,1490.48,50.48,21.9,19.87,5.19,345.63,P015,EQ050
2025-09-16 22:40:00,1197.55,217.77,176943.99,6650.52,507.64,1500.15,56.89,22.76,19.43,5.45,326.25,P004,EQ001
2025-09-16 22:50:00,1160.85,280.01,173080.87,6557.02,474.5,1496.25,47.51,24.46,20.89,4.87,348.19,P008,EQ008
2025-09-16 23:00:00,1219.46,233.33,172847.0,6582.08,516.84,1518.85,50.58,23.69,20.1,5.16,392.55,P006,EQ015
2025-09-16 23:10:00,1212.51,228.38,174192.07,6622.3,502.16,1508.18,42.81,20.26,20.63,5.23,373.8,P014,EQ022
2025-09-16 23:20:00,1205.82,250.87,178213.53,6259.57,449.27,1527.16,47.51,20.74,19.57,5.05,283.44,P008,EQ029
2025-09-16 23:30:00,1195.06,258.41,176704.0,6581.17,490.15,1519.37,41.73,21.56,20.78,4.84,299.8,P013,EQ036
2025-09-16 23:40:00,1201.09,259.32,169343.43,6651.45,409.57,1509.61,53.53,22.02,20.66,5.2,342.96,P008,EQ043
2025-09-16 23:50:00,1220.45,252.15,178524.63,6274.73,474.56,1499.99,51.75,20.18,20.57,5.01,357.5,P006,EQ050
2025-09-17 00:00:00,1161.05,261.03,181248.93,6579.05,487.11,1489.21,45.75,21.21,18.64,5.03,357.39,P002,EQ001
2025-09-17 00:10:00,1243.24,250.28,177667.29,6741.57,492.53,1507.68,55.83,23.53,18.86,5.33,264.62,P011,EQ008
2025-09-17 00:20:00,1193.29,267.14,170225.09,6483.01,525.34,1496.76,49.06,20.7,18.46,4.56,283.26,P006,EQ015
2025-09-17 00:30:00,1203.56,262.17,176491.53,6183.31,516.1,1498.47,51.26,24.55,19.34,4.73,303.27,P011,EQ022
2025-09-17 00:40:00,1232.06,240.66,178992.19,6581.96,487.97,1531.54,52.84,21.08,20.1,4.85,394.67,P005,EQ029
2025-09-17 00:50:00,1185.71,274.2,177304.68,6760.22,557.48,1476.5,43.5,19.63,19.06,5.14,332.15,P006,EQ036
2025-09-17 01:00:00,1190.64,252.27,177504.54,6702.22,524.83,1487.38,56.19,23.24,20.23,5.11,355.31,P001,EQ043
2025-09-17 01:10:00,1191.89,237.44,170115.58,6439.97,542.84,1514.37,52.47,22.2,20.45,5.06,384.53,P008,EQ050
2025-09-17 01:20:00,1162.59,252.55,175990.14,6480.55,476.46,1483.46,45.94,22.4,20.44,5.15,271.07,P012,EQ001
2025-09-17 01:30:00,1162.8,251.61,173345.7,6460.43,535.86,1528.19,45.93,21.91,18.97,4.98,361.38,P007,EQ008
2025-09-17 01:40:00,1210.66,246.69,174354.39,6612.0,497.64,1503.87,58.15,22.3,19.13,5.08,266.04,P010,EQ015
2025-09-17 01:50:00,1232.68,239.39,164388.72,6397.04,513.34,1512.0,48.89,21.36,19.94,5.28,279.39,P002,EQ022
2025-09-17 02:00:00,1180.77,235.12,169977.47,6688.42,523.94,1516.33,57.71,21.65,21.17,5.27,389.53,P007,EQ029
2025-09-17 02:10:00,1213.59,271.7,169455.27,6635.46,520.24,1487.7,51.5,23.18,20.44,5.03,282.34,P014,EQ036
2025-09-17 02:20:00,1190.58,279.98,178559.26,6168.29,516.37,1518.1,48.59,23.02,21.36,4.54,367.21,P012,EQ043
2025-09-17 02:30:00,1219.9,239.6,176975.81,6282.55,526.12,1499.28,42.78,24.11,20.98,4.81,300.69,P013,EQ050
2025-09-17 02:40:00,1222.68,230.66,171734.4,6807.05,437.56,1463.95,49.66,23.08,19.72,5.3,312.17,P015,EQ001
2025-09-17 02:50:00,1228.11,273.66,168070.92,6352.68,503.04,1496.34,47.73,22.3,21.03,5.01,344.99,P011,EQ008
2025-09-17 03:00:00,1226.66,264.12,172126.88,6718.74,492.73,1508.34,50.7,21.7,19.54,5.07,338.32,P013,EQ015
2025-09-17 03:10:00,1170.49,255.07,168264.58,6513.23,503.07,1517.43,55.34,22.15,20.13,4.77,383.76,P008,EQ022
2025-09-17 03:20:00,1243.19,229.03,180870.02,6615.85,480.9,1538.24,44.05,20.21,20.69,5.49,348.77,P009,EQ029
2025-09-17 03:30:00,1190.72,266.87,165622.8,6377.86,542.67,1487.67,49.93,21.89,22.27,4.57,270.2,P008,EQ036
2025-09-17 03:40:00,1194.35,233.5,178466.93,6365.14,516.35,1487.48,46.9,21.08,20.42,5.42,250.65,P012,EQ043
2025-09-17 03:50:00,1186.93,248.77,167775.49,6588.34,582.17,1480.99,52.3,22.59,18.48,5.17,257.29,P015,EQ050
2025-09-17 04:00:00,1205.67,254.23,167895.3,6371.93,480.59,1529.06,46.01,22.62,19.98,4.95,314.92,P010,EQ001
2025-09-17 04:10:00,1213.8,270.0,170367.02,6158.33,511.5,1464.48,49.58,22.04,20.5,5.07,322.44,P009,EQ008
2025-09-17 04:20:00,1204.67,241.72,179175.51,6154.72,537.14,1479.87,44.12,21.87,19.89,5.3,367.16,P015,EQ015
2025-09-17 04:30:00,1198.48,288.78,171740.45,6463.77,500.54,1479.03,43.75,22.39,21.75,5.08,276.58,P010,EQ022
2025-09-17 04:40:00,1241.4,285.71,170063.29,6448.96,492.99,1471.87,48.41,21.07,20.85,4.66,276.05,P014,EQ029
2025-09-17 04:50:00,1198.66,283.49,182909.29,6240.45,494.63,1497.42,61.11,21.8,19.7,5.47,269.26,P007,EQ036
2025-09-17 05:00:00,1257.08,259.67,179252.75,6720.94,501.13,1491.17,46.8,21.73,21.38,5.13,348.63,P010,EQ043
2025-09-17 05:10:00,1200.99,249.59,178490.18,6612.98,473.55,1514.31,51.42,20.8,19.43,4.56,382.4,P009,EQ050
2025-09-17 05:20:00,1257.19,261.32,176263.9,6738.37,457.26,1498.28,49.82,21.73,19.99,5.11,382.21,P007,EQ001
2025-09-17 05:30:00,1195.25,261.71,179695.28,6579.7,521.46,1488.7,46.35,20.25,20.51,5.4,396.93,P015,EQ008
2025-09-17 05:40:00,1228.79,260.88,175880.83,6668.75,484.89,1521.5,52.28,23.32,22.25,5.05,353.88,P004,EQ015
2025-09-17 05:50:00,1173.9,248.66,174520.45,6594.62,517.74,1481.57,49.83,22.44,20.25,4.96,291.04,P006,EQ022
2025-09-17 06:00:00,1240.55,232.92,172191.79,6330.03,463.76,1480.94,47.94,21.46,19.68,4.69,395.57,P008,EQ029
2025-09-17 06:10:00,1228.32,261.23,164198.49,6860.82,468.75,1497.72,55.6,22.66,20.46,4.74,370.72,P003,EQ036
2025-09-17 06:20:00,1169.7,269.22,167681.59,6460.56,505.93,1506.22,55.45,20.84,20.59,4.8,311.91,P012,EQ043
2025-09-17 06:30:00,1220.28,248.66,176739.61,6674.44,461.25,1493.52,45.25,22.51,20.56,5.23,382.97,P009,EQ050
2025-09-17 06:40:00,1185.35,258.34,175116.36,6792.2,504.59,1476.34,49.0,22.97,19.76,4.89,294.84,P012,EQ001
2025-09-17 06:50:00,1238.59,236.96,174241.35,6551.2,484.38,1477.38,49.42,23.05,18.7,4.88,332.17,P006,EQ008
2025-09-17 07:00:00,1214.36,276.59,175093.88,6477.54,506.6,1482.27,55.13,23.56,20.72,5.45,356.78,P015,EQ015
2025-09-17 07:10:00,1165.21,258.19,172693.35,6377.36,526.17,1508.16,49.87,21.65,19.13,5.55,333.04,P004,EQ022
2025-09-17 07:20:00,1182.59,259.2,177895.43,6591.59,511.16,1478.83,54.06,24.07,18.74,4.92,280.13,P010,EQ029
2025-09-17 07:30:00,1138.45,255.49,178913.29,6261.28,502.08,1485.83,56.38,20.55,21.69,4.84,357.16,P011,EQ036
2025-09-17 07:40:00,1133.86,256.49,177361.51,6469.39,525.62,1483.72,51.67,22.4,19.84,4.57,301.79,P011,EQ043
2025-09-17 07:50:00,1217.58,245.28,175336.31,6430.04,488.32,1502.94,58.4,22.83,19.83,4.76,269.9,P012,EQ050
2025-09-17 08:00:00,1215.65,271.09,164553.62,6529.3,527.09,1495.88,44.72,20.37,19.61,4.7,347.51,P003,EQ001
2025-09-17 08:10:00,1150.42,254.78,179416.87,6197.88,557.53,1473.33,47.11,20.81,19.04,5.05,325.58,P012,EQ008
2025-09-17 08:20:00,1191.99,234.49,175695.6,6298.89,475.85,1504.65,43.74,21.0,18.59,5.41,345.53,P012,EQ015
2025-09-17 08:30:00,1217.73,274.51,181873.09,6527.87,488.09,1508.82,51.83,21.27,20.97,5.34,267.31,P006,EQ022
2025-09-17 08:40:00,1188.19,236.99,176325.0,6225.27,518.35,1496.63,53.45,20.88,20.05,4.78,334.34,P010,EQ029
2025-09-17 08:50:00,1196.5,248.28,182618.64,6540.93,477.81,1502.04,52.34,22.15,18.57,5.02,335.6,P011,EQ036
2025-09-17 09:00:00,1249.34,271.55,171073.51,6791.07,509.35,1504.31,47.2,19.88,19.78,5.04,356.52,P011,EQ043
2025-09-17 09:10:00,1229.75,253.1,167615.12,6381.92,471.92,1466.24,55.69,21.27,21.47,4.49,362.18,P014,EQ050
2025-09-17 09:20:00,1207.6,262.58,167100.73,6484.9,460.02,1532.99,48.07,21.72,18.98,4.85,330.09,P015,EQ001
2025-09-17 09:30:00,1219.21,256.2,175503.66,6925.27,469.04,1499.31,43.46,20.54,19.68,4.8,377.1,P013,EQ008
2025-09-17 09:40:00,1234.25,275.46,188631.19,6853.86,483.61,1500.35,47.12,21.12,20.73,5.29,251.92,P002,EQ015
2025-09-17 09:50:00,1186.18,267.33,174087.59,6917.74,573.07,1465.37,47.38,22.01,21.82,5.01,253.79,P003,EQ022
2025-09-17 10:00:00,1181.78,227.33,174439.05,6465.69,492.58,1504.03,47.23,23.56,20.22,4.74,257.96,P001,EQ029
2025-09-17 10:10:00,1167.47,239.79,173205.89,6616.42,538.21,1532.1,44.11,22.85,19.74,4.39,279.99,P013,EQ036
2025-09-17 10:20:00,1193.37,240.6,176042.05,6925.86,536.97,1463.74,44.2,23.07,20.33,4.83,367.83,P005,EQ043
2025-09-17 10:30:00,1265.18,252.64,176298.91,6519.4,552.64,1511.99,48.43,21.8,19.54,5.05,352.51,P003,EQ050
2025-09-17 10:40:00,1271.25,250.8,178732.11,6304.03,535.25,1506.8,53.6,21.92,19.75,4.77,375.91,P012,EQ001
2025-09-17 10:50:00,1168.47,276.62,172455.45,6425.92,482.89,1474.55,51.41,24.25,19.62,4.59,367.65,P004,EQ008
2025-09-17 11:00:00,1188.79,253.21,175636.93,6301.48,457.93,1493.95,40.9,21.86,20.35,5.13,363.04,P001,EQ015
2025-09-17 11:10:00,1176.0,236.36,166627.84,6968.38,501.77,1483.04,42.53,22.4,19.96,5.33,303.8,P008,EQ022
2025-09-17 11:20:00,1227.71,250.33,174607.09,6423.36,549.64,1438.16,54.51,22.21,19.34,4.94,265.37,P014,EQ029
2025-09-17 11:30:00,1204.18,238.96,178445.02,6337.66,536.97,1488.38,46.96,21.44,20.82,5.29,351.33,P009,EQ036
2025-09-17 11:40:00,1249.58,248.04,178339.91,6661.35,511.81,1572.48,49.51,21.07,21.59,5.09,379.73,P012,EQ043
2025-09-17 11:50:00,1171.32,259.68,165048.6,6552.99,465.81,1498.7,51.77,21.62,18.21,4.89,347.07,P007,EQ050
2025-09-17 12:00:00,1214.23,283.56,169432.87,6600.64,485.6,1483.82,56.21,22.76,21.27,4.64,285.64,P013,EQ001
2025-09-17 12:10:00,1235.99,278.94,176386.3,6603.78,471.43,1509.69,42.37,21.86,21.55,5.03,369.53,P012,EQ008
2025-09-17 12:20:00,1214.67,270.26,179305.74,6602.77,507.46,1488.89,43.2,21.56,19.29,4.58,293.15,P011,EQ015
2025-09-17 12:30:00,1201.08,249.89,173296.03,6755.87,513.9,1475.89,53.47,22.55,19.18,4.76,257.05,P007,EQ022
2025-09-17 12:40:00,1215.26,260.82,170336.19,6358.53,489.12,1524.18,52.42,23.18,21.19,4.91,308.13,P013,EQ029
2025-09-17 12:50:00,1172.11,281.09,185374.23,6266.6,486.86,1533.32,59.38,23.54,19.13,5.22,396.37,P006,EQ036
2025-09-17 13:00:00,1166.09,240.3,177619.84,6468.41,557.67,1489.42,53.13,21.31,21.03,5.2,394.87,P001,EQ043
2025-09-17 13:10:00,1212.93,253.57,181042.34,6464.82,559.09,1509.95,49.04,22.23,19.87,4.81,251.94,P005,EQ050
2025-09-17 13:20:00,1194.2,273.23,180109.46,6941.12,441.69,1484.27,46.73,22.9,20.69,5.07,280.46,P014,EQ001
2025-09-17 13:30:00,1216.47,250.87,175851.72,6596.87,497.97,1488.68,48.79,21.73,18.1,4.97,367.14,P014,EQ008
2025-09-17 13:40:00,1223.45,252.71,163130.8,6270.66,464.92,1516.66,40.8,24.72,21.02,5.5,316.46,P004,EQ015
2025-09-17 13:50:00,1182.7,255.64,179701.28,6674.53,453.21,1527.7,62.29,22.21,19.87,4.95,386.72,P012,EQ022
2025-09-17 14:00:00,1215.33,258.82,177299.42,6674.41,495.98,1489.4,48.05,20.75,19.26,5.26,356.43,P006,EQ029
2025-09-17 14:10:00,1211.27,229.46,182724.47,6488.62,471.16,1536.8,46.68,20.31,20.07,4.74,363.27,P009,EQ036
2025-09-17 14:20:00,1272.08,237.29,171554.78,6651.49,505.92,1476.92,54.66,22.3,21.45,4.7,360.77,P004,EQ043
2025-09-17 14:30:00,1183.49,259.74,178265.48,6448.04,494.66,1506.45,46.12,22.72,18.82,4.89,366.42,P004,EQ050
2025-09-17 14:40:00,1212.37,237.42,177337.96,6405.3,499.63,1484.22,51.34,22.8,19.96,4.78,294.13,P003,EQ001
2025-09-17 14:50:00,1226.02,244.83,169936.54,6438.34,516.68,1517.53,44.67,22.04,19.34,5.16,397.52,P002,EQ008
2025-09-17 15:00:00,1193.28,258.01,180851.31,6219.52,463.95,1504.15,55.95,22.03,19.42,4.86,278.05,P003,EQ015
2025-09-17 15:10:00,1206.3,228.48,175922.22,6228.0,511.11,1536.86,49.96,22.75,21.05,4.95,360.26,P002,EQ022
2025-09-17 15:20:00,1177.7,242.21,170425.71,6458.41,504.38,1464.76,49.26,22.32,20.25,5.0,306.58,P007,EQ029
2025-09-17 15:30:00,1210.8,260.58,167089.43,6573.91,533.15,1501.14,47.88,24.19,20.09,4.49,291.87,P005,EQ036
2025-09-17 15:40:00,1157.71,240.51,164519.65,6645.48,483.44,1500.69,54.28,21.85,18.51,4.49,269.51,P010,EQ043
2025-09-17 15:50:00,1160.5,215.64,181423.82,6507.73,530.89,1503.74,42.0,24.7,20.22,5.05,376.9,P001,EQ050
2025-09-17 16:00:00,1231.18,267.16,190624.65,6519.11,518.99,1501.85,46.01,21.67,18.85,5.52,299.58,P012,EQ001
2025-09-17 16:10:00,1221.47,262.86,174294.37,6802.17,489.77,1487.15,50.95,23.15,21.06,4.61,390.62,P001,EQ008
2025-09-17 16:20:00,1220.33,274.8,174638.21,6409.06,527.49,1522.8,46.44,21.63,20.69,4.78,273.06,P006,EQ015
2025-09-17 16:30:00,1213.31,265.28,174436.22,6752.22,515.8,1483.51,53.03,23.36,20.25,5.06,339.53,P013,EQ022
2025-09-17 16:40:00,1186.04,258.07,177802.85,6796.36,485.32,1513.46,53.72,21.78,20.11,4.18,389.86,P010,EQ029
2025-09-17 16:50:00,1216.67,223.32,170337.45,6311.59,494.55,1507.22,44.27,20.05,19.48,5.23,376.47,P005,EQ036
2025-09-17 17:00:00,1200.77,239.44,173792.87,6514.44,501.51,1489.25,53.75,23.78,19.42,5.1,323.58,P010,EQ043
2025-09-17 17:10:00,1172.33,255.25,177750.03,6498.4,522.41,1509.07,37.29,22.39,19.67,4.5,332.52,P002,EQ050
2025-09-17 17:20:00,1199.1,224.62,174893.52,6592.44,500.15,1495.17,49.88,22.5,21.44,4.93,367.6,P006,EQ001
2025-09-17 17:30:00,1196.06,251.58,173737.38,6451.71,488.68,1496.39,51.83,21.36,20.18,4.79,328.81,P003,EQ008
2025-09-17 17:40:00,1180.03,240.8,182391.26,6647.74,524.13,1493.75,54.38,22.18,19.0,4.73,328.09,P013,EQ015
2025-09-17 17:50:00,1234.69,271.75,181698.96,6340.12,481.19,1507.02,54.03,19.71,20.67,4.94,325.77,P007,EQ022
2025-09-17 18:00:00,1211.11,222.42,168748.6,6450.64,524.85,1495.44,43.47,23.94,19.2,4.64,331.46,P007,EQ029
2025-09-17 18:10:00,1226.96,255.06,177036.06,6314.71,460.38,1529.49,51.91,22.49,19.92,4.86,263.79,P004,EQ036
2025-09-17 18:20:00,1198.86,266.93,175579.07,6285.35,459.93,1505.7,57.33,22.62,19.94,5.06,382.51,P011,EQ043
2025-09-17 18:30:00,1194.9,261.32,179802.8,6351.56,488.51,1472.18,50.08,24.07,18.45,5.48,299.78,P006,EQ050
2025-09-17 18:40:00,1207.21,252.12,173331.1,6404.16,534.26,1497.31,55.27,22.97,19.56,5.28,294.04,P013,EQ001
2025-09-17 18:50:00,1193.98,243.24,172392.79,6301.08,545.41,1530.85,58.81,21.55,20.58,4.89,342.74,P008,EQ008
2025-09-17 19:00:00,1207.68,256.2,168175.08,6634.04,508.62,1503.32,46.4,21.98,19.57,4.88,399.49,P014,EQ015
2025-09-17 19:10:00,1181.24,243.74,173192.61,6467.52,490.78,1512.6,41.59,22.43,20.18,5.05,362.82,P011,EQ022
2025-09-17 19:20:00,1223.5,263.66,174789.03,6502.67,482.84,1485.54,44.25,21.22,19.87,4.71,251.32,P011,EQ029
2025-09-17 19:30:00,1207.58,260.85,174701.94,6526.27,503.25,1499.84,50.79,21.04,20.26,4.79,301.9,P004,EQ036
2025-09-17 19:40:00,1158.69,250.73,181268.35,6284.64,489.87,1517.16,56.32,22.46,18.9,4.99,385.67,P010,EQ043
2025-09-17 19:50:00,1182.4,256.69,175724.99,6343.23,462.16,1480.54,51.41,22.98,19.44,4.58,387.79,P004,EQ050
2025-09-17 20:00:00,1196.66,255.41,174317.73,6390.92,509.05,1475.76,51.63,22.23,20.05,5.38,393.83,P011,EQ001
2025-09-17 20:10:00,1212.45,256.81,182946.39,6599.91,518.17,1508.81,48.37,22.32,19.79,5.16,382.85,P007,EQ008
2025-09-17 20:20:00,1230.25,260.78,170466.71,6444.96,500.66,1505.04,46.85,21.79,19.76,4.38,387.39,P002,EQ015
2025-09-17 20:30:00,1182.84,233.89,173827.26,6219.1,509.98,1537.78,50.5,23.29,19.79,4.89,307.88,P009,EQ022
2025-09-17 20:40:00,1231.72,243.54,175137.29,6695.6,549.73,1502.64,46.43,21.53,18.86,5.03,358.6,P001,EQ029
2025-09-17 20:50:00,1206.22,250.93,177648.63,6611.97,489.33,1465.9,60.81,21.54,18.97,5.09,386.7,P014,EQ036
2025-09-17 21:00:00,1196.59,264.2,177442.55,6157.92,472.84,1466.42,48.65,22.57,18.81,5.09,365.57,P009,EQ043
2025-09-17 21:10:00,1212.66,253.53,176623.68,6171.66,461.37,1475.13,48.71,22.73,19.11,5.31,370.42,P008,EQ050
2025-09-17 21:20:00,1218.93,261.7,170094.26,6816.05,473.32,1487.07,46.33,22.01,18.57,5.15,323.02,P005,EQ001
2025-09-17 21:30:00,1237.48,266.8,169820.28,6498.66,519.93,1516.34,45.64,21.49,20.67,5.23,384.74,P004,EQ008
2025-09-17 21:40:00,1232.48,220.1,171728.37,6551.23,528.16,1503.0,50.6,22.44,18.12,4.84,298.05,P002,EQ015
2025-09-17 21:50:00,1175.59,251.71,178008.27,6494.52,529.21,1523.47,57.6,21.26,19.76,5.29,392.23,P003,EQ022
2025-09-17 22:00:00,1222.87,255.28,171205.77,6623.98,479.7,1500.49,50.83,22.82,19.84,4.9,395.74,P013,EQ029
2025-09-17 22:10:00,1149.75,256.95,173757.43,6386.71,486.15,1482.96,48.99,22.69,17.55,4.46,330.7,P001,EQ036
2025-09-17 22:20:00,1198.35,239.81,178450.6,6427.56,522.44,1502.58,47.59,23.15,18.77,4.84,344.04,P004,EQ043
2025-09-17 22:30:00,1256.13,230.25,176324.33,6747.57,504.0,1485.74,56.14,22.22,18.65,5.03,350.55,P013,EQ050
2025-09-17 22:40:00,1180.72,238.25,176384.68,6880.82,503.83,1473.9,55.17,24.24,20.29,4.54,281.98,P011,EQ001
2025-09-17 22:50:00,1213.96,247.64,171449.48,6319.62,525.1,1506.34,50.31,22.36,20.27,4.95,313.63,P002,EQ008
2025-09-17 23:00:00,1197.94,227.2,173181.87,6460.61,485.0,1503.13,53.16,22.95,19.8,4.99,280.84,P014,EQ015
2025-09-17 23:10:00,1168.23,246.29,162010.89,6199.79,491.94,1503.88,52.11,21.2,18.69,5.13,355.41,P012,EQ022
2025-09-17 23:20:00,1212.04,226.58,169743.65,6185.68,475.69,1502.35,44.73,21.08,20.56,5.06,366.28,P011,EQ029
2025-09-17 23:30:00,1209.63,244.76,177874.32,6613.88,532.16,1471.88,54.68,21.93,19.9,4.62,372.51,P002,EQ036
2025-09-17 23:40:00,1186.41,248.5,187206.66,6308.4,468.14,1509.56,44.86,20.88,21.51,4.88,362.03,P003,EQ043
2025-09-17 23:50:00,1181.37,256.21,178338.23,6494.25,533.55,1515.02,54.74,21.89,18.89,5.44,253.56,P012,EQ050
2025-09-18 00:00:00,1198.38,224.92,180366.51,6662.98,483.69,1491.14,55.1,21.39,21.62,5.3,299.76,P002,EQ001
2025-09-18 00:10:00,1214.16,278.5,173225.67,6219.72,507.55,1495.68,38.07,21.54,19.84,4.86,260.99,P003,EQ008
2025-09-18 00:20:00,1214.85,276.92,169731.44,6500.54,480.62,1500.51,48.75,21.44,18.62,5.35,369.13,P009,EQ015
2025-09-18 00:30:00,1188.64,235.37,181927.31,6761.96,536.65,1512.82,46.11,21.87,21.89,5.13,260.57,P014,EQ022
2025-09-18 00:40:00,1184.9,268.91,180334.46,6578.77,514.61,1516.09,48.29,23.15,19.64,5.19,284.15,P005,EQ029
2025-09-18 00:50:00,1177.95,219.47,176562.88,6367.86,467.43,1484.7,50.14,21.49,19.2,5.03,311.14,P008,EQ036
2025-09-18 01:00:00,1195.53,229.71,181228.35,6862.3,510.76,1458.42,57.16,23.12,21.23,5.17,344.53,P007,EQ043
2025-09-18 01:10:00,1198.3,236.79,176359.67,6449.3,494.18,1443.65,53.63,21.76,18.96,5.01,297.46,P007,EQ050
2025-09-18 01:20:00,1230.07,281.69,181473.87,5939.68,491.77,1480.34,57.51,22.36,18.97,5.24,350.99,P009,EQ001
2025-09-18 01:30:00,1198.38,261.57,178630.58,6214.16,475.28,1494.08,54.13,22.55,20.22,4.6,250.88,P012,EQ008
2025-09-18 01:40:00,1251.5,251.41,170034.41,6537.51,485.62,1484.58,51.48,21.92,18.68,4.76,342.75,P013,EQ015
2025-09-18 01:50:00,1178.68,279.12,170088.86,6393.13,454.33,1467.72,64.23,22.58,18.46,4.61,361.89,P001,EQ022
2025-09-18 02:00:00,1190.22,234.06,168075.73,6181.62,465.66,1542.51,54.65,21.53,19.63,4.99,355.13,P002,EQ029
2025-09-18 02:10:00,1220.93,287.07,163532.5,6586.1,467.27,1506.66,53.75,22.86,20.12,5.25,303.66,P009,EQ036
2025-09-18 02:20:00,1267.24,252.37,172517.32,6772.45,470.36,1474.08,52.09,21.85,18.47,4.59,265.92,P013,EQ043
2025-09-18 02:30:00,1211.55,240.84,176877.52,6308.13,516.34,1493.31,50.42,22.86,20.36,4.92,352.88,P010,EQ050
2025-09-18 02:40:00,1158.27,244.04,173544.54,6647.03,476.88,1551.22,52.77,21.43,19.28,4.61,262.98,P013,EQ001
2025-09-18 02:50:00,1213.36,260.14,178009.31,6187.46,540.62,1501.25,45.69,22.35,20.34,4.92,389.0,P007,EQ008
2025-09-18 03:00:00,1182.28,234.29,167318.1,6033.05,479.22,1508.01,45.02,21.15,20.93,5.21,309.27,P011,EQ015
2025-09-18 03:10:00,1213.22,267.46,172132.5,6089.04,474.21,1503.57,51.31,21.53,21.61,4.23,254.62,P003,EQ022
2025-09-18 03:20:00,1183.19,230.79,165683.52,6479.91,491.02,1505.24,57.1,20.99,20.66,5.03,330.02,P003,EQ029
2025-09-18 03:30:00,1169.13,263.9,177749.8,6738.55,508.02,1499.67,53.58,21.8,19.28,5.2,362.01,P013,EQ036
2025-09-18 03:40:00,1138.93,232.43,172265.72,6557.1,513.66,1516.06,50.56,22.98,19.6,4.94,369.62,P009,EQ043
2025-09-18 03:50:00,1251.15,261.15,175660.55,6372.15,474.69,1465.93,52.34,20.31,19.72,5.23,294.25,P011,EQ050
2025-09-18 04:00:00,1188.42,243.76,180256.68,6502.91,521.76,1529.69,49.59,22.65,20.52,4.58,271.61,P011,EQ001
2025-09-18 04:10:00,1178.95,247.38,175254.91,6636.46,451.12,1534.3,49.62,21.02,20.63,4.87,383.05,P013,EQ008
2025-09-18 04:20:00,1231.17,253.72,178277.78,6158.7,510.22,1513.52,45.45,21.63,19.61,4.89,380.07,P011,EQ015
2025-09-18 04:30:00,1197.04,252.7,174457.45,6681.03,519.59,1477.22,42.24,24.21,20.85,4.66,305.97,P001,EQ022
2025-09-18 04:40:00,1250.07,239.34,181832.85,6480.56,549.04,1468.96,55.55,20.33,20.01,5.32,333.03,P009,EQ029
2025-09-18 04:50:00,1250.32,232.74,171076.44,6583.79,494.05,1508.07,53.29,21.22,21.06,5.09,271.21,P001,EQ036
2025-09-18 05:00:00,1211.84,232.73,183468.81,6509.64,508.15,1482.59,53.9,22.9,17.76,5.19,250.75,P010,EQ043
2025-09-18 05:10:00,1249.02,247.83,171104.06,6370.22,444.78,1535.77,43.97,22.57,19.41,4.85,309.11,P009,EQ050
2025-09-18 05:20:00,1246.36,252.4,165548.75,6603.23,461.95,1468.34,53.56,21.21,21.83,5.18,392.05,P005,EQ001
2025-09-18 05:30:00,1152.55,227.38,186237.26,6750.04,507.99,1523.77,53.51,19.65,20.99,4.87,281.51,P012,EQ008
2025-09-18 05:40:00,1182.21,264.68,171648.3,6665.21,480.0,1525.85,57.15,22.75,19.82,5.03,385.53,P006,EQ015
2025-09-18 05:50:00,1228.74,259.89,173301.19,6748.2,496.83,1487.55,49.28,22.67,21.34,4.91,281.76,P015,EQ022
2025-09-18 06:00:00,1179.52,237.67,174035.49,6495.83,567.77,1493.25,45.08,23.96,18.94,4.59,346.89,P009,EQ029
2025-09-18 06:10:00,1160.52,262.78,175919.19,6360.4,494.94,1505.09,53.77,20.52,19.94,5.19,271.37,P003,EQ036
2025-09-18 06:20:00,1189.24,247.83,178038.54,6283.57,513.28,1515.6,46.02,22.28,20.52,5.03,283.12,P014,EQ043
2025-09-18 06:30:00,1256.11,260.24,178943.65,6307.52,576.95,1446.26,47.23,22.27,18.66,5.4,287.91,P002,EQ050
2025-09-18 06:40:00,1147.24,247.65,169180.99,6254.67,500.17,1528.86,42.44,21.25,18.93,5.21,277.2,P013,EQ001
2025-09-18 06:50:00,1228.05,254.73,172940.24,6666.65,557.02,1504.55,52.02,22.06,20.1,4.68,335.09,P001,EQ008
2025-09-18 07:00:00,1164.13,240.42,182827.52,6682.68,499.01,1499.11,46.93,24.17,20.36,4.87,377.71,P015,EQ015
2025-09-18 07:10:00,1231.84,232.66,169100.72,6561.11,500.54,1493.69,50.94,22.87,21.46,5.58,398.51,P009,EQ022
2025-09-18 07:20:00,1199.65,239.55,173646.49,6653.26,484.01,1488.81,43.26,21.93,19.97,4.52,319.19,P009,EQ029
2025-09-18 07:30:00,1204.06,268.51,173691.59,6398.45,505.58,1521.2,44.98,22.54,21.18,4.46,260.97,P011,EQ036
2025-09-18 07:40:00,1179.96,253.36,178868.75,6652.88,494.72,1518.48,44.87,22.25,19.05,4.44,260.1,P002,EQ043
2025-09-18 07:50:00,1145.18,273.23,170926.97,6559.24,540.03,1507.06,59.35,20.8,18.55,4.66,279.61,P010,EQ050
2025-09-18 08:00:00,1196.7,267.48,175708.87,6308.4,496.51,1516.28,50.27,22.82,19.1,5.0,323.08,P006,EQ001
2025-09-18 08:10:00,1150.3,234.79,169766.77,6573.7,498.68,1537.38,58.24,22.29,20.06,5.3,303.57,P011,EQ008
2025-09-18 08:20:00,1170.15,258.22,185015.59,6563.51,559.61,1505.66,45.88,22.44,19.61,5.3,348.32,P002,EQ015
2025-09-18 08:30:00,1204.01,256.13,172690.63,6706.0,513.65,1533.43,56.2,22.49,20.35,4.58,292.77,P002,EQ022
2025-09-18 08:40:00,1256.07,258.43,174354.66,6144.16,480.36,1513.49,46.28,21.97,19.8,5.23,385.02,P006,EQ029
2025-09-18 08:50:00,1203.14,292.85,177274.55,6222.89,480.06,1507.02,60.61,21.37,20.35,4.88,322.88,P006,EQ036
2025-09-18 09:00:00,1126.77,272.72,167458.79,6173.48,497.65,1497.1,53.75,21.8,23.86,5.21,342.45,P005,EQ043
2025-09-18 09:10:00,1199.06,244.3,174170.86,6134.13,456.77,1482.98,46.62,22.8,21.35,5.22,354.02,P003,EQ050
2025-09-18 09:20:00,1168.26,238.79,174144.38,6122.81,512.77,1499.66,58.37,23.25,18.34,4.99,334.83,P006,EQ001
2025-09-18 09:30:00,1134.65,261.11,173373.06,6546.17,495.8,1477.63,48.03,22.2,19.1,4.66,371.15,P007,EQ008
2025-09-18 09:40:00,1155.5,248.44,173934.69,6718.43,473.76,1489.87,44.91,20.58,18.45,5.42,275.3,P006,EQ015
2025-09-18 09:50:00,1198.61,247.41,173135.37,6576.61,431.73,1531.3,49.21,21.91,19.76,4.91,286.93,P004,EQ022
2025-09-18 10:00:00,1190.78,227.14,174847.6,6484.12,519.81,1528.29,39.07,22.05,20.54,4.79,356.83,P011,EQ029
2025-09-18 10:10:00,1223.84,230.73,171253.11,6353.58,509.61,1496.19,51.76,22.13,20.87,4.74,315.42,P014,EQ036
2025-09-18 10:20:00,1181.66,259.04,171444.15,6876.21,509.19,1526.02,54.64,22.59,19.95,4.73,303.92,P011,EQ043
2025-09-18 10:30:00,1198.23,262.62,174152.46,6599.13,515.55,1525.24,49.82,22.18,21.62,4.63,359.95,P015,EQ050
2025-09-18 10:40:00,1224.05,270.77,176181.81,6275.92,504.3,1518.59,59.68,23.1,19.3,4.54,321.99,P008,EQ001
2025-09-18 10:50:00,1178.5,257.18,178932.47,6326.18,493.45,1512.78,60.99,21.57,21.33,5.21,303.81,P005,EQ008
2025-09-18 11:00:00,1228.07,250.76,172229.66,6612.37,529.37,1492.91,46.18,23.67,18.57,5.6,323.05,P002,EQ015
2025-09-18 11:10:00,1247.7,239.8,173000.53,6591.09,527.83,1517.19,45.19,23.81,20.12,4.9,276.37,P010,EQ022
2025-09-18 11:20:00,1177.43,244.04,181707.16,6267.02,516.31,1505.62,63.91,21.96,19.12,5.48,262.3,P005,EQ029
2025-09-18 11:30:00,1242.99,215.89,179267.99,6642.32,500.93,1487.5,38.39,21.43,20.58,5.12,378.81,P003,EQ036
2025-09-18 11:40:00,1126.95,242.44,183837.27,6729.66,504.71,1467.68,62.7,21.88,20.71,5.09,383.69,P004,EQ043
2025-09-18 11:50:00,1182.55,257.67,170923.58,5956.92,530.95,1539.29,55.47,22.82,19.24,5.24,289.49,P015,EQ050
2025-09-18 12:00:00,1244.95,215.16,180482.98,6185.81,498.74,1490.78,54.01,22.34,19.35,5.03,343.99,P012,EQ001
2025-09-18 12:10:00,1210.79,253.46,174647.11,6415.26,500.09,1517.98,47.0,21.26,21.44,4.4,261.31,P001,EQ008
2025-09-18 12:20:00,1196.36,253.82,178994.77,6561.98,532.29,1501.39,56.72,22.83,21.09,4.74,377.44,P011,EQ015
2025-09-18 12:30:00,1223.39,240.07,171793.62,6388.48,502.98,1482.56,42.03,23.06,18.49,5.21,254.68,P010,EQ022
2025-09-18 12:40:00,1169.56,291.92,172112.66,6830.03,499.04,1487.27,47.68,21.7,21.83,4.78,336.84,P013,EQ029
2025-09-18 12:50:00,1177.62,242.09,179026.54,6558.07,536.22,1513.68,49.76,21.54,19.59,5.07,338.51,P015,EQ036
2025-09-18 13:00:00,1189.98,236.15,170148.63,6263.27,508.71,1503.85,50.23,20.09,19.64,4.65,255.5,P005,EQ043
2025-09-18 13:10:00,1229.84,266.38,180466.42,6744.89,486.33,1506.24,55.12,19.97,20.24,5.1,331.52,P009,EQ050
2025-09-18 13:20:00,1210.45,236.94,173022.35,6406.74,511.44,1462.77,45.55,21.59,20.75,5.29,320.82,P013,EQ001
2025-09-18 13:30:00,1176.17,237.08,177408.44,6201.15,499.88,1497.01,47.51,21.77,20.43,4.6,272.29,P007,EQ008
2025-09-18 13:40:00,1239.22,241.8,166561.93,6516.39,468.61,1493.01,49.15,21.44,22.49,5.15,283.5,P013,EQ015
2025-09-18 13:50:00,1164.84,221.91,174504.99,6681.11,484.26,1500.44,52.16,20.8,20.52,4.94,338.44,P014,EQ022
2025-09-18 14:00:00,1185.29,260.17,178097.99,6792.73,543.33,1508.33,38.64,21.83,19.02,4.63,293.65,P008,EQ029
2025-09-18 14:10:00,1225.48,266.95,174108.32,6496.4,481.96,1511.28,58.71,22.32,20.38,4.8,325.17,P002,EQ036
2025-09-18 14:20:00,1175.35,256.93,173225.71,6716.41,448.32,1510.92,47.59,20.72,19.14,5.4,309.52,P009,EQ043
2025-09-18 14:30:00,1260.02,254.42,166128.01,6099.68,476.82,1490.94,44.06,22.96,20.13,5.13,251.59,P004,EQ050
2025-09-18 14:40:00,1167.72,263.54,169482.64,6786.67,507.06,1525.15,38.78,21.56,18.07,5.22,377.2,P013,EQ001
2025-09-18 14:50:00,1173.31,268.96,180850.28,6354.21,505.64,1493.11,40.3,23.62,19.55,5.08,397.28,P011,EQ008
2025-09-18 15:00:00,1251.87,237.29,177126.0,6512.39,539.51,1518.56,51.7,22.92,21.01,4.84,274.88,P009,EQ015
2025-09-18 15:10:00,1162.39,238.21,165222.28,6634.69,500.96,1472.36,50.2,22.18,19.19,5.45,271.06,P003,EQ022
2025-09-18 15:20:00,1192.69,220.65,166140.26,6452.84,504.66,1467.79,38.6,21.09,19.22,4.89,276.87,P010,EQ029
2025-09-18 15:30:00,1157.46,236.67,174450.77,6863.19,491.07,1450.18,50.56,23.07,18.76,4.85,348.91,P003,EQ036
2025-09-18 15:40:00,1255.79,224.68,172075.83,6575.43,536.28,1508.93,49.65,21.49,19.85,4.65,360.39,P008,EQ043
2025-09-18 15:50:00,1208.2,239.22,168980.47,6484.04,514.55,1477.47,51.2,20.12,19.25,5.4,390.88,P001,EQ050
2025-09-18 16:00:00,1237.36,275.46,170031.19,6718.26,476.85,1474.84,52.05,21.58,21.32,4.74,282.82,P008,EQ001
2025-09-18 16:10:00,1241.21,235.24,177693.05,6590.01,500.59,1513.71,44.49,22.46,19.32,5.31,284.76,P005,EQ008
2025-09-18 16:20:00,1178.72,284.19,165379.77,6704.04,477.26,1481.88,46.13,21.35,19.43,5.34,305.42,P001,EQ015
2025-09-18 16:30:00,1176.46,251.51,174148.73,6674.18,475.85,1491.82,54.13,22.45,20.72,5.67,350.29,P009,EQ022
2025-09-18 16:40:00,1187.89,262.39,176038.45,6325.98,452.94,1467.21,48.21,20.9,18.92,4.92,386.16,P006,EQ029
2025-09-18 16:50:00,1187.05,288.64,181535.95,6611.91,529.12,1496.39,58.73,20.51,19.2,5.12,308.21,P015,EQ036
2025-09-18 17:00:00,1236.26,267.09,180114.96,6686.91,476.89,1500.68,51.12,23.36,19.46,5.21,318.2,P001,EQ043
2025-09-18 17:10:00,1205.72,224.11,165401.49,6663.77,475.26,1486.12,47.01,21.57,19.62,4.35,255.99,P011,EQ050
2025-09-18 17:20:00,1271.19,261.52,171489.19,6690.85,523.05,1534.72,47.41,22.4,21.64,5.12,298.61,P012,EQ001
2025-09-18 17:30:00,1184.1,265.07,173028.0,6405.5,497.0,1510.2,48.8,23.23,19.97,4.74,395.27,P011,EQ008
2025-09-18 17:40:00,1190.54,242.25,170330.09,6671.98,466.9,1490.0,49.81,23.46,20.4,5.04,374.45,P014,EQ015
2025-09-18 17:50:00,1176.23,236.73,175623.8,6505.35,518.77,1542.07,48.18,21.87,21.23,4.52,361.29,P010,EQ022
2025-09-18 18:00:00,1179.31,254.2,176690.67,6264.81,459.72,1519.45,53.65,22.56,19.93,5.31,331.65,P003,EQ029
2025-09-18 18:10:00,1222.38,251.11,177827.69,6664.74,475.87,1485.81,57.14,20.18,20.46,4.73,306.5,P007,EQ036
2025-09-18 18:20:00,1189.26,233.29,179294.13,6553.53,518.56,1543.83,52.53,21.33,19.57,4.94,304.79,P011,EQ043
2025-09-18 18:30:00,1182.85,227.99,176999.22,6332.82,460.43,1509.6,46.31,20.36,19.81,5.07,384.73,P002,EQ050
2025-09-18 18:40:00,1261.28,246.35,187564.75,6334.08,490.01,1461.63,45.67,20.82,18.14,4.79,327.5,P007,EQ001
2025-09-18 18:50:00,1184.75,235.36,179454.93,6321.25,514.93,1506.26,51.6,22.71,20.9,4.9,395.9,P004,EQ008
2025-09-18 19:00:00,1164.42,252.51,173796.2,6694.78,461.22,1509.16,54.66,20.36,20.2,4.89,327.46,P006,EQ015
2025-09-18 19:10:00,1207.53,231.08,172919.67,6461.15,466.91,1499.32,48.67,22.27,18.63,4.8,372.59,P006,EQ022
2025-09-18 19:20:00,1183.87,275.39,172614.39,6426.92,503.76,1508.85,56.04,21.31,20.74,5.46,323.03,P008,EQ029
2025-09-18 19:30:00,1202.26,231.93,170447.19,6267.97,468.07,1503.25,45.53,22.39,19.1,5.58,383.08,P001,EQ036
2025-09-18 19:40:00,1171.77,251.66,172748.93,6760.36,471.99,1474.76,47.25,21.35,21.06,4.97,325.28,P003,EQ043
2025-09-18 19:50:00,1165.64,253.19,172347.54,6676.14,432.2,1480.88,48.58,20.14,19.86,5.41,315.98,P004,EQ050
2025-09-18 20:00:00,1227.73,239.6,182265.12,6398.68,495.6,1509.32,51.65,23.3,16.87,5.2,261.56,P011,EQ001
2025-09-18 20:10:00,1192.56,243.8,181825.81,6410.81,442.29,1509.28,50.71,20.63,19.88,5.44,292.12,P003,EQ008
2025-09-18 20:20:00,1218.4,230.0,173026.36,6283.99,533.38,1542.32,44.23,22.23,19.62,5.08,278.04,P006,EQ015
2025-09-18 20:30:00,1176.17,268.11,174319.43,6270.26,530.63,1513.92,53.43,21.32,20.33,5.43,340.3,P014,EQ022
2025-09-18 20:40:00,1234.51,274.27,162294.99,6381.68,496.69,1503.06,51.31,20.36,20.42,4.44,267.75,P004,EQ029
2025-09-18 20:50:00,1159.67,251.78,177358.58,6335.48,456.32,1499.71,47.62,22.33,20.99,4.78,312.19,P006,EQ036
2025-09-18 21:00:00,1235.49,238.59,177423.95,6588.29,510.28,1512.04,49.23,20.25,19.3,4.75,358.04,P008,EQ043
2025-09-18 21:10:00,1189.51,265.94,174907.55,6862.68,532.53,1499.6,49.2,21.25,21.48,4.94,351.28,P008,EQ050
2025-09-18 21:20:00,1145.51,251.86,176609.15,6364.36,490.3,1524.65,48.53,20.73,21.21,4.99,281.61,P003,EQ001
2025-09-18 21:30:00,1214.71,284.69,169050.49,6744.46,532.48,1505.14,53.38,23.74,20.32,5.07,347.09,P007,EQ008
2025-09-18 21:40:00,1173.94,268.43,174234.11,6452.35,539.48,1520.38,55.16,21.59,20.2,4.77,253.37,P001,EQ015
2025-09-18 21:50:00,1236.72,253.92,174045.95,6380.69,474.39,1496.85,58.84,23.25,20.93,5.41,269.18,P010,EQ022
2025-09-18 22:00:00,1163.78,270.5,175540.99,6751.7,510.25,1474.36,42.93,22.51,19.6,5.16,274.17,P011,EQ029
2025-09-18 22:10:00,1086.31,277.44,169945.17,6720.77,477.3,1519.24,45.16,22.64,19.49,5.05,326.9,P015,EQ036
2025-09-18 22:20:00,1176.88,247.16,177979.58,6570.86,517.46,1464.82,50.14,20.62,20.58,5.09,335.84,P001,EQ043
2025-09-18 22:30:00,1147.53,230.02,172860.07,6716.64,484.81,1525.69,41.11,22.81,20.77,4.88,274.95,P015,EQ050
2025-09-18 22:40:00,1188.64,226.5,167662.68,6675.95,555.04,1467.42,48.55,24.55,20.57,5.48,277.01,P007,EQ001
2025-09-18 22:50:00,1243.9,246.3,169311.43,6119.66,490.02,1487.23,45.37,23.06,20.71,4.68,339.9,P010,EQ008
2025-09-18 23:00:00,1231.92,272.98,161519.09,6453.58,459.79,1540.69,48.21,21.36,19.77,4.46,345.64,P015,EQ015
2025-09-18 23:10:00,1244.36,242.17,175852.13,6394.92,449.09,1498.6,40.87,23.5,21.45,5.33,357.93,P011,EQ022
2025-09-18 23:20:00,1164.68,216.79,175873.23,6384.56,496.18,1529.17,48.71,22.53,18.37,5.47,373.2,P002,EQ029
2025-09-18 23:30:00,1154.5,236.43,166329.14,6395.55,516.32,1514.35,46.86,21.42,21.67,4.93,282.49,P010,EQ036
2025-09-18 23:40:00,1177.59,253.52,171647.49,6358.78,485.5,1510.0,43.47,23.31,19.57,5.67,398.92,P014,EQ043
2025-09-18 23:50:00,1210.51,254.31,175867.23,6255.88,538.27,1464.89,48.09,22.58,20.57,4.91,322.25,P004,EQ050
2025-09-19 00:00:00,1244.72,245.2,177092.31,6607.04,519.69,1474.45,55.42,22.79,17.69,5.25,374.55,P010,EQ001
2025-09-19 00:10:00,1177.11,255.49,182033.45,6703.64,493.53,1523.03,54.29,22.47,20.16,5.05,271.41,P010,EQ008
2025-09-19 00:20:00,1239.43,259.97,175144.58,6649.1,498.88,1506.98,52.61,22.37,20.33,5.18,373.07,P003,EQ015
2025-09-19 00:30:00,1184.82,256.35,164748.43,6478.96,480.35,1510.18,51.29,21.83,17.24,4.59,343.48,P009,EQ022
2025-09-19 00:40:00,1181.79,235.37,179864.14,6657.71,504.65,1480.78,49.71,21.04,18.55,5.05,289.68,P012,EQ029
2025-09-19 00:50:00,1195.87,244.87,164102.98,6753.96,491.23,1500.04,40.73,21.45,19.75,5.06,352.84,P015,EQ036
2025-09-19 01:00:00,1189.11,266.83,176386.28,6369.44,508.38,1537.05,55.08,23.64,18.99,4.56,318.02,P010,EQ043
2025-09-19 01:10:00,1198.66,265.88,172999.49,6754.35,507.14,1502.75,48.48,20.51,20.18,5.45,260.33,P007,EQ050
2025-09-19 01:20:00,1149.9,271.56,176852.58,6251.27,546.69,1493.1,50.03,20.56,20.07,5.16,307.82,P002,EQ001
2025-09-19 01:30:00,1241.69,201.28,173128.23,6241.28,493.68,1490.64,59.05,22.84,19.57,4.95,252.48,P009,EQ008
2025-09-19 01:40:00,1169.96,261.34,170095.56,6392.83,524.12,1501.09,53.32,22.61,20.03,5.41,378.94,P009,EQ015
2025-09-19 01:50:00,1180.39,238.5,181566.37,6811.66,529.06,1494.05,53.09,22.01,18.56,5.23,352.66,P014,EQ022
2025-09-19 02:00:00,1201.6,231.05,170229.19,6487.94,499.28,1502.86,57.58,20.28,20.2,5.51,272.43,P002,EQ029
2025-09-19 02:10:00,1185.32,258.01,170794.57,6496.32,482.78,1474.59,54.45,22.51,18.03,5.2,276.61,P015,EQ036
2025-09-19 02:20:00,1194.19,255.59,170782.84,6914.61,484.92,1509.76,48.31,21.14,20.59,5.03,342.21,P001,EQ043
2025-09-19 02:30:00,1208.12,252.28,175764.4,6419.55,519.04,1492.04,53.83,22.46,18.59,4.96,381.66,P009,EQ050
2025-09-19 02:40:00,1189.54,231.33,178519.69,6510.58,521.3,1462.79,44.42,22.33,18.03,5.03,325.5,P002,EQ001
2025-09-19 02:50:00,1193.86,240.69,171677.25,6694.52,553.05,1476.79,49.13,22.5,21.31,4.75,263.98,P011,EQ008
2025-09-19 03:00:00,1213.27,250.2,170139.48,6656.44,504.84,1528.2,45.86,21.7,20.07,5.3,269.55,P010,EQ015
2025-09-19 03:10:00,1197.19,275.16,165944.41,6608.83,442.02,1510.57,48.37,22.14,19.46,5.14,330.89,P001,EQ022
2025-09-19 03:20:00,1166.35,283.23,181369.35,6113.69,510.02,1479.0,43.65,20.56,20.79,4.64,384.55,P013,EQ029
2025-09-19 03:30:00,1178.3,251.9,175436.95,6623.62,472.57,1489.92,53.82,20.59,19.16,5.44,351.78,P007,EQ036
2025-09-19 03:40:00,1116.07,250.03,179557.74,6493.75,504.69,1483.32,48.81,23.21,20.82,5.07,328.31,P006,EQ043
2025-09-19 03:50:00,1222.55,238.47,178091.29,6135.05,411.2,1484.24,42.53,23.28,20.33,4.85,381.22,P012,EQ050
2025-09-19 04:00:00,1238.21,256.4,181118.46,6157.34,474.84,1520.3,56.93,20.85,19.57,5.08,329.47,P004,EQ001
2025-09-19 04:10:00,1226.94,260.79,180651.31,6490.38,488.57,1520.48,47.95,23.6,19.03,5.16,390.76,P008,EQ008
2025-09-19 04:20:00,1147.12,248.05,177866.56,6661.42,477.72,1492.24,43.72,24.04,19.29,4.54,368.43,P007,EQ015
2025-09-19 04:30:00,1163.98,240.1,174626.53,6803.75,472.65,1496.71,41.66,22.96,19.03,5.28,302.58,P013,EQ022
2025-09-19 04:40:00,1144.53,230.52,182621.81,6409.05,482.38,1507.69,53.46,22.76,19.75,4.98,361.21,P013,EQ029
2025-09-19 04:50:00,1203.57,233.87,169859.52,6580.36,472.24,1487.23,50.15,21.32,18.29,4.78,375.58,P010,EQ036
2025-09-19 05:00:00,1213.13,258.39,171876.39,6525.11,498.55,1466.28,43.01,22.51,22.08,5.37,264.66,P003,EQ043
2025-09-19 05:10:00,1205.22,205.31,179542.68,6677.65,483.09,1506.25,51.36,21.01,21.42,4.91,288.18,P013,EQ050
2025-09-19 05:20:00,1209.93,258.76,175865.15,6801.77,501.61,1493.56,54.31,23.08,20.69,4.9,284.88,P014,EQ001
2025-09-19 05:30:00,1161.72,268.18,179132.12,6114.03,537.43,1457.51,39.58,24.01,19.96,5.21,262.57,P010,EQ008
2025-09-19 05:40:00,1226.25,242.47,173530.32,6587.93,479.83,1520.89,43.25,23.09,19.65,4.92,381.51,P007,EQ015
2025-09-19 05:50:00,1177.66,249.59,174659.74,6438.38,513.18,1461.22,49.42,23.23,20.43,4.76,288.67,P001,EQ022
2025-09-19 06:00:00,1148.84,244.83,173719.63,6579.99,541.19,1493.29,50.56,20.79,20.6,5.01,356.37,P013,EQ029
2025-09-19 06:10:00,1184.77,260.47,180597.97,6781.93,463.58,1548.41,36.62,23.69,20.94,4.95,251.07,P009,EQ036
2025-09-19 06:20:00,1210.74,233.72,182811.29,6120.57,459.41,1491.08,45.25,22.33,19.87,4.92,267.67,P001,EQ043
2025-09-19 06:30:00,1187.15,213.73,176848.62,6632.1,530.58,1510.41,51.8,21.74,22.12,4.87,306.25,P004,EQ050
2025-09-19 06:40:00,1127.97,235.69,185868.21,6269.84,507.1,1470.93,44.53,21.72,18.86,4.95,353.17,P006,EQ001
2025-09-19 06:50:00,1231.79,241.22,177601.93,6842.0,547.86,1516.59,52.21,20.78,20.18,4.82,311.33,P002,EQ008
2025-09-19 07:00:00,1213.98,234.5,172501.18,6327.21,490.14,1520.06,50.82,23.68,18.85,4.91,273.22,P011,EQ015
2025-09-19 07:10:00,1194.16,250.54,176279.18,6527.54,474.42,1497.07,48.86,21.48,21.5,5.06,337.81,P005,EQ022
2025-09-19 07:20:00,1194.68,228.25,183011.38,6507.3,474.85,1501.15,51.76,21.88,19.81,5.35,378.25,P007,EQ029
2025-09-19 07:30:00,1238.99,272.82,184161.31,6667.27,496.29,1520.56,53.09,21.38,19.89,4.48,334.7,P010,EQ036
2025-09-19 07:40:00,1181.16,262.06,172698.53,6302.61,490.97,1536.87,51.01,23.59,21.16,5.13,291.33,P011,EQ043
2025-09-19 07:50:00,1202.66,237.6,163605.47,6374.23,501.85,1503.04,55.83,21.76,17.85,5.03,309.62,P004,EQ050
2025-09-19 08:00:00,1192.14,240.3,167983.47,6437.43,452.18,1515.93,52.98,21.32,20.57,4.98,311.98,P013,EQ001
2025-09-19 08:10:00,1222.94,262.94,174172.01,6793.38,474.37,1526.1,45.97,21.23,20.25,5.05,333.63,P003,EQ008
2025-09-19 08:20:00,1224.99,259.93,167507.71,6254.27,484.11,1501.11,46.56,21.38,19.72,4.96,305.53,P009,EQ015
2025-09-19 08:30:00,1210.08,242.91,174236.25,6315.94,503.45,1531.17,55.37,21.79,20.79,5.01,322.56,P005,EQ022
2025-09-19 08:40:00,1188.04,242.04,170487.23,6526.71,534.7,1537.24,42.82,24.15,19.35,4.79,336.65,P013,EQ029
2025-09-19 08:50:00,1193.16,256.95,171891.16,6559.13,474.25,1486.79,49.39,22.59,21.75,5.06,355.82,P012,EQ036
2025-09-19 09:00:00,1164.45,280.39,171780.98,6874.51,577.05,1498.36,53.62,21.57,20.7,4.48,270.71,P014,EQ043
2025-09-19 09:10:00,1184.71,245.62,179632.73,6698.05,462.55,1497.3,48.91,21.41,18.59,4.39,348.89,P012,EQ050
2025-09-19 09:20:00,1265.25,243.32,174486.21,6354.83,528.44,1490.19,51.4,20.89,20.57,4.84,284.47,P013,EQ001
2025-09-19 09:30:00,1209.24,261.95,171857.94,6366.73,478.61,1540.16,47.02,21.93,20.96,4.95,354.9,P003,EQ008
2025-09-19 09:40:00,1173.07,252.0,168453.57,6675.32,477.56,1539.68,54.83,20.93,20.7,4.64,265.04,P009,EQ015
2025-09-19 09:50:00,1154.13,238.97,176695.37,6953.87,474.18,1477.14,53.98,22.8,21.67,4.42,310.08,P006,EQ022
2025-09-19 10:00:00,1166.42,232.9,174371.12,6488.62,542.57,1512.45,44.33,22.12,21.43,5.44,370.13,P010,EQ029
2025-09-19 10:10:00,1161.7,262.92,184285.49,6426.74,516.43,1511.08,50.74,22.21,18.85,5.21,354.56,P012,EQ036
2025-09-19 10:20:00,1247.93,258.3,174206.42,6345.09,539.24,1452.54,56.42,21.21,20.44,5.18,257.81,P007,EQ043
2025-09-19 10:30:00,1213.84,247.47,166035.58,6591.79,447.55,1526.77,49.31,24.53,19.39,5.34,394.69,P001,EQ050
2025-09-19 10:40:00,1214.56,220.06,170959.42,6318.67,528.97,1519.52,52.36,24.74,17.78,4.44,370.66,P014,EQ001
2025-09-19 10:50:00,1192.27,276.68,178380.52,6724.07,463.04,1471.2,57.02,21.67,19.54,5.28,271.8,P015,EQ008
2025-09-19 11:00:00,1160.22,261.69,177086.15,6152.58,524.32,1509.24,50.65,21.85,20.52,5.28,340.04,P002,EQ015
2025-09-19 11:10:00,1242.14,237.14,166516.91,6575.91,496.41,1501.68,49.47,21.45,18.79,4.85,259.61,P004,EQ022
2025-09-19 11:20:00,1187.63,229.59,166243.84,6658.61,450.04,1522.15,47.4,21.33,18.89,5.1,305.63,P010,EQ029
2025-09-19 11:30:00,1225.65,230.35,171958.07,6766.8,563.96,1514.6,51.69,22.68,19.06,5.2,255.66,P007,EQ036
2025-09-19 11:40:00,1229.07,268.4,179936.8,6579.86,552.16,1488.79,49.28,23.29,19.38,4.82,389.6,P007,EQ043
2025-09-19 11:50:00,1204.62,269.47,171564.83,6415.82,529.83,1473.92,45.28,20.23,20.39,4.56,342.09,P009,EQ050
2025-09-19 12:00:00,1215.41,265.01,173442.92,6330.64,518.0,1535.51,51.05,21.6,20.04,5.06,292.97,P010,EQ001
2025-09-19 12:10:00,1175.99,251.41,175097.22,6927.46,495.85,1494.19,55.22,21.91,20.5,5.11,258.62,P013,EQ008
2025-09-19 12:20:00,1190.88,266.42,174844.3,6783.32,481.05,1496.86,51.23,21.47,20.05,5.28,373.03,P011,EQ015
2025-09-19 12:30:00,1194.76,255.2,178607.78,6545.09,509.09,1506.62,57.73,22.28,19.38,5.21,324.16,P001,EQ022
2025-09-19 12:40:00,1165.56,246.23,179157.54,6028.55,489.01,1569.24,52.72,22.19,21.46,4.66,280.26,P011,EQ029
2025-09-19 12:50:00,1167.1,217.67,173494.35,6547.77,485.46,1493.52,53.8,20.18,20.49,5.16,389.61,P009,EQ036
2025-09-19 13:00:00,1202.53,246.17,168991.22,6520.72,450.44,1480.07,53.56,20.54,21.63,4.57,292.9,P001,EQ043
2025-09-19 13:10:00,1171.11,270.07,174439.3,6329.15,567.41,1488.76,56.83,21.78,20.34,4.9,367.59,P009,EQ050
2025-09-19 13:20:00,1178.86,222.29,172706.66,6715.47,550.3,1532.0,46.7,22.3,21.37,4.89,327.37,P004,EQ001
2025-09-19 13:30:00,1216.4,258.89,175238.62,6882.71,455.05,1513.97,56.5,23.46,19.04,4.46,342.28,P011,EQ008
2025-09-19 13:40:00,1165.14,223.6,174222.16,6356.06,541.4,1529.92,55.35,22.01,20.26,5.04,255.41,P004,EQ015
2025-09-19 13:50:00,1214.81,260.73,170440.51,6424.62,516.05,1472.31,45.24,22.52,20.61,4.82,348.25,P003,EQ022
2025-09-19 14:00:00,1181.92,228.8,165238.36,6706.87,450.42,1498.92,47.99,21.73,20.72,5.12,263.03,P005,EQ029
2025-09-19 14:10:00,1201.32,225.64,179756.54,6236.67,472.0,1486.46,44.13,21.9,21.1,5.23,366.95,P006,EQ036
2025-09-19 14:20:00,1252.21,256.4,180798.49,6322.02,483.12,1509.81,44.94,21.85,18.43,4.98,350.45,P007,EQ043
2025-09-19 14:30:00,1198.69,243.57,176915.49,6329.74,464.55,1512.9,57.02,21.94,19.48,4.75,337.91,P009,EQ050
2025-09-19 14:40:00,1250.55,248.93,172120.84,6473.27,463.77,1503.26,62.17,22.18,19.87,4.83,252.3,P012,EQ001
2025-09-19 14:50:00,1242.78,250.24,167947.66,6400.49,523.31,1494.26,51.85,22.54,20.25,5.3,260.29,P002,EQ008
2025-09-19 15:00:00,1235.91,252.01,173871.44,6187.71,536.44,1504.44,54.81,22.31,18.05,5.22,332.44,P012,EQ015
2025-09-19 15:10:00,1202.55,230.17,179804.32,6486.27,482.56,1485.67,48.66,23.23,18.21,5.33,374.46,P015,EQ022
2025-09-19 15:20:00,1197.8,267.14,163967.62,6311.34,473.86,1516.59,45.8,22.48,20.61,4.8,337.44,P006,EQ029
2025-09-19 15:30:00,1186.18,250.37,170833.08,6584.94,542.8,1508.37,52.62,20.22,20.23,5.25,394.49,P005,EQ036
2025-09-19 15:40:00,1211.61,247.09,181683.56,6584.67,462.93,1509.98,54.83,23.27,20.81,5.28,283.94,P004,EQ043
2025-09-19 15:50:00,1230.8,246.18,175183.49,6361.43,506.02,1469.07,46.3,22.08,19.8,4.88,318.21,P007,EQ050
2025-09-19 16:00:00,1161.72,250.59,181792.43,6719.82,507.65,1491.93,48.82,23.12,21.11,5.48,336.24,P005,EQ001
2025-09-19 16:10:00,1227.5,267.4,178124.93,6648.22,511.28,1483.5,51.71,22.05,19.27,5.34,276.26,P009,EQ008
2025-09-19 16:20:00,1293.41,259.32,173609.25,6209.16,467.48,1486.97,52.48,23.87,19.1,5.19,265.97,P002,EQ015
2025-09-19 16:30:00,1166.06,247.81,174168.64,6584.21,504.45,1513.11,51.1,21.22,18.3,4.92,325.48,P006,EQ022
2025-09-19 16:40:00,1206.88,251.35,178121.42,6568.1,514.13,1514.32,63.46,20.87,17.31,5.04,392.05,P013,EQ029
2025-09-19 16:50:00,1194.37,265.85,163377.62,6287.84,421.97,1531.75,45.77,22.51,18.83,4.97,326.99,P005,EQ036
2025-09-19 17:00:00,1204.69,256.47,171164.61,6380.01,510.66,1509.19,51.24,20.61,20.57,5.06,381.42,P014,EQ043
2025-09-19 17:10:00,1200.02,257.9,178275.2,6400.52,465.61,1523.73,40.74,22.58,20.61,4.94,369.01,P005,EQ050
2025-09-19 17:20:00,1225.33,256.84,173627.55,6476.71,494.71,1545.16,51.78,21.51,21.34,4.53,354.13,P007,EQ001
2025-09-19 17:30:00,1211.35,250.43,173780.51,6534.26,485.71,1497.41,52.81,23.19,18.73,5.03,334.48,P013,EQ008
2025-09-19 17:40:00,1204.62,232.85,170013.01,6325.88,485.51,1508.89,52.39,22.27,19.32,5.17,286.49,P006,EQ015
2025-09-19 17:50:00,1148.01,241.25,177660.68,6367.63,509.4,1509.26,51.18,21.26,19.29,4.92,394.19,P008,EQ022
2025-09-19 18:00:00,1171.18,245.89,174395.66,6352.26,467.57,1505.34,49.55,22.28,21.79,4.8,352.24,P015,EQ029
2025-09-19 18:10:00,1245.88,226.03,177819.93,6522.67,481.72,1474.51,54.28,19.92,20.32,4.6,338.02,P001,EQ036
2025-09-19 18:20:00,1200.36,269.59,177109.29,6503.4,494.04,1546.04,52.4,20.02,18.5,4.8,322.3,P005,EQ043
2025-09-19 18:30:00,1226.78,225.94,177310.96,6239.33,494.03,1461.45,44.71,23.01,18.3,4.63,260.13,P011,EQ050
2025-09-19 18:40:00,1195.43,234.78,166799.23,6388.35,480.61,1551.06,50.37,22.4,21.4,5.28,368.3,P004,EQ001
2025-09-19 18:50:00,1185.53,249.29,181160.1,6193.88,482.66,1487.13,54.34,21.71,21.34,5.24,351.54,P004,EQ008
2025-09-19 19:00:00,1223.63,267.76,168742.47,6590.23,525.93,1500.24,54.6,22.23,21.65,5.0,370.02,P007,EQ015
2025-09-19 19:10:00,1214.31,223.76,179499.78,6373.9,484.26,1535.37,46.66,22.18,20.47,5.02,393.32,P009,EQ022
2025-09-19 19:20:00,1210.21,236.95,178367.83,6415.01,428.41,1507.93,52.56,22.73,21.34,4.94,330.35,P012,EQ029
2025-09-19 19:30:00,1208.33,234.01,174605.68,6641.01,544.27,1463.32,49.32,23.38,18.03,4.67,374.83,P004,EQ036
2025-09-19 19:40:00,1197.45,249.8,178523.11,6446.82,516.96,1508.95,49.74,18.31,19.84,5.19,293.09,P007,EQ043
2025-09-19 19:50:00,1147.19,221.86,183545.44,6662.97,518.08,1501.29,50.31,20.91,20.04,5.11,351.05,P014,EQ050
2025-09-19 20:00:00,1194.43,246.37,162873.06,6533.85,502.45,1530.37,51.13,22.05,19.0,4.94,301.3,P009,EQ001
2025-09-19 20:10:00,1184.84,263.33,178652.48,6598.78,476.36,1512.04,49.57,22.35,17.72,5.27,389.71,P008,EQ008
2025-09-19 20:20:00,1167.17,261.93,178487.75,6363.63,473.84,1480.07,46.05,21.91,19.99,5.11,297.08,P004,EQ015
2025-09-19 20:30:00,1243.32,251.65,173034.82,6553.21,567.47,1496.67,44.59,22.31,20.02,4.67,384.15,P005,EQ022
2025-09-19 20:40:00,1248.54,242.06,176004.19,6725.33,476.91,1492.26,51.09,22.64,20.27,4.99,277.42,P012,EQ029
2025-09-19 20:50:00,1185.69,248.74,179052.72,6357.02,454.73,1484.92,57.74,19.27,19.96,5.06,352.47,P015,EQ036
2025-09-19 21:00:00,1220.9,244.42,171734.94,6963.36,509.99,1483.23,45.44,21.41,20.1,5.22,278.53,P012,EQ043
2025-09-19 21:10:00,1186.61,239.15,170303.13,6419.2,491.73,1482.54,53.35,21.74,21.14,4.97,279.95,P012,EQ050
2025-09-19 21:20:00,1176.31,224.95,174316.34,6312.97,551.14,1477.41,50.19,21.14,19.55,4.63,286.31,P005,EQ001
2025-09-19 21:30:00,1217.9,269.05,178446.37,6482.54,488.99,1506.39,49.63,20.86,20.36,4.81,281.02,P004,EQ008
2025-09-19 21:40:00,1220.94,249.63,171129.35,6429.6,440.44,1519.43,49.16,23.16,19.61,4.32,375.24,P014,EQ015
2025-09-19 21:50:00,1216.51,273.43,170694.31,6431.61,441.54,1493.56,53.67,21.86,18.55,4.58,342.79,P003,EQ022
2025-09-19 22:00:00,1183.89,237.51,172891.58,6525.52,472.25,1441.44,53.86,21.8,20.16,5.15,366.84,P002,EQ029
2025-09-19 22:10:00,1206.35,216.65,165910.76,6798.79,474.09,1508.07,47.85,21.83,21.3,4.6,388.03,P011,EQ036
2025-09-19 22:20:00,1184.91,251.81,176863.81,6430.72,504.38,1503.36,47.84,20.74,18.22,4.55,393.37,P008,EQ043
2025-09-19 22:30:00,1183.85,258.49,173896.96,6629.51,461.42,1483.1,47.81,22.15,19.22,5.79,342.07,P013,EQ050
2025-09-19 22:40:00,1182.74,238.74,185170.94,6512.54,482.08,1491.4,47.0,21.04,20.24,4.88,378.56,P001,EQ001
2025-09-19 22:50:00,1170.91,246.17,181337.69,6424.21,515.43,1514.33,42.25,20.81,20.21,5.02,377.2,P006,EQ008
2025-09-19 23:00:00,1226.46,243.15,176478.78,6520.71,566.25,1524.36,53.12,20.65,20.0,4.87,343.1,P008,EQ015
2025-09-19 23:10:00,1194.56,255.2,180996.26,6613.63,508.19,1514.45,49.87,23.72,19.14,4.75,384.72,P015,EQ022
2025-09-19 23:20:00,1208.24,254.93,175184.65,6561.53,497.71,1476.09,48.16,21.46,20.9,4.65,384.55,P014,EQ029
2025-09-19 23:30:00,1172.25,263.8,182164.16,6595.57,563.1,1486.36,54.16,20.23,19.34,5.03,291.21,P003,EQ036
2025-09-19 23:40:00,1210.68,247.58,174664.72,6655.46,531.89,1521.22,55.26,21.61,19.02,4.7,397.66,P015,EQ043
2025-09-19 23:50:00,1144.94,266.82,172158.11,6632.59,464.25,1513.3,51.35,22.28,21.26,4.98,326.67,P007,EQ050
2025-09-20 00:00:00,1204.47,247.87,175471.26,6580.35,495.69,1480.07,48.67,23.11,21.3,5.16,283.31,P010,EQ001
2025-09-20 00:10:00,1221.06,248.31,178188.09,6523.54,498.89,1509.92,45.25,21.02,19.43,5.09,269.24,P009,EQ008
2025-09-20 00:20:00,1235.15,239.31,183873.9,6656.57,495.23,1501.39,50.14,22.71,19.67,4.95,369.89,P008,EQ015
2025-09-20 00:30:00,1180.56,245.31,176960.57,6665.8,508.85,1476.01,55.34,21.06,19.1,5.19,390.95,P001,EQ022
2025-09-20 00:40:00,1223.57,258.76,170554.01,6366.47,496.34,1538.59,41.19,21.2,20.33,5.17,325.37,P007,EQ029
2025-09-20 00:50:00,1216.46,269.02,175281.62,6345.86,490.21,1485.22,58.73,21.57,19.98,4.68,379.06,P013,EQ036
2025-09-20 01:00:00,1189.19,232.05,164870.21,6481.41,508.79,1494.76,50.73,21.31,20.74,5.07,276.22,P002,EQ043
2025-09-20 01:10:00,1171.29,238.87,172478.7,6712.67,523.26,1509.2,48.03,20.72,19.17,4.61,354.74,P008,EQ050
2025-09-20 01:20:00,1208.63,217.38,174041.04,6385.38,465.98,1502.65,47.63,21.61,19.72,5.11,297.35,P001,EQ001
2025-09-20 01:30:00,1227.4,269.35,174487.04,6697.85,501.67,1512.09,41.11,23.09,20.98,4.94,251.77,P004,EQ008
2025-09-20 01:40:00,1216.67,251.19,173118.01,6650.07,496.6,1499.49,46.7,21.36,19.05,4.74,306.91,P002,EQ015
2025-09-20 01:50:00,1148.71,251.66,172638.31,5978.41,505.72,1487.37,56.65,19.6,20.52,4.79,298.82,P010,EQ022
2025-09-20 02:00:00,1178.01,265.91,173257.09,6411.85,495.52,1484.44,51.57,22.19,18.66,4.21,379.28,P003,EQ029
2025-09-20 02:10:00,1232.22,246.2,176207.33,6740.17,516.74,1515.05,55.38,21.71,19.58,5.06,332.28,P004,EQ036
2025-09-20 02:20:00,1174.77,264.35,174634.7,6382.66,513.97,1534.45,45.44,21.75,20.25,4.98,290.41,P010,EQ043
2025-09-20 02:30:00,1244.03,242.5,172341.16,6443.23,499.26,1528.49,53.59,22.86,21.85,4.86,301.46,P003,EQ050
2025-09-20 02:40:00,1206.9,256.39,180777.5,6303.81,479.99,1498.17,52.55,22.95,19.41,4.17,324.82,P004,EQ001
2025-09-20 02:50:00,1201.95,237.61,173143.7,6603.65,496.61,1500.4,42.85,20.7,19.48,4.95,312.86,P013,EQ008
2025-09-20 03:00:00,1144.56,255.29,181860.23,6627.77,522.12,1523.29,40.54,22.89,19.39,4.81,305.85,P014,EQ015
2025-09-20 03:10:00,1226.83,270.29,172904.78,6658.92,497.62,1496.36,60.02,21.44,20.48,5.03,310.09,P008,EQ022
2025-09-20 03:20:00,1187.69,267.59,174902.11,6605.0,483.31,1505.3,49.7,21.85,17.1,5.49,276.98,P003,EQ029
2025-09-20 03:30:00,1214.76,258.33,183037.33,6578.87,497.78,1499.73,56.14,21.16,19.16,4.44,396.89,P011,EQ036
2025-09-20 03:40:00,1187.29,242.34,166262.89,6597.03,424.77,1474.72,50.3,21.45,20.24,4.98,284.29,P002,EQ043
2025-09-20 03:50:00,1152.28,231.21,174109.42,6363.17,443.21,1520.19,45.59,22.44,18.5,4.83,358.12,P013,EQ050
2025-09-20 04:00:00,1192.24,260.66,177406.34,6380.82,495.93,1515.02,54.65,21.65,19.28,5.09,285.37,P007,EQ001
2025-09-20 04:10:00,1192.7,250.83,171036.69,6452.21,496.27,1474.77,56.54,22.95,20.85,5.17,378.45,P004,EQ008
2025-09-20 04:20:00,1245.16,278.26,176472.52,6393.08,515.8,1500.24,53.88,22.53,19.92,5.05,271.88,P012,EQ015
2025-09-20 04:30:00,1158.1,232.7,164639.54,6133.37,458.06,1516.37,50.36,21.49,20.81,4.6,272.43,P013,EQ022
2025-09-20 04:40:00,1167.69,266.67,174115.35,6399.1,510.2,1475.56,55.65,22.35,17.25,4.74,251.46,P007,EQ029
2025-09-20 04:50:00,1174.48,232.91,176059.99,6948.89,495.39,1450.35,52.53,21.31,20.62,4.99,324.94,P015,EQ036
2025-09-20 05:00:00,1167.55,275.61,176513.52,6680.43,501.73,1491.55,57.44,21.12,20.36,4.76,377.41,P009,EQ043
2025-09-20 05:10:00,1177.66,223.82,167406.59,6571.9,482.26,1495.98,52.01,22.1,18.84,5.12,330.1,P006,EQ050
2025-09-20 05:20:00,1221.96,251.3,174617.39,7015.12,511.97,1476.62,50.17,21.89,20.07,4.66,367.8,P005,EQ001
2025-09-20 05:30:00,1216.54,236.36,177964.91,6129.24,476.43,1540.05,56.75,24.78,20.47,5.74,287.65,P014,EQ008
2025-09-20 05:40:00,1178.2,270.28,172739.15,6811.15,484.4,1492.81,45.92,23.58,19.0,4.87,335.18,P007,EQ015
2025-09-20 05:50:00,1161.82,256.88,177136.57,6490.59,477.78,1468.2,58.92,21.88,20.26,5.46,264.85,P003,EQ022
2025-09-20 06:00:00,1201.82,233.18,180316.18,6461.6,499.96,1534.14,49.12,21.61,19.03,5.24,259.01,P014,EQ029
2025-09-20 06:10:00,1257.81,246.15,181368.87,6448.04,507.19,1497.03,50.42,19.95,18.61,4.35,288.14,P014,EQ036
2025-09-20 06:20:00,1221.66,273.6,177362.14,6799.86,475.92,1489.07,56.0,22.06,19.85,5.32,344.48,P008,EQ043
2025-09-20 06:30:00,1199.83,242.09,168441.65,6487.48,458.63,1497.18,51.08,23.51,20.71,4.88,361.69,P005,EQ050
2025-09-20 06:40:00,1240.31,235.83,174883.04,6176.15,454.77,1485.29,39.71,22.27,20.29,4.87,304.14,P009,EQ001
2025-09-20 06:50:00,1251.56,270.03,172634.65,6676.38,550.02,1510.52,52.01,21.44,19.26,4.55,333.62,P013,EQ008
2025-09-20 07:00:00,1233.23,234.77,177074.3,6424.52,471.44,1521.46,59.31,21.31,18.8,4.97,288.66,P001,EQ015
2025-09-20 07:10:00,1240.84,265.82,174811.53,6646.14,473.19,1490.84,50.36,23.58,20.1,4.98,311.76,P006,EQ022
2025-09-20 07:20:00,1222.07,250.28,169103.23,6355.69,557.95,1495.17,56.81,21.49,19.76,5.23,380.11,P010,EQ029
2025-09-20 07:30:00,1137.31,257.51,169563.18,6159.93,494.69,1509.0,55.34,21.75,18.36,4.72,279.84,P010,EQ036
2025-09-20 07:40:00,1199.37,241.91,167736.13,6147.66,495.27,1514.19,51.1,20.13,20.48,4.99,347.48,P009,EQ043
2025-09-20 07:50:00,1145.41,272.29,174610.96,6349.28,440.92,1478.43,51.74,23.33,19.33,5.37,276.18,P013,EQ050
2025-09-20 08:00:00,1190.49,231.16,183621.78,6622.18,488.87,1475.01,44.64,22.51,19.53,5.33,292.69,P006,EQ001
2025-09-20 08:10:00,1207.57,272.07,171438.23,6759.67,503.4,1492.61,45.74,22.12,21.37,4.18,350.98,P008,EQ008
2025-09-20 08:20:00,1184.65,234.41,178302.81,6461.84,543.58,1499.28,56.22,22.88,17.55,5.16,366.21,P008,EQ015
2025-09-20 08:30:00,1256.19,268.82,172860.97,6400.68,476.41,1476.03,55.95,22.02,20.27,5.39,383.44,P007,EQ022
2025-09-20 08:40:00,1211.83,258.0,173947.64,6328.93,564.74,1503.71,44.41,22.72,18.67,5.63,342.05,P008,EQ029
2025-09-20 08:50:00,1174.53,272.16,174510.09,6358.84,507.21,1449.08,56.86,21.35,19.48,5.12,344.76,P003,EQ036
2025-09-20 09:00:00,1174.85,253.35,172864.2,6342.33,530.75,1518.98,53.74,23.12,20.52,5.05,380.24,P011,EQ043
2025-09-20 09:10:00,1216.44,258.53,170857.88,6513.25,507.03,1482.74,53.65,22.16,19.4,5.22,371.16,P006,EQ050
2025-09-20 09:20:00,1170.06,208.53,188680.44,6647.49,530.05,1504.71,48.08,22.07,19.25,5.13,313.27,P010,EQ001
2025-09-20 09:30:00,1249.13,239.74,166744.89,6360.54,504.43,1490.75,53.39,23.07,20.01,5.44,335.75,P014,EQ008
2025-09-20 09:40:00,1235.48,261.77,166961.31,6545.54,512.83,1462.49,47.57,22.96,18.2,5.37,386.06,P002,EQ015
2025-09-20 09:50:00,1208.33,257.45,182169.89,6460.88,476.42,1476.48,47.24,22.63,18.65,5.22,274.3,P004,EQ022
2025-09-20 10:00:00,1200.03,251.4,174798.73,6691.99,510.27,1483.1,48.71,22.45,18.69,5.26,297.02,P011,EQ029
2025-09-20 10:10:00,1168.18,257.65,168798.04,6519.86,508.32,1483.63,50.98,21.3,20.67,5.23,293.7,P005,EQ036
2025-09-20 10:20:00,1239.18,248.29,171849.62,6407.71,503.59,1495.19,42.36,21.81,20.46,4.73,340.81,P007,EQ043
2025-09-20 10:30:00,1168.42,265.39,176172.72,6399.69,561.02,1489.53,47.06,21.76,19.78,4.84,290.69,P008,EQ050
2025-09-20 10:40:00,1173.27,244.29,174433.92,6537.13,541.0,1520.98,56.99,22.33,20.19,4.97,367.15,P006,EQ001
2025-09-20 10:50:00,1186.54,213.09,173658.17,6389.18,537.32,1509.1,51.1,22.83,21.05,5.07,362.18,P009,EQ008
2025-09-20 11:00:00,1182.28,251.37,177386.18,6583.62,538.82,1512.96,46.71,20.46,20.55,4.64,394.83,P007,EQ015
2025-09-20 11:10:00,1162.13,228.47,174827.78,6383.09,545.95,1483.13,48.11,21.69,20.42,4.83,275.1,P014,EQ022
2025-09-20 11:20:00,1182.44,251.09,176283.88,6471.62,536.08,1508.77,54.47,21.21,19.38,4.73,253.47,P012,EQ029
2025-09-20 11:30:00,1193.87,266.22,178869.49,6554.78,467.56,1491.49,39.87,21.46,20.51,4.39,285.19,P005,EQ036
2025-09-20 11:40:00,1209.82,247.82,176021.73,6610.28,469.78,1468.15,49.98,21.77,22.98,5.49,391.07,P012,EQ043
2025-09-20 11:50:00,1165.35,259.33,178919.84,6554.25,472.99,1510.5,45.58,21.98,19.95,4.76,362.46,P004,EQ050
2025-09-20 12:00:00,1151.44,265.76,168341.98,6653.12,531.4,1502.57,51.9,21.31,20.79,5.35,275.04,P002,EQ001
2025-09-20 12:10:00,1299.32,221.39,177465.02,6699.31,467.86,1506.51,49.98,23.17,20.65,4.87,264.33,P015,EQ008
2025-09-20 12:20:00,1148.94,259.83,173745.27,6348.54,486.02,1520.45,50.26,21.67,19.49,5.07,381.8,P009,EQ015
2025-09-20 12:30:00,1173.47,238.33,164198.92,6629.18,483.3,1496.71,41.18,21.75,21.17,5.4,258.07,P013,EQ022
2025-09-20 12:40:00,1218.37,262.1,173509.44,6192.15,500.86,1484.59,49.76,22.02,20.39,5.33,309.55,P013,EQ029
2025-09-20 12:50:00,1156.36,221.69,179840.5,6541.08,492.33,1475.51,53.34,22.04,19.05,4.28,399.4,P002,EQ036
2025-09-20 13:00:00,1179.14,257.44,165057.43,6570.83,522.42,1475.81,54.07,23.04,20.19,5.14,289.37,P003,EQ043
2025-09-20 13:10:00,1223.3,272.58,174499.3,6754.3,445.02,1543.76,48.14,21.3,20.93,4.55,262.65,P015,EQ050
2025-09-20 13:20:00,1235.18,260.36,181308.93,6463.44,499.56,1503.98,39.25,22.85,20.04,5.01,382.82,P005,EQ001
2025-09-20 13:30:00,1152.06,247.82,166779.99,6737.67,514.65,1507.36,42.83,22.19,19.95,4.9,284.4,P012,EQ008
2025-09-20 13:40:00,1204.83,245.4,175786.87,6707.92,472.32,1494.26,45.43,22.34,19.55,4.59,292.63,P011,EQ015
2025-09-20 13:50:00,1196.61,256.02,187776.87,6679.33,557.49,1524.86,49.86,21.99,19.86,4.91,268.96,P009,EQ022
2025-09-20 14:00:00,1230.01,261.81,169785.64,6745.39,509.39,1500.47,47.61,22.67,18.5,5.08,375.78,P001,EQ029
2025-09-20 14:10:00,1219.63,245.4,173724.39,6386.66,579.05,1529.8,55.06,23.9,17.87,5.12,255.27,P006,EQ036
2025-09-20 14:20:00,1208.56,233.56,170537.23,6259.35,466.23,1467.34,48.18,22.63,19.28,4.85,379.06,P006,EQ043
2025-09-20 14:30:00,1259.74,216.99,174955.85,6346.76,501.75,1481.59,44.4,23.01,18.77,4.67,379.64,P008,EQ050
2025-09-20 14:40:00,1191.19,242.12,174005.9,6699.71,539.5,1522.64,51.0,22.81,21.64,4.81,396.25,P009,EQ001
2025-09-20 14:50:00,1207.84,244.66,177584.78,6422.95,449.48,1508.97,47.25,21.53,19.01,5.11,390.23,P009,EQ008
2025-09-20 15:00:00,1200.49,225.33,176023.43,6198.04,464.96,1508.03,49.56,19.85,20.01,4.97,316.73,P012,EQ015
2025-09-20 15:10:00,1172.97,247.4,175958.81,6138.49,460.88,1507.08,54.55,22.27,19.52,5.46,330.89,P010,EQ022
2025-09-20 15:20:00,1187.9,249.38,174014.36,6772.47,479.42,1498.66,51.92,21.18,19.34,5.14,339.64,P011,EQ029
2025-09-20 15:30:00,1227.0,253.93,174845.42,6679.12,463.85,1489.58,47.07,22.25,19.48,5.16,362.34,P015,EQ036
2025-09-20 15:40:00,1219.78,262.81,173100.06,6450.99,534.21,1520.51,57.28,22.54,18.93,5.33,334.6,P009,EQ043
2025-09-20 15:50:00,1233.47,257.98,170557.32,6612.22,461.98,1498.14,54.4,21.97,20.1,5.18,345.97,P009,EQ050
2025-09-20 16:00:00,1202.55,278.06,169988.61,6623.62,513.91,1535.78,42.62,22.44,19.1,4.63,296.45,P006,EQ001
2025-09-20 16:10:00,1202.31,248.44,175610.89,6084.96,535.53,1531.67,49.57,22.92,21.15,4.93,322.25,P004,EQ008
2025-09-20 16:20:00,1203.6,249.19,177498.02,6365.27,525.72,1466.99,39.67,21.78,18.24,5.05,370.71,P008,EQ015
2025-09-20 16:30:00,1231.46,232.04,176153.37,6556.42,501.33,1483.75,53.78,21.86,19.89,4.76,296.18,P007,EQ022
2025-09-20 16:40:00,1198.99,251.4,176723.91,6634.3,486.5,1502.57,47.97,19.8,18.79,4.2,288.97,P005,EQ029
2025-09-20 16:50:00,1208.94,245.78,169995.92,6594.53,462.86,1500.15,51.65,21.14,21.17,5.45,251.58,P009,EQ036
2025-09-20 17:00:00,1213.71,264.79,179945.49,6425.59,531.73,1488.28,45.1,21.09,18.93,4.91,372.31,P014,EQ043
2025-09-20 17:10:00,1175.43,252.29,173152.21,6635.67,476.06,1504.97,53.66,22.34,21.03,5.27,270.45,P005,EQ050
2025-09-20 17:20:00,1247.98,249.26,168305.5,6350.05,522.37,1563.03,56.65,21.24,21.04,4.93,320.38,P001,EQ001
2025-09-20 17:30:00,1190.92,237.29,189829.4,6466.59,480.1,1492.55,54.78,21.27,20.57,5.03,353.17,P008,EQ008
2025-09-20 17:40:00,1185.13,290.64,174054.39,6662.76,475.07,1487.27,51.11,21.1,21.53,5.43,392.04,P008,EQ015
2025-09-20 17:50:00,1230.58,248.18,175889.21,6397.83,545.62,1533.34,51.21,21.74,21.05,4.88,294.94,P013,EQ022
2025-09-20 18:00:00,1185.08,238.68,174981.91,6549.57,491.21,1513.3,48.08,22.37,20.97,5.31,314.57,P005,EQ029
2025-09-20 18:10:00,1193.07,260.78,176234.56,6709.63,475.3,1467.58,56.79,21.18,20.31,4.94,339.55,P013,EQ036
2025-09-20 18:20:00,1162.81,261.18,173820.18,6715.78,521.99,1485.22,55.78,20.63,21.11,5.26,251.08,P006,EQ043
2025-09-20 18:30:00,1211.64,272.49,165317.89,6520.6,467.52,1491.8,50.08,21.69,19.68,5.07,278.29,P015,EQ050
2025-09-20 18:40:00,1191.73,238.06,170709.32,6333.51,470.94,1498.34,47.31,22.71,20.2,4.89,334.08,P007,EQ001
2025-09-20 18:50:00,1216.32,246.17,179612.17,6260.66,507.37,1509.8,60.27,21.16,18.77,4.95,287.48,P012,EQ008
2025-09-20 19:00:00,1192.03,251.79,183454.25,6328.57,477.43,1486.99,56.03,21.36,20.04,4.81,360.57,P007,EQ015
2025-09-20 19:10:00,1182.51,249.92,172826.66,6269.15,485.84,1540.38,49.29,22.27,20.62,5.1,374.26,P004,EQ022
2025-09-20 19:20:00,1174.85,225.51,165277.46,6399.12,448.43,1508.76,50.09,21.39,19.94,4.33,289.45,P007,EQ029
2025-09-20 19:30:00,1208.33,265.42,171058.81,6645.02,485.91,1533.93,57.51,21.29,19.48,4.95,343.8,P009,EQ036
2025-09-20 19:40:00,1243.92,242.05,175557.64,6373.58,520.66,1517.53,49.12,22.17,20.0,5.03,364.68,P015,EQ043
2025-09-20 19:50:00,1234.44,249.34,166254.26,6358.85,488.68,1503.12,49.79,20.98,19.64,4.81,341.98,P012,EQ050
2025-09-20 20:00:00,1207.52,271.04,169219.62,6831.38,503.18,1450.06,48.38,20.9,19.42,5.26,352.7,P005,EQ001
2025-09-20 20:10:00,1215.28,270.36,181165.2,6197.2,458.74,1508.38,50.18,21.66,19.56,5.24,347.27,P009,EQ008
2025-09-20 20:20:00,1175.36,265.59,177355.65,6967.17,503.44,1486.07,43.87,20.59,20.44,5.24,371.32,P007,EQ015
2025-09-20 20:30:00,1229.1,242.53,178675.34,6408.76,511.93,1513.11,51.11,19.35,19.56,5.24,278.2,P002,EQ022
2025-09-20 20:40:00,1230.52,240.08,173855.33,6192.89,506.68,1525.92,39.43,22.69,19.73,5.02,277.36,P005,EQ029
2025-09-20 20:50:00,1224.66,259.47,181106.44,6455.1,527.17,1494.66,43.84,21.28,20.66,4.77,266.55,P008,EQ036
2025-09-20 21:00:00,1186.6,241.37,168192.79,6722.46,520.58,1486.06,62.86,22.16,19.73,5.44,342.66,P005,EQ043
2025-09-20 21:10:00,1239.78,235.12,167481.77,6638.67,512.56,1530.41,48.64,21.73,19.7,4.77,355.07,P008,EQ050
2025-09-20 21:20:00,1177.62,241.62,167534.77,6566.26,543.29,1505.32,47.37,22.28,19.66,4.79,278.17,P001,EQ001
2025-09-20 21:30:00,1177.91,276.53,173220.36,6354.72,512.92,1513.51,48.9,22.02,19.17,4.91,272.82,P009,EQ008
2025-09-20 21:40:00,1214.68,252.86,174295.38,6359.87,537.75,1492.73,52.46,22.09,19.79,4.65,253.32,P002,EQ015
2025-09-20 21:50:00,1242.55,263.71,177203.14,6611.83,476.61,1519.88,59.94,22.69,16.6,4.68,292.32,P003,EQ022
2025-09-20 22:00:00,1243.61,255.34,179507.48,6437.19,506.53,1521.67,51.74,21.43,19.83,5.04,357.28,P012,EQ029
2025-09-20 22:10:00,1178.45,237.64,179311.63,6794.58,523.72,1507.55,44.98,22.93,19.49,4.76,251.23,P002,EQ036
2025-09-20 22:20:00,1187.02,231.3,178742.57,6388.3,461.13,1500.87,46.32,21.38,18.58,5.47,272.6,P008,EQ043
2025-09-20 22:30:00,1180.5,269.38,173131.68,6316.89,460.9,1489.08,46.04,22.3,18.61,5.47,282.58,P007,EQ050
2025-09-20 22:40:00,1234.26,222.95,168481.66,6398.37,542.89,1489.11,56.66,23.44,20.44,4.9,296.74,P013,EQ001
2025-09-20 22:50:00,1265.43,235.36,181784.12,6287.37,478.37,1481.35,50.31,21.61,19.74,4.89,324.76,P006,EQ008
2025-09-20 23:00:00,1238.56,258.65,176675.67,6654.82,529.18,1487.25,48.92,21.15,20.63,5.07,319.55,P013,EQ015
2025-09-20 23:10:00,1210.89,228.5,170131.74,6532.62,483.25,1489.12,51.76,23.15,20.09,4.84,254.76,P002,EQ022
2025-09-20 23:20:00,1218.48,247.07,173992.28,6199.44,502.43,1532.03,52.55,22.33,22.05,4.97,376.53,P003,EQ029
2025-09-20 23:30:00,1189.09,273.89,176557.28,6618.32,503.14,1485.56,44.51,20.6,20.75,5.03,258.41,P013,EQ036
2025-09-20 23:40:00,1221.35,271.29,179747.21,6113.87,463.51,1528.77,52.91,22.98,19.47,5.35,308.86,P009,EQ043
2025-09-20 23:50:00,1193.54,238.22,177807.24,6250.47,499.71,1510.83,53.11,21.61,20.48,5.21,320.52,P004,EQ050
2025-09-21 00:00:00,1238.06,250.98,164679.28,6221.92,504.01,1486.76,45.83,24.43,20.77,4.97,384.35,P005,EQ001
2025-09-21 00:10:00,1171.32,249.79,178154.8,6558.09,504.51,1472.21,46.23,20.03,19.07,5.14,372.59,P014,EQ008
2025-09-21 00:20:00,1208.73,260.2,176048.39,6409.98,505.11,1503.06,51.08,22.37,19.77,4.81,251.89,P013,EQ015
2025-09-21 00:30:00,1218.48,255.35,180601.68,6646.72,497.3,1504.97,40.95,20.34,21.19,5.12,357.2,P007,EQ022
2025-09-21 00:40:00,1188.73,248.99,171246.16,6641.28,506.43,1489.09,54.83,22.87,19.1,4.46,365.68,P008,EQ029
2025-09-21 00:50:00,1216.91,251.95,173438.86,6385.22,469.92,1516.05,51.38,21.38,19.46,5.06,287.07,P001,EQ036
2025-09-21 01:00:00,1204.03,219.12,170929.5,6335.05,580.86,1497.19,48.15,20.5,21.04,5.15,279.88,P012,EQ043
2025-09-21 01:10:00,1243.67,251.56,171082.8,6098.5,512.42,1505.42,41.53,21.93,19.78,5.26,365.65,P009,EQ050
2025-09-21 01:20:00,1209.79,244.57,173482.74,6156.38,562.04,1506.0,50.08,24.47,19.92,5.29,349.9,P004,EQ001
2025-09-21 01:30:00,1234.44,253.04,174768.05,6741.88,503.45,1481.75,52.7,20.96,19.11,5.38,320.92,P011,EQ008
2025-09-21 01:40:00,1162.65,273.13,171536.98,6536.28,523.02,1470.12,51.28,22.97,20.75,4.62,394.18,P015,EQ015
2025-09-21 01:50:00,1234.38,245.55,181437.5,6634.95,529.82,1473.62,50.52,21.14,21.28,4.68,298.46,P011,EQ022
2025-09-21 02:00:00,1278.98,244.14,183094.83,6403.95,473.76,1491.32,50.24,21.65,19.1,5.2,359.24,P012,EQ029
2025-09-21 02:10:00,1240.12,251.73,172860.73,6934.68,551.15,1460.16,44.56,22.82,20.35,4.88,390.61,P009,EQ036
2025-09-21 02:20:00,1202.1,239.53,173817.1,6511.77,535.3,1519.0,49.34,21.98,21.15,5.06,268.32,P008,EQ043
2025-09-21 02:30:00,1220.53,243.76,179984.59,6562.79,500.05,1513.96,50.27,22.24,20.02,4.73,345.78,P004,EQ050
2025-09-21 02:40:00,1165.96,246.25,173302.31,6801.01,486.78,1476.23,44.81,20.99,20.04,5.27,304.06,P001,EQ001
2025-09-21 02:50:00,1193.58,221.43,172234.05,6504.95,515.76,1485.71,42.58,21.6,19.5,4.65,379.55,P004,EQ008
2025-09-21 03:00:00,1187.43,260.24,170907.38,6869.57,512.29,1533.26,59.79,20.46,20.51,4.24,395.99,P004,EQ015
2025-09-21 03:10:00,1231.75,241.19,179239.91,6787.16,466.21,1510.88,55.29,21.32,19.0,5.02,344.94,P006,EQ022
2025-09-21 03:20:00,1160.66,241.84,177266.4,6617.44,523.05,1501.65,50.35,22.76,19.43,5.2,252.26,P013,EQ029
2025-09-21 03:30:00,1152.69,262.79,166863.9,6464.57,522.12,1494.56,45.46,22.72,20.24,5.04,291.42,P002,EQ036
2025-09-21 03:40:00,1204.57,266.43,173288.55,6600.45,471.67,1507.17,53.4,22.65,19.62,5.34,309.37,P004,EQ043
2025-09-21 03:50:00,1239.81,266.66,174960.86,6581.38,465.09,1509.31,47.88,20.48,19.39,4.39,251.34,P001,EQ050
2025-09-21 04:00:00,1233.51,258.23,178152.79,6615.86,551.64,1480.34,51.43,21.72,19.4,4.98,337.16,P012,EQ001
2025-09-21 04:10:00,1199.94,246.83,172733.92,6658.11,480.03,1485.72,47.72,22.62,19.94,4.65,321.29,P010,EQ008
2025-09-21 04:20:00,1200.72,267.82,174664.65,6888.86,510.45,1461.97,50.64,23.09,21.81,4.96,273.25,P013,EQ015
2025-09-21 04:30:00,1219.57,279.12,171856.64,6246.74,463.16,1556.99,52.69,21.24,19.11,5.17,263.42,P003,EQ022
2025-09-21 04:40:00,1293.67,252.61,176310.18,6429.02,541.4,1492.03,53.8,22.89,20.42,5.17,324.99,P011,EQ029
2025-09-21 04:50:00,1146.73,246.18,171121.33,6528.01,509.64,1506.49,58.11,19.97,18.09,5.21,342.8,P015,EQ036
2025-09-21 05:00:00,1214.1,275.88,175547.6,6690.22,502.28,1493.42,41.67,21.07,19.86,4.95,395.45,P013,EQ043
2025-09-21 05:10:00,1204.89,240.47,182800.14,6558.25,472.58,1490.89,54.13,21.54,19.63,4.97,343.77,P001,EQ050
2025-09-21 05:20:00,1160.78,262.13,174363.2,6920.83,500.88,1496.1,49.04,23.21,19.99,5.24,303.33,P003,EQ001
2025-09-21 05:30:00,1252.91,222.39,175506.17,6451.51,493.31,1488.52,43.52,22.11,19.69,4.62,355.2,P013,EQ008
2025-09-21 05:40:00,1211.01,244.58,177522.04,6251.16,484.89,1512.92,49.96,20.94,19.74,5.14,266.11,P008,EQ015
2025-09-21 05:50:00,1242.57,262.51,171839.97,6136.79,491.03,1482.29,44.79,22.45,20.06,5.03,284.9,P009,EQ022
2025-09-21 06:00:00,1230.97,251.17,184492.07,6321.97,536.4,1479.39,64.35,23.28,20.24,5.25,368.28,P013,EQ029
2025-09-21 06:10:00,1154.03,237.37,173570.56,6334.3,510.46,1515.87,53.79,22.69,20.17,5.21,302.1,P015,EQ036
2025-09-21 06:20:00,1212.69,260.33,174241.85,6228.71,490.99,1470.12,49.38,21.72,20.14,5.03,315.81,P004,EQ043
2025-09-21 06:30:00,1132.0,237.47,180563.52,6723.8,490.74,1528.56,38.32,22.78,19.94,4.78,253.2,P007,EQ050
2025-09-21 06:40:00,1237.86,226.05,177088.94,6033.13,492.2,1515.42,46.91,20.14,20.72,5.42,303.73,P003,EQ001
2025-09-21 06:50:00,1158.98,226.11,175237.28,6816.15,507.88,1465.21,58.0,20.62,20.21,5.2,287.6,P001,EQ008
2025-09-21 07:00:00,1218.09,266.21,170356.29,6533.17,471.08,1513.04,52.58,21.98,20.58,5.65,322.8,P008,EQ015
2025-09-21 07:10:00,1177.11,256.81,174173.52,6718.32,496.73,1491.29,55.24,22.6,21.11,5.35,333.85,P009,EQ022
2025-09-21 07:20:00,1256.76,247.25,183412.22,6119.8,543.56,1492.5,43.34,21.82,21.43,5.21,354.56,P004,EQ029
2025-09-21 07:30:00,1248.39,250.31,185876.46,6912.79,518.58,1511.52,46.88,22.45,19.9,4.88,335.01,P009,EQ036
2025-09-21 07:40:00,1231.62,261.96,173236.61,6497.86,474.73,1491.21,47.33,23.53,19.28,5.64,302.15,P012,EQ043
2025-09-21 07:50:00,1211.25,273.67,175740.79,6260.82,458.29,1491.61,45.93,23.35,20.26,6.43,320.26,P014,EQ050
2025-09-21 08:00:00,1161.25,215.22,166108.81,6360.3,495.42,1478.06,56.01,22.45,21.08,4.72,374.7,P015,EQ001
2025-09-21 08:10:00,1190.04,257.78,177653.5,6451.21,500.29,1467.77,48.82,21.92,21.65,4.9,379.08,P003,EQ008
2025-09-21 08:20:00,1167.52,260.86,169069.99,6358.6,484.41,1482.21,56.19,22.15,18.98,5.37,260.33,P003,EQ015
2025-09-21 08:30:00,1227.26,295.07,178432.2,6246.3,493.04,1505.54,47.03,23.58,19.74,4.86,317.41,P014,EQ022
2025-09-21 08:40:00,1237.04,265.01,176542.84,6386.24,533.89,1499.01,54.1,20.55,20.11,4.95,289.5,P006,EQ029
2025-09-21 08:50:00,1221.58,253.26,173243.69,6491.04,466.06,1475.44,43.15,22.79,20.14,4.5,318.11,P013,EQ036
2025-09-21 09:00:00,1219.87,246.01,183742.1,6581.83,512.95,1469.91,40.53,21.1,19.21,4.98,345.7,P007,EQ043
2025-09-21 09:10:00,1197.68,258.61,173197.34,6298.75,493.57,1475.42,57.72,20.25,20.46,5.28,360.05,P015,EQ050
2025-09-21 09:20:00,1231.71,256.19,172737.92,6888.74,511.43,1481.46,45.07,22.38,18.81,5.28,252.81,P014,EQ001
2025-09-21 09:30:00,1234.23,260.83,176246.96,6578.77,523.87,1499.79,45.41,22.14,21.15,4.58,304.61,P010,EQ008
2025-09-21 09:40:00,1209.35,262.69,176914.32,6584.02,531.93,1549.97,37.64,23.86,20.11,5.21,285.82,P012,EQ015
2025-09-21 09:50:00,1216.76,237.69,178669.32,6454.38,532.32,1540.29,53.39,21.79,22.19,5.04,259.5,P009,EQ022
2025-09-21 10:00:00,1206.3,193.93,166612.57,6582.9,497.48,1533.78,49.6,21.29,21.03,5.19,372.86,P004,EQ029
2025-09-21 10:10:00,1210.29,256.77,166937.64,6572.12,489.52,1507.62,49.13,21.35,20.08,4.61,328.61,P008,EQ036
2025-09-21 10:20:00,1210.66,249.44,177877.9,6134.44,522.05,1486.15,54.55,21.53,20.6,4.92,364.86,P003,EQ043
2025-09-21 10:30:00,1178.3,250.51,177630.91,6495.31,472.5,1496.17,43.02,23.01,20.09,4.78,341.96,P006,EQ050
2025-09-21 10:40:00,1233.65,270.29,177152.93,6388.78,491.17,1488.59,50.02,21.32,21.78,5.12,311.47,P006,EQ001
2025-09-21 10:50:00,1188.64,222.6,174173.39,6185.11,535.48,1508.21,47.6,21.72,20.62,5.68,266.57,P009,EQ008
2025-09-21 11:00:00,1248.33,255.25,178308.81,6509.28,505.35,1533.68,47.1,20.71,18.23,4.87,348.83,P001,EQ015
2025-09-21 11:10:00,1205.98,261.81,168148.82,6702.75,524.62,1509.36,43.73,22.1,20.7,4.89,375.28,P003,EQ022
2025-09-21 11:20:00,1202.67,256.79,167210.91,6453.13,464.83,1476.17,49.05,21.55,21.24,4.88,276.8,P001,EQ029
2025-09-21 11:30:00,1195.87,251.8,181958.25,6459.93,483.59,1536.98,47.37,22.67,20.27,4.85,280.31,P008,EQ036
2025-09-21 11:40:00,1170.08,266.41,171561.07,6465.25,487.26,1491.95,48.92,22.86,19.68,4.59,278.74,P001,EQ043
2025-09-21 11:50:00,1158.76,256.66,181780.77,6484.32,471.81,1497.34,52.28,23.54,22.09,5.69,335.65,P014,EQ050
2025-09-21 12:00:00,1212.33,276.32,181605.5,6564.34,469.0,1482.1,56.44,21.22,19.3,4.98,308.29,P008,EQ001
2025-09-21 12:10:00,1211.13,272.38,177971.59,6517.19,475.86,1489.23,43.48,21.26,21.74,4.88,328.87,P012,EQ008
2025-09-21 12:20:00,1208.32,227.71,174631.38,6396.47,532.02,1501.57,55.84,20.86,18.59,4.94,338.55,P001,EQ015
2025-09-21 12:30:00,1203.33,234.85,160281.62,6660.1,466.17,1500.82,56.47,20.64,18.91,4.83,304.95,P010,EQ022
2025-09-21 12:40:00,1200.82,269.2,170647.24,6714.89,501.02,1499.44,46.85,21.89,20.68,5.27,357.68,P001,EQ029
2025-09-21 12:50:00,1206.83,256.11,169934.04,6770.0,502.26,1530.03,48.18,23.25,20.72,4.98,389.53,P004,EQ036
2025-09-21 13:00:00,1167.04,237.43,178580.34,6417.66,511.68,1524.52,46.47,23.49,19.08,5.16,348.36,P015,EQ043
2025-09-21 13:10:00,1184.99,237.75,176545.42,6531.25,492.45,1500.3,55.77,23.58,20.56,5.02,383.47,P002,EQ050
2025-09-21 13:20:00,1211.74,234.21,177125.29,6786.05,508.82,1532.44,54.03,23.42,19.39,4.72,320.21,P011,EQ001
2025-09-21 13:30:00,1189.41,222.41,178895.83,6783.51,492.22,1523.14,49.61,22.69,21.05,4.96,259.11,P009,EQ008
2025-09-21 13:40:00,1158.42,266.89,173859.22,6474.82,537.76,1501.64,42.76,22.67,19.76,4.51,361.52,P015,EQ015
2025-09-21 13:50:00,1215.53,278.65,177435.62,6641.92,529.01,1489.99,51.23,19.93,19.54,4.86,312.39,P006,EQ022
2025-09-21 14:00:00,1172.32,252.73,167277.81,6859.06,578.0,1533.63,52.45,20.31,19.84,4.96,369.14,P001,EQ029
2025-09-21 14:10:00,1204.36,256.41,165443.27,6726.61,505.82,1471.0,41.87,23.83,20.64,5.15,373.55,P005,EQ036
2025-09-21 14:20:00,1200.42,222.46,173888.98,6296.55,555.32,1490.87,49.82,23.17,20.58,5.74,329.35,P012,EQ043
2025-09-21 14:30:00,1203.28,266.08,173368.46,6479.2,508.32,1458.18,49.37,21.49,20.23,4.97,260.56,P005,EQ050
2025-09-21 14:40:00,1184.2,264.0,176868.71,6457.92,513.5,1523.33,56.45,20.99,18.74,5.14,261.69,P004,EQ001
2025-09-21 14:50:00,1233.01,241.24,175463.48,6716.26,500.66,1515.65,58.91,22.5,18.61,4.98,394.09,P002,EQ008
2025-09-21 15:00:00,1169.93,249.68,174966.48,6431.02,502.31,1523.89,43.96,21.43,19.62,4.78,265.18,P004,EQ015
2025-09-21 15:10:00,1223.85,214.97,180850.13,6897.96,481.77,1538.92,46.14,22.95,19.48,4.89,329.75,P004,EQ022
2025-09-21 15:20:00,1242.35,267.99,173058.79,6317.33,515.65,1478.72,55.59,22.47,20.86,5.07,278.97,P011,EQ029
2025-09-21 15:30:00,1184.51,269.43,174863.0,6505.03,483.42,1534.28,51.2,22.99,18.97,5.12,287.31,P011,EQ036
2025-09-21 15:40:00,1196.18,230.26,169309.05,6155.47,482.78,1505.76,53.39,22.6,20.73,4.98,392.13,P009,EQ043
2025-09-21 15:50:00,1159.56,239.77,170600.8,5972.53,470.82,1493.51,38.59,21.96,21.16,5.16,362.38,P007,EQ050
2025-09-21 16:00:00,1194.32,246.62,176211.6,6409.91,478.95,1498.13,50.55,22.52,18.48,4.87,361.92,P013,EQ001
2025-09-21 16:10:00,1199.2,249.36,177388.28,6278.94,499.69,1500.47,51.97,21.54,18.96,5.5,345.79,P006,EQ008
2025-09-21 16:20:00,1212.71,266.99,183035.4,6752.33,518.79,1502.48,48.72,22.9,17.49,5.16,351.17,P012,EQ015
2025-09-21 16:30:00,1224.29,257.99,182810.68,6612.04,492.59,1492.82,48.18,23.24,19.43,4.91,349.79,P015,EQ022
2025-09-21 16:40:00,1157.26,265.29,167821.15,6791.97,479.79,1522.45,46.13,20.55,18.42,4.69,265.62,P013,EQ029
2025-09-21 16:50:00,1167.2,241.46,179644.09,6604.39,493.59,1493.24,50.76,22.01,19.09,5.68,277.06,P007,EQ036
2025-09-21 17:00:00,1183.42,244.18,179941.95,6824.57,537.05,1493.37,48.12,20.3,20.88,4.89,325.7,P011,EQ043
2025-09-21 17:10:00,1134.01,251.99,179211.76,6624.7,522.82,1522.0,50.73,22.53,20.06,4.76,273.73,P010,EQ050
2025-09-21 17:20:00,1153.79,280.57,184777.2,6605.91,534.66,1471.93,51.58,22.08,20.69,4.99,316.45,P006,EQ001
2025-09-21 17:30:00,1208.15,245.81,180279.17,6398.87,472.48,1497.43,53.08,22.9,19.04,4.92,385.37,P009,EQ008
2025-09-21 17:40:00,1236.09,264.22,186241.42,6157.04,543.79,1480.19,49.53,20.41,18.69,4.46,398.72,P006,EQ015
2025-09-21 17:50:00,1240.14,249.33,180780.09,6080.49,468.54,1509.98,52.01,22.27,19.7,4.97,376.73,P007,EQ022
2025-09-21 18:00:00,1176.69,235.32,180979.11,6324.43,530.14,1521.88,47.79,21.43,19.17,4.48,364.63,P007,EQ029
2025-09-21 18:10:00,1217.7,245.57,176944.81,6671.17,525.24,1483.14,42.02,22.05,20.7,5.24,373.92,P006,EQ036
2025-09-21 18:20:00,1208.67,256.02,173414.96,6787.98,469.12,1485.04,47.03,20.56,21.84,4.99,341.26,P010,EQ043
2025-09-21 18:30:00,1235.09,224.47,172976.89,6228.52,472.42,1491.25,37.53,21.23,19.42,5.21,331.84,P007,EQ050
2025-09-21 18:40:00,1214.02,254.39,178334.49,6542.37,467.96,1511.36,46.69,22.45,21.22,5.28,364.86,P015,EQ001
2025-09-21 18:50:00,1195.4,249.14,174713.77,6856.56,492.62,1503.25,48.09,21.9,18.33,4.58,361.69,P006,EQ008
2025-09-21 19:00:00,1197.73,277.08,171523.26,6453.06,476.28,1508.08,48.06,24.0,21.0,5.06,394.25,P008,EQ015
2025-09-21 19:10:00,1153.84,235.23,174422.23,6125.06,506.78,1497.2,53.6,20.64,19.12,5.07,393.97,P001,EQ022
2025-09-21 19:20:00,1165.12,257.92,172139.95,6238.98,523.86,1490.53,46.72,21.05,21.79,5.66,358.95,P005,EQ029
2025-09-21 19:30:00,1214.7,253.93,174338.64,6475.57,475.97,1484.9,54.6,20.88,20.53,4.9,339.36,P009,EQ036
2025-09-21 19:40:00,1225.95,231.65,172126.68,6381.99,475.18,1511.06,55.82,22.69,19.83,5.08,270.26,P015,EQ043
2025-09-21 19:50:00,1154.26,268.74,174391.72,6606.67,530.14,1497.51,45.91,22.16,19.51,4.39,295.28,P005,EQ050
2025-09-21 20:00:00,1172.12,279.54,180784.38,6761.62,493.85,1490.3,54.38,19.65,21.45,5.26,397.66,P004,EQ001
2025-09-21 20:10:00,1161.08,266.74,169823.07,6446.63,502.91,1482.93,46.07,21.89,21.91,4.78,378.36,P001,EQ008
2025-09-21 20:20:00,1164.87,238.14,176160.77,6298.83,490.93,1491.62,48.0,22.43,18.84,5.01,365.73,P012,EQ015
2025-09-21 20:30:00,1196.33,245.85,179389.54,6573.25,567.77,1480.37,52.15,23.53,20.34,5.14,373.35,P015,EQ022
2025-09-21 20:40:00,1208.69,259.13,180446.95,6805.38,493.93,1503.34,41.8,21.78,18.62,4.94,333.05,P009,EQ029
2025-09-21 20:50:00,1150.21,231.86,172714.67,6528.05,509.85,1498.13,50.09,21.87,18.97,5.38,335.6,P010,EQ036
2025-09-21 21:00:00,1202.8,259.9,181788.65,6666.77,471.22,1498.18,46.17,22.46,21.36,4.9,273.21,P001,EQ043
2025-09-21 21:10:00,1195.95,258.29,179749.97,6759.53,499.16,1497.76,52.42,22.29,20.57,4.83,319.06,P003,EQ050
2025-09-21 21:20:00,1197.47,274.74,173641.73,6149.31,492.11,1530.51,51.23,21.23,22.12,5.13,270.76,P006,EQ001
2025-09-21 21:30:00,1230.94,242.27,176326.76,6803.47,506.18,1487.42,53.08,21.07,20.68,4.65,383.44,P004,EQ008
2025-09-21 21:40:00,1155.88,243.74,172216.71,6817.11,512.16,1505.64,52.56,21.76,20.97,5.19,284.95,P013,EQ015
2025-09-21 21:50:00,1255.92,239.0,179907.06,6359.64,456.35,1499.59,58.75,21.55,19.48,4.93,295.05,P010,EQ022
2025-09-21 22:00:00,1169.91,287.5,171900.01,6685.44,507.04,1466.8,46.79,22.28,19.41,5.31,309.97,P015,EQ029
2025-09-21 22:10:00,1176.69,253.65,179333.6,6436.56,514.46,1509.95,48.26,20.87,20.53,4.95,282.62,P002,EQ036
2025-09-21 22:20:00,1199.4,203.3,176273.41,6398.4,481.43,1530.8,53.05,22.64,19.83,5.1,358.54,P013,EQ043
2025-09-21 22:30:00,1164.16,253.89,171991.39,6454.87,509.1,1500.97,50.01,22.91,20.2,5.49,322.38,P008,EQ050
2025-09-21 22:40:00,1229.74,285.39,182987.22,6995.4,468.33,1508.15,46.45,22.67,20.5,5.04,373.86,P012,EQ001
2025-09-21 22:50:00,1166.38,245.0,171671.59,6778.59,487.83,1499.97,49.14,21.71,19.33,5.04,355.43,P014,EQ008
2025-09-21 23:00:00,1177.56,224.51,173969.89,6305.45,487.61,1510.0,44.25,23.2,20.34,5.12,386.15,P010,EQ015
2025-09-21 23:10:00,1195.6,246.69,179284.8,6235.1,521.53,1494.38,53.38,21.8,19.66,4.88,346.34,P001,EQ022
2025-09-21 23:20:00,1204.21,244.18,179134.38,6411.74,449.27,1478.28,46.85,22.58,19.77,4.75,359.62,P010,EQ029
2025-09-21 23:30:00,1218.9,245.67,169310.81,6345.01,445.74,1504.84,48.08,21.13,20.11,5.22,307.23,P013,EQ036
2025-09-21 23:40:00,1193.41,269.5,168352.5,6584.69,518.4,1481.2,56.97,22.91,19.96,4.47,258.39,P013,EQ043
2025-09-21 23:50:00,1191.88,261.85,170257.15,6362.61,497.38,1475.04,46.09,23.0,19.68,5.06,300.16,P015,EQ050
2025-09-22 00:00:00,1165.0,246.58,177982.09,6306.36,440.06,1527.72,59.1,21.95,20.65,5.21,372.57,P007,EQ001
2025-09-22 00:10:00,1170.3,240.48,174822.21,6720.69,520.92,1498.03,57.51,23.55,19.74,4.95,389.54,P002,EQ008
2025-09-22 00:20:00,1218.25,244.97,176716.88,6608.48,518.2,1487.23,39.21,21.2,19.23,5.09,380.47,P004,EQ015
2025-09-22 00:30:00,1204.03,257.23,170457.68,6941.02,495.04,1456.91,50.99,22.98,18.92,5.08,362.15,P014,EQ022
2025-09-22 00:40:00,1194.08,232.68,175952.2,6501.53,474.72,1511.82,58.48,21.98,19.93,5.01,340.35,P001,EQ029
2025-09-22 00:50:00,1228.59,246.99,174388.81,6383.61,558.63,1498.15,59.51,23.79,20.34,4.58,345.08,P011,EQ036
2025-09-22 01:00:00,1227.62,264.17,183894.96,6326.89,439.95,1499.13,44.43,21.73,20.42,4.51,307.37,P005,EQ043
2025-09-22 01:10:00,1215.59,258.69,176698.56,6238.41,501.45,1502.83,47.35,23.66,17.79,4.16,328.66,P006,EQ050
2025-09-22 01:20:00,1183.6,253.8,175706.91,6071.61,436.46,1530.42,53.91,22.16,19.56,5.17,330.99,P003,EQ001
2025-09-22 01:30:00,1209.52,260.4,177910.55,6430.3,470.62,1530.84,48.26,24.02,19.55,4.94,299.02,P012,EQ008
2025-09-22 01:40:00,1174.41,248.31,178400.62,6336.02,563.91,1530.18,50.51,22.22,19.44,5.14,283.12,P001,EQ015
2025-09-22 01:50:00,1187.92,247.73,175043.91,6460.89,455.03,1488.32,50.74,22.96,19.14,4.74,351.05,P007,EQ022
2025-09-22 02:00:00,1226.74,257.7,172563.08,6657.84,444.04,1544.28,43.37,21.55,18.39,5.5,395.66,P013,EQ029
2025-09-22 02:10:00,1220.88,268.15,166617.61,6500.76,518.07,1493.52,51.98,21.48,19.66,4.75,339.27,P009,EQ036
2025-09-22 02:20:00,1165.25,250.38,169123.84,6558.44,471.67,1502.84,52.21,23.71,19.39,5.09,263.51,P007,EQ043
2025-09-22 02:30:00,1202.07,243.6,174710.99,6768.88,481.78,1492.84,52.49,20.83,21.41,4.89,293.47,P007,EQ050
2025-09-22 02:40:00,1205.76,241.03,177241.01,6117.34,514.63,1525.57,59.1,22.15,20.29,4.88,272.2,P006,EQ001
2025-09-22 02:50:00,1205.18,247.09,178172.39,6564.65,520.21,1510.62,54.2,21.82,20.27,5.18,262.38,P010,EQ008
2025-09-22 03:00:00,1234.74,246.89,176093.39,6565.49,540.78,1498.77,58.53,23.04,19.01,4.95,361.8,P009,EQ015
2025-09-22 03:10:00,1209.17,235.95,178925.31,6162.34,521.39,1472.24,59.5,22.22,21.46,4.95,309.88,P002,EQ022
2025-09-22 03:20:00,1188.26,247.21,180688.48,6473.06,433.44,1491.44,44.94,22.93,19.0,4.85,309.78,P007,EQ029
2025-09-22 03:30:00,1203.89,266.34,181558.23,6463.18,492.82,1503.74,51.37,22.6,20.36,5.23,366.07,P003,EQ036
2025-09-22 03:40:00,1195.31,245.42,170061.47,6488.92,422.72,1477.36,58.73,20.66,19.18,4.77,364.3,P008,EQ043
2025-09-22 03:50:00,1174.35,228.44,167708.57,6834.89,481.43,1504.55,50.66,20.85,20.5,5.01,333.89,P008,EQ050
2025-09-22 04:00:00,1176.86,269.39,185670.78,6793.52,490.87,1487.87,52.9,20.49,20.06,4.98,309.3,P010,EQ001
2025-09-22 04:10:00,1230.81,246.7,171796.83,6700.97,477.04,1462.82,47.98,21.04,22.12,5.26,279.41,P010,EQ008
2025-09-22 04:20:00,1155.61,246.66,163232.13,6576.73,412.12,1499.65,40.67,22.25,21.17,4.81,399.56,P009,EQ015
2025-09-22 04:30:00,1234.96,217.86,188570.64,6182.67,479.78,1508.47,46.97,22.01,20.35,5.33,286.94,P002,EQ022
2025-09-22 04:40:00,1223.46,231.43,181385.69,6274.87,482.26,1516.14,52.71,21.44,19.45,5.28,289.94,P007,EQ029
2025-09-22 04:50:00,1198.41,235.23,174614.3,6764.21,496.93,1521.53,54.12,22.44,18.87,4.65,298.51,P015,EQ036
2025-09-22 05:00:00,1194.9,266.04,174924.4,6675.53,541.7,1506.41,49.83,23.73,20.06,5.35,336.4,P002,EQ043
2025-09-22 05:10:00,1197.44,249.06,173819.32,6202.12,499.49,1472.51,48.58,22.66,19.36,4.81,350.76,P007,EQ050
2025-09-22 05:20:00,1231.89,252.73,176602.36,6351.22,505.17,1496.18,55.98,21.76,19.13,5.26,304.79,P004,EQ001
2025-09-22 05:30:00,1211.73,267.57,180869.29,6380.22,515.92,1525.19,50.1,23.36,19.46,5.47,298.11,P010,EQ008
2025-09-22 05:40:00,1264.8,258.95,175458.01,6454.91,503.67,1513.48,60.0,21.59,20.04,5.01,348.31,P013,EQ015
2025-09-22 05:50:00,1215.35,242.79,177918.61,6209.4,513.74,1485.24,57.85,22.47,20.6,5.22,295.72,P006,EQ022
2025-09-22 06:00:00,1204.53,268.37,171400.34,6343.47,507.38,1515.85,46.8,22.5,18.62,5.2,342.43,P013,EQ029
2025-09-22 06:10:00,1274.42,249.49,170817.26,6631.31,520.48,1503.26,51.69,21.58,18.15,5.05,316.33,P003,EQ036
2025-09-22 06:20:00,1169.24,242.72,180137.79,6673.21,509.57,1469.24,50.2,21.18,20.13,4.91,316.07,P015,EQ043
2025-09-22 06:30:00,1215.99,254.99,173487.54,6504.1,504.84,1490.89,53.13,21.37,17.87,5.52,372.73,P004,EQ050
2025-09-22 06:40:00,1195.19,280.87,167994.25,6542.98,505.87,1512.63,50.83,23.89,19.3,5.1,352.8,P003,EQ001
2025-09-22 06:50:00,1205.77,262.89,178121.33,6353.28,490.69,1478.23,41.7,20.95,21.8,5.08,363.66,P014,EQ008
2025-09-22 07:00:00,1171.9,270.97,172991.57,6401.22,549.72,1506.69,55.0,22.18,19.11,4.95,262.87,P012,EQ015
2025-09-22 07:10:00,1200.41,244.71,183320.68,6697.39,485.89,1471.3,52.15,22.4,20.85,5.57,258.18,P010,EQ022
2025-09-22 07:20:00,1189.21,253.97,175475.32,6594.56,512.76,1520.57,45.28,23.09,19.17,4.97,389.01,P014,EQ029
2025-09-22 07:30:00,1178.14,229.46,185704.54,6407.2,500.3,1520.58,49.33,22.0,21.03,4.82,374.87,P005,EQ036
2025-09-22 07:40:00,1234.48,247.74,176386.11,6524.47,509.92,1480.74,48.41,21.61,21.04,5.06,252.06,P012,EQ043
2025-09-22 07:50:00,1207.84,251.03,171747.37,6537.74,458.01,1493.22,42.44,22.58,19.34,4.98,370.64,P005,EQ050
2025-09-22 08:00:00,1222.93,250.77,177527.49,6343.8,515.9,1544.85,48.06,22.72,19.12,4.46,317.51,P001,EQ001
2025-09-22 08:10:00,1230.0,235.49,169044.12,6531.3,485.37,1491.48,54.26,21.06,20.32,4.8,299.78,P012,EQ008
2025-09-22 08:20:00,1184.53,237.25,178740.34,6486.83,530.05,1493.24,49.84,21.11,18.67,4.6,330.7,P004,EQ015
2025-09-22 08:30:00,1290.69,234.69,179842.58,6337.19,465.08,1463.83,56.65,21.97,23.27,5.15,331.96,P013,EQ022
2025-09-22 08:40:00,1207.73,249.31,171619.85,6362.51,547.39,1501.01,47.13,22.88,19.76,4.93,288.8,P008,EQ029
2025-09-22 08:50:00,1199.25,241.18,178620.3,6249.44,533.01,1483.78,44.31,21.19,19.48,5.14,343.46,P003,EQ036
2025-09-22 09:00:00,1253.98,242.96,176909.48,6629.4,517.76,1483.63,49.96,22.08,20.04,5.32,354.26,P011,EQ043
2025-09-22 09:10:00,1190.64,244.15,169538.22,6788.25,529.49,1469.69,48.6,21.38,20.26,5.13,252.76,P010,EQ050
2025-09-22 09:20:00,1228.17,234.3,173617.81,6569.2,526.37,1497.37,52.59,22.07,22.14,5.34,385.91,P009,EQ001
2025-09-22 09:30:00,1205.39,253.26,184812.09,6491.89,514.24,1495.77,53.55,21.54,21.23,4.63,256.52,P003,EQ008
2025-09-22 09:40:00,1221.63,252.24,185736.13,6411.64,478.95,1520.21,49.1,21.32,18.92,4.97,259.02,P004,EQ015
2025-09-22 09:50:00,1218.34,231.88,179986.59,6324.1,450.79,1494.71,48.96,23.57,19.42,4.8,368.38,P010,EQ022
2025-09-22 10:00:00,1186.06,248.84,178888.8,6307.14,440.79,1503.48,52.29,23.11,21.5,5.53,290.69,P008,EQ029
2025-09-22 10:10:00,1223.84,234.01,176538.24,6432.87,466.42,1533.71,46.29,22.84,18.93,5.18,348.21,P001,EQ036
2025-09-22 10:20:00,1152.51,246.09,172648.5,6655.58,509.63,1501.69,43.48,21.89,19.73,4.42,259.99,P011,EQ043
2025-09-22 10:30:00,1157.92,230.1,174562.72,6735.45,465.76,1519.45,45.07,23.58,20.09,4.64,290.7,P014,EQ050
2025-09-22 10:40:00,1190.26,274.11,182237.04,6244.06,497.1,1476.18,52.52,22.58,19.31,5.14,386.93,P006,EQ001
2025-09-22 10:50:00,1202.15,263.44,165854.51,6635.3,476.58,1489.29,51.43,20.67,20.72,4.33,379.64,P001,EQ008
2025-09-22 11:00:00,1181.75,259.93,165129.26,6473.22,452.73,1498.46,47.2,21.07,20.14,4.75,293.87,P015,EQ015
2025-09-22 11:10:00,1203.64,233.65,169172.22,6504.9,457.62,1529.3,42.96,23.5,20.52,5.14,347.41,P004,EQ022
2025-09-22 11:20:00,1144.58,259.51,174234.44,6135.49,500.43,1526.93,49.31,21.88,20.76,5.09,396.97,P009,EQ029
2025-09-22 11:30:00,1186.1,262.47,181261.25,6473.58,483.0,1528.34,40.8,23.07,21.71,4.73,396.49,P002,EQ036
2025-09-22 11:40:00,1224.93,259.73,177086.64,6743.67,510.43,1471.5,47.12,22.04,19.54,5.16,385.58,P008,EQ043
2025-09-22 11:50:00,1256.41,229.95,175880.68,6290.58,495.86,1532.44,54.2,22.11,20.44,4.35,380.02,P009,EQ050
2025-09-22 12:00:00,1234.72,248.44,172844.51,6318.14,503.51,1506.81,49.01,22.94,21.06,5.28,263.2,P004,EQ001
2025-09-22 12:10:00,1194.22,267.33,183338.76,6340.19,522.97,1505.61,45.8,22.96,20.23,4.73,325.1,P008,EQ008
2025-09-22 12:20:00,1180.49,240.55,180511.99,6103.56,524.0,1452.21,44.32,22.59,20.68,4.96,334.1,P012,EQ015
2025-09-22 12:30:00,1144.51,278.45,170765.53,6240.28,519.89,1484.11,43.6,21.93,20.19,4.72,253.22,P004,EQ022
2025-09-22 12:40:00,1289.56,252.19,174914.86,6412.37,449.39,1499.42,53.18,22.21,19.05,5.05,388.34,P005,EQ029
2025-09-22 12:50:00,1183.75,264.86,173730.86,6606.04,472.22,1481.31,46.92,21.65,18.04,4.78,300.04,P007,EQ036
2025-09-22 13:00:00,1207.38,229.58,184870.38,6413.12,484.6,1481.81,37.65,21.63,22.13,4.43,361.66,P001,EQ043
2025-09-22 13:10:00,1158.57,243.79,177120.78,6513.13,464.07,1525.98,43.61,21.57,20.8,5.16,302.02,P006,EQ050
2025-09-22 13:20:00,1202.52,254.3,173691.19,6535.15,485.09,1491.66,48.39,21.34,20.27,5.38,303.31,P005,EQ001
2025-09-22 13:30:00,1201.76,269.94,175138.89,6512.83,489.28,1487.17,44.94,21.6,20.71,5.38,285.43,P009,EQ008
2025-09-22 13:40:00,1236.69,244.3,170401.19,6337.95,485.25,1546.29,41.71,21.79,19.06,5.17,291.38,P001,EQ015
2025-09-22 13:50:00,1158.96,264.1,173615.46,6881.08,502.5,1501.89,50.65,23.19,20.7,5.14,343.87,P015,EQ022
2025-09-22 14:00:00,1198.63,234.74,173944.63,6655.84,495.72,1479.55,49.81,22.24,18.75,5.09,308.08,P014,EQ029
2025-09-22 14:10:00,1205.28,224.61,175493.48,6230.24,479.67,1505.96,43.97,21.19,18.49,4.95,398.55,P009,EQ036
2025-09-22 14:20:00,1169.08,245.01,177439.96,6373.75,476.33,1493.0,42.72,21.76,19.16,5.69,392.37,P004,EQ043
2025-09-22 14:30:00,1169.29,263.7,181449.39,6471.94,493.41,1485.51,51.66,21.17,19.2,5.1,272.76,P015,EQ050
2025-09-22 14:40:00,1225.58,266.31,177871.36,6507.4,461.39,1524.52,50.55,20.07,21.68,4.8,308.93,P003,EQ001
2025-09-22 14:50:00,1191.44,287.13,171018.95,6634.11,536.3,1499.39,52.46,21.87,20.63,4.98,263.17,P007,EQ008
2025-09-22 15:00:00,1233.58,270.06,179499.29,6734.73,452.13,1456.12,47.6,21.38,19.49,4.94,328.11,P011,EQ015
2025-09-22 15:10:00,1217.66,243.86,176512.01,6722.67,477.77,1494.35,57.45,21.82,21.11,5.14,341.87,P011,EQ022
2025-09-22 15:20:00,1174.65,250.64,179505.09,6337.57,483.58,1520.9,53.72,22.25,19.36,5.35,352.98,P007,EQ029
2025-09-22 15:30:00,1174.22,219.43,171049.34,6807.5,477.25,1475.22,45.55,20.47,18.75,5.39,286.05,P003,EQ036
2025-09-22 15:40:00,1161.48,249.71,185433.74,6505.58,469.54,1533.22,53.39,22.74,19.99,4.56,313.97,P005,EQ043
2025-09-22 15:50:00,1198.39,261.49,172208.03,6417.07,481.65,1507.31,45.32,22.2,22.0,5.48,386.46,P006,EQ050
2025-09-22 16:00:00,1161.88,274.53,175959.33,6380.97,515.9,1504.31,55.93,21.86,18.97,5.12,317.38,P003,EQ001
2025-09-22 16:10:00,1223.3,258.44,179216.28,6555.63,491.04,1493.51,54.54,21.83,20.2,4.98,281.01,P003,EQ008
2025-09-22 16:20:00,1184.39,262.24,177862.42,6584.6,527.39,1482.66,52.04,22.13,19.95,5.19,337.15,P011,EQ015
2025-09-22 16:30:00,1207.57,258.84,165706.94,6345.6,468.89,1503.18,49.16,21.34,20.91,4.64,370.02,P014,EQ022
2025-09-22 16:40:00,1196.65,245.62,174379.44,6634.01,498.4,1499.67,63.69,22.71,20.43,4.61,270.72,P012,EQ029
2025-09-22 16:50:00,1249.39,263.06,179579.63,6551.0,508.64,1505.9,49.4,23.1,20.92,4.56,355.77,P009,EQ036
2025-09-22 17:00:00,1234.44,240.29,175494.06,6311.47,477.99,1489.53,50.66,22.14,20.59,5.38,386.43,P007,EQ043
2025-09-22 17:10:00,1131.94,266.22,176113.54,6367.94,529.19,1486.52,51.5,22.81,20.94,4.69,399.35,P013,EQ050
2025-09-22 17:20:00,1136.6,254.18,174511.72,6399.18,511.61,1502.0,47.62,21.67,20.42,4.89,271.77,P015,EQ001
2025-09-22 17:30:00,1167.48,261.59,172894.11,6850.86,510.06,1521.16,48.9,23.07,20.57,4.96,334.73,P003,EQ008
2025-09-22 17:40:00,1197.4,256.1,177855.04,6616.02,505.82,1488.03,45.85,22.42,20.38,4.85,297.62,P009,EQ015
2025-09-22 17:50:00,1203.85,256.08,170981.68,6596.67,468.82,1498.67,53.35,22.87,19.72,5.15,329.94,P012,EQ022
2025-09-22 18:00:00,1184.19,252.19,178508.39,6549.67,476.61,1483.59,55.15,22.39,19.95,5.03,267.76,P006,EQ029
2025-09-22 18:10:00,1221.61,240.98,174899.0,6115.83,487.27,1480.33,44.75,22.08,21.11,5.01,375.93,P003,EQ036
2025-09-22 18:20:00,1210.23,252.65,178388.69,6778.15,524.76,1510.67,54.61,21.01,20.99,4.26,359.06,P013,EQ043
2025-09-22 18:30:00,1164.65,270.06,171775.25,6434.94,492.79,1486.31,46.7,21.3,18.4,4.91,297.8,P007,EQ050
2025-09-22 18:40:00,1176.05,212.45,178585.41,6348.95,489.95,1501.14,46.08,22.3,20.29,5.11,394.18,P005,EQ001
2025-09-22 18:50:00,1192.46,249.33,174326.69,6699.0,495.28,1533.15,51.5,20.63,19.34,4.55,316.45,P015,EQ008
2025-09-22 19:00:00,1185.1,246.29,176843.97,6516.25,510.13,1457.04,48.11,22.76,18.26,4.99,373.25,P011,EQ015
2025-09-22 19:10:00,1233.38,261.89,176823.67,6685.47,485.03,1511.32,53.34,21.92,20.06,5.26,389.99,P005,EQ022
2025-09-22 19:20:00,1192.62,236.1,173182.13,6711.71,501.57,1498.89,54.54,20.06,21.26,5.35,272.79,P004,EQ029
2025-09-22 19:30:00,1197.21,266.36,168218.95,6590.07,531.85,1527.99,63.01,22.18,19.96,5.11,266.02,P003,EQ036
2025-09-22 19:40:00,1211.5,237.57,172846.57,6234.49,457.09,1490.35,53.37,20.13,21.23,4.8,253.93,P010,EQ043
2025-09-22 19:50:00,1168.98,243.24,165904.62,6620.54,471.51,1495.24,53.79,22.61,19.74,5.03,342.54,P010,EQ050
2025-09-22 20:00:00,1172.25,239.34,174135.37,5976.7,503.36,1485.39,50.16,21.62,20.86,5.1,335.06,P004,EQ001
2025-09-22 20:10:00,1163.45,271.24,179213.03,6598.19,502.32,1487.14,49.6,21.62,17.24,4.48,339.45,P004,EQ008
2025-09-22 20:20:00,1169.38,265.16,181684.33,6547.41,519.53,1470.73,54.47,22.25,19.71,4.59,353.11,P006,EQ015
2025-09-22 20:30:00,1254.53,236.77,181549.36,6009.21,489.83,1511.63,53.03,21.06,18.99,4.5,261.92,P013,EQ022
2025-09-22 20:40:00,1259.93,248.2,178885.01,6506.55,502.02,1502.85,42.98,21.66,18.7,5.2,321.49,P009,EQ029
2025-09-22 20:50:00,1194.1,233.86,166929.01,6319.96,457.09,1517.99,59.33,21.74,19.03,4.56,376.92,P008,EQ036
2025-09-22 21:00:00,1204.62,245.02,169442.6,6410.18,532.57,1475.41,56.73,22.23,20.65,4.92,356.8,P006,EQ043
2025-09-22 21:10:00,1221.06,233.04,178675.48,6566.94,450.43,1484.0,55.12,22.46,20.63,5.06,277.6,P007,EQ050
2025-09-22 21:20:00,1230.17,267.32,171942.73,6287.86,467.58,1531.92,46.24,20.67,18.19,5.13,323.72,P003,EQ001
2025-09-22 21:30:00,1231.22,228.84,181426.38,6651.21,454.77,1506.91,39.69,21.92,21.04,5.23,274.57,P004,EQ008
2025-09-22 21:40:00,1160.73,259.73,173987.39,6064.22,497.53,1504.49,46.64,22.04,19.44,5.37,254.83,P013,EQ015
2025-09-22 21:50:00,1158.57,267.06,169015.42,5938.64,507.01,1489.63,44.4,23.46,21.49,4.34,395.32,P015,EQ022
2025-09-22 22:00:00,1184.94,258.18,183506.96,6333.18,540.46,1488.07,52.36,20.45,20.28,4.6,290.48,P007,EQ029
2025-09-22 22:10:00,1194.35,253.8,171729.0,6664.53,498.84,1458.88,49.11,20.98,19.06,5.05,283.38,P011,EQ036
2025-09-22 22:20:00,1211.53,255.46,181109.35,6710.06,497.5,1521.78,55.83,21.86,19.24,4.82,398.24,P013,EQ043
2025-09-22 22:30:00,1268.6,246.74,168976.51,6082.67,485.51,1485.86,45.3,21.78,18.94,4.76,280.68,P003,EQ050
2025-09-22 22:40:00,1200.2,240.62,175833.7,6542.77,517.55,1506.46,46.55,20.01,18.83,5.18,389.07,P008,EQ001
2025-09-22 22:50:00,1232.49,271.98,176647.01,6555.86,465.09,1512.75,51.79,22.89,19.7,4.81,380.07,P008,EQ008
2025-09-22 23:00:00,1245.28,261.77,171537.15,6518.92,487.07,1518.04,56.01,23.32,19.81,4.66,353.18,P014,EQ015
2025-09-22 23:10:00,1203.0,263.33,172429.03,6683.0,507.66,1509.52,46.1,20.46,20.74,4.94,318.63,P004,EQ022
2025-09-22 23:20:00,1185.26,249.81,170259.22,6426.94,524.43,1478.87,48.8,22.93,18.76,5.12,314.13,P013,EQ029
2025-09-22 23:30:00,1207.96,256.75,173173.22,6460.42,477.98,1481.13,44.05,23.99,20.35,4.63,256.27,P012,EQ036
2025-09-22 23:40:00,1191.93,273.63,177692.59,6339.34,502.19,1471.12,44.75,24.37,19.59,4.67,373.65,P012,EQ043
2025-09-22 23:50:00,1142.42,253.18,178719.78,6580.44,513.88,1504.65,48.66,22.8,19.61,5.25,296.93,P010,EQ050
2025-09-23 00:00:00,1153.73,249.58,179067.46,6574.95,464.7,1531.66,58.34,24.04,20.76,5.35,390.87,P010,EQ001
2025-09-23 00:10:00,1151.47,247.62,177537.31,6747.64,520.07,1482.67,46.88,22.83,20.57,4.84,339.07,P009,EQ008
2025-09-23 00:20:00,1204.31,256.56,164761.69,6406.18,520.93,1447.03,52.16,20.84,19.54,5.27,346.21,P012,EQ015
2025-09-23 00:30:00,1201.22,239.23,181349.17,6366.02,492.37,1535.63,57.38,22.59,20.56,5.02,368.04,P009,EQ022
2025-09-23 00:40:00,1150.31,252.07,168116.62,6545.48,466.5,1531.22,56.6,23.82,21.95,5.01,266.4,P008,EQ029
2025-09-23 00:50:00,1210.93,233.07,179954.46,6307.45,445.85,1469.64,47.81,21.46,21.08,5.48,374.05,P001,EQ036
2025-09-23 01:00:00,1184.35,241.91,163272.26,6657.99,506.36,1516.58,42.91,21.98,20.71,5.16,381.67,P004,EQ043
2025-09-23 01:10:00,1141.03,250.1,173528.58,6682.83,512.49,1502.89,55.1,21.86,21.12,4.48,327.81,P007,EQ050
2025-09-23 01:20:00,1210.21,258.2,177226.79,6343.09,486.16,1518.59,55.75,23.88,21.83,4.86,397.57,P001,EQ001
2025-09-23 01:30:00,1187.59,259.56,168964.33,6701.3,521.43,1525.84,49.6,21.96,20.22,4.89,333.66,P009,EQ008
2025-09-23 01:40:00,1158.19,257.55,175646.28,6695.48,557.38,1476.75,53.62,19.84,20.39,4.8,364.77,P001,EQ015
2025-09-23 01:50:00,1181.02,228.0,176532.34,6520.19,517.63,1455.86,35.66,21.54,21.25,5.13,278.48,P008,EQ022
2025-09-23 02:00:00,1202.14,242.9,175986.99,6599.51,496.88,1533.85,52.68,22.32,20.51,4.91,309.71,P005,EQ029
2025-09-23 02:10:00,1176.75,237.13,171036.59,6616.16,539.63,1507.07,43.2,22.58,21.39,5.25,366.05,P005,EQ036
2025-09-23 02:20:00,1219.87,243.46,177679.78,6779.65,474.02,1507.53,50.91,21.48,18.72,5.6,319.2,P007,EQ043
2025-09-23 02:30:00,1203.47,244.67,181381.69,6326.03,527.59,1482.57,43.61,22.51,19.2,4.58,294.16,P015,EQ050
2025-09-23 02:40:00,1163.06,244.15,174106.53,6380.11,513.14,1474.67,54.41,23.61,20.93,4.67,258.18,P009,EQ001
2025-09-23 02:50:00,1219.56,257.36,165073.15,6311.84,498.13,1509.71,50.45,22.07,21.59,5.28,385.55,P008,EQ008
2025-09-23 03:00:00,1244.78,244.47,169771.26,6658.54,505.65,1509.43,53.15,21.18,21.23,5.54,374.48,P008,EQ015
2025-09-23 03:10:00,1226.45,225.53,180368.9,6541.71,513.28,1492.68,45.65,21.19,19.72,5.24,263.57,P009,EQ022
2025-09-23 03:20:00,1173.87,238.0,179825.99,6450.9,483.46,1512.67,55.59,22.56,17.69,5.16,266.98,P013,EQ029
2025-09-23 03:30:00,1181.69,243.36,167143.97,6774.99,480.95,1524.19,54.16,22.62,21.48,4.88,337.82,P015,EQ036
2025-09-23 03:40:00,1111.37,226.82,178187.88,6472.89,508.7,1507.93,44.05,20.26,20.29,5.06,354.42,P003,EQ043
2025-09-23 03:50:00,1193.56,257.49,179061.94,6621.74,536.87,1476.28,52.78,21.52,20.31,5.21,308.96,P006,EQ050
2025-09-23 04:00:00,1198.98,247.69,182283.15,6792.74,548.33,1468.48,40.57,23.47,19.59,5.02,317.63,P003,EQ001
2025-09-23 04:10:00,1202.4,276.09,177734.72,6506.9,501.11,1537.96,50.18,21.24,20.05,5.31,318.05,P015,EQ008
2025-09-23 04:20:00,1216.94,223.85,173789.72,6507.95,505.94,1472.5,49.17,20.56,19.02,4.67,356.9,P004,EQ015
2025-09-23 04:30:00,1168.65,240.05,167995.91,6162.24,473.06,1508.92,48.4,22.06,18.02,4.85,382.38,P002,EQ022
2025-09-23 04:40:00,1222.94,237.02,175947.45,6542.5,488.97,1489.84,48.0,23.47,21.87,5.07,287.51,P012,EQ029
2025-09-23 04:50:00,1180.43,220.54,173663.61,6556.66,479.07,1466.05,50.22,20.42,17.77,5.03,347.29,P012,EQ036
2025-09-23 05:00:00,1192.99,266.33,179538.49,6470.81,511.33,1516.83,54.03,21.29,21.12,4.17,369.47,P012,EQ043
2025-09-23 05:10:00,1182.91,244.38,182745.31,7136.26,455.9,1512.85,50.17,20.42,19.23,4.87,359.99,P002,EQ050
2025-09-23 05:20:00,1215.11,267.54,180040.77,6653.18,510.02,1477.02,51.78,22.91,20.53,5.42,267.12,P008,EQ001
2025-09-23 05:30:00,1228.52,274.6,169978.35,6435.74,561.79,1505.56,49.89,21.72,20.86,5.56,345.11,P002,EQ008
2025-09-23 05:40:00,1160.16,276.6,175528.02,6356.59,459.63,1496.42,48.31,21.82,20.92,5.15,328.57,P007,EQ015
2025-09-23 05:50:00,1183.0,245.42,177845.49,6563.39,500.16,1531.34,49.13,21.09,21.14,4.21,359.03,P009,EQ022
2025-09-23 06:00:00,1202.44,249.97,174450.13,6502.85,437.27,1483.87,55.29,21.26,19.26,4.65,341.81,P003,EQ029
2025-09-23 06:10:00,1207.97,235.38,176110.06,6283.8,453.19,1499.1,42.65,22.87,20.18,5.7,306.8,P007,EQ036
2025-09-23 06:20:00,1225.07,219.4,170674.35,6713.48,516.89,1477.28,49.74,21.19,21.02,5.57,256.59,P003,EQ043
2025-09-23 06:30:00,1176.41,243.25,178211.22,6864.99,502.98,1504.92,49.13,22.33,19.64,5.38,386.84,P010,EQ050
2025-09-23 06:40:00,1211.91,272.13,181402.18,6711.13,512.19,1495.78,45.18,21.33,19.18,5.37,380.7,P014,EQ001
2025-09-23 06:50:00,1253.84,246.14,170428.15,6587.62,474.83,1521.5,54.23,21.68,20.36,5.02,272.51,P014,EQ008
2025-09-23 07:00:00,1204.93,280.97,177283.0,6438.45,497.87,1520.82,47.14,20.16,20.26,4.67,271.69,P013,EQ015
2025-09-23 07:10:00,1208.26,248.95,172381.78,6098.71,508.49,1489.07,45.8,21.07,20.26,5.09,356.81,P007,EQ022
2025-09-23 07:20:00,1249.07,260.28,168119.93,6454.06,492.33,1467.09,44.0,23.58,19.25,4.56,296.21,P012,EQ029
2025-09-23 07:30:00,1215.71,239.42,180956.39,6784.45,516.07,1505.09,49.94,19.57,18.51,5.23,365.29,P008,EQ036
2025-09-23 07:40:00,1144.74,250.34,178861.72,6573.08,511.05,1488.59,52.35,21.97,21.23,5.04,293.32,P003,EQ043
2025-09-23 07:50:00,1133.62,273.25,180016.55,6570.59,505.53,1465.31,46.62,21.62,20.11,4.94,267.63,P003,EQ050
2025-09-23 08:00:00,1214.49,232.98,174029.86,6497.7,492.96,1483.85,57.57,21.53,19.02,4.4,394.07,P001,EQ001
2025-09-23 08:10:00,1224.37,262.81,172369.06,6794.91,512.68,1501.27,55.79,22.34,20.35,4.98,343.38,P005,EQ008
2025-09-23 08:20:00,1177.53,237.35,166644.75,6618.87,518.18,1531.51,48.66,23.34,17.8,5.09,251.83,P008,EQ015
2025-09-23 08:30:00,1244.25,251.5,178942.55,6462.29,472.66,1476.74,49.71,23.6,19.82,5.15,378.31,P009,EQ022
2025-09-23 08:40:00,1227.35,253.82,181219.45,6237.7,491.75,1519.28,56.45,22.56,20.39,5.1,371.12,P010,EQ029
2025-09-23 08:50:00,1186.05,261.59,174803.73,6239.84,532.1,1523.72,51.11,18.4,19.79,4.86,382.41,P004,EQ036
2025-09-23 09:00:00,1208.58,287.83,166205.39,6684.11,494.39,1490.11,54.19,22.5,20.31,4.54,282.53,P011,EQ043
2025-09-23 09:10:00,1212.73,230.72,175635.25,6024.93,455.19,1489.39,57.74,20.97,18.86,5.02,321.36,P007,EQ050
2025-09-23 09:20:00,1173.28,255.49,180424.48,6591.59,488.33,1501.75,51.69,20.68,22.3,5.4,316.28,P010,EQ001
2025-09-23 09:30:00,1205.55,266.33,173054.56,6410.76,494.08,1522.41,54.59,22.23,19.25,4.86,340.02,P004,EQ008
2025-09-23 09:40:00,1197.92,234.63,165620.22,6476.85,467.55,1472.04,51.68,21.37,20.96,5.25,382.33,P005,EQ015
2025-09-23 09:50:00,1186.12,233.8,182223.78,6453.27,508.73,1468.26,56.8,22.35,20.26,4.73,342.96,P009,EQ022
2025-09-23 10:00:00,1173.83,251.28,173397.81,6614.1,453.48,1485.71,45.7,21.78,19.16,4.59,373.02,P004,EQ029
2025-09-23 10:10:00,1263.08,256.63,178161.52,6260.21,504.28,1473.68,42.91,22.48,19.9,5.07,257.34,P003,EQ036
2025-09-23 10:20:00,1169.39,259.64,181118.93,6151.47,582.34,1502.91,49.1,19.43,20.84,5.13,258.26,P006,EQ043
2025-09-23 10:30:00,1157.6,255.64,177985.62,6780.37,474.14,1524.91,47.38,22.74,20.17,5.26,255.51,P014,EQ050
2025-09-23 10:40:00,1189.76,274.79,183218.07,6575.67,541.03,1484.6,47.57,21.01,19.62,4.66,254.86,P010,EQ001
2025-09-23 10:50:00,1120.79,243.57,166287.56,6285.48,460.55,1466.38,58.88,24.03,21.79,5.42,375.7,P005,EQ008
2025-09-23 11:00:00,1197.98,233.49,179726.32,6728.05,505.6,1498.11,50.17,21.14,20.02,4.89,299.67,P002,EQ015
2025-09-23 11:10:00,1213.12,256.55,168754.8,6675.49,476.58,1517.25,46.29,20.02,19.56,5.7,257.35,P007,EQ022
2025-09-23 11:20:00,1245.69,253.32,173036.66,6696.1,463.75,1502.52,49.82,22.8,20.5,4.96,399.06,P003,EQ029
2025-09-23 11:30:00,1185.3,276.96,176696.49,6483.12,497.92,1525.19,47.57,22.09,20.5,5.01,350.81,P010,EQ036
2025-09-23 11:40:00,1149.29,255.97,175349.33,6616.06,490.94,1501.42,49.08,22.81,20.05,4.93,349.14,P012,EQ043
2025-09-23 11:50:00,1200.93,262.86,171263.31,6647.22,408.58,1488.33,55.17,20.96,19.93,5.55,339.25,P013,EQ050
2025-09-23 12:00:00,1178.39,227.29,173900.06,6447.43,506.42,1486.28,58.96,21.8,18.74,5.14,334.33,P008,EQ001
2025-09-23 12:10:00,1195.91,215.14,171516.69,6430.74,509.66,1490.06,46.01,22.17,19.54,4.98,362.4,P006,EQ008
2025-09-23 12:20:00,1217.95,246.11,179389.84,6616.52,522.27,1497.9,50.15,23.83,21.35,4.78,389.72,P002,EQ015
2025-09-23 12:30:00,1205.43,243.79,175696.81,6382.74,491.74,1506.08,50.7,21.69,20.02,5.22,365.28,P006,EQ022
2025-09-23 12:40:00,1201.34,238.1,174615.87,6385.13,541.49,1476.61,48.82,22.05,21.0,4.27,305.29,P007,EQ029
2025-09-23 12:50:00,1192.28,240.45,176415.84,6566.79,489.72,1490.64,56.63,23.3,19.93,5.43,373.04,P013,EQ036
2025-09-23 13:00:00,1243.13,268.66,180808.57,6333.37,504.51,1500.53,56.54,22.98,19.6,4.84,314.1,P009,EQ043
2025-09-23 13:10:00,1206.02,236.14,176367.85,6557.24,489.3,1486.03,46.83,21.16,21.31,4.81,259.74,P008,EQ050
2025-09-23 13:20:00,1247.01,241.74,172781.58,6599.97,498.42,1510.77,50.39,21.5,20.24,4.88,270.18,P012,EQ001
2025-09-23 13:30:00,1182.41,229.53,169261.64,6281.24,481.7,1530.2,43.35,22.81,18.09,4.88,378.91,P006,EQ008
2025-09-23 13:40:00,1190.15,259.03,176401.29,5825.14,467.47,1548.66,47.88,22.3,19.39,4.78,329.06,P009,EQ015
2025-09-23 13:50:00,1176.75,247.49,167975.43,6261.42,456.64,1456.35,51.33,22.6,20.43,5.36,281.48,P004,EQ022
2025-09-23 14:00:00,1153.28,234.51,167327.81,6478.41,546.52,1489.71,42.94,20.52,20.57,5.32,341.81,P002,EQ029
2025-09-23 14:10:00,1164.75,279.35,173473.4,6501.6,455.6,1500.54,56.48,22.8,21.44,4.65,335.71,P011,EQ036
2025-09-23 14:20:00,1210.16,236.75,177219.17,6138.89,524.05,1490.12,48.52,23.53,18.85,5.02,329.34,P002,EQ043
2025-09-23 14:30:00,1185.54,282.09,171407.63,6437.29,493.27,1497.26,41.87,22.8,20.13,5.01,322.55,P012,EQ050
2025-09-23 14:40:00,1144.5,237.3,179415.53,6408.5,485.09,1497.02,49.71,20.9,20.62,4.49,340.72,P013,EQ001
2025-09-23 14:50:00,1159.74,250.4,177014.43,6141.19,440.1,1483.47,54.82,20.91,19.04,5.27,397.94,P005,EQ008
2025-09-23 15:00:00,1204.06,252.44,175632.43,6463.49,515.62,1515.78,51.72,21.13,20.34,5.3,314.06,P014,EQ015
2025-09-23 15:10:00,1226.75,258.8,161153.42,6224.32,533.58,1470.92,54.46,23.1,20.0,5.08,297.47,P009,EQ022
2025-09-23 15:20:00,1172.2,244.12,179875.35,6724.24,511.0,1494.15,46.68,22.1,19.32,4.52,336.27,P010,EQ029
2025-09-23 15:30:00,1205.85,264.16,172852.32,6383.18,480.49,1472.17,46.76,21.62,19.21,4.73,303.08,P003,EQ036
2025-09-23 15:40:00,1128.51,242.91,180131.96,6415.47,484.38,1494.84,54.7,21.52,20.27,4.66,342.14,P008,EQ043
2025-09-23 15:50:00,1232.95,239.59,174317.54,6321.04,512.25,1474.01,49.95,21.06,18.62,4.6,327.96,P011,EQ050
2025-09-23 16:00:00,1193.48,219.53,178724.41,6784.82,494.67,1476.96,55.31,20.92,21.17,4.59,324.66,P013,EQ001
2025-09-23 16:10:00,1186.78,252.64,176306.74,6886.06,522.11,1493.26,53.43,22.1,20.98,4.93,276.99,P010,EQ008
2025-09-23 16:20:00,1192.02,243.19,170769.53,6644.59,520.75,1492.18,57.27,22.28,20.8,4.97,284.91,P005,EQ015
2025-09-23 16:30:00,1224.05,243.68,173627.72,6561.03,479.4,1495.31,52.25,22.25,20.11,5.0,396.89,P001,EQ022
2025-09-23 16:40:00,1239.79,272.81,180403.52,6733.84,517.95,1519.37,45.56,20.78,19.5,5.24,267.73,P008,EQ029
2025-09-23 16:50:00,1218.63,216.48,187010.5,6431.02,435.08,1516.4,44.98,22.55,19.9,5.2,343.82,P002,EQ036
2025-09-23 17:00:00,1211.51,272.53,176717.72,6826.85,541.37,1441.32,42.19,22.43,20.72,5.24,360.62,P004,EQ043
2025-09-23 17:10:00,1239.97,245.32,175812.91,6239.13,566.37,1524.26,50.57,22.11,19.16,5.24,369.93,P007,EQ050
2025-09-23 17:20:00,1200.47,244.39,177435.51,6763.87,499.12,1567.56,37.6,21.66,18.4,4.78,312.11,P006,EQ001
2025-09-23 17:30:00,1267.42,243.84,169365.31,6839.55,558.88,1517.96,47.6,22.07,20.62,5.03,302.45,P013,EQ008
2025-09-23 17:40:00,1164.31,242.89,180035.14,6587.9,553.68,1506.9,51.63,21.98,18.62,4.6,345.63,P001,EQ015
2025-09-23 17:50:00,1142.81,256.0,176948.6,6446.71,523.33,1516.6,54.26,24.27,21.54,4.82,346.09,P012,EQ022
2025-09-23 18:00:00,1190.28,249.47,177925.27,6484.25,483.64,1472.29,56.83,21.98,20.74,4.59,292.24,P013,EQ029
2025-09-23 18:10:00,1169.48,247.54,174976.01,6495.55,515.99,1504.13,57.19,22.25,17.99,5.09,260.18,P005,EQ036
2025-09-23 18:20:00,1214.31,247.36,167789.55,6331.03,496.54,1512.39,44.09,21.18,19.54,5.28,326.0,P006,EQ043
2025-09-23 18:30:00,1221.32,252.58,178966.2,6581.32,462.11,1476.08,44.31,20.88,20.47,4.95,365.05,P002,EQ050
2025-09-23 18:40:00,1166.04,270.32,177974.04,6522.35,570.07,1504.05,48.31,21.94,19.93,5.01,352.88,P006,EQ001
2025-09-23 18:50:00,1143.94,228.26,174248.72,6506.75,546.88,1490.87,52.55,22.49,21.07,5.05,309.41,P010,EQ008
2025-09-23 19:00:00,1177.78,238.85,171449.63,6305.5,505.2,1482.63,48.14,21.17,21.33,4.98,342.4,P001,EQ015
2025-09-23 19:10:00,1187.93,246.92,172858.79,6644.29,515.3,1481.12,54.05,21.42,18.92,4.69,374.81,P004,EQ022
2025-09-23 19:20:00,1213.03,256.76,170891.59,6578.28,485.0,1497.42,50.29,21.47,19.06,5.73,299.58,P006,EQ029
2025-09-23 19:30:00,1205.73,268.83,175428.35,6323.86,571.47,1514.16,49.71,23.01,21.61,5.38,388.34,P008,EQ036
2025-09-23 19:40:00,1198.67,259.81,172128.71,6887.19,540.89,1466.33,56.86,23.09,21.4,4.77,387.42,P013,EQ043
2025-09-23 19:50:00,1224.8,239.3,180293.39,6457.75,530.28,1484.22,53.73,21.27,18.11,4.96,255.33,P003,EQ050
2025-09-23 20:00:00,1259.04,237.45,180829.29,6419.21,460.57,1509.18,52.05,21.89,18.56,5.33,322.22,P011,EQ001
2025-09-23 20:10:00,1160.4,258.31,179097.35,6477.55,527.41,1511.87,50.57,23.31,17.95,4.85,319.09,P014,EQ008
2025-09-23 20:20:00,1207.07,266.6,177652.63,6551.96,445.08,1481.35,56.34,23.04,19.08,5.35,330.55,P006,EQ015
2025-09-23 20:30:00,1183.22,248.86,186149.51,6148.89,532.12,1498.19,55.36,22.1,19.7,5.33,319.37,P014,EQ022
2025-09-23 20:40:00,1174.78,242.09,180423.05,6599.21,471.62,1506.54,37.22,20.6,21.75,4.62,312.09,P012,EQ029
2025-09-23 20:50:00,1206.16,253.7,183521.73,6436.67,543.16,1492.59,52.79,21.81,22.47,4.77,258.4,P009,EQ036
2025-09-23 21:00:00,1202.47,242.59,168077.4,6817.26,589.94,1496.31,52.14,22.62,21.72,5.09,294.9,P012,EQ043
2025-09-23 21:10:00,1165.62,254.66,167185.05,6337.97,516.42,1509.67,49.13,21.39,20.16,4.71,351.73,P009,EQ050
2025-09-23 21:20:00,1237.33,250.81,174966.63,6491.91,546.51,1467.93,51.3,21.36,19.82,4.92,330.38,P004,EQ001
2025-09-23 21:30:00,1207.19,248.92,178227.06,6408.52,535.33,1450.87,52.22,21.08,19.71,4.87,336.61,P006,EQ008
2025-09-23 21:40:00,1168.16,248.44,178628.3,6438.5,531.38,1482.7,56.34,20.45,20.6,4.48,369.93,P015,EQ015
2025-09-23 21:50:00,1234.71,253.04,176443.86,6516.19,429.12,1500.38,53.28,22.47,20.13,5.61,369.37,P002,EQ022
2025-09-23 22:00:00,1209.51,250.95,173838.56,6763.47,494.36,1470.85,60.53,21.89,19.79,5.29,395.44,P005,EQ029
2025-09-23 22:10:00,1159.25,258.41,168674.9,6205.91,473.87,1516.04,48.43,20.98,21.54,4.54,376.11,P006,EQ036
2025-09-23 22:20:00,1236.64,235.23,177920.03,6140.45,498.42,1484.69,45.84,22.84,18.9,5.16,397.54,P011,EQ043
2025-09-23 22:30:00,1190.61,268.07,173136.9,6500.25,517.1,1520.84,55.2,21.05,19.99,5.48,330.14,P003,EQ050
2025-09-23 22:40:00,1171.98,239.22,176582.76,6620.71,497.98,1526.02,52.58,22.29,20.2,5.2,335.65,P007,EQ001
2025-09-23 22:50:00,1238.83,229.2,165524.8,6442.04,513.37,1494.98,48.99,21.92,18.2,5.14,278.11,P002,EQ008
2025-09-23 23:00:00,1218.96,288.54,174694.48,6480.25,485.6,1452.31,49.53,23.74,18.01,5.33,379.69,P013,EQ015
2025-09-23 23:10:00,1171.65,251.52,176842.47,6361.08,496.65,1477.75,48.34,21.06,19.7,5.3,296.24,P014,EQ022
2025-09-23 23:20:00,1181.59,244.23,176965.83,6546.18,480.66,1469.88,45.0,23.06,18.24,5.03,297.17,P001,EQ029
2025-09-23 23:30:00,1183.72,235.76,179579.56,6073.67,519.39,1470.84,42.55,23.32,19.01,5.04,290.72,P002,EQ036
2025-09-23 23:40:00,1185.62,247.04,166823.53,6499.72,476.54,1523.97,46.3,21.56,21.67,4.53,324.56,P004,EQ043
2025-09-23 23:50:00,1225.77,256.12,173368.4,6771.71,463.45,1497.01,45.09,21.35,21.12,4.99,305.74,P014,EQ050
2025-09-24 00:00:00,1192.68,261.48,177657.01,6683.93,485.29,1476.55,48.17,21.03,18.95,4.75,392.61,P004,EQ001
2025-09-24 00:10:00,1148.86,244.08,175683.6,6742.91,505.27,1484.33,58.31,22.68,20.66,5.24,328.77,P003,EQ008
2025-09-24 00:20:00,1219.53,247.5,177893.1,6527.72,515.48,1488.55,52.03,22.15,18.62,3.82,266.83,P013,EQ015
2025-09-24 00:30:00,1209.54,239.99,179585.8,6115.2,511.36,1506.14,52.65,21.43,20.93,5.04,255.61,P004,EQ022
2025-09-24 00:40:00,1173.48,249.85,170656.6,6474.64,516.59,1512.3,52.85,22.82,19.55,5.2,387.0,P008,EQ029
2025-09-24 00:50:00,1171.76,258.71,174897.87,6720.26,519.79,1496.05,54.93,22.49,18.87,4.84,325.9,P013,EQ036
2025-09-24 01:00:00,1180.56,236.59,181523.75,6367.92,462.72,1546.46,60.64,21.39,18.14,5.25,322.4,P009,EQ043
2025-09-24 01:10:00,1188.85,241.56,179268.13,6234.58,457.93,1485.67,49.82,20.93,20.0,5.34,273.11,P006,EQ050
2025-09-24 01:20:00,1183.84,248.25,179650.05,6432.44,514.71,1502.91,45.03,21.13,21.43,5.36,388.55,P012,EQ001
2025-09-24 01:30:00,1198.51,242.15,182476.73,6141.76,488.24,1521.15,49.13,21.42,20.6,5.51,381.08,P005,EQ008
2025-09-24 01:40:00,1185.01,232.97,178966.71,6685.51,490.33,1507.61,55.41,21.77,18.82,5.16,366.33,P003,EQ015
2025-09-24 01:50:00,1233.02,223.42,183727.39,6610.07,543.75,1500.72,58.81,21.18,20.53,4.62,365.42,P002,EQ022
2025-09-24 02:00:00,1249.25,259.42,167829.89,6230.16,496.69,1460.12,51.67,21.45,21.06,4.91,373.32,P009,EQ029
2025-09-24 02:10:00,1212.68,254.66,176454.1,6144.99,474.51,1480.24,42.86,20.4,19.88,4.71,351.51,P003,EQ036
2025-09-24 02:20:00,1225.43,225.53,174127.03,6295.17,503.31,1504.92,45.93,22.67,20.36,5.52,280.78,P001,EQ043
2025-09-24 02:30:00,1129.95,224.0,171343.4,6694.02,488.5,1531.53,46.72,22.59,19.8,4.88,318.91,P012,EQ050
2025-09-24 02:40:00,1196.36,260.83,172301.52,6364.04,537.91,1490.79,45.97,21.86,19.01,4.44,379.72,P002,EQ001
2025-09-24 02:50:00,1257.73,261.7,171812.12,6476.32,509.03,1497.96,49.84,22.17,21.3,4.89,250.62,P015,EQ008
2025-09-24 03:00:00,1198.23,238.74,175671.02,6561.07,438.53,1476.02,41.88,21.3,20.78,5.04,256.6,P014,EQ015
2025-09-24 03:10:00,1268.77,250.84,175326.3,6542.15,475.39,1484.64,55.25,22.73,20.08,5.27,339.14,P002,EQ022
2025-09-24 03:20:00,1173.68,217.09,181948.02,6793.06,457.48,1504.54,45.33,22.06,19.95,5.3,299.99,P015,EQ029
2025-09-24 03:30:00,1169.97,256.21,171469.02,6521.63,483.58,1523.07,54.4,22.7,21.79,5.38,256.92,P009,EQ036
2025-09-24 03:40:00,1188.2,253.94,177922.1,6404.92,510.57,1533.66,49.92,21.48,19.89,5.33,364.93,P012,EQ043
2025-09-24 03:50:00,1215.57,252.58,176580.72,6529.26,487.12,1489.39,49.71,23.96,19.15,4.71,296.87,P010,EQ050
2025-09-24 04:00:00,1168.72,256.58,178806.94,6302.86,452.66,1472.86,39.46,21.94,20.43,4.69,363.77,P011,EQ001
2025-09-24 04:10:00,1213.52,280.43,166341.48,6350.2,467.44,1483.59,55.26,22.29,21.03,5.26,383.82,P006,EQ008
2025-09-24 04:20:00,1219.36,262.98,169750.68,6348.54,506.09,1483.08,48.94,21.63,19.85,5.18,280.08,P005,EQ015
2025-09-24 04:30:00,1203.21,243.7,177994.22,6452.94,525.05,1533.97,47.32,20.1,19.84,4.74,291.5,P006,EQ022
2025-09-24 04:40:00,1202.24,250.7,174378.63,6650.16,451.78,1525.3,46.77,22.52,20.15,5.17,365.92,P011,EQ029
2025-09-24 04:50:00,1209.59,223.16,173075.86,6543.32,527.6,1524.46,57.78,21.81,19.24,4.75,267.65,P003,EQ036
2025-09-24 05:00:00,1239.53,277.29,179859.77,6447.01,473.7,1499.98,48.49,22.07,18.5,4.54,273.62,P002,EQ043
2025-09-24 05:10:00,1259.36,233.7,172569.56,6707.93,562.63,1515.44,53.15,23.54,20.03,5.05,252.29,P010,EQ050
2025-09-24 05:20:00,1145.27,233.11,173255.65,6380.99,527.13,1497.19,49.37,20.96,22.23,4.82,333.94,P002,EQ001
2025-09-24 05:30:00,1218.35,241.88,171473.62,6650.82,462.26,1503.27,47.98,23.04,20.81,5.04,280.99,P006,EQ008
2025-09-24 05:40:00,1214.08,229.82,176467.07,6809.95,511.94,1483.09,52.05,20.36,18.29,5.31,332.4,P005,EQ015
2025-09-24 05:50:00,1187.82,277.21,178849.33,6566.7,482.99,1507.11,53.14,22.6,20.77,5.77,271.23,P012,EQ022
2025-09-24 06:00:00,1202.19,222.35,172617.03,6491.19,487.72,1438.06,44.05,22.91,18.83,5.43,370.6,P010,EQ029
2025-09-24 06:10:00,1174.64,265.15,172597.79,6682.28,566.57,1511.92,59.86,20.94,20.09,5.21,286.72,P002,EQ036
2025-09-24 06:20:00,1199.34,241.35,170454.81,6415.33,496.81,1515.24,50.42,22.1,21.43,5.67,296.71,P015,EQ043
2025-09-24 06:30:00,1209.18,254.76,174544.31,6685.79,536.98,1486.0,51.77,21.44,19.54,4.83,300.81,P008,EQ050
2025-09-24 06:40:00,1192.75,252.76,177521.48,6547.53,481.18,1505.94,53.85,23.78,20.38,5.03,257.61,P001,EQ001
2025-09-24 06:50:00,1204.34,241.56,172660.11,6440.32,551.87,1503.52,44.57,23.28,18.95,5.77,320.61,P011,EQ008
2025-09-24 07:00:00,1206.34,258.04,171250.83,6380.08,577.18,1531.29,44.17,19.97,18.06,4.74,257.57,P007,EQ015
2025-09-24 07:10:00,1193.6,248.8,177557.43,6217.31,472.95,1468.33,50.54,22.32,18.81,4.89,258.07,P007,EQ022
2025-09-24 07:20:00,1225.62,303.23,173393.78,6726.13,459.51,1507.31,63.05,22.85,19.14,4.99,308.79,P012,EQ029
2025-09-24 07:30:00,1132.11,274.91,171919.22,6619.74,470.51,1491.93,49.8,21.91,21.39,4.91,339.42,P010,EQ036
2025-09-24 07:40:00,1207.58,264.9,179106.37,6754.45,470.06,1525.41,45.56,21.83,20.74,5.48,344.42,P012,EQ043
2025-09-24 07:50:00,1164.99,258.62,176291.11,6312.41,446.43,1484.39,52.7,24.14,20.68,5.26,354.9,P010,EQ050
2025-09-24 08:00:00,1213.71,234.06,172124.42,6374.37,514.56,1481.78,42.3,21.6,19.73,4.67,303.34,P006,EQ001
2025-09-24 08:10:00,1242.74,257.67,171798.77,6526.5,489.51,1486.9,43.4,20.44,21.03,4.96,372.62,P012,EQ008
2025-09-24 08:20:00,1222.1,258.61,178886.35,6435.43,496.08,1480.41,36.59,21.19,20.69,4.78,363.76,P013,EQ015
2025-09-24 08:30:00,1162.15,249.74,175403.12,6169.18,474.8,1452.97,56.47,21.51,21.3,5.7,330.02,P015,EQ022
2025-09-24 08:40:00,1131.0,223.56,181434.32,6285.7,477.27,1467.7,43.56,20.23,19.23,5.28,363.36,P008,EQ029
2025-09-24 08:50:00,1157.8,260.38,173153.28,6542.39,488.09,1486.14,57.99,19.8,20.2,5.43,335.17,P002,EQ036
2025-09-24 09:00:00,1225.55,236.19,172555.74,6471.96,482.86,1493.78,43.49,22.26,20.48,4.59,371.93,P015,EQ043
2025-09-24 09:10:00,1205.03,240.2,181633.04,6441.67,509.26,1472.42,43.01,20.84,21.26,5.24,354.79,P002,EQ050
2025-09-24 09:20:00,1237.93,278.97,179859.65,6534.31,542.04,1519.26,50.23,22.1,20.75,5.32,318.34,P011,EQ001
2025-09-24 09:30:00,1186.27,257.91,178352.39,6435.02,519.63,1474.7,47.04,20.61,19.97,5.03,346.66,P013,EQ008
2025-09-24 09:40:00,1188.46,247.99,171829.42,6511.96,529.01,1518.67,47.12,22.29,20.32,4.84,319.81,P004,EQ015
2025-09-24 09:50:00,1196.69,252.35,177167.75,6377.72,482.79,1481.13,46.68,21.24,18.64,4.79,392.12,P003,EQ022
2025-09-24 10:00:00,1203.2,250.08,180211.99,6662.13,549.85,1499.52,54.63,21.71,18.61,5.63,379.16,P010,EQ029
2025-09-24 10:10:00,1211.77,274.56,184032.0,6354.36,477.27,1497.15,51.95,23.96,20.97,4.82,288.71,P006,EQ036
2025-09-24 10:20:00,1191.88,254.18,173740.57,6727.54,486.36,1503.91,43.15,22.3,21.23,4.73,308.81,P012,EQ043
2025-09-24 10:30:00,1184.67,252.37,183298.12,6904.49,548.04,1478.56,56.6,22.46,19.1,4.59,387.59,P006,EQ050
2025-09-24 10:40:00,1140.85,246.33,167266.47,6409.46,490.23,1530.94,48.02,21.51,20.14,5.14,368.32,P015,EQ001
2025-09-24 10:50:00,1197.59,247.93,170222.17,6691.94,495.35,1487.87,47.98,20.81,21.05,5.37,298.71,P008,EQ008
2025-09-24 11:00:00,1172.13,269.1,171462.96,6625.72,495.03,1495.09,51.81,22.6,20.91,5.2,254.54,P008,EQ015
2025-09-24 11:10:00,1185.87,260.21,164324.03,6420.95,513.72,1541.06,48.84,22.01,20.0,4.87,266.93,P008,EQ022
2025-09-24 11:20:00,1186.29,252.42,179844.15,5942.13,444.7,1507.45,42.05,21.62,20.11,4.99,319.19,P003,EQ029
2025-09-24 11:30:00,1188.52,262.22,164820.17,6481.56,500.8,1478.72,50.09,22.18,20.66,5.36,292.34,P006,EQ036
2025-09-24 11:40:00,1189.58,266.43,179187.28,6051.81,515.18,1538.13,48.46,23.46,19.57,5.15,340.67,P003,EQ043
2025-09-24 11:50:00,1181.06,242.33,181601.93,6633.01,526.07,1503.03,47.4,23.11,19.4,5.0,326.19,P007,EQ050
2025-09-24 12:00:00,1182.33,283.36,171563.99,6547.94,477.22,1500.33,44.44,22.35,19.87,4.62,372.63,P013,EQ001
2025-09-24 12:10:00,1185.01,200.5,172075.24,6338.1,469.66,1468.18,46.81,23.01,19.31,5.43,266.05,P009,EQ008
2025-09-24 12:20:00,1235.16,250.86,176564.36,6603.45,446.34,1456.07,50.38,23.61,18.77,4.88,347.42,P013,EQ015
2025-09-24 12:30:00,1233.88,265.47,177211.97,6442.1,491.63,1506.66,55.13,23.57,19.96,5.32,295.32,P008,EQ022
2025-09-24 12:40:00,1209.91,263.89,185218.37,6580.73,476.56,1489.16,50.63,22.26,19.85,5.1,310.12,P007,EQ029
2025-09-24 12:50:00,1153.47,254.58,173219.17,6985.94,515.33,1469.82,42.8,22.36,19.87,5.28,285.79,P004,EQ036
2025-09-24 13:00:00,1212.27,235.06,169507.92,6594.03,483.61,1507.37,48.36,21.5,21.71,4.85,332.19,P008,EQ043
2025-09-24 13:10:00,1215.65,235.65,174395.68,6461.78,475.12,1481.25,53.29,22.36,21.21,4.96,307.57,P006,EQ050
2025-09-24 13:20:00,1141.29,234.45,181771.62,6696.27,531.14,1469.26,47.39,22.88,20.29,4.71,281.24,P012,EQ001
2025-09-24 13:30:00,1140.02,262.1,171081.0,6407.99,496.59,1520.06,55.66,22.21,18.39,4.78,338.65,P013,EQ008
2025-09-24 13:40:00,1175.6,253.98,184546.82,6694.88,523.03,1483.65,50.79,21.5,20.39,5.17,397.03,P010,EQ015
2025-09-24 13:50:00,1246.79,250.62,172875.01,6616.98,441.68,1512.06,43.19,22.53,19.71,5.17,368.1,P009,EQ022
2025-09-24 14:00:00,1224.7,266.72,170974.59,6712.19,486.33,1477.1,43.7,21.81,20.2,4.72,354.12,P003,EQ029
2025-09-24 14:10:00,1181.41,249.88,172037.19,6531.56,442.82,1469.39,51.75,23.57,19.36,4.4,349.39,P002,EQ036
2025-09-24 14:20:00,1187.49,243.58,176003.79,6471.27,508.96,1486.34,42.6,21.97,20.46,5.39,360.91,P012,EQ043
2025-09-24 14:30:00,1149.7,245.45,174075.01,6659.94,521.81,1516.56,46.88,21.63,19.83,4.7,336.13,P008,EQ050
2025-09-24 14:40:00,1192.97,242.88,175129.25,6580.13,496.69,1479.36,47.11,22.17,21.11,4.94,267.15,P010,EQ001
2025-09-24 14:50:00,1157.8,286.46,175555.09,6644.58,499.12,1501.43,47.74,22.37,20.62,4.75,319.44,P009,EQ008
2025-09-24 15:00:00,1208.15,261.19,178630.27,6556.55,509.46,1493.89,47.35,22.39,22.14,4.41,264.65,P008,EQ015
2025-09-24 15:10:00,1227.0,277.36,175729.06,6619.1,525.97,1481.27,51.45,22.64,19.83,5.06,276.43,P007,EQ022
2025-09-24 15:20:00,1195.37,264.08,175759.7,6404.88,536.49,1484.08,48.62,22.75,19.86,5.16,260.44,P002,EQ029
2025-09-24 15:30:00,1229.75,257.88,174378.07,6760.76,489.62,1524.96,45.91,22.11,20.04,4.88,352.83,P010,EQ036
2025-09-24 15:40:00,1154.97,242.02,177998.24,6753.34,493.14,1514.0,53.69,22.61,20.26,5.12,365.7,P007,EQ043
2025-09-24 15:50:00,1230.44,247.95,175109.42,6213.49,510.54,1513.51,47.62,22.41,19.03,4.8,299.11,P011,EQ050
2025-09-24 16:00:00,1178.57,254.07,174403.33,6324.9,475.8,1477.25,44.24,21.79,20.12,4.61,349.02,P002,EQ001
2025-09-24 16:10:00,1216.36,257.52,180589.51,6502.95,508.53,1485.52,57.21,21.83,20.21,4.8,282.64,P003,EQ008
2025-09-24 16:20:00,1189.13,280.62,178357.75,6773.82,502.64,1518.13,39.77,22.45,20.42,5.23,383.09,P015,EQ015
2025-09-24 16:30:00,1203.94,255.64,174646.13,6413.39,499.48,1555.83,53.04,21.58,18.58,5.06,363.25,P013,EQ022
2025-09-24 16:40:00,1213.55,236.88,176671.64,6618.07,552.93,1510.84,53.57,22.34,19.09,5.16,250.03,P003,EQ029
2025-09-24 16:50:00,1196.57,230.03,175872.68,6530.48,514.61,1474.94,42.88,22.86,21.17,4.79,349.13,P008,EQ036
2025-09-24 17:00:00,1212.4,244.25,176142.86,6443.52,534.57,1485.95,49.58,21.74,19.45,5.27,329.69,P007,EQ043
2025-09-24 17:10:00,1213.82,240.43,180709.9,6632.23,551.56,1525.76,48.86,22.5,20.41,4.99,342.34,P008,EQ050
2025-09-24 17:20:00,1263.29,259.0,175233.25,6371.55,517.92,1498.71,56.27,21.39,17.19,5.49,279.35,P011,EQ001
2025-09-24 17:30:00,1248.91,220.46,173427.22,6425.04,517.81,1522.48,53.0,21.5,19.63,4.64,381.61,P005,EQ008
2025-09-24 17:40:00,1205.19,253.18,170128.65,6547.31,470.09,1518.56,41.54,20.04,19.22,4.99,335.54,P015,EQ015
2025-09-24 17:50:00,1210.48,251.08,176918.43,6534.62,508.55,1490.79,44.42,22.9,20.2,5.34,351.93,P015,EQ022
2025-09-24 18:00:00,1201.2,278.91,176625.76,6462.83,539.13,1496.66,53.78,23.37,20.91,4.59,391.5,P007,EQ029
2025-09-24 18:10:00,1189.58,230.38,170738.78,6547.25,468.4,1503.94,58.45,20.7,19.6,4.61,357.67,P015,EQ036
2025-09-24 18:20:00,1210.39,259.51,171850.06,6698.5,460.7,1486.7,45.02,21.27,20.49,4.74,301.64,P002,EQ043
2025-09-24 18:30:00,1169.06,256.75,174569.04,6409.97,485.68,1510.3,48.94,23.48,20.08,5.02,337.41,P010,EQ050
2025-09-24 18:40:00,1188.84,278.52,162688.18,6269.01,470.49,1530.58,49.49,19.96,18.32,4.9,397.96,P007,EQ001
2025-09-24 18:50:00,1171.99,234.57,180129.21,6452.55,541.4,1502.62,51.03,22.83,17.81,5.13,377.15,P014,EQ008
2025-09-24 19:00:00,1234.42,251.86,180032.48,6204.84,511.04,1504.48,48.74,22.96,19.49,4.75,294.13,P006,EQ015
2025-09-24 19:10:00,1212.98,239.55,175863.69,6526.38,512.87,1461.67,47.65,22.69,17.15,4.99,385.16,P001,EQ022
2025-09-24 19:20:00,1182.82,243.2,171929.63,6583.15,513.25,1513.45,50.32,23.72,20.21,4.28,250.13,P009,EQ029
2025-09-24 19:30:00,1172.84,274.39,174114.07,6295.16,488.17,1482.74,50.83,20.9,20.34,5.6,373.11,P006,EQ036
2025-09-24 19:40:00,1199.31,277.44,176410.26,6322.23,515.27,1494.44,52.72,22.28,19.1,5.48,266.45,P005,EQ043
2025-09-24 19:50:00,1176.4,246.1,168531.96,6569.97,492.09,1493.61,45.58,22.05,20.28,5.15,379.85,P004,EQ050
2025-09-24 20:00:00,1150.32,253.09,180829.39,6347.42,453.13,1487.03,54.45,21.96,20.92,5.45,314.76,P010,EQ001
2025-09-24 20:10:00,1181.61,256.91,183574.0,6150.18,490.91,1497.43,53.31,22.26,19.21,4.97,309.14,P006,EQ008
2025-09-24 20:20:00,1190.34,251.99,174833.64,6586.44,488.77,1496.46,51.92,22.4,19.19,4.9,356.77,P007,EQ015
2025-09-24 20:30:00,1216.26,243.18,173446.72,6328.34,494.65,1487.06,59.44,21.27,19.47,5.16,307.23,P009,EQ022
2025-09-24 20:40:00,1213.01,260.4,177393.61,6545.29,483.35,1504.85,49.21,23.19,20.64,5.23,281.68,P003,EQ029
2025-09-24 20:50:00,1200.58,261.73,173419.59,6541.46,470.2,1485.79,51.04,22.52,20.42,5.27,321.23,P004,EQ036
2025-09-24 21:00:00,1176.16,266.55,178548.34,6243.24,496.88,1494.59,59.94,23.49,20.39,5.05,333.31,P014,EQ043
2025-09-24 21:10:00,1222.09,240.18,178358.17,6493.57,525.55,1468.2,50.69,23.18,19.43,5.17,388.67,P014,EQ050
2025-09-24 21:20:00,1175.02,247.69,167095.48,6674.76,459.87,1512.61,46.88,20.73,20.37,4.94,312.59,P005,EQ001
2025-09-24 21:30:00,1162.53,253.42,177801.82,6535.08,506.36,1497.25,50.32,23.03,19.75,4.53,399.62,P011,EQ008
2025-09-24 21:40:00,1139.24,268.43,176138.09,6284.42,516.59,1485.42,54.67,21.72,19.47,5.2,268.83,P001,EQ015
2025-09-24 21:50:00,1192.32,246.51,174984.36,7013.01,520.63,1511.5,52.43,21.42,18.97,5.38,260.76,P001,EQ022
2025-09-24 22:00:00,1249.52,270.76,179469.19,6715.29,474.17,1491.34,50.15,22.32,18.77,4.66,271.6,P015,EQ029
2025-09-24 22:10:00,1208.08,260.62,169109.66,6163.4,512.4,1528.98,54.3,21.91,19.51,4.78,323.01,P007,EQ036
2025-09-24 22:20:00,1199.85,246.39,179810.25,6527.8,516.29,1501.19,50.24,21.84,18.52,5.18,396.25,P003,EQ043
2025-09-24 22:30:00,1152.37,300.76,174903.75,6332.16,513.57,1479.08,56.39,23.94,20.86,4.82,262.7,P011,EQ050
2025-09-24 22:40:00,1180.83,292.08,174633.23,6347.25,530.49,1523.3,53.36,20.87,20.0,5.19,370.89,P014,EQ001
2025-09-24 22:50:00,1193.61,265.75,172342.04,6701.75,508.87,1510.58,53.53,22.15,20.74,4.28,318.4,P013,EQ008
2025-09-24 23:00:00,1179.63,249.54,172635.6,6522.96,486.67,1508.97,48.67,24.92,18.03,4.77,354.31,P015,EQ015
2025-09-24 23:10:00,1147.12,232.81,172549.29,6013.97,487.35,1525.86,54.7,21.71,19.78,4.58,313.86,P003,EQ022
2025-09-24 23:20:00,1242.87,259.63,171252.57,6412.65,517.8,1473.27,48.87,22.81,19.99,5.26,318.16,P007,EQ029
2025-09-24 23:30:00,1202.93,269.82,176905.81,6514.63,482.5,1512.36,55.68,23.7,20.74,4.71,332.81,P008,EQ036
2025-09-24 23:40:00,1171.4,250.4,174626.96,6920.45,508.26,1477.03,44.32,22.22,19.35,4.53,307.71,P004,EQ043
2025-09-24 23:50:00,1232.25,266.11,166601.53,6832.79,499.64,1472.33,50.11,20.95,20.89,5.34,277.87,P010,EQ050
2025-09-25 00:00:00,1194.98,253.76,179099.58,6670.66,552.79,1506.22,49.27,22.37,18.43,5.05,251.11,P008,EQ001
2025-09-25 00:10:00,1216.64,234.56,173787.14,6886.97,521.84,1504.02,46.97,22.37,19.51,5.47,377.02,P004,EQ008
2025-09-25 00:20:00,1186.64,245.91,174151.54,6421.26,520.92,1487.74,48.61,22.56,19.19,5.36,356.82,P005,EQ015
2025-09-25 00:30:00,1190.42,226.83,173323.7,6383.91,527.15,1518.22,43.84,22.9,17.75,4.99,311.63,P009,EQ022
2025-09-25 00:40:00,1243.83,244.3,165806.3,6693.52,464.58,1496.86,45.26,23.35,20.68,5.17,336.45,P001,EQ029
2025-09-25 00:50:00,1223.18,230.64,179568.08,6601.88,463.12,1490.32,49.53,22.28,20.15,5.7,396.74,P010,EQ036
2025-09-25 01:00:00,1201.58,261.37,172068.85,6359.67,519.26,1488.33,49.17,21.53,20.59,4.88,322.49,P006,EQ043
2025-09-25 01:10:00,1173.45,241.92,176011.02,6598.29,557.71,1474.31,45.18,21.93,19.71,4.93,266.97,P008,EQ050
2025-09-25 01:20:00,1250.52,276.45,171654.39,6335.65,447.14,1484.09,54.97,21.2,20.13,4.39,394.26,P002,EQ001
2025-09-25 01:30:00,1166.59,240.85,168578.34,6458.33,519.68,1475.14,58.19,21.9,20.9,5.16,271.31,P012,EQ008
2025-09-25 01:40:00,1204.43,263.68,173383.91,6502.17,492.35,1480.82,60.65,19.87,20.39,5.25,328.96,P014,EQ015
2025-09-25 01:50:00,1188.81,247.65,174989.89,6646.41,515.02,1496.13,48.69,23.3,19.97,4.96,397.55,P013,EQ022
2025-09-25 02:00:00,1179.8,250.77,180314.14,6671.22,467.99,1489.85,45.0,22.51,19.92,4.95,291.91,P009,EQ029
2025-09-25 02:10:00,1156.0,246.63,175737.89,6696.09,485.01,1505.49,51.82,22.97,19.35,5.28,261.74,P015,EQ036
2025-09-25 02:20:00,1182.32,239.15,170215.37,6555.9,497.89,1488.02,46.65,21.46,21.65,5.21,341.51,P004,EQ043
2025-09-25 02:30:00,1241.7,230.39,174128.68,6364.49,498.83,1477.52,58.3,22.19,19.56,5.34,320.87,P012,EQ050
2025-09-25 02:40:00,1193.55,237.63,173334.48,6315.81,499.69,1482.27,48.54,21.34,19.44,5.26,349.56,P011,EQ001
2025-09-25 02:50:00,1226.93,262.01,175014.13,6467.82,503.68,1554.45,59.62,22.04,20.93,4.65,261.71,P011,EQ008
2025-09-25 03:00:00,1194.95,236.83,172405.95,6321.5,507.2,1505.71,44.31,23.93,22.0,4.88,330.88,P010,EQ015
2025-09-25 03:10:00,1196.7,243.55,180347.97,6399.53,530.41,1510.91,42.73,20.9,20.25,5.29,296.87,P001,EQ022
2025-09-25 03:20:00,1183.79,257.15,168115.05,6116.24,493.83,1511.71,53.36,22.34,18.33,5.3,385.54,P009,EQ029
2025-09-25 03:30:00,1178.81,244.04,178343.23,6508.56,483.36,1474.85,48.48,20.55,17.61,4.47,366.78,P008,EQ036
2025-09-25 03:40:00,1221.01,252.06,172040.7,6640.86,483.25,1472.55,52.61,22.42,19.6,4.52,318.11,P015,EQ043
2025-09-25 03:50:00,1232.2,266.33,179280.08,6447.75,486.99,1502.72,48.94,21.77,20.61,4.51,320.38,P012,EQ050
2025-09-25 04:00:00,1200.09,264.4,168633.55,6497.88,489.25,1502.03,47.39,20.36,19.61,5.22,299.73,P006,EQ001
2025-09-25 04:10:00,1215.2,240.12,173130.05,6479.89,466.9,1528.25,45.19,21.31,17.86,4.97,394.09,P013,EQ008
2025-09-25 04:20:00,1255.05,232.37,177269.02,6545.41,472.34,1488.76,44.4,22.67,20.04,5.48,294.19,P003,EQ015
2025-09-25 04:30:00,1176.57,257.62,171046.97,6594.95,402.25,1496.66,57.53,21.6,20.33,4.72,255.3,P015,EQ022
2025-09-25 04:40:00,1223.39,231.49,170650.97,6238.59,449.26,1485.72,59.63,20.39,18.81,4.85,339.65,P005,EQ029
2025-09-25 04:50:00,1195.57,275.96,178617.35,6863.53,519.39,1469.81,47.57,23.04,20.37,4.71,359.05,P010,EQ036
2025-09-25 05:00:00,1162.06,264.7,175482.13,6749.31,515.35,1484.78,45.36,23.46,22.14,4.82,289.07,P011,EQ043
2025-09-25 05:10:00,1189.42,230.89,179034.28,6602.98,482.68,1516.61,46.98,22.22,21.22,4.87,320.97,P003,EQ050
2025-09-25 05:20:00,1171.3,229.94,176111.57,5995.92,502.15,1466.41,49.35,22.12,21.29,5.35,335.93,P011,EQ001
2025-09-25 05:30:00,1236.5,261.1,179821.49,6537.66,475.29,1493.25,50.17,22.26,18.79,4.93,398.55,P013,EQ008
2025-09-25 05:40:00,1232.21,249.52,177744.55,6500.49,553.01,1475.12,57.06,21.3,18.8,4.88,360.61,P001,EQ015
2025-09-25 05:50:00,1216.49,246.94,175344.42,6237.7,447.39,1517.34,46.83,22.31,20.1,5.05,293.02,P002,EQ022
2025-09-25 06:00:00,1187.12,241.49,175901.25,6266.16,529.0,1498.41,49.81,22.02,19.17,4.69,269.02,P002,EQ029
2025-09-25 06:10:00,1190.86,236.91,172605.04,6350.39,519.6,1464.08,53.8,20.9,19.74,5.01,377.72,P005,EQ036
2025-09-25 06:20:00,1196.3,277.66,176128.16,6642.62,462.34,1520.12,62.08,22.09,20.79,4.99,287.81,P010,EQ043
2025-09-25 06:30:00,1166.16,258.53,166893.08,6432.46,502.47,1529.37,50.19,20.79,18.76,4.99,292.15,P014,EQ050
2025-09-25 06:40:00,1216.59,253.17,175522.25,6586.64,552.78,1492.74,40.86,22.97,20.55,5.17,288.54,P012,EQ001
2025-09-25 06:50:00,1164.26,250.52,176228.75,6515.53,495.41,1505.76,52.17,22.04,19.86,5.15,266.73,P003,EQ008
2025-09-25 07:00:00,1178.88,274.2,175094.13,6467.87,565.97,1507.13,43.84,19.71,20.98,4.85,386.52,P012,EQ015
2025-09-25 07:10:00,1129.72,245.77,174741.46,6715.47,501.13,1485.5,47.88,23.09,20.04,5.3,272.67,P008,EQ022
2025-09-25 07:20:00,1150.08,237.78,174158.36,6461.22,488.82,1494.27,54.81,22.77,20.92,4.9,305.47,P003,EQ029
2025-09-25 07:30:00,1219.22,254.35,184779.4,6820.35,490.84,1508.39,46.2,20.8,19.11,4.61,289.19,P012,EQ036
2025-09-25 07:40:00,1192.92,254.36,184241.05,6723.61,488.98,1489.01,47.44,22.67,19.98,4.61,285.43,P003,EQ043
2025-09-25 07:50:00,1219.82,267.01,177918.87,6548.84,461.59,1488.97,49.51,20.67,19.9,4.79,369.91,P014,EQ050
2025-09-25 08:00:00,1203.06,238.81,169742.88,6442.84,470.58,1510.98,50.82,21.78,18.73,4.58,254.96,P002,EQ001
2025-09-25 08:10:00,1219.87,234.67,184844.65,6338.1,533.24,1463.86,51.83,20.15,20.69,5.02,395.1,P010,EQ008
2025-09-25 08:20:00,1138.24,223.83,169126.94,6423.48,489.78,1528.96,49.4,21.83,20.54,5.12,390.09,P003,EQ015
2025-09-25 08:30:00,1203.23,272.92,171925.8,6443.57,467.49,1478.74,49.38,22.04,19.26,5.19,375.64,P013,EQ022
2025-09-25 08:40:00,1138.65,248.11,170445.27,6532.48,495.57,1507.61,48.38,22.63,20.21,4.87,399.04,P013,EQ029
2025-09-25 08:50:00,1213.74,233.47,180031.05,6574.57,445.27,1512.09,43.3,22.06,21.74,4.96,307.48,P011,EQ036
2025-09-25 09:00:00,1214.75,232.29,168352.11,6288.94,507.38,1495.05,57.37,24.2,20.88,4.99,316.03,P011,EQ043
2025-09-25 09:10:00,1192.76,251.49,166647.52,6492.69,517.79,1527.74,55.18,22.08,19.17,5.24,275.09,P010,EQ050
2025-09-25 09:20:00,1159.94,252.25,172557.41,6376.61,463.77,1483.11,52.01,22.79,20.0,4.66,360.15,P006,EQ001
2025-09-25 09:30:00,1211.37,264.19,170410.23,6404.72,543.97,1490.07,56.84,22.93,19.56,5.3,258.15,P005,EQ008
2025-09-25 09:40:00,1202.74,236.01,172419.32,5973.68,484.01,1534.91,52.75,20.9,20.88,4.97,363.32,P002,EQ015
2025-09-25 09:50:00,1191.88,228.51,181183.48,6416.43,513.98,1502.93,37.93,21.69,20.03,4.86,257.88,P008,EQ022
2025-09-25 10:00:00,1237.28,265.86,171252.24,6522.47,506.69,1539.75,54.95,22.5,19.76,5.3,309.81,P005,EQ029
2025-09-25 10:10:00,1243.37,249.07,179800.65,6576.43,560.43,1454.68,56.84,22.08,20.48,5.47,321.44,P013,EQ036
2025-09-25 10:20:00,1259.37,248.6,175889.33,6710.37,494.49,1488.05,44.06,22.11,19.32,5.1,388.37,P004,EQ043
2025-09-25 10:30:00,1164.99,232.36,178933.11,6385.62,477.7,1463.68,51.13,20.71,20.05,5.42,306.97,P012,EQ050
2025-09-25 10:40:00,1212.33,244.61,175663.69,6282.23,486.11,1514.8,53.32,21.38,18.79,5.07,308.51,P005,EQ001
2025-09-25 10:50:00,1215.35,247.65,177219.1,6734.37,509.04,1487.97,51.99,22.68,19.1,4.45,271.77,P014,EQ008
2025-09-25 11:00:00,1207.9,255.12,179700.63,6655.75,475.61,1469.65,48.35,20.51,20.82,4.84,315.21,P005,EQ015
2025-09-25 11:10:00,1269.58,235.08,174969.36,6708.08,525.29,1453.56,57.07,21.98,21.5,5.07,389.08,P008,EQ022
2025-09-25 11:20:00,1146.65,289.5,166737.63,6563.94,500.61,1469.18,48.08,22.23,20.65,4.99,307.3,P006,EQ029
2025-09-25 11:30:00,1229.53,264.37,177815.56,6734.93,490.17,1533.76,49.28,21.4,20.69,4.95,394.26,P011,EQ036
2025-09-25 11:40:00,1153.73,248.48,180702.74,6247.85,511.8,1489.89,50.39,23.31,20.3,4.9,393.38,P002,EQ043
2025-09-25 11:50:00,1175.96,249.86,173767.22,6553.81,482.57,1497.08,44.04,21.7,20.65,4.9,387.66,P011,EQ050
2025-09-25 12:00:00,1199.82,251.27,178567.78,6382.75,503.2,1513.3,55.1,21.4,19.41,5.08,303.07,P014,EQ001
2025-09-25 12:10:00,1169.99,223.6,189339.96,6532.73,455.84,1483.92,54.51,21.71,21.52,5.33,314.77,P015,EQ008
2025-09-25 12:20:00,1152.56,249.44,173753.97,6427.4,529.47,1526.25,45.92,22.91,20.58,5.33,347.81,P005,EQ015
2025-09-25 12:30:00,1221.73,242.83,173165.76,6770.38,491.18,1518.88,47.59,20.88,20.87,4.73,300.25,P005,EQ022
2025-09-25 12:40:00,1209.57,269.08,178718.02,6298.09,517.91,1524.22,47.59,21.33,18.0,5.13,370.35,P005,EQ029
2025-09-25 12:50:00,1204.68,260.01,172021.15,6590.49,514.94,1486.63,55.43,22.29,19.9,4.22,348.15,P007,EQ036
2025-09-25 13:00:00,1229.62,271.0,175307.74,6635.84,520.03,1489.03,58.9,22.57,19.56,5.61,319.17,P011,EQ043
2025-09-25 13:10:00,1160.97,250.05,171394.67,6343.13,522.97,1499.88,47.95,21.42,20.27,5.0,362.36,P012,EQ050
2025-09-25 13:20:00,1209.97,248.13,177162.13,6472.35,456.31,1517.96,36.86,23.21,21.2,4.93,350.78,P013,EQ001
2025-09-25 13:30:00,1182.91,259.96,182480.95,6646.29,473.68,1496.26,41.45,20.49,20.55,4.95,279.24,P006,EQ008
2025-09-25 13:40:00,1222.09,241.44,175203.13,6406.58,525.95,1500.2,48.78,22.12,19.8,4.49,351.66,P003,EQ015
2025-09-25 13:50:00,1199.21,225.39,175797.13,6377.04,497.44,1501.42,49.18,22.09,20.62,5.14,296.99,P001,EQ022
2025-09-25 14:00:00,1189.3,241.55,178343.75,6254.2,540.2,1482.76,52.08,21.66,19.85,5.11,350.92,P014,EQ029
2025-09-25 14:10:00,1229.44,252.23,168739.65,6513.22,485.7,1520.44,58.78,21.17,20.24,5.1,260.19,P007,EQ036
2025-09-25 14:20:00,1164.32,274.84,178392.71,6415.28,541.27,1479.18,45.85,21.6,19.91,4.42,264.65,P002,EQ043
2025-09-25 14:30:00,1211.9,250.52,185367.2,6687.78,480.58,1469.01,46.4,21.35,20.72,5.39,352.82,P006,EQ050
2025-09-25 14:40:00,1227.29,252.21,176125.19,6478.87,470.96,1509.77,49.93,22.91,21.32,4.81,282.91,P005,EQ001
2025-09-25 14:50:00,1205.79,232.59,179818.43,6606.87,501.83,1481.25,49.83,21.63,18.35,4.79,287.78,P001,EQ008
2025-09-25 15:00:00,1182.9,247.08,175154.66,6237.0,530.79,1530.88,55.37,24.28,20.31,4.93,253.56,P002,EQ015
2025-09-25 15:10:00,1204.27,240.76,165109.48,6477.58,493.03,1490.11,55.7,20.32,19.52,4.96,258.53,P010,EQ022
2025-09-25 15:20:00,1212.44,235.71,170918.34,6576.69,525.64,1505.02,57.65,22.57,20.54,4.99,348.49,P014,EQ029
2025-09-25 15:30:00,1199.96,229.69,175778.08,6769.24,501.62,1515.03,58.12,21.63,18.91,5.37,282.52,P010,EQ036
2025-09-25 15:40:00,1211.18,259.93,172705.01,6568.99,537.96,1495.69,45.94,21.97,22.11,5.19,345.71,P012,EQ043
2025-09-25 15:50:00,1275.18,237.47,178065.68,6306.2,481.91,1509.6,44.49,21.24,20.92,5.4,393.67,P002,EQ050
2025-09-25 16:00:00,1202.32,225.5,178542.02,6517.14,530.44,1503.38,49.93,22.45,18.63,4.85,378.47,P003,EQ001
2025-09-25 16:10:00,1219.21,232.4,179197.28,6550.85,580.65,1506.91,50.1,21.2,19.06,4.48,306.39,P013,EQ008
2025-09-25 16:20:00,1185.6,238.53,179283.1,6530.16,438.17,1484.54,47.01,22.13,20.3,5.04,384.98,P010,EQ015
2025-09-25 16:30:00,1199.54,261.56,171740.38,6436.24,509.05,1504.81,58.38,23.67,20.09,4.97,370.48,P003,EQ022
2025-09-25 16:40:00,1207.08,260.99,169054.21,6685.72,475.84,1499.58,54.76,21.68,19.47,4.69,384.4,P012,EQ029
2025-09-25 16:50:00,1206.51,262.08,174142.57,6691.98,497.87,1501.39,53.31,22.75,19.78,4.49,277.64,P005,EQ036
2025-09-25 17:00:00,1231.71,228.52,174763.51,6612.79,464.94,1491.03,52.12,23.13,20.35,5.42,320.04,P015,EQ043
2025-09-25 17:10:00,1163.52,273.33,176896.63,6208.46,479.03,1491.66,47.72,23.24,20.07,4.85,261.36,P008,EQ050
2025-09-25 17:20:00,1229.92,251.72,175674.79,6323.52,528.63,1496.89,48.04,21.01,17.75,4.73,388.4,P005,EQ001
2025-09-25 17:30:00,1219.28,245.85,174687.21,6289.19,470.41,1514.26,47.24,22.14,20.64,4.67,365.4,P012,EQ008
2025-09-25 17:40:00,1200.21,261.22,172032.05,6604.04,452.43,1473.83,41.64,21.84,20.13,5.2,385.51,P013,EQ015
2025-09-25 17:50:00,1141.04,220.84,175290.21,6690.81,496.3,1458.69,45.15,22.73,19.1,4.94,365.52,P005,EQ022
2025-09-25 18:00:00,1222.87,274.63,180331.1,6147.97,484.97,1538.76,53.19,22.42,20.42,4.68,274.29,P002,EQ029
2025-09-25 18:10:00,1193.76,233.76,171158.28,6783.55,518.09,1538.51,44.7,22.35,19.79,5.39,291.59,P001,EQ036
2025-09-25 18:20:00,1170.68,236.92,169642.2,6623.12,477.22,1488.5,53.56,19.35,19.41,5.29,307.42,P006,EQ043
2025-09-25 18:30:00,1160.81,256.27,184560.09,6756.71,473.22,1470.53,49.98,22.92,20.59,5.61,399.39,P005,EQ050
2025-09-25 18:40:00,1143.64,242.49,165109.42,6280.7,450.7,1496.08,49.35,22.46,18.81,4.31,393.34,P005,EQ001
2025-09-25 18:50:00,1183.61,269.34,174393.62,6636.87,453.21,1505.18,51.24,22.4,19.41,4.6,276.69,P002,EQ008
2025-09-25 19:00:00,1155.86,249.13,177408.43,6214.98,439.57,1520.74,45.79,21.48,19.37,4.99,323.76,P015,EQ015
2025-09-25 19:10:00,1178.24,256.89,176154.26,6521.78,473.83,1495.75,61.16,21.95,17.97,5.34,280.1,P007,EQ022
2025-09-25 19:20:00,1212.93,255.37,172329.84,6701.14,530.41,1531.87,47.37,21.82,20.24,4.43,276.77,P008,EQ029
2025-09-25 19:30:00,1217.5,265.06,168379.88,6390.87,471.96,1495.94,47.7,21.38,21.27,4.89,266.26,P009,EQ036
2025-09-25 19:40:00,1178.34,239.24,172313.75,6373.1,494.64,1481.86,58.68,21.99,20.47,4.86,365.31,P004,EQ043
2025-09-25 19:50:00,1197.55,244.79,175965.17,6366.49,516.3,1492.02,45.29,21.82,19.04,5.2,342.09,P002,EQ050
2025-09-25 20:00:00,1184.63,250.34,175082.01,6120.6,498.44,1531.45,52.28,21.35,19.97,5.03,386.89,P012,EQ001
2025-09-25 20:10:00,1199.45,238.06,176028.42,6312.33,521.26,1504.13,51.65,21.61,19.87,4.74,288.85,P001,EQ008
2025-09-25 20:20:00,1205.19,233.94,180763.28,6488.19,468.45,1487.68,54.3,23.38,17.86,4.99,260.94,P010,EQ015
2025-09-25 20:30:00,1199.86,237.19,171746.93,6539.18,489.38,1564.58,48.42,20.73,19.97,4.83,359.13,P013,EQ022
2025-09-25 20:40:00,1209.72,244.4,181753.44,6141.13,480.39,1501.61,44.01,22.75,22.22,4.35,316.88,P015,EQ029
2025-09-25 20:50:00,1133.06,261.97,165509.71,6479.16,524.1,1473.34,62.17,21.04,20.06,5.44,324.66,P011,EQ036
2025-09-25 21:00:00,1255.57,232.31,177353.14,6350.66,548.92,1494.61,54.5,23.13,18.49,4.71,346.05,P015,EQ043
2025-09-25 21:10:00,1187.74,233.56,178217.25,6621.42,499.58,1498.76,46.25,21.15,21.4,4.8,255.68,P007,EQ050
2025-09-25 21:20:00,1196.52,288.48,177662.84,6662.83,502.49,1494.04,57.79,23.48,19.15,5.16,289.97,P012,EQ001
2025-09-25 21:30:00,1172.07,250.51,155165.87,6598.72,415.24,1523.27,54.81,21.11,19.59,4.56,299.47,P007,EQ008
2025-09-25 21:40:00,1225.43,259.56,174757.13,6322.68,454.7,1519.05,44.42,25.78,18.75,5.1,336.2,P009,EQ015
2025-09-25 21:50:00,1194.89,247.95,173361.9,6730.34,476.12,1483.25,48.93,20.91,21.32,5.45,356.14,P013,EQ022
2025-09-25 22:00:00,1218.64,236.86,177859.66,6645.26,500.25,1507.72,40.21,19.62,19.22,4.88,323.6,P007,EQ029
2025-09-25 22:10:00,1188.64,264.62,176955.91,6431.71,451.07,1518.32,45.81,22.75,20.45,4.89,310.59,P012,EQ036
2025-09-25 22:20:00,1174.09,231.35,174042.41,6516.34,495.04,1491.05,48.06,20.49,21.79,5.11,367.14,P013,EQ043
2025-09-25 22:30:00,1191.42,253.42,174640.24,6810.69,523.32,1483.62,52.24,22.3,20.4,4.57,260.51,P004,EQ050
2025-09-25 22:40:00,1218.95,228.3,171014.61,6642.55,524.22,1496.94,53.65,22.02,19.47,4.82,250.5,P012,EQ001
2025-09-25 22:50:00,1169.61,234.38,173151.94,6307.64,480.54,1494.37,50.5,22.6,21.62,4.9,372.7,P008,EQ008
2025-09-25 23:00:00,1228.78,241.31,172585.11,6335.42,517.07,1490.52,51.25,21.95,19.65,5.19,268.18,P009,EQ015
2025-09-25 23:10:00,1221.84,259.72,178426.69,6129.93,503.0,1455.89,46.1,21.69,19.52,5.25,390.26,P006,EQ022
2025-09-25 23:20:00,1178.06,257.08,175734.82,6505.64,495.84,1470.53,50.65,21.99,20.57,4.96,300.02,P005,EQ029
2025-09-25 23:30:00,1207.68,248.65,170320.22,6638.76,507.34,1484.21,52.28,22.47,21.2,4.83,310.09,P011,EQ036
2025-09-25 23:40:00,1240.95,216.53,169888.07,6438.97,532.38,1541.29,43.76,21.49,20.53,4.84,399.55,P011,EQ043
2025-09-25 23:50:00,1192.74,251.68,172304.52,6355.16,483.77,1515.74,41.59,22.19,18.57,4.74,263.6,P009,EQ050
2025-09-26 00:00:00,1190.31,236.6,177229.33,6400.12,516.36,1489.43,49.06,22.32,21.09,4.96,378.0,P006,EQ001
2025-09-26 00:10:00,1216.43,274.18,174925.5,6902.57,494.09,1499.25,64.54,23.28,19.48,5.08,262.07,P008,EQ008
2025-09-26 00:20:00,1207.71,261.23,175419.39,6299.63,495.11,1492.69,54.61,23.25,21.48,4.74,364.07,P005,EQ015
2025-09-26 00:30:00,1200.6,277.44,180217.7,6715.39,495.47,1540.97,42.18,22.51,17.2,4.95,347.17,P003,EQ022
2025-09-26 00:40:00,1223.79,250.18,173901.82,6387.01,497.86,1492.38,46.28,21.71,20.19,4.62,333.17,P007,EQ029
2025-09-26 00:50:00,1232.0,234.92,175200.92,6841.81,536.13,1491.91,50.9,20.01,19.77,4.52,349.11,P005,EQ036
2025-09-26 01:00:00,1211.86,255.52,173031.12,6555.83,501.04,1472.88,50.84,22.01,20.53,4.79,354.38,P015,EQ043
2025-09-26 01:10:00,1161.17,244.77,178114.82,6371.63,448.94,1450.32,52.45,22.13,20.7,5.02,266.02,P012,EQ050
2025-09-26 01:20:00,1198.41,246.71,181339.33,6490.39,497.41,1469.23,53.56,21.43,21.56,4.94,303.89,P002,EQ001
2025-09-26 01:30:00,1176.68,268.05,173658.6,6212.27,514.86,1475.15,53.1,22.15,20.58,5.14,382.78,P008,EQ008
2025-09-26 01:40:00,1228.05,256.44,171342.08,6586.73,516.14,1501.5,48.06,21.55,20.8,4.93,360.3,P003,EQ015
2025-09-26 01:50:00,1170.39,256.95,171589.56,6572.75,482.97,1499.59,46.82,20.52,18.17,4.76,255.35,P001,EQ022
2025-09-26 02:00:00,1185.96,255.34,166235.25,6597.01,459.72,1474.18,50.82,21.24,21.31,4.72,357.96,P010,EQ029
2025-09-26 02:10:00,1152.7,233.08,167381.14,6756.03,513.37,1512.05,58.47,22.92,19.97,4.71,285.77,P007,EQ036
2025-09-26 02:20:00,1227.5,247.25,172816.6,6104.22,501.69,1480.12,40.09,22.11,19.55,4.99,259.45,P009,EQ043
2025-09-26 02:30:00,1283.05,255.96,168061.56,6227.23,477.47,1543.24,42.42,21.29,19.88,5.13,346.51,P008,EQ050
2025-09-26 02:40:00,1198.9,254.22,167315.75,6768.87,489.56,1475.2,46.06,23.59,20.36,5.11,330.09,P014,EQ001
2025-09-26 02:50:00,1205.07,266.76,177383.07,6627.37,487.99,1443.84,54.29,21.51,20.53,5.11,371.77,P001,EQ008
2025-09-26 03:00:00,1217.1,256.11,178177.61,6358.37,527.88,1470.62,45.61,22.06,19.06,5.21,255.56,P001,EQ015
2025-09-26 03:10:00,1226.4,251.11,168446.7,6493.41,470.45,1547.74,45.23,21.89,18.48,4.49,300.66,P012,EQ022
2025-09-26 03:20:00,1224.21,231.03,168935.28,6540.26,436.79,1481.89,52.17,22.43,19.1,5.12,256.42,P002,EQ029
2025-09-26 03:30:00,1185.47,256.74,167370.29,6823.13,485.72,1505.65,42.62,22.39,20.67,5.24,281.75,P011,EQ036
2025-09-26 03:40:00,1204.79,277.07,171442.85,6527.13,499.0,1524.65,44.82,21.11,20.01,4.72,350.1,P008,EQ043
2025-09-26 03:50:00,1151.53,288.61,179724.01,6180.61,501.41,1494.93,57.24,21.02,20.84,4.48,391.01,P014,EQ050
2025-09-26 04:00:00,1204.46,248.25,178762.35,6320.15,496.94,1495.81,52.87,22.61,20.13,4.96,381.14,P003,EQ001
2025-09-26 04:10:00,1199.7,227.95,171445.44,6431.57,504.79,1518.78,50.51,22.44,21.05,4.71,361.16,P004,EQ008
2025-09-26 04:20:00,1186.21,230.27,178432.31,6526.77,546.54,1489.87,54.37,22.86,20.87,4.58,388.72,P001,EQ015
2025-09-26 04:30:00,1257.82,243.79,168181.57,6182.09,469.44,1510.86,49.81,20.87,19.67,4.87,360.32,P008,EQ022
2025-09-26 04:40:00,1264.99,260.95,183908.61,6694.37,489.34,1524.3,46.24,21.96,18.75,5.08,348.07,P008,EQ029
2025-09-26 04:50:00,1158.12,266.4,171594.97,6330.19,487.41,1465.91,50.13,20.56,20.88,5.65,386.08,P010,EQ036
2025-09-26 05:00:00,1215.16,246.57,171981.33,6738.82,514.74,1496.19,49.59,22.94,20.1,4.66,256.87,P012,EQ043
2025-09-26 05:10:00,1204.14,233.58,174923.05,6717.31,490.44,1510.17,57.08,23.12,19.09,4.96,347.32,P001,EQ050
2025-09-26 05:20:00,1258.56,269.43,174142.13,6668.5,521.53,1499.57,45.55,22.85,19.13,4.85,275.84,P001,EQ001
2025-09-26 05:30:00,1203.46,232.7,180016.98,6146.55,523.44,1531.32,50.45,20.22,19.8,5.26,385.7,P014,EQ008
2025-09-26 05:40:00,1182.53,228.7,169541.11,6365.54,475.96,1517.39,45.48,21.39,17.96,5.1,369.05,P008,EQ015
2025-09-26 05:50:00,1134.35,232.95,178623.22,6233.97,512.01,1516.39,54.86,23.05,21.58,5.65,341.68,P014,EQ022
2025-09-26 06:00:00,1187.42,263.99,179728.45,6247.01,490.32,1478.26,54.9,21.68,21.43,4.97,338.66,P014,EQ029
2025-09-26 06:10:00,1147.42,245.78,166597.14,6457.93,468.14,1497.75,48.32,20.38,20.63,5.1,372.62,P002,EQ036
2025-09-26 06:20:00,1162.8,240.64,173204.32,6775.6,539.45,1496.36,49.48,21.65,19.79,4.74,324.57,P013,EQ043
2025-09-26 06:30:00,1179.94,254.1,166423.88,6122.73,539.49,1508.86,44.34,22.29,19.51,4.93,342.34,P002,EQ050
2025-09-26 06:40:00,1183.78,234.16,175972.97,6308.67,512.1,1485.47,61.61,21.4,21.08,4.69,370.67,P007,EQ001
2025-09-26 06:50:00,1157.43,239.95,168335.54,6406.0,519.67,1466.94,56.27,22.16,19.87,4.95,300.6,P014,EQ008
2025-09-26 07:00:00,1248.52,254.65,179032.85,6831.42,480.05,1476.58,46.53,22.54,19.61,5.24,397.33,P011,EQ015
2025-09-26 07:10:00,1187.69,259.67,167723.24,6333.51,544.84,1508.23,43.34,22.48,20.66,4.1,310.3,P002,EQ022
2025-09-26 07:20:00,1235.76,251.58,178924.83,6501.54,533.55,1491.15,46.83,22.06,20.34,5.15,396.38,P010,EQ029
2025-09-26 07:30:00,1240.33,224.93,171356.27,7026.29,473.13,1452.81,43.08,22.72,20.58,5.18,331.88,P006,EQ036
2025-09-26 07:40:00,1141.51,247.0,179375.72,6442.95,461.61,1507.15,52.52,22.74,20.3,5.19,375.46,P013,EQ043
2025-09-26 07:50:00,1217.2,244.55,179171.78,6437.55,531.46,1492.38,46.6,20.65,19.31,5.0,281.98,P001,EQ050
2025-09-26 08:00:00,1243.3,234.93,181129.54,6761.36,504.41,1475.53,48.44,22.04,19.93,4.97,338.96,P006,EQ001
2025-09-26 08:10:00,1189.76,230.63,171873.36,6410.01,466.42,1504.23,44.78,20.89,20.49,5.33,259.48,P005,EQ008
2025-09-26 08:20:00,1229.76,245.73,189330.9,6274.58,471.73,1486.96,49.55,23.0,22.12,4.46,271.19,P007,EQ015
2025-09-26 08:30:00,1172.09,239.28,172220.74,6302.2,517.36,1458.87,50.0,20.89,20.0,4.82,275.21,P006,EQ022
2025-09-26 08:40:00,1203.25,235.72,168525.84,6635.67,502.86,1560.39,52.74,22.18,20.04,4.7,333.01,P008,EQ029
2025-09-26 08:50:00,1266.8,247.67,173066.58,6580.6,476.01,1518.75,48.53,19.92,19.12,5.02,286.55,P010,EQ036
2025-09-26 09:00:00,1279.12,252.62,175481.97,6169.4,490.12,1489.45,47.26,20.65,19.67,5.32,256.1,P002,EQ043
2025-09-26 09:10:00,1145.1,273.89,168512.34,6653.03,517.74,1495.28,47.19,22.54,19.43,4.5,368.66,P011,EQ050
2025-09-26 09:20:00,1208.6,264.67,177168.52,6460.53,483.27,1494.48,55.24,21.75,19.34,5.16,341.87,P013,EQ001
2025-09-26 09:30:00,1210.2,279.72,179251.73,6541.68,460.78,1472.31,37.81,23.93,20.04,5.05,273.66,P015,EQ008
2025-09-26 09:40:00,1188.39,241.8,181980.31,6860.39,502.64,1493.58,47.85,21.11,21.12,5.12,323.05,P001,EQ015
2025-09-26 09:50:00,1253.23,221.7,178555.2,6139.6,523.84,1505.77,52.02,21.74,20.41,5.42,251.08,P015,EQ022
2025-09-26 10:00:00,1206.01,218.5,178901.01,6936.96,493.59,1467.04,57.05,21.94,19.24,4.83,263.37,P011,EQ029
2025-09-26 10:10:00,1236.27,278.61,181451.51,6277.73,467.38,1485.08,44.82,21.7,19.65,5.02,339.06,P005,EQ036
2025-09-26 10:20:00,1176.84,263.9,167611.94,6325.8,413.71,1509.41,46.09,19.89,18.73,5.34,312.43,P013,EQ043
2025-09-26 10:30:00,1224.13,244.36,174089.94,6378.13,514.98,1479.49,52.48,22.16,20.03,5.52,368.84,P008,EQ050
2025-09-26 10:40:00,1209.45,240.78,179119.9,6672.62,518.67,1534.59,47.44,22.28,20.0,5.51,353.85,P004,EQ001
2025-09-26 10:50:00,1213.78,239.76,171352.45,6677.03,482.75,1469.16,56.1,21.93,20.65,5.37,271.46,P005,EQ008
2025-09-26 11:00:00,1166.16,267.04,171879.87,6664.72,527.63,1510.89,54.75,21.93,19.45,4.94,328.46,P007,EQ015
2025-09-26 11:10:00,1205.37,264.13,180679.48,6294.35,484.55,1520.81,64.72,22.48,19.9,5.01,285.89,P003,EQ022
2025-09-26 11:20:00,1174.43,227.78,165340.22,6382.62,530.37,1541.22,51.38,21.1,21.21,5.46,341.58,P001,EQ029
2025-09-26 11:30:00,1165.3,247.01,167533.58,6800.3,461.45,1535.02,47.49,21.32,20.96,4.89,339.44,P012,EQ036
2025-09-26 11:40:00,1169.97,224.91,169844.36,6501.51,488.15,1484.28,47.25,22.16,19.54,4.98,324.98,P002,EQ043
2025-09-26 11:50:00,1277.5,252.39,187205.45,6496.04,498.57,1493.71,38.81,21.33,18.99,5.04,344.08,P013,EQ050
2025-09-26 12:00:00,1173.93,282.62,174327.61,6536.72,483.52,1477.51,47.43,21.29,20.05,5.0,295.18,P007,EQ001
2025-09-26 12:10:00,1231.55,239.2,172789.14,6310.73,455.14,1479.8,49.63,23.17,20.61,5.1,250.69,P004,EQ008
2025-09-26 12:20:00,1149.42,244.95,169963.83,6437.26,510.2,1518.48,46.7,21.26,18.86,5.62,278.79,P009,EQ015
2025-09-26 12:30:00,1205.56,277.52,167278.15,6616.3,481.85,1507.85,56.27,21.62,20.37,4.87,396.52,P010,EQ022
2025-09-26 12:40:00,1230.53,232.75,177675.93,6441.05,551.36,1529.97,48.22,22.52,19.32,5.02,304.29,P013,EQ029
2025-09-26 12:50:00,1226.6,238.43,173966.99,6668.38,492.02,1510.75,49.47,21.92,20.07,4.99,398.02,P009,EQ036
2025-09-26 13:00:00,1150.64,254.19,180624.55,6537.7,532.51,1486.08,51.02,22.34,19.18,5.31,282.89,P013,EQ043
2025-09-26 13:10:00,1121.71,262.48,174240.92,6519.35,451.69,1493.3,48.99,22.45,18.99,4.89,343.97,P004,EQ050
2025-09-26 13:20:00,1175.51,289.33,175608.91,6712.6,509.03,1520.72,45.43,21.83,19.2,5.08,291.46,P004,EQ001
2025-09-26 13:30:00,1199.29,227.26,170851.0,6739.78,490.32,1507.58,55.35,22.92,17.53,4.83,266.9,P003,EQ008
2025-09-26 13:40:00,1195.34,276.51,170993.13,6382.12,519.54,1492.71,47.1,21.75,18.87,5.05,352.79,P015,EQ015
2025-09-26 13:50:00,1178.05,251.15,173706.0,6437.26,504.16,1515.77,45.39,22.27,20.32,4.93,321.16,P003,EQ022
2025-09-26 14:00:00,1226.06,233.67,182547.61,6352.74,516.75,1480.46,45.31,22.96,19.05,4.49,273.96,P015,EQ029
2025-09-26 14:10:00,1208.82,273.89,175562.43,6447.08,512.15,1455.99,49.65,22.14,19.63,5.48,256.47,P011,EQ036
2025-09-26 14:20:00,1172.86,255.56,171114.13,6448.92,482.91,1523.25,46.37,21.65,20.74,4.89,304.63,P004,EQ043
2025-09-26 14:30:00,1230.93,265.6,176594.21,6431.86,527.28,1520.56,50.2,24.07,22.61,5.28,315.2,P006,EQ050
2025-09-26 14:40:00,1181.65,256.12,168864.75,6755.29,520.56,1486.59,54.08,21.71,21.11,4.78,342.52,P015,EQ001
2025-09-26 14:50:00,1162.34,244.95,177916.09,6498.19,518.34,1528.71,40.77,20.76,18.73,4.94,363.76,P001,EQ008
2025-09-26 15:00:00,1202.32,236.75,167861.52,6553.19,450.69,1488.85,53.3,19.2,17.69,5.15,265.66,P001,EQ015
2025-09-26 15:10:00,1200.61,269.97,171547.13,6527.37,477.19,1481.33,50.09,23.07,19.82,5.05,388.73,P003,EQ022
2025-09-26 15:20:00,1161.06,250.06,165881.94,6503.23,574.16,1476.71,52.13,20.38,19.68,4.77,273.71,P001,EQ029
2025-09-26 15:30:00,1244.16,249.44,172419.05,6538.13,441.59,1528.39,56.38,21.01,21.61,4.91,322.76,P002,EQ036
2025-09-26 15:40:00,1197.82,247.43,171615.85,6552.18,530.4,1544.49,47.66,22.32,19.08,4.97,260.63,P004,EQ043
2025-09-26 15:50:00,1195.98,251.75,169604.37,6294.37,497.59,1479.01,54.01,22.76,19.44,5.36,358.21,P010,EQ050
2025-09-26 16:00:00,1240.43,218.22,180090.87,6427.56,492.53,1528.05,42.51,21.48,18.37,4.69,336.96,P007,EQ001
2025-09-26 16:10:00,1157.75,242.68,182411.64,6466.74,488.3,1522.03,47.98,20.35,19.34,4.49,279.81,P011,EQ008
2025-09-26 16:20:00,1167.46,268.56,171286.52,6738.24,522.88,1518.9,58.28,20.25,21.08,5.07,384.76,P004,EQ015
2025-09-26 16:30:00,1197.88,246.86,177822.86,6564.0,539.29,1507.69,48.26,22.12,20.33,5.1,366.85,P006,EQ022
2025-09-26 16:40:00,1182.95,257.22,173865.0,6514.78,531.32,1490.37,61.04,21.19,20.21,5.38,284.17,P004,EQ029
2025-09-26 16:50:00,1220.22,226.32,185586.13,6857.71,497.13,1487.92,54.88,22.57,19.93,5.0,360.66,P014,EQ036
2025-09-26 17:00:00,1234.63,235.0,166409.73,6347.81,463.72,1495.51,56.26,22.27,19.52,4.68,279.99,P015,EQ043
2025-09-26 17:10:00,1231.26,247.8,180503.11,6402.12,523.15,1515.17,51.58,22.95,19.47,5.27,283.1,P008,EQ050
2025-09-26 17:20:00,1231.19,243.17,166944.8,6837.15,469.87,1491.44,50.45,24.21,20.21,4.76,337.76,P001,EQ001
2025-09-26 17:30:00,1209.81,237.81,174778.11,6214.71,526.26,1485.21,47.47,21.21,20.28,5.01,383.57,P003,EQ008
2025-09-26 17:40:00,1173.57,274.7,174943.52,6209.82,497.01,1474.87,56.15,22.2,19.62,5.24,282.42,P010,EQ015
2025-09-26 17:50:00,1180.45,253.34,170865.01,6516.23,478.4,1517.45,53.62,22.98,21.36,5.59,318.25,P007,EQ022
2025-09-26 18:00:00,1224.51,251.27,168966.39,6757.5,493.44,1453.27,48.78,22.71,19.86,5.03,306.02,P008,EQ029
2025-09-26 18:10:00,1184.92,236.05,173957.18,6410.58,484.14,1515.93,46.04,22.72,20.1,5.24,357.97,P011,EQ036
2025-09-26 18:20:00,1190.91,234.49,174142.09,6449.91,554.51,1509.68,47.83,22.73,21.21,4.88,303.79,P005,EQ043
2025-09-26 18:30:00,1227.28,266.03,185072.78,6558.9,459.01,1487.0,54.41,21.56,19.33,4.84,280.33,P003,EQ050
2025-09-26 18:40:00,1201.62,266.06,170532.15,6751.64,544.35,1477.25,60.59,21.24,20.23,5.43,254.81,P010,EQ001
2025-09-26 18:50:00,1205.08,260.2,174268.74,6605.92,514.54,1516.33,51.48,19.79,20.23,5.05,258.95,P003,EQ008
2025-09-26 19:00:00,1197.18,239.09,182796.6,6634.08,487.53,1527.47,51.61,22.73,18.85,4.6,266.67,P008,EQ015
2025-09-26 19:10:00,1167.82,232.72,171928.38,6587.65,459.83,1478.55,49.5,21.23,20.52,5.64,318.79,P003,EQ022
2025-09-26 19:20:00,1198.57,247.22,171950.91,6112.44,490.29,1460.29,42.14,21.56,19.4,5.0,364.05,P004,EQ029
2025-09-26 19:30:00,1189.73,261.63,173138.07,6320.44,499.31,1493.55,39.42,20.84,20.29,5.34,382.96,P010,EQ036
2025-09-26 19:40:00,1239.91,251.75,185249.95,6418.06,574.52,1490.4,51.97,21.75,20.57,4.87,273.52,P013,EQ043
2025-09-26 19:50:00,1182.49,241.05,168976.06,6318.52,472.79,1494.17,53.07,22.45,19.93,5.31,345.7,P010,EQ050
2025-09-26 20:00:00,1228.81,249.58,175333.87,6615.22,481.68,1517.0,53.54,22.73,19.0,5.0,385.84,P010,EQ001
2025-09-26 20:10:00,1202.26,241.16,175387.53,6083.17,478.47,1518.59,49.82,20.68,19.71,5.23,395.52,P014,EQ008
2025-09-26 20:20:00,1210.26,251.22,169539.63,6407.0,503.18,1490.12,55.98,21.17,20.77,5.15,284.46,P007,EQ015
2025-09-26 20:30:00,1130.3,250.87,178925.99,6537.0,446.72,1532.26,58.24,22.94,20.14,4.68,378.55,P008,EQ022
2025-09-26 20:40:00,1221.5,241.84,177256.85,6372.69,515.19,1507.84,49.07,24.62,19.51,4.68,379.33,P004,EQ029
2025-09-26 20:50:00,1172.75,234.96,177114.0,6183.51,480.44,1556.98,49.68,23.47,20.95,4.55,338.74,P014,EQ036
2025-09-26 21:00:00,1215.87,256.95,174311.5,6278.71,538.76,1507.43,44.73,22.1,20.64,5.03,319.41,P001,EQ043
2025-09-26 21:10:00,1181.26,247.11,175108.76,6699.53,491.8,1510.68,57.42,20.91,19.97,4.98,359.5,P012,EQ050
2025-09-26 21:20:00,1207.77,238.44,173061.85,6345.76,496.32,1533.84,48.87,23.77,19.53,5.06,380.89,P004,EQ001
2025-09-26 21:30:00,1185.35,259.78,172911.02,6662.6,517.04,1506.85,52.18,21.03,20.25,5.11,299.09,P010,EQ008
2025-09-26 21:40:00,1130.63,242.62,178081.59,6356.75,503.6,1501.17,48.01,21.31,21.76,5.58,283.36,P015,EQ015
2025-09-26 21:50:00,1189.28,256.31,174427.36,6502.71,469.44,1514.42,46.15,21.09,19.69,5.61,338.77,P003,EQ022
2025-09-26 22:00:00,1241.0,239.17,169773.59,6584.9,511.26,1510.51,47.32,23.44,20.56,5.38,387.06,P015,EQ029
2025-09-26 22:10:00,1129.78,252.49,174604.48,6349.75,485.32,1506.5,50.05,22.58,19.08,5.18,250.76,P001,EQ036
2025-09-26 22:20:00,1227.45,241.99,172339.57,6899.63,481.7,1520.41,47.44,21.97,19.45,4.81,256.01,P008,EQ043
2025-09-26 22:30:00,1140.6,276.25,171478.0,6329.34,487.47,1529.27,54.09,21.87,19.49,4.88,360.02,P009,EQ050
2025-09-26 22:40:00,1227.95,256.89,169071.93,6841.58,533.21,1533.46,48.55,19.94,19.35,5.13,255.04,P009,EQ001
2025-09-26 22:50:00,1230.71,214.51,182615.04,6508.76,505.47,1528.72,55.77,21.13,20.16,5.19,309.15,P013,EQ008
2025-09-26 23:00:00,1210.86,264.07,181431.79,6317.83,503.87,1509.17,49.18,22.05,20.01,5.09,369.7,P014,EQ015
2025-09-26 23:10:00,1212.0,271.85,175592.22,6631.38,469.73,1470.63,44.67,20.2,20.15,5.03,264.7,P008,EQ022
2025-09-26 23:20:00,1180.53,257.26,176209.81,6393.37,466.97,1511.51,56.87,20.51,20.21,5.36,286.08,P009,EQ029
2025-09-26 23:30:00,1176.73,218.84,172064.58,6349.7,505.0,1509.08,48.31,24.05,21.01,4.76,362.96,P012,EQ036
2025-09-26 23:40:00,1187.16,248.17,171137.05,6514.91,522.44,1509.05,50.34,21.8,19.24,5.22,359.77,P004,EQ043
2025-09-26 23:50:00,1141.97,249.98,175439.32,6694.79,528.09,1507.36,54.89,21.69,20.62,4.99,269.91,P005,EQ050
2025-09-27 00:00:00,1237.08,273.46,167865.89,6509.94,547.18,1534.27,52.28,21.88,20.63,4.07,285.86,P002,EQ001
2025-09-27 00:10:00,1245.81,280.08,168595.63,6627.98,548.6,1487.82,43.49,24.13,20.25,5.08,252.39,P011,EQ008
2025-09-27 00:20:00,1197.07,255.84,181443.28,6212.97,527.08,1485.07,47.1,21.18,19.47,4.4,295.73,P012,EQ015
2025-09-27 00:30:00,1235.56,257.6,169525.4,6314.66,530.24,1545.75,44.89,21.8,18.02,5.6,318.89,P010,EQ022
2025-09-27 00:40:00,1208.43,268.54,175512.71,6245.56,525.47,1456.73,51.11,22.19,21.08,4.9,362.09,P001,EQ029
2025-09-27 00:50:00,1212.2,267.27,177049.86,6486.31,496.2,1513.03,56.9,22.16,18.02,4.55,396.46,P008,EQ036
2025-09-27 01:00:00,1209.68,250.8,179628.03,6229.5,476.58,1512.73,50.59,22.03,20.64,5.39,365.78,P014,EQ043
2025-09-27 01:10:00,1194.7,262.01,179816.46,6123.79,465.34,1507.69,44.0,21.74,20.34,5.19,355.47,P003,EQ050
2025-09-27 01:20:00,1164.04,254.39,184107.9,6197.68,530.18,1528.7,50.72,22.52,18.56,5.13,368.48,P006,EQ001
2025-09-27 01:30:00,1226.07,247.01,179081.29,6538.84,478.49,1473.62,38.35,21.23,20.91,4.78,344.02,P012,EQ008
2025-09-27 01:40:00,1218.51,241.67,171241.14,6316.18,478.87,1509.99,45.55,21.35,21.08,5.11,345.01,P014,EQ015
2025-09-27 01:50:00,1161.12,229.51,181552.5,7004.17,500.46,1486.03,44.27,22.72,18.87,4.95,344.1,P007,EQ022
2025-09-27 02:00:00,1151.1,283.48,170735.27,6266.54,487.36,1543.94,44.01,21.66,19.89,5.04,384.02,P006,EQ029
2025-09-27 02:10:00,1197.4,225.14,181799.44,6446.89,518.26,1504.32,47.38,22.19,19.72,4.91,329.64,P005,EQ036
2025-09-27 02:20:00,1204.1,264.09,169979.28,6376.83,495.8,1513.42,56.48,23.07,19.39,4.65,313.89,P005,EQ043
2025-09-27 02:30:00,1198.63,257.4,179416.49,6602.09,535.06,1514.96,53.49,24.14,20.16,5.19,354.71,P010,EQ050
2025-09-27 02:40:00,1218.71,236.99,184070.42,6468.5,466.06,1520.4,54.03,24.92,19.98,4.84,331.37,P013,EQ001
2025-09-27 02:50:00,1156.76,268.74,175363.57,6598.69,508.17,1503.67,47.23,21.82,20.29,5.07,281.07,P011,EQ008
2025-09-27 03:00:00,1228.11,258.4,169707.42,6341.95,472.58,1541.22,50.0,22.9,21.14,5.28,262.14,P015,EQ015
2025-09-27 03:10:00,1193.49,248.4,184520.35,6689.84,557.43,1502.8,50.2,21.1,20.24,4.47,300.35,P015,EQ022
2025-09-27 03:20:00,1203.06,264.04,180661.57,5839.49,480.99,1514.41,44.76,22.19,19.5,5.18,258.22,P015,EQ029
2025-09-27 03:30:00,1204.63,286.08,176882.72,6603.75,533.07,1489.36,50.25,20.86,20.82,5.17,351.2,P015,EQ036
2025-09-27 03:40:00,1185.44,263.96,178230.89,6730.03,528.04,1496.05,44.9,22.36,20.74,5.12,257.73,P007,EQ043
2025-09-27 03:50:00,1232.57,254.6,171738.64,6501.33,524.28,1516.92,45.24,19.9,20.67,4.71,304.84,P010,EQ050
2025-09-27 04:00:00,1213.5,225.25,182517.64,6995.69,486.51,1520.47,55.97,21.27,21.92,4.63,256.13,P006,EQ001
2025-09-27 04:10:00,1160.69,236.68,168435.17,6688.17,508.84,1493.05,54.29,21.84,20.43,4.96,276.29,P009,EQ008
2025-09-27 04:20:00,1197.57,274.01,178104.19,6610.88,508.93,1483.77,47.19,22.64,19.39,5.11,355.73,P009,EQ015
2025-09-27 04:30:00,1260.48,232.19,164376.99,6657.01,443.44,1507.2,49.51,21.57,20.03,4.99,356.4,P004,EQ022
2025-09-27 04:40:00,1165.86,260.85,170563.0,6946.09,478.84,1479.34,40.93,22.28,20.04,5.03,270.76,P006,EQ029
2025-09-27 04:50:00,1260.54,279.24,179904.94,6625.83,509.62,1494.19,52.31,22.08,19.84,4.93,285.79,P002,EQ036
2025-09-27 05:00:00,1212.38,254.71,175810.81,6637.82,562.38,1526.57,45.09,20.93,19.76,5.02,347.36,P012,EQ043
2025-09-27 05:10:00,1200.92,263.11,170983.14,6402.05,512.29,1486.84,56.37,22.25,19.01,4.49,390.87,P010,EQ050
2025-09-27 05:20:00,1259.68,235.93,174331.75,6602.06,491.71,1504.08,54.23,21.34,20.24,4.85,380.67,P012,EQ001
2025-09-27 05:30:00,1196.09,257.43,177324.46,6401.07,501.43,1487.73,57.6,21.61,21.04,4.52,281.47,P012,EQ008
2025-09-27 05:40:00,1197.63,304.27,173300.77,6651.54,474.52,1513.05,48.71,23.65,20.44,5.17,364.13,P006,EQ015
2025-09-27 05:50:00,1223.78,232.01,183155.09,6245.51,508.21,1505.56,59.89,23.07,19.98,5.1,302.91,P005,EQ022
2025-09-27 06:00:00,1127.24,245.75,171220.13,6393.6,481.09,1486.92,52.4,22.65,19.63,4.72,325.53,P007,EQ029
2025-09-27 06:10:00,1235.0,273.11,169744.76,6506.28,477.02,1530.19,51.24,24.41,20.01,4.76,291.57,P002,EQ036
2025-09-27 06:20:00,1201.1,248.0,179322.26,6537.2,506.09,1491.58,48.75,21.35,22.28,4.92,305.92,P008,EQ043
2025-09-27 06:30:00,1216.94,256.5,171723.75,6245.58,497.61,1464.71,44.35,20.75,21.17,5.03,322.93,P009,EQ050
2025-09-27 06:40:00,1162.93,236.78,171022.31,6310.18,459.61,1485.94,46.41,23.5,21.21,5.13,374.43,P008,EQ001
2025-09-27 06:50:00,1202.16,239.28,177363.82,6508.15,480.38,1474.84,56.98,21.71,18.1,5.04,356.47,P011,EQ008
2025-09-27 07:00:00,1201.42,261.81,177470.36,7074.63,528.41,1465.44,44.78,22.21,19.79,4.95,373.81,P015,EQ015
2025-09-27 07:10:00,1181.94,234.76,168927.05,6792.7,485.48,1511.29,45.15,20.34,18.02,5.06,293.84,P010,EQ022
2025-09-27 07:20:00,1281.94,262.97,175972.15,6366.66,565.68,1505.12,53.33,22.59,18.96,5.23,305.22,P011,EQ029
2025-09-27 07:30:00,1159.18,256.96,174637.79,6312.11,475.45,1492.96,52.78,19.71,20.91,5.06,391.8,P013,EQ036
2025-09-27 07:40:00,1215.25,245.91,178591.75,6564.78,496.24,1480.25,44.98,21.97,20.57,5.59,396.71,P015,EQ043
2025-09-27 07:50:00,1150.16,230.52,173753.34,6704.76,491.39,1493.45,47.75,22.65,20.61,4.56,259.84,P015,EQ050
2025-09-27 08:00:00,1237.68,239.99,179436.68,6416.89,497.67,1476.07,55.35,21.14,18.77,4.98,382.6,P002,EQ001
2025-09-27 08:10:00,1196.07,228.17,167965.41,6721.82,513.01,1505.43,58.99,21.54,18.72,5.1,262.03,P015,EQ008
2025-09-27 08:20:00,1150.81,231.49,180566.28,6800.54,511.93,1512.56,53.9,22.44,19.46,5.01,276.82,P002,EQ015
2025-09-27 08:30:00,1245.92,250.33,178021.71,6290.34,471.9,1527.93,45.26,22.45,19.42,4.57,266.4,P005,EQ022
2025-09-27 08:40:00,1222.53,246.95,178284.5,6828.68,452.91,1500.63,51.26,22.62,19.57,4.82,266.8,P003,EQ029
2025-09-27 08:50:00,1177.06,250.72,176936.36,6449.61,538.12,1480.52,53.81,22.06,21.31,5.09,324.45,P014,EQ036
2025-09-27 09:00:00,1218.56,242.93,170932.83,6674.08,543.2,1512.57,48.93,22.89,21.46,4.94,280.64,P011,EQ043
2025-09-27 09:10:00,1216.21,249.82,183592.75,6410.03,509.02,1539.94,43.11,20.31,20.86,4.7,253.4,P007,EQ050
2025-09-27 09:20:00,1163.17,272.58,172652.22,6287.13,438.73,1467.15,46.07,21.38,19.7,4.83,395.44,P009,EQ001
2025-09-27 09:30:00,1209.69,269.29,171600.64,6540.59,497.57,1490.99,58.5,21.57,21.19,5.17,389.76,P008,EQ008
2025-09-27 09:40:00,1222.7,256.72,183389.74,6750.25,539.2,1513.04,51.16,22.08,19.54,5.26,302.01,P008,EQ015
2025-09-27 09:50:00,1200.85,245.5,178451.64,6350.09,433.89,1476.92,54.52,20.41,19.51,4.4,360.66,P001,EQ022
2025-09-27 10:00:00,1207.87,257.22,174589.45,6374.54,540.37,1465.79,41.8,21.38,19.13,4.96,293.73,P002,EQ029
2025-09-27 10:10:00,1184.49,224.0,182963.42,6624.35,503.48,1473.92,52.5,23.82,20.9,5.21,253.31,P013,EQ036
2025-09-27 10:20:00,1281.05,245.91,170020.27,6418.43,465.95,1497.25,51.73,22.62,21.05,4.98,284.85,P009,EQ043
2025-09-27 10:30:00,1235.97,243.69,179595.44,6723.79,458.63,1497.24,51.26,21.36,20.43,5.06,346.7,P007,EQ050
2025-09-27 10:40:00,1207.76,283.96,177324.82,6358.34,491.65,1475.55,52.07,20.24,19.36,4.95,336.81,P011,EQ001
2025-09-27 10:50:00,1143.89,216.97,167409.76,6625.38,501.8,1510.19,50.57,22.67,20.7,5.09,346.91,P006,EQ008
2025-09-27 11:00:00,1198.1,259.08,177375.17,6355.0,557.97,1507.67,50.65,21.88,19.69,5.2,322.92,P011,EQ015
2025-09-27 11:10:00,1173.12,267.08,172362.49,6494.89,506.63,1515.02,48.77,20.54,20.04,4.93,354.53,P014,EQ022
2025-09-27 11:20:00,1182.28,246.78,172898.26,6381.32,510.36,1499.67,57.32,21.32,18.86,4.92,332.27,P008,EQ029
2025-09-27 11:30:00,1168.04,239.64,177298.83,6657.67,472.05,1501.6,34.83,22.69,19.25,5.11,295.61,P003,EQ036
2025-09-27 11:40:00,1174.75,276.34,178301.22,6454.52,550.45,1507.15,46.19,22.7,20.28,4.93,384.74,P005,EQ043
2025-09-27 11:50:00,1235.81,235.22,177490.86,6922.78,532.97,1514.07,57.94,21.87,18.79,3.95,275.76,P005,EQ050
2025-09-27 12:00:00,1239.98,248.64,173167.57,6620.53,471.2,1486.96,48.58,20.1,19.99,5.1,284.02,P006,EQ001
2025-09-27 12:10:00,1158.24,251.62,175640.61,6495.53,532.76,1492.59,47.66,21.49,18.43,5.28,395.61,P013,EQ008
2025-09-27 12:20:00,1146.09,235.02,178266.45,6400.16,531.68,1488.31,52.68,22.16,20.52,5.11,376.83,P003,EQ015
2025-09-27 12:30:00,1189.7,290.15,173734.86,6660.65,435.2,1483.25,50.18,22.94,20.22,4.74,302.97,P008,EQ022
2025-09-27 12:40:00,1208.05,214.09,178313.53,6274.2,478.67,1488.84,53.82,21.38,20.93,4.84,393.43,P010,EQ029
2025-09-27 12:50:00,1189.61,244.05,180785.34,5960.08,541.47,1481.6,54.5,22.2,18.6,4.87,388.62,P012,EQ036
2025-09-27 13:00:00,1154.14,232.13,169693.55,7001.03,470.95,1540.61,43.69,21.7,20.04,4.47,330.3,P003,EQ043
2025-09-27 13:10:00,1221.93,234.87,178654.36,6057.07,497.83,1517.57,46.39,23.38,21.65,5.0,395.98,P014,EQ050
2025-09-27 13:20:00,1189.99,224.39,177452.62,6305.56,494.71,1512.31,53.81,21.85,21.27,4.81,356.22,P015,EQ001
2025-09-27 13:30:00,1266.71,227.08,184969.44,6284.73,484.23,1481.97,51.19,21.22,19.43,4.93,349.95,P003,EQ008
2025-09-27 13:40:00,1222.25,260.06,170642.82,6501.74,496.12,1469.94,63.73,22.62,21.87,5.27,274.19,P002,EQ015
2025-09-27 13:50:00,1207.97,245.43,178237.73,6367.41,493.24,1495.25,49.33,21.86,20.69,5.1,256.17,P006,EQ022
2025-09-27 14:00:00,1216.3,213.76,171162.26,6687.11,509.51,1500.22,54.04,22.21,21.56,5.07,336.18,P008,EQ029
2025-09-27 14:10:00,1199.13,264.13,171475.89,6362.07,506.54,1483.83,58.92,21.63,19.44,5.23,289.06,P003,EQ036
2025-09-27 14:20:00,1294.57,255.65,168539.95,6413.16,519.17,1484.49,53.59,22.81,22.42,5.29,280.77,P012,EQ043
2025-09-27 14:30:00,1154.5,245.61,168449.36,6303.42,530.23,1512.64,55.05,23.85,20.26,4.72,255.2,P006,EQ050
2025-09-27 14:40:00,1219.48,269.69,181972.47,6610.18,481.85,1513.19,53.67,22.1,19.89,5.05,396.7,P003,EQ001
2025-09-27 14:50:00,1246.69,224.51,180295.66,6600.72,528.81,1509.21,48.13,24.41,18.3,5.05,305.94,P009,EQ008
2025-09-27 15:00:00,1194.75,235.39,178222.65,6817.91,516.63,1474.24,46.16,20.03,20.1,4.83,396.32,P009,EQ015
2025-09-27 15:10:00,1200.62,269.86,173590.12,6539.9,449.99,1539.18,54.84,22.7,20.71,4.88,295.23,P015,EQ022
2025-09-27 15:20:00,1179.66,243.21,175499.63,6213.39,460.39,1478.99,49.97,22.86,21.17,4.87,253.74,P015,EQ029
2025-09-27 15:30:00,1225.2,279.23,176957.23,6535.24,506.77,1485.81,47.55,22.18,21.42,4.84,324.91,P003,EQ036
2025-09-27 15:40:00,1193.65,267.2,172842.08,6141.64,521.72,1521.93,49.95,21.11,18.58,4.78,392.17,P015,EQ043
2025-09-27 15:50:00,1194.23,278.3,185783.29,6421.67,477.18,1492.22,55.01,21.16,19.67,5.25,298.03,P001,EQ050
2025-09-27 16:00:00,1202.54,231.23,177917.66,6411.85,538.84,1495.14,47.45,21.35,19.9,4.46,395.52,P009,EQ001
2025-09-27 16:10:00,1194.24,250.1,183054.0,6412.02,455.97,1504.0,47.37,20.99,20.64,4.44,396.34,P006,EQ008
2025-09-27 16:20:00,1180.0,251.91,170679.11,6465.76,497.43,1511.19,51.75,22.3,19.5,4.96,347.09,P005,EQ015
2025-09-27 16:30:00,1226.07,263.33,169906.47,6571.38,511.14,1480.05,48.26,21.05,21.29,5.15,321.09,P005,EQ022
2025-09-27 16:40:00,1165.42,239.28,177352.12,6426.19,508.23,1491.18,43.6,21.33,20.27,5.32,395.44,P013,EQ029
2025-09-27 16:50:00,1223.18,236.8,175795.61,6484.62,508.47,1479.89,52.73,21.32,21.04,5.28,397.1,P010,EQ036
2025-09-27 17:00:00,1218.17,236.76,177013.79,6152.32,495.54,1471.09,52.33,21.07,20.81,5.07,350.03,P013,EQ043
2025-09-27 17:10:00,1194.41,266.04,185893.68,6405.39,523.87,1499.44,46.64,22.86,21.38,4.41,334.78,P015,EQ050
2025-09-27 17:20:00,1274.42,263.5,183321.36,6491.68,490.77,1482.14,53.74,21.82,19.71,5.42,388.34,P006,EQ001
2025-09-27 17:30:00,1209.83,227.51,178168.45,6378.04,506.09,1490.15,44.58,22.9,17.56,5.04,353.37,P012,EQ008
2025-09-27 17:40:00,1194.67,274.7,174458.03,6679.9,476.85,1525.43,38.23,22.4,21.39,4.83,321.85,P001,EQ015
2025-09-27 17:50:00,1213.82,277.29,170076.82,6004.0,565.03,1500.88,39.89,25.47,21.98,4.56,270.91,P009,EQ022
2025-09-27 18:00:00,1208.65,227.59,181121.04,6888.76,463.88,1504.57,47.68,20.34,18.71,5.06,267.53,P001,EQ029
2025-09-27 18:10:00,1170.97,222.68,162891.3,6506.15,413.45,1479.09,55.42,20.33,19.87,4.57,310.24,P014,EQ036
2025-09-27 18:20:00,1172.73,256.8,176088.76,6953.28,513.98,1476.87,50.76,21.37,18.52,5.1,283.05,P006,EQ043
2025-09-27 18:30:00,1187.05,267.56,169592.99,6233.74,552.66,1491.55,48.3,23.5,22.44,5.22,263.87,P001,EQ050
2025-09-27 18:40:00,1175.9,240.88,178741.78,6612.54,439.89,1505.52,44.03,22.25,20.74,5.27,341.22,P004,EQ001
2025-09-27 18:50:00,1178.33,255.95,181640.87,6491.61,444.47,1530.78,45.94,22.39,20.93,4.64,337.51,P004,EQ008
2025-09-27 19:00:00,1208.96,237.0,175608.25,6548.45,491.02,1505.07,44.9,22.5,21.3,5.16,367.19,P013,EQ015
2025-09-27 19:10:00,1206.25,253.87,174501.5,6463.79,519.28,1505.4,52.52,21.31,19.98,4.94,291.69,P001,EQ022
2025-09-27 19:20:00,1213.28,274.88,174039.55,6619.12,539.08,1497.9,48.22,20.35,19.85,5.24,262.54,P014,EQ029
2025-09-27 19:30:00,1187.64,247.9,170236.15,6680.45,475.26,1521.98,55.31,22.97,20.88,5.52,316.82,P011,EQ036
2025-09-27 19:40:00,1179.43,255.61,175262.28,7113.2,463.26,1493.32,60.86,21.91,19.82,5.66,393.64,P009,EQ043
2025-09-27 19:50:00,1188.63,246.39,177435.21,6555.24,520.58,1465.18,39.97,21.16,23.12,4.89,309.16,P008,EQ050
2025-09-27 20:00:00,1176.38,241.11,170151.57,6587.97,484.77,1494.45,39.77,20.97,20.59,4.66,297.66,P010,EQ001
2025-09-27 20:10:00,1209.01,266.6,180488.89,6295.21,518.52,1489.13,53.19,22.99,19.15,5.23,326.73,P001,EQ008
2025-09-27 20:20:00,1174.55,251.66,166748.08,6393.0,521.15,1504.95,53.28,20.52,20.8,4.76,386.27,P006,EQ015
2025-09-27 20:30:00,1234.79,270.15,181542.3,6492.51,511.89,1481.37,42.36,23.9,19.68,5.17,309.63,P012,EQ022
2025-09-27 20:40:00,1163.0,259.5,181064.04,6815.52,485.56,1485.9,50.9,20.82,19.8,4.84,378.07,P006,EQ029
2025-09-27 20:50:00,1245.81,243.22,175446.16,6269.47,536.62,1478.49,54.45,21.16,20.98,4.48,307.92,P001,EQ036
2025-09-27 21:00:00,1216.17,254.39,169721.58,6464.42,517.52,1519.96,49.61,23.76,18.97,5.28,292.7,P006,EQ043
2025-09-27 21:10:00,1205.42,250.92,167635.87,6778.71,508.65,1473.67,58.37,20.13,19.53,5.13,296.21,P008,EQ050
2025-09-27 21:20:00,1199.94,243.1,173563.36,6628.9,495.14,1494.46,51.0,22.02,21.88,5.3,381.15,P002,EQ001
2025-09-27 21:30:00,1186.5,251.72,181100.75,6613.08,507.63,1485.73,47.92,20.98,20.63,4.99,282.35,P015,EQ008
2025-09-27 21:40:00,1175.75,263.85,180637.55,6663.17,504.94,1518.53,56.49,22.25,18.52,5.47,316.63,P007,EQ015
2025-09-27 21:50:00,1196.08,246.83,178336.53,6615.89,490.31,1519.0,56.88,19.93,20.59,5.11,370.55,P005,EQ022
2025-09-27 22:00:00,1208.64,251.63,174401.75,6430.32,482.85,1480.92,47.99,21.82,20.9,4.91,274.57,P012,EQ029
2025-09-27 22:10:00,1251.5,241.91,175584.58,6499.84,544.02,1489.17,44.64,18.69,20.68,4.97,395.55,P007,EQ036
2025-09-27 22:20:00,1213.07,277.66,167964.56,6533.62,555.36,1510.54,51.6,21.68,20.61,4.83,359.29,P007,EQ043
2025-09-27 22:30:00,1208.26,257.72,181491.3,6006.5,486.92,1492.15,58.08,20.17,19.66,4.79,270.94,P010,EQ050
2025-09-27 22:40:00,1230.93,248.32,176256.67,6689.42,494.25,1530.47,45.46,22.45,20.69,5.38,339.69,P003,EQ001
2025-09-27 22:50:00,1250.25,217.68,174403.2,6681.22,489.99,1462.65,50.99,21.63,20.76,4.59,281.17,P008,EQ008
2025-09-27 23:00:00,1251.7,255.09,179383.27,6451.27,522.67,1508.67,50.09,22.38,21.82,5.47,398.26,P009,EQ015
2025-09-27 23:10:00,1149.45,228.75,183893.22,6413.63,452.96,1520.9,52.97,22.83,20.34,4.47,398.0,P002,EQ022
2025-09-27 23:20:00,1192.98,238.52,182535.25,6351.02,540.99,1499.43,41.59,22.96,19.95,5.35,389.97,P010,EQ029
2025-09-27 23:30:00,1222.56,240.78,173108.34,6669.5,509.53,1489.61,46.34,23.86,20.04,4.7,363.42,P002,EQ036
2025-09-27 23:40:00,1231.62,234.53,173162.12,6306.37,537.42,1520.54,40.23,22.1,21.19,4.66,250.99,P011,EQ043
2025-09-27 23:50:00,1228.03,271.89,176917.69,6562.95,447.95,1485.82,51.38,22.19,20.2,4.99,387.16,P007,EQ050
2025-09-28 00:00:00,1231.37,258.07,175995.25,6325.38,507.44,1496.87,52.79,23.02,18.14,4.82,276.23,P008,EQ001
2025-09-28 00:10:00,1195.73,254.12,174460.24,6664.01,553.35,1474.94,49.51,22.53,20.77,4.96,356.54,P013,EQ008
2025-09-28 00:20:00,1218.73,262.06,175247.91,6462.34,454.83,1492.51,51.06,21.7,20.3,4.8,387.23,P004,EQ015
2025-09-28 00:30:00,1178.61,230.81,185250.66,6446.76,480.64,1508.11,38.17,19.85,20.54,5.04,277.9,P007,EQ022
2025-09-28 00:40:00,1244.54,259.27,173737.6,6414.27,538.43,1535.2,63.64,22.1,19.78,4.9,293.42,P008,EQ029
2025-09-28 00:50:00,1194.86,246.3,164488.42,6406.36,505.32,1518.56,42.65,22.26,20.25,5.49,256.33,P014,EQ036
2025-09-28 01:00:00,1206.85,235.45,174390.9,6197.75,494.12,1509.4,47.98,22.11,21.73,5.13,295.3,P010,EQ043
2025-09-28 01:10:00,1188.81,252.53,177714.57,6307.43,500.71,1490.32,49.52,19.94,21.09,5.01,295.59,P009,EQ050
2025-09-28 01:20:00,1177.54,251.91,161509.86,6476.58,479.11,1516.29,44.81,21.81,18.22,5.06,360.98,P004,EQ001
2025-09-28 01:30:00,1168.27,257.05,172417.28,6248.09,530.34,1531.58,46.56,21.76,19.57,4.92,254.03,P001,EQ008
2025-09-28 01:40:00,1220.4,285.36,172602.24,6437.54,478.63,1516.7,52.11,22.85,19.29,5.02,273.1,P005,EQ015
2025-09-28 01:50:00,1150.14,263.14,178446.27,6414.44,475.84,1460.68,48.98,21.58,19.88,4.92,393.4,P014,EQ022
2025-09-28 02:00:00,1154.51,234.96,177726.16,6214.85,464.16,1475.17,41.84,20.95,21.24,4.97,345.48,P002,EQ029
2025-09-28 02:10:00,1237.69,262.06,179263.13,6789.05,503.13,1493.23,50.47,22.44,21.27,5.04,348.07,P015,EQ036
2025-09-28 02:20:00,1227.41,253.36,175626.54,6449.89,527.6,1508.64,45.28,20.72,19.91,4.7,293.15,P003,EQ043
2025-09-28 02:30:00,1200.61,255.37,184320.9,6234.55,454.26,1471.71,46.86,21.39,18.34,5.41,323.78,P012,EQ050
2025-09-28 02:40:00,1200.66,233.96,162828.39,6794.79,454.95,1520.17,44.32,23.62,21.47,4.77,346.72,P001,EQ001
2025-09-28 02:50:00,1133.47,279.04,178172.19,6639.9,528.91,1497.67,38.62,22.17,20.51,4.61,267.9,P005,EQ008
2025-09-28 03:00:00,1226.72,277.39,169254.57,6779.27,566.36,1498.38,47.0,22.51,19.03,4.75,323.96,P002,EQ015
2025-09-28 03:10:00,1250.43,238.41,179774.81,6109.25,522.81,1482.11,57.85,23.1,21.22,4.78,339.83,P006,EQ022
2025-09-28 03:20:00,1196.5,257.28,176517.33,6522.25,529.79,1500.56,44.17,21.7,22.62,4.96,337.16,P010,EQ029
2025-09-28 03:30:00,1202.72,273.61,177331.08,6259.93,548.39,1490.55,49.7,22.35,19.74,4.75,315.41,P005,EQ036
2025-09-28 03:40:00,1181.78,237.45,173250.42,6234.91,525.38,1477.5,53.74,21.36,18.22,4.77,344.2,P008,EQ043
2025-09-28 03:50:00,1200.91,264.49,176186.17,6343.33,459.65,1505.57,58.94,22.59,19.5,5.35,396.14,P014,EQ050
2025-09-28 04:00:00,1201.09,261.7,180765.43,6521.44,493.56,1499.19,53.06,21.14,17.63,5.77,267.94,P009,EQ001
2025-09-28 04:10:00,1272.01,250.99,185765.67,6633.26,517.88,1459.05,55.14,22.95,20.8,4.88,359.94,P001,EQ008
2025-09-28 04:20:00,1174.76,250.72,176563.67,6742.03,505.82,1475.31,51.83,22.78,19.11,5.24,376.79,P003,EQ015
2025-09-28 04:30:00,1147.48,249.77,170682.24,6562.9,500.8,1503.21,45.55,19.6,19.44,5.2,337.25,P003,EQ022
2025-09-28 04:40:00,1193.03,253.72,176100.79,6608.28,487.09,1501.75,44.48,22.46,18.69,4.26,297.95,P015,EQ029
2025-09-28 04:50:00,1172.98,269.74,185304.83,6897.36,466.93,1478.67,55.09,21.01,20.19,5.04,353.99,P006,EQ036
2025-09-28 05:00:00,1199.53,222.14,175847.33,6525.22,487.16,1463.66,42.94,22.07,20.77,5.06,274.5,P005,EQ043
2025-09-28 05:10:00,1211.12,249.21,168884.75,6619.22,510.98,1488.11,50.77,20.88,19.83,4.84,304.17,P011,EQ050
2025-09-28 05:20:00,1205.86,230.96,180188.04,6335.43,466.01,1507.67,51.76,21.43,19.48,4.93,386.82,P006,EQ001
2025-09-28 05:30:00,1160.04,271.37,171124.46,6383.26,529.37,1506.53,48.71,22.16,20.74,5.12,257.31,P005,EQ008
2025-09-28 05:40:00,1205.93,242.91,168211.25,6539.2,496.28,1508.14,46.21,21.02,20.51,4.64,329.44,P015,EQ015
2025-09-28 05:50:00,1223.38,240.76,174249.58,6626.2,476.87,1550.14,45.48,23.24,20.74,5.13,261.52,P004,EQ022
2025-09-28 06:00:00,1198.24,236.98,188321.52,6395.06,486.15,1548.47,47.63,21.84,21.23,5.07,364.97,P003,EQ029
2025-09-28 06:10:00,1193.9,256.52,172899.91,6799.32,517.07,1455.42,54.25,22.68,18.92,4.89,364.7,P010,EQ036
2025-09-28 06:20:00,1181.7,255.74,183345.01,6448.7,502.6,1501.81,55.21,23.55,20.04,5.21,362.89,P009,EQ043
2025-09-28 06:30:00,1157.89,247.59,175493.57,6793.68,461.17,1522.37,46.91,23.23,19.87,4.83,298.39,P006,EQ050
2025-09-28 06:40:00,1203.21,250.16,175661.26,6352.35,534.08,1461.61,54.77,21.54,19.91,5.08,374.02,P011,EQ001
2025-09-28 06:50:00,1182.72,250.02,177848.2,6531.42,480.77,1529.9,40.3,20.48,20.35,5.34,369.98,P005,EQ008
2025-09-28 07:00:00,1150.32,281.24,168881.9,6522.31,528.61,1471.22,52.79,21.92,20.72,5.55,352.82,P012,EQ015
2025-09-28 07:10:00,1193.24,248.56,162752.13,6101.37,475.8,1495.64,42.94,22.0,19.55,5.03,304.38,P009,EQ022
2025-09-28 07:20:00,1189.33,235.91,180103.64,6656.94,467.21,1465.45,44.02,20.21,20.54,4.74,337.01,P014,EQ029
2025-09-28 07:30:00,1114.21,242.54,178330.15,6756.89,528.66,1508.7,54.68,21.68,21.72,5.04,271.56,P003,EQ036
2025-09-28 07:40:00,1247.29,232.53,164079.61,6488.47,560.27,1516.88,48.46,22.03,19.91,4.82,327.73,P006,EQ043
2025-09-28 07:50:00,1221.12,269.75,170752.24,6664.79,537.3,1503.66,54.87,22.5,20.94,5.32,366.82,P007,EQ050
2025-09-28 08:00:00,1233.23,262.21,178571.04,5882.51,480.36,1504.91,51.73,22.09,20.3,5.37,301.05,P015,EQ001
2025-09-28 08:10:00,1237.69,250.52,181124.72,6163.8,496.51,1543.66,56.3,21.89,21.78,5.15,274.45,P004,EQ008
2025-09-28 08:20:00,1260.3,239.25,171805.55,6472.29,453.71,1517.86,39.16,21.45,18.42,5.13,273.18,P004,EQ015
2025-09-28 08:30:00,1206.95,253.96,176544.15,6544.85,545.76,1499.2,45.37,22.49,19.88,4.75,374.74,P013,EQ022
2025-09-28 08:40:00,1181.7,269.39,179247.02,6348.6,491.39,1487.02,55.81,22.18,18.2,4.8,384.56,P010,EQ029
2025-09-28 08:50:00,1208.72,267.75,181333.98,6365.54,465.72,1538.96,50.13,22.47,18.22,5.3,353.45,P009,EQ036
2025-09-28 09:00:00,1165.32,247.15,172531.06,6913.29,462.56,1543.04,37.79,22.21,21.15,5.25,376.91,P012,EQ043
2025-09-28 09:10:00,1155.88,258.8,174364.47,6618.24,556.52,1492.93,47.58,21.14,20.74,5.26,332.67,P013,EQ050
2025-09-28 09:20:00,1137.69,226.67,174957.8,6632.25,562.74,1535.14,51.94,22.6,20.33,4.74,370.39,P007,EQ001
2025-09-28 09:30:00,1222.45,237.11,173830.14,6520.35,498.18,1503.13,55.13,21.35,19.78,4.7,319.07,P002,EQ008
2025-09-28 09:40:00,1240.65,234.62,172308.52,6689.98,475.35,1510.97,55.12,22.92,18.53,5.04,267.48,P003,EQ015
2025-09-28 09:50:00,1215.1,238.51,182626.13,6805.87,486.95,1485.5,49.47,23.28,19.03,5.16,388.51,P008,EQ022
2025-09-28 10:00:00,1169.88,237.52,180249.77,6575.35,531.53,1523.93,46.08,22.14,19.8,5.03,302.23,P012,EQ029
2025-09-28 10:10:00,1179.64,273.76,179782.95,6646.89,436.92,1517.17,50.53,23.02,19.32,4.95,304.39,P014,EQ036
2025-09-28 10:20:00,1201.36,258.05,176808.47,6737.2,500.14,1475.61,53.05,22.72,20.77,4.79,316.29,P010,EQ043
2025-09-28 10:30:00,1168.62,249.9,165237.34,6336.82,510.53,1499.25,46.91,22.74,19.85,5.38,328.47,P006,EQ050
2025-09-28 10:40:00,1175.84,245.26,163608.36,6526.91,484.53,1463.63,45.49,21.51,18.61,5.05,275.83,P005,EQ001
2025-09-28 10:50:00,1230.25,250.39,176896.44,6525.86,513.51,1481.44,48.9,22.97,20.62,4.65,254.31,P014,EQ008
2025-09-28 11:00:00,1177.53,254.95,176338.46,6246.99,502.11,1498.23,45.66,21.39,19.09,5.35,267.79,P003,EQ015
2025-09-28 11:10:00,1218.01,240.77,185957.96,6335.21,500.09,1506.71,44.03,22.19,19.88,5.3,378.52,P003,EQ022
2025-09-28 11:20:00,1165.84,225.03,173577.48,6105.9,489.79,1490.53,54.83,20.02,19.27,5.51,353.21,P005,EQ029
2025-09-28 11:30:00,1230.27,266.23,169348.03,6426.66,535.74,1481.02,50.77,21.7,20.1,4.8,268.8,P003,EQ036
2025-09-28 11:40:00,1272.07,279.43,168958.37,6746.21,449.39,1524.56,55.22,22.31,18.95,4.68,397.17,P007,EQ043
2025-09-28 11:50:00,1146.07,268.57,181042.06,6224.23,537.17,1516.44,49.87,23.43,18.47,5.57,353.62,P013,EQ050
2025-09-28 12:00:00,1184.41,255.14,190837.95,6414.89,519.39,1491.59,47.59,23.22,19.48,5.42,266.76,P001,EQ001
2025-09-28 12:10:00,1164.64,278.47,169885.02,6106.41,524.44,1506.55,52.08,23.1,18.06,5.04,366.2,P013,EQ008
2025-09-28 12:20:00,1287.44,273.87,180932.1,6522.24,481.42,1460.95,53.39,23.79,21.04,4.78,314.69,P004,EQ015
2025-09-28 12:30:00,1195.04,236.47,166294.89,6248.66,473.85,1500.71,52.93,21.73,19.98,5.11,266.17,P013,EQ022
2025-09-28 12:40:00,1185.2,261.0,187554.1,6378.64,495.58,1461.79,51.84,22.62,20.16,4.87,348.97,P010,EQ029
2025-09-28 12:50:00,1221.29,244.46,176308.23,6936.07,501.91,1552.04,58.44,23.89,19.22,5.06,258.89,P002,EQ036
2025-09-28 13:00:00,1184.67,240.32,176100.42,6814.97,528.51,1524.66,46.89,22.91,17.98,5.29,386.28,P001,EQ043
2025-09-28 13:10:00,1156.91,250.15,173416.75,6807.08,483.52,1537.87,44.58,22.19,19.89,5.43,259.94,P011,EQ050
2025-09-28 13:20:00,1181.19,257.45,172923.82,6421.66,533.16,1475.81,42.65,21.91,19.63,5.37,251.54,P002,EQ001
2025-09-28 13:30:00,1232.77,251.05,180876.84,6324.4,506.85,1502.31,44.25,21.44,19.84,5.18,367.36,P015,EQ008
2025-09-28 13:40:00,1160.59,249.03,175072.7,6695.3,499.07,1510.14,44.75,21.98,17.46,4.97,340.27,P010,EQ015
2025-09-28 13:50:00,1149.13,254.88,184828.14,6418.62,515.4,1521.79,54.12,22.4,19.16,5.29,385.18,P003,EQ022
2025-09-28 14:00:00,1174.12,244.12,178562.13,6300.26,498.37,1515.64,60.52,21.84,19.71,5.12,350.59,P001,EQ029
2025-09-28 14:10:00,1230.94,270.57,172428.77,6936.59,492.48,1531.37,48.86,22.05,20.14,4.69,263.62,P014,EQ036
2025-09-28 14:20:00,1193.36,245.29,174318.54,6233.98,480.81,1489.37,47.59,22.98,20.0,4.56,361.93,P005,EQ043
2025-09-28 14:30:00,1196.75,263.23,180608.74,6529.13,548.42,1499.35,54.34,22.85,20.41,5.06,392.32,P006,EQ050
2025-09-28 14:40:00,1227.03,256.5,173550.62,6432.22,493.49,1493.16,49.68,23.71,21.17,4.94,302.83,P014,EQ001
2025-09-28 14:50:00,1206.82,266.41,176605.66,6488.41,555.13,1514.08,43.46,22.48,21.51,4.84,325.1,P012,EQ008
2025-09-28 15:00:00,1155.06,223.37,172376.97,6592.7,482.3,1504.35,49.75,23.46,20.24,4.11,341.94,P009,EQ015
2025-09-28 15:10:00,1218.54,259.87,182205.95,6912.45,463.39,1500.61,49.81,23.16,18.62,5.05,335.54,P002,EQ022
2025-09-28 15:20:00,1214.88,221.87,175358.42,6771.95,465.15,1497.49,46.31,23.37,19.19,4.66,372.94,P013,EQ029
2025-09-28 15:30:00,1158.85,230.26,177181.21,6743.13,528.14,1515.29,47.45,22.6,21.21,4.6,252.1,P004,EQ036
2025-09-28 15:40:00,1179.47,246.99,170261.51,6491.73,562.17,1492.93,51.71,22.49,20.59,4.54,357.37,P005,EQ043
2025-09-28 15:50:00,1231.09,251.75,177045.43,6453.63,468.63,1484.14,55.79,23.98,18.3,5.18,275.77,P013,EQ050
2025-09-28 16:00:00,1246.77,208.19,179567.19,6450.32,489.54,1512.41,51.86,21.91,19.22,4.69,330.57,P012,EQ001
2025-09-28 16:10:00,1201.74,244.3,171361.6,6253.41,511.0,1483.69,48.66,22.24,20.82,4.57,264.8,P004,EQ008
2025-09-28 16:20:00,1218.59,238.67,173107.81,6418.95,517.52,1465.97,50.69,21.4,19.16,4.95,388.07,P014,EQ015
2025-09-28 16:30:00,1170.38,237.62,182071.86,6259.34,475.84,1470.56,51.23,21.76,20.51,5.0,356.16,P006,EQ022
2025-09-28 16:40:00,1218.8,259.43,167759.94,6476.78,537.13,1475.12,52.41,23.29,22.15,5.01,354.72,P003,EQ029
2025-09-28 16:50:00,1243.19,231.47,169990.36,6681.01,518.3,1522.39,42.73,20.38,19.36,4.57,315.95,P002,EQ036
2025-09-28 17:00:00,1231.43,242.06,170994.46,6182.98,502.91,1487.59,56.36,21.2,19.35,5.03,277.13,P006,EQ043
2025-09-28 17:10:00,1254.93,264.37,177006.8,6632.89,510.01,1476.02,54.87,23.09,18.98,5.11,397.2,P007,EQ050
2025-09-28 17:20:00,1204.77,256.34,177713.42,6370.66,486.58,1486.99,50.51,21.52,19.74,4.72,282.14,P004,EQ001
2025-09-28 17:30:00,1190.0,289.23,163062.56,6257.88,502.39,1480.36,45.01,20.9,19.89,4.99,311.14,P013,EQ008
2025-09-28 17:40:00,1137.93,234.26,179048.74,6199.53,458.1,1509.71,53.04,21.09,21.31,4.79,397.69,P002,EQ015
2025-09-28 17:50:00,1176.91,256.92,173951.06,6444.44,470.65,1462.24,51.2,22.36,21.48,4.71,319.89,P009,EQ022
2025-09-28 18:00:00,1212.02,247.52,169613.82,6457.14,534.15,1499.6,46.48,21.62,20.46,4.74,270.39,P013,EQ029
2025-09-28 18:10:00,1140.24,264.14,168369.41,6253.31,493.76,1469.83,53.77,19.48,19.94,4.9,304.19,P005,EQ036
2025-09-28 18:20:00,1196.96,261.86,177057.35,6500.76,529.84,1498.4,46.19,22.79,19.62,4.69,333.57,P001,EQ043
2025-09-28 18:30:00,1162.4,260.45,176420.46,6044.6,478.4,1516.81,50.97,22.51,19.29,4.73,262.34,P008,EQ050
2025-09-28 18:40:00,1183.97,274.22,172214.27,6681.68,497.21,1503.68,50.12,20.39,20.02,5.1,267.36,P005,EQ001
2025-09-28 18:50:00,1213.17,219.1,168034.39,6639.28,534.62,1520.94,43.47,20.49,21.0,4.51,318.54,P012,EQ008
2025-09-28 19:00:00,1225.78,245.88,181258.27,6154.37,510.77,1537.3,53.37,22.05,20.59,4.82,296.8,P014,EQ015
2025-09-28 19:10:00,1199.66,249.95,168881.87,6514.25,462.5,1471.67,51.99,22.54,21.65,4.78,316.59,P009,EQ022
2025-09-28 19:20:00,1179.9,259.7,177282.0,6533.62,517.47,1482.21,54.91,22.94,20.36,5.57,311.09,P014,EQ029
2025-09-28 19:30:00,1173.93,253.38,177342.03,6536.14,444.37,1509.49,45.17,20.84,19.01,5.11,314.19,P014,EQ036
2025-09-28 19:40:00,1211.79,269.27,180110.3,6472.55,567.78,1509.29,48.8,22.21,18.66,5.1,260.44,P014,EQ043
2025-09-28 19:50:00,1227.96,223.56,180879.46,6821.88,494.23,1499.73,47.19,20.98,18.43,4.95,370.37,P011,EQ050
2025-09-28 20:00:00,1163.11,255.7,169080.93,6487.43,499.21,1513.97,47.06,22.83,19.02,4.94,305.12,P001,EQ001
2025-09-28 20:10:00,1161.1,203.81,171385.64,6550.02,429.09,1499.34,51.0,24.02,21.22,4.87,399.81,P008,EQ008
2025-09-28 20:20:00,1140.18,261.78,174576.76,6866.65,476.32,1489.92,62.0,24.13,21.08,4.57,350.81,P007,EQ015
2025-09-28 20:30:00,1206.96,266.09,179252.6,6738.47,524.48,1507.14,42.35,22.54,20.79,4.95,315.71,P011,EQ022
2025-09-28 20:40:00,1136.35,242.74,176715.87,6652.04,512.74,1485.06,42.72,20.81,20.52,4.47,351.48,P002,EQ029
2025-09-28 20:50:00,1179.22,237.33,171105.68,6585.46,459.33,1487.67,54.51,23.58,20.1,5.14,271.51,P007,EQ036
2025-09-28 21:00:00,1225.56,241.47,176274.55,7070.29,518.28,1507.29,56.94,20.73,20.44,5.05,354.26,P002,EQ043
2025-09-28 21:10:00,1193.25,226.67,170163.55,6678.93,523.84,1502.36,48.54,22.12,19.22,5.11,361.21,P015,EQ050
2025-09-28 21:20:00,1191.4,246.94,169815.93,6796.56,512.52,1503.61,50.46,20.62,20.98,4.81,396.68,P002,EQ001
2025-09-28 21:30:00,1187.81,247.38,179649.6,6290.04,574.14,1524.27,54.71,23.49,19.67,4.98,304.56,P004,EQ008
2025-09-28 21:40:00,1158.77,229.73,168271.37,6635.11,464.32,1471.07,39.55,21.7,20.43,4.78,300.79,P010,EQ015
2025-09-28 21:50:00,1255.85,265.52,167829.32,6642.44,528.12,1512.92,47.19,22.12,19.54,4.89,376.6,P007,EQ022
2025-09-28 22:00:00,1262.84,250.39,168740.86,6549.74,548.41,1506.11,49.83,21.08,22.11,5.91,268.41,P014,EQ029
2025-09-28 22:10:00,1241.8,251.53,167178.77,6540.28,460.48,1483.42,49.07,21.41,20.26,5.0,313.71,P008,EQ036
2025-09-28 22:20:00,1211.69,252.26,183073.44,6638.54,508.72,1493.39,46.32,23.05,18.42,5.2,291.78,P012,EQ043
2025-09-28 22:30:00,1183.93,231.02,171248.61,6332.64,493.34,1550.49,44.86,21.15,21.1,4.5,364.9,P010,EQ050
2025-09-28 22:40:00,1217.27,246.08,170596.81,6705.18,504.14,1500.67,55.85,20.6,20.09,5.23,290.95,P013,EQ001
2025-09-28 22:50:00,1188.47,244.39,181880.82,6854.47,449.52,1502.9,54.19,22.3,19.48,5.42,370.15,P007,EQ008
2025-09-28 23:00:00,1183.69,254.31,168881.76,6278.71,498.73,1484.37,48.68,21.28,20.1,4.87,303.41,P011,EQ015
2025-09-28 23:10:00,1197.28,249.81,180244.48,6698.78,483.79,1517.3,49.62,22.45,21.97,4.87,340.47,P007,EQ022
2025-09-28 23:20:00,1233.46,262.59,175381.43,6310.83,444.42,1540.26,56.44,23.95,19.84,5.01,398.13,P009,EQ029
2025-09-28 23:30:00,1202.09,229.45,175272.62,6722.71,544.07,1477.86,58.28,24.27,20.15,5.24,291.83,P013,EQ036
2025-09-28 23:40:00,1199.88,258.39,174542.39,6241.18,510.16,1478.06,45.28,21.51,20.56,4.94,318.2,P002,EQ043
2025-09-28 23:50:00,1219.87,250.41,175167.25,6538.6,479.62,1507.43,46.88,20.4,19.94,4.91,287.6,P008,EQ050
2025-09-29 00:00:00,1241.02,233.73,180045.15,6870.89,557.25,1510.23,44.15,21.69,20.63,5.45,284.62,P003,EQ001
2025-09-29 00:10:00,1150.61,246.63,166090.96,6314.06,499.97,1495.66,42.49,22.73,19.35,4.79,254.46,P012,EQ008
2025-09-29 00:20:00,1166.57,249.3,175200.54,6538.84,525.95,1506.91,55.04,23.11,18.54,5.25,257.93,P002,EQ015
2025-09-29 00:30:00,1240.91,241.46,190650.63,6388.55,495.77,1502.88,52.87,22.34,21.57,5.54,324.72,P001,EQ022
2025-09-29 00:40:00,1198.46,205.31,175921.88,6665.1,553.67,1524.47,47.34,24.33,19.1,5.04,395.81,P007,EQ029
2025-09-29 00:50:00,1166.21,265.92,167509.82,6482.43,508.3,1522.45,50.46,23.07,18.95,4.8,340.69,P006,EQ036
2025-09-29 01:00:00,1207.52,250.19,179805.77,6003.47,482.3,1520.61,43.59,21.67,19.97,4.88,272.91,P010,EQ043
2025-09-29 01:10:00,1207.69,257.64,175727.3,6360.93,477.66,1476.87,51.41,21.15,19.64,4.74,343.48,P013,EQ050
2025-09-29 01:20:00,1214.56,270.33,176297.45,6308.4,509.36,1483.15,52.42,22.75,18.24,5.47,261.48,P013,EQ001
2025-09-29 01:30:00,1221.41,265.38,177424.77,6405.15,494.13,1520.1,49.84,22.79,21.32,4.96,327.99,P008,EQ008
2025-09-29 01:40:00,1188.6,236.31,175428.69,6566.26,540.21,1513.69,51.41,21.89,19.83,4.61,368.91,P004,EQ015
2025-09-29 01:50:00,1205.93,240.36,171293.66,6393.95,528.76,1504.53,51.94,21.46,19.74,4.59,294.03,P008,EQ022
2025-09-29 02:00:00,1215.21,253.61,155979.91,6067.85,481.56,1511.88,52.34,23.09,19.46,4.49,323.54,P005,EQ029
2025-09-29 02:10:00,1208.11,253.18,172135.42,6561.58,529.08,1501.52,43.83,24.15,20.08,4.34,331.37,P013,EQ036
2025-09-29 02:20:00,1196.8,253.64,168985.19,6365.22,518.66,1506.17,53.02,23.07,18.87,4.7,378.95,P009,EQ043
2025-09-29 02:30:00,1219.96,229.77,184836.05,6353.43,502.21,1475.85,49.07,22.17,21.89,5.26,252.65,P013,EQ050
2025-09-29 02:40:00,1213.73,250.16,172448.81,6429.86,545.25,1492.02,58.59,22.28,19.79,5.04,254.74,P007,EQ001
2025-09-29 02:50:00,1150.23,215.68,172851.3,6360.05,504.78,1484.39,51.86,20.9,20.35,4.44,382.02,P002,EQ008
2025-09-29 03:00:00,1227.36,276.35,173688.91,6272.4,468.86,1500.55,55.72,20.68,20.39,5.71,307.54,P006,EQ015
2025-09-29 03:10:00,1197.41,244.18,176482.54,6468.47,487.94,1522.59,48.92,22.71,20.38,4.15,377.93,P008,EQ022
2025-09-29 03:20:00,1168.58,242.61,179690.63,6450.0,495.04,1484.78,51.89,22.34,20.02,4.92,318.95,P001,EQ029
2025-09-29 03:30:00,1221.7,222.97,169510.09,6538.29,461.35,1481.68,48.73,21.33,21.85,5.54,276.53,P011,EQ036
2025-09-29 03:40:00,1171.38,268.02,174779.07,6522.66,542.74,1510.72,51.51,22.24,18.93,4.94,379.05,P005,EQ043
2025-09-29 03:50:00,1200.19,237.12,172083.08,6114.27,473.94,1500.66,47.89,21.88,20.77,5.13,382.71,P003,EQ050
2025-09-29 04:00:00,1202.52,246.93,176930.34,6886.85,520.51,1512.26,52.01,21.55,18.99,5.23,323.72,P003,EQ001
2025-09-29 04:10:00,1196.17,249.15,173741.66,6574.95,578.0,1514.23,52.54,21.01,19.66,4.84,296.87,P007,EQ008
2025-09-29 04:20:00,1190.4,259.59,177052.71,6409.7,514.78,1527.35,56.56,22.67,20.6,4.95,323.12,P002,EQ015
2025-09-29 04:30:00,1225.77,232.4,165988.49,6357.22,512.85,1484.98,59.92,23.01,19.76,5.41,335.33,P008,EQ022
2025-09-29 04:40:00,1240.71,261.59,175544.09,6450.53,483.74,1502.39,48.64,22.02,19.96,4.71,349.01,P011,EQ029
2025-09-29 04:50:00,1187.03,231.58,169942.0,6432.28,511.15,1488.69,45.88,20.09,20.34,5.76,330.91,P008,EQ036
2025-09-29 05:00:00,1190.51,255.56,172366.8,6574.27,554.76,1539.89,59.38,22.43,19.14,4.87,321.39,P014,EQ043
2025-09-29 05:10:00,1216.41,257.66,178431.62,6368.62,543.26,1514.61,48.21,22.58,19.87,4.94,273.45,P001,EQ050
2025-09-29 05:20:00,1183.97,256.15,182711.58,6149.89,528.58,1467.74,58.01,24.2,19.56,5.02,308.71,P008,EQ001
2025-09-29 05:30:00,1214.96,238.61,171472.09,6346.34,488.49,1512.53,58.47,22.55,20.43,5.83,338.66,P007,EQ008
2025-09-29 05:40:00,1227.35,246.11,174382.15,6639.28,521.2,1510.43,42.22,21.96,21.25,5.07,342.54,P006,EQ015
2025-09-29 05:50:00,1213.29,254.96,171610.6,6631.89,521.6,1509.46,42.83,21.82,19.89,5.28,364.97,P005,EQ022
2025-09-29 06:00:00,1251.08,244.31,175597.53,6651.83,441.55,1456.84,53.18,21.3,19.66,4.53,298.07,P001,EQ029
2025-09-29 06:10:00,1228.33,245.46,174679.57,6213.29,533.05,1508.51,50.89,19.79,20.69,5.03,338.57,P003,EQ036
2025-09-29 06:20:00,1229.1,250.2,171088.38,6720.98,460.97,1491.99,49.26,22.1,18.38,4.67,375.54,P006,EQ043
2025-09-29 06:30:00,1200.75,246.17,177480.31,6480.45,539.21,1497.22,54.85,23.56,18.62,5.1,371.43,P010,EQ050
2025-09-29 06:40:00,1207.87,238.48,179136.66,6611.15,509.06,1509.45,46.09,21.09,22.92,4.69,254.03,P015,EQ001
2025-09-29 06:50:00,1195.32,227.67,171482.71,6704.86,498.25,1471.57,53.5,20.76,20.13,4.82,343.77,P007,EQ008
2025-09-29 07:00:00,1201.57,250.98,181803.65,6101.26,512.17,1498.93,53.53,22.13,20.19,4.73,264.6,P006,EQ015
2025-09-29 07:10:00,1193.76,264.25,173927.56,6646.44,510.54,1468.75,47.98,20.39,21.63,5.43,398.79,P007,EQ022
2025-09-29 07:20:00,1264.97,236.09,174050.32,6562.33,488.59,1525.24,42.3,23.98,20.31,4.98,302.69,P011,EQ029
2025-09-29 07:30:00,1155.6,226.91,182903.26,6460.19,480.1,1518.24,55.19,21.83,20.47,4.92,286.63,P004,EQ036
2025-09-29 07:40:00,1184.42,252.58,174863.65,6706.31,562.12,1527.33,45.03,21.18,20.72,4.91,347.21,P010,EQ043
2025-09-29 07:50:00,1234.14,256.35,174529.95,6711.43,497.46,1505.55,52.68,21.11,19.55,5.05,262.74,P012,EQ050
2025-09-29 08:00:00,1229.53,255.77,177355.13,6664.94,466.41,1537.52,52.17,23.4,20.62,5.46,259.83,P005,EQ001
2025-09-29 08:10:00,1181.67,252.97,175462.85,6544.08,477.53,1492.25,54.36,22.41,19.81,4.88,267.17,P003,EQ008
2025-09-29 08:20:00,1201.39,291.39,171494.41,6377.84,463.67,1492.24,44.88,21.64,19.48,4.86,252.96,P006,EQ015
2025-09-29 08:30:00,1228.51,229.8,167040.32,6206.84,566.05,1507.34,51.02,19.54,20.68,5.34,255.61,P011,EQ022
2025-09-29 08:40:00,1152.67,216.67,172800.06,6538.69,519.93,1467.75,53.83,21.71,19.82,5.3,379.51,P010,EQ029
2025-09-29 08:50:00,1232.07,243.93,174611.91,6754.04,488.74,1509.61,55.12,21.25,20.3,4.95,327.21,P007,EQ036
2025-09-29 09:00:00,1181.65,230.34,186954.37,6496.2,501.19,1557.6,56.43,21.71,20.63,5.28,289.99,P012,EQ043
2025-09-29 09:10:00,1239.33,251.94,179488.17,6340.0,512.22,1507.63,47.48,22.75,20.38,4.8,320.45,P001,EQ050
2025-09-29 09:20:00,1141.65,244.68,173022.51,6661.89,519.18,1500.9,59.0,21.09,19.01,4.92,397.86,P007,EQ001
2025-09-29 09:30:00,1207.47,243.48,175201.13,6398.21,528.25,1470.0,41.46,21.68,20.77,5.54,335.55,P006,EQ008
2025-09-29 09:40:00,1218.77,226.0,182175.78,6236.39,497.23,1502.96,46.79,22.29,21.48,5.04,335.88,P013,EQ015
2025-09-29 09:50:00,1201.55,254.89,169337.98,6407.0,548.74,1503.81,46.37,21.15,19.55,5.1,323.25,P012,EQ022
2025-09-29 10:00:00,1195.86,244.9,176695.03,6423.16,504.77,1500.35,47.69,22.03,18.69,5.11,351.27,P006,EQ029
2025-09-29 10:10:00,1224.76,248.3,178630.76,6409.49,522.26,1493.71,53.92,20.92,20.5,4.99,324.51,P013,EQ036
2025-09-29 10:20:00,1186.94,266.68,176691.92,6284.75,475.77,1494.49,55.71,23.03,18.9,4.63,364.74,P006,EQ043
2025-09-29 10:30:00,1175.56,262.59,169742.29,6329.8,482.59,1502.84,44.15,23.14,20.23,5.47,274.99,P005,EQ050
2025-09-29 10:40:00,1215.19,287.81,180484.92,6425.3,543.44,1508.0,48.66,21.7,19.86,4.93,304.5,P007,EQ001
2025-09-29 10:50:00,1157.07,263.8,169449.19,6002.12,520.93,1492.77,48.3,21.21,21.08,5.04,280.26,P011,EQ008
2025-09-29 11:00:00,1141.34,246.6,178846.36,6712.64,470.46,1499.13,49.28,21.6,19.29,4.76,377.1,P013,EQ015
2025-09-29 11:10:00,1249.87,238.76,170390.82,6310.3,496.4,1500.45,48.65,21.42,20.13,5.5,261.3,P014,EQ022
2025-09-29 11:20:00,1154.77,258.72,175825.67,6647.84,520.19,1503.93,64.58,23.49,20.14,5.11,330.38,P005,EQ029
2025-09-29 11:30:00,1174.88,268.62,173069.85,6146.82,499.96,1488.89,51.7,22.34,21.11,5.0,289.77,P005,EQ036
2025-09-29 11:40:00,1216.36,245.85,171385.64,6551.81,439.34,1489.97,50.01,20.37,19.69,5.23,399.43,P007,EQ043
2025-09-29 11:50:00,1267.76,242.24,176403.32,6299.77,477.94,1540.59,51.82,21.98,20.82,5.17,370.69,P010,EQ050
2025-09-29 12:00:00,1160.71,245.76,172005.85,6581.92,496.19,1497.04,43.08,21.59,20.6,4.85,361.43,P002,EQ001
2025-09-29 12:10:00,1191.29,248.62,172785.28,6783.44,451.71,1505.32,53.92,21.35,20.11,4.98,357.66,P010,EQ008
2025-09-29 12:20:00,1190.83,249.14,169740.55,6068.34,528.53,1485.64,43.95,20.85,19.61,4.79,264.21,P006,EQ015
2025-09-29 12:30:00,1251.49,241.28,177444.06,6724.3,505.3,1506.47,52.13,23.48,22.31,5.15,291.0,P010,EQ022
2025-09-29 12:40:00,1179.83,247.06,178400.08,6145.87,534.08,1512.16,47.77,20.88,20.81,5.61,370.18,P008,EQ029
2025-09-29 12:50:00,1203.29,230.05,177481.88,6815.09,527.29,1500.79,49.76,21.93,20.98,4.78,314.07,P006,EQ036
2025-09-29 13:00:00,1198.25,237.95,176566.43,6553.14,493.02,1520.09,42.97,21.22,20.5,5.43,369.35,P011,EQ043
2025-09-29 13:10:00,1154.38,265.06,176051.98,6639.79,494.03,1471.33,52.26,21.62,18.46,5.04,373.56,P009,EQ050
2025-09-29 13:20:00,1164.2,243.12,167995.42,6822.77,489.62,1489.22,47.66,20.85,20.61,5.04,370.62,P007,EQ001
2025-09-29 13:30:00,1210.69,266.48,168916.08,6658.57,500.92,1517.25,54.85,21.42,18.99,4.96,349.52,P006,EQ008
2025-09-29 13:40:00,1219.74,264.43,174305.03,6480.37,535.6,1537.33,47.58,20.87,20.82,5.12,280.01,P007,EQ015
2025-09-29 13:50:00,1239.21,253.78,169610.97,6623.05,516.56,1521.21,50.29,23.37,20.26,5.43,287.69,P009,EQ022
2025-09-29 14:00:00,1179.75,268.71,176404.38,6831.61,535.74,1509.07,57.12,24.1,20.44,5.3,317.98,P013,EQ029
2025-09-29 14:10:00,1212.97,248.12,170867.65,6583.31,481.28,1491.68,51.0,20.68,19.9,4.78,332.13,P015,EQ036
2025-09-29 14:20:00,1218.16,248.06,168445.5,6606.34,512.18,1480.97,51.35,21.67,18.09,5.26,252.79,P012,EQ043
2025-09-29 14:30:00,1225.61,227.2,183549.03,7033.58,512.27,1481.92,48.27,21.88,19.12,4.86,327.43,P003,EQ050
2025-09-29 14:40:00,1212.27,251.47,174424.77,6423.05,536.72,1533.88,54.18,22.0,22.28,5.53,336.53,P004,EQ001
2025-09-29 14:50:00,1205.42,246.89,167213.37,6372.49,526.22,1518.19,48.42,22.84,20.72,5.51,349.12,P014,EQ008
2025-09-29 15:00:00,1121.62,238.74,173295.98,6534.34,548.44,1483.97,53.76,22.8,20.22,4.99,361.33,P008,EQ015
2025-09-29 15:10:00,1156.33,262.72,169451.95,6313.52,494.54,1506.45,50.39,23.27,20.2,4.93,290.19,P011,EQ022
2025-09-29 15:20:00,1178.35,263.13,179605.71,6593.07,458.87,1491.32,55.0,21.73,20.68,4.91,329.91,P010,EQ029
2025-09-29 15:30:00,1201.06,274.66,177579.61,6319.87,551.15,1520.35,49.5,22.7,18.86,5.04,377.92,P015,EQ036
2025-09-29 15:40:00,1163.43,250.46,167956.22,6382.55,495.46,1517.95,50.2,22.39,22.27,4.88,315.06,P010,EQ043
2025-09-29 15:50:00,1153.74,248.1,170980.96,6563.87,546.26,1469.61,52.55,23.29,20.28,4.99,358.99,P001,EQ050
2025-09-29 16:00:00,1216.13,258.64,179650.95,6505.08,520.16,1480.81,52.34,22.19,18.8,5.05,328.34,P006,EQ001
2025-09-29 16:10:00,1160.91,232.14,169642.66,6368.28,527.21,1508.76,50.32,22.05,20.16,5.48,319.37,P004,EQ008
2025-09-29 16:20:00,1204.62,258.61,174079.34,6637.14,524.76,1439.35,49.81,21.75,20.17,5.22,272.57,P011,EQ015
2025-09-29 16:30:00,1177.28,238.62,179909.83,6341.51,548.54,1501.96,45.86,23.8,21.03,5.03,364.83,P014,EQ022
2025-09-29 16:40:00,1225.03,233.49,165696.93,6251.91,535.11,1500.45,49.09,20.83,19.52,4.86,315.31,P006,EQ029
2025-09-29 16:50:00,1213.75,253.78,173995.95,6613.81,471.78,1503.47,48.8,22.91,22.01,5.17,379.03,P015,EQ036
2025-09-29 17:00:00,1173.11,259.32,171250.57,6670.36,479.47,1498.15,51.14,22.31,22.17,5.04,259.66,P004,EQ043
2025-09-29 17:10:00,1150.2,250.72,179564.45,6503.65,558.6,1515.28,55.7,21.93,18.61,4.94,376.9,P005,EQ050
2025-09-29 17:20:00,1223.61,246.7,179835.65,6563.92,508.95,1467.41,58.44,21.18,17.74,5.44,373.56,P011,EQ001
2025-09-29 17:30:00,1194.87,245.04,167111.37,6977.93,471.5,1507.45,51.01,21.44,19.75,5.28,274.09,P011,EQ008
2025-09-29 17:40:00,1162.36,236.18,176765.28,6545.69,511.69,1532.84,57.32,20.88,21.82,4.39,340.18,P007,EQ015
2025-09-29 17:50:00,1187.28,261.89,176020.63,6349.23,506.5,1480.78,53.15,23.61,20.09,5.06,285.77,P003,EQ022
2025-09-29 18:00:00,1220.8,278.52,166234.65,6394.42,482.68,1529.01,56.37,21.61,19.77,5.07,278.79,P004,EQ029
2025-09-29 18:10:00,1183.27,221.74,173852.31,6199.27,449.67,1497.06,48.65,21.97,21.11,5.27,369.56,P005,EQ036
2025-09-29 18:20:00,1229.65,289.58,180650.68,6406.67,499.1,1509.42,51.6,21.06,21.72,4.66,319.62,P009,EQ043
2025-09-29 18:30:00,1227.62,234.64,176953.34,6412.43,498.05,1472.68,54.91,21.07,19.68,4.77,398.69,P007,EQ050
2025-09-29 18:40:00,1210.74,248.02,179583.97,6802.73,490.98,1538.48,45.79,23.69,18.94,4.75,347.04,P001,EQ001
2025-09-29 18:50:00,1229.83,241.76,172278.93,6665.38,530.1,1473.07,38.24,22.22,21.34,5.15,280.3,P005,EQ008
2025-09-29 19:00:00,1225.89,244.98,183896.04,6088.72,489.03,1502.79,48.99,21.56,20.19,4.76,270.46,P005,EQ015
2025-09-29 19:10:00,1203.01,267.23,170140.93,6520.5,471.69,1501.59,43.26,21.26,20.16,5.15,368.45,P005,EQ022
2025-09-29 19:20:00,1222.8,246.47,170409.16,6363.96,460.79,1505.34,45.61,22.16,17.3,5.25,348.8,P003,EQ029
2025-09-29 19:30:00,1202.69,246.54,171431.08,6389.57,467.31,1460.35,43.2,21.67,19.18,4.4,346.64,P001,EQ036
2025-09-29 19:40:00,1219.76,282.75,170212.06,6465.55,474.04,1489.32,49.54,22.5,19.55,4.74,394.57,P008,EQ043
2025-09-29 19:50:00,1195.38,268.71,169683.46,6605.95,529.81,1498.77,54.19,21.13,18.96,5.04,367.34,P001,EQ050
2025-09-29 20:00:00,1188.85,247.59,177447.48,6470.97,490.66,1483.45,57.8,22.38,19.02,4.71,378.94,P002,EQ001
2025-09-29 20:10:00,1179.56,225.55,174735.7,6661.37,468.2,1505.72,47.41,22.61,19.83,4.66,297.09,P005,EQ008
2025-09-29 20:20:00,1190.95,252.79,172202.92,6691.8,477.58,1479.64,49.71,22.33,19.82,5.12,380.08,P015,EQ015
2025-09-29 20:30:00,1168.85,236.5,179457.8,6418.24,532.71,1501.0,53.14,23.11,20.53,4.85,393.26,P015,EQ022
2025-09-29 20:40:00,1137.13,268.88,173087.54,6437.27,531.66,1485.47,46.26,21.01,19.97,5.0,304.52,P011,EQ029
2025-09-29 20:50:00,1194.63,236.13,180140.18,6662.22,490.2,1487.69,52.28,20.67,21.0,4.97,382.86,P007,EQ036
2025-09-29 21:00:00,1254.23,240.92,193787.72,6148.26,448.93,1504.7,51.32,20.2,20.17,4.88,391.47,P012,EQ043
2025-09-29 21:10:00,1251.71,247.13,179636.46,6583.11,459.56,1518.0,49.07,20.06,19.14,5.16,376.41,P004,EQ050
2025-09-29 21:20:00,1202.37,260.68,171842.01,6448.41,478.19,1496.83,52.57,21.79,20.16,4.85,266.79,P012,EQ001
2025-09-29 21:30:00,1183.5,230.99,173965.64,6522.28,499.46,1520.1,51.46,21.25,19.75,5.01,325.04,P002,EQ008
2025-09-29 21:40:00,1188.45,263.86,173512.65,6995.35,500.23,1515.4,45.82,21.65,20.38,5.09,328.29,P014,EQ015
2025-09-29 21:50:00,1182.1,252.0,181011.21,6336.71,526.87,1474.63,54.54,20.96,21.78,4.59,337.06,P013,EQ022
2025-09-29 22:00:00,1202.1,251.74,182405.37,6544.19,503.04,1503.33,50.12,22.99,21.4,5.07,389.73,P005,EQ029
2025-09-29 22:10:00,1174.49,259.34,173762.54,6527.71,536.51,1488.05,52.3,21.55,20.19,4.74,324.47,P002,EQ036
2025-09-29 22:20:00,1201.78,247.59,173267.34,6989.53,538.41,1487.53,46.44,23.35,19.81,4.84,285.71,P002,EQ043
2025-09-29 22:30:00,1172.39,257.24,179104.35,6260.39,514.95,1519.43,60.8,20.76,18.24,4.75,365.98,P006,EQ050
2025-09-29 22:40:00,1207.19,239.88,177546.96,6311.79,514.06,1485.52,51.25,22.37,19.8,5.53,299.39,P010,EQ001
2025-09-29 22:50:00,1127.03,262.43,183706.95,6702.95,485.27,1452.9,57.16,20.72,21.47,4.73,360.59,P013,EQ008
2025-09-29 23:00:00,1229.33,255.08,178179.99,6555.36,489.43,1498.44,44.0,20.34,19.25,5.02,362.26,P004,EQ015
2025-09-29 23:10:00,1212.97,263.92,176593.43,6377.55,478.96,1484.18,46.77,19.97,19.67,5.49,390.33,P004,EQ022
2025-09-29 23:20:00,1230.63,265.8,182832.93,6627.61,452.61,1491.54,43.63,22.79,19.22,5.1,271.64,P003,EQ029
2025-09-29 23:30:00,1257.71,259.74,182847.02,6383.52,465.34,1478.94,43.23,21.91,21.18,4.72,282.12,P005,EQ036
2025-09-29 23:40:00,1239.74,212.38,170092.91,6810.8,498.56,1512.57,41.15,20.12,18.3,5.24,315.92,P005,EQ043
2025-09-29 23:50:00,1141.41,243.85,177489.57,6229.3,409.23,1501.33,57.27,22.86,20.75,3.9,379.43,P001,EQ050
2025-09-30 00:00:00,1190.05,273.13,177707.32,6128.03,501.65,1534.0,50.86,20.9,19.94,5.13,323.55,P006,EQ001
2025-09-30 00:10:00,1217.88,240.42,167794.55,6790.75,512.27,1492.76,49.45,23.68,19.59,4.77,354.94,P002,EQ008
2025-09-30 00:20:00,1194.23,273.51,176544.19,6532.99,467.2,1480.27,48.53,21.62,18.76,4.63,297.47,P007,EQ015
2025-09-30 00:30:00,1176.64,266.34,176057.3,6711.05,474.97,1531.19,50.49,22.87,19.88,5.26,321.23,P004,EQ022
2025-09-30 00:40:00,1239.46,245.71,174982.72,6921.99,502.0,1474.86,48.54,21.29,21.32,5.04,394.5,P015,EQ029
2025-09-30 00:50:00,1233.62,278.39,175062.75,6404.66,458.19,1535.97,56.16,21.65,20.09,5.62,367.64,P003,EQ036
2025-09-30 01:00:00,1189.36,258.12,176370.84,6509.38,502.41,1471.69,50.29,21.32,20.54,5.39,304.45,P012,EQ043
2025-09-30 01:10:00,1212.11,244.31,180934.35,6312.52,503.42,1480.99,43.47,23.89,21.85,4.97,305.16,P005,EQ050
2025-09-30 01:20:00,1219.39,241.78,170073.9,6502.69,461.67,1537.55,46.63,21.8,20.72,4.98,253.16,P015,EQ001
2025-09-30 01:30:00,1201.75,269.75,174528.94,6574.78,475.41,1491.21,55.83,21.79,19.34,5.26,340.87,P014,EQ008
2025-09-30 01:40:00,1137.15,262.47,176347.08,6260.44,527.8,1476.22,44.75,21.54,19.72,4.44,360.92,P013,EQ015
2025-09-30 01:50:00,1201.59,266.28,177403.52,6787.13,536.74,1511.75,45.69,22.39,18.78,4.54,391.13,P012,EQ022
2025-09-30 02:00:00,1189.43,238.7,175261.87,6216.23,493.33,1462.45,50.11,21.09,18.7,5.22,387.62,P011,EQ029
2025-09-30 02:10:00,1187.39,236.83,164580.42,6585.61,527.83,1488.58,58.42,21.32,19.06,4.99,285.95,P009,EQ036
2025-09-30 02:20:00,1174.45,253.97,176755.51,6256.41,515.65,1502.12,39.62,22.19,19.73,4.87,307.7,P011,EQ043
2025-09-30 02:30:00,1199.3,276.63,173666.75,6468.27,475.97,1503.82,43.82,21.31,21.03,4.4,393.77,P006,EQ050
2025-09-30 02:40:00,1199.13,299.42,176112.88,6612.73,525.04,1522.69,49.64,24.13,19.82,5.45,385.47,P011,EQ001
2025-09-30 02:50:00,1201.26,256.9,164111.25,6544.53,471.37,1472.77,51.87,22.0,20.62,5.07,268.31,P014,EQ008
2025-09-30 03:00:00,1147.36,269.74,164800.71,6160.66,527.04,1508.76,51.3,21.28,20.75,5.23,285.46,P008,EQ015
2025-09-30 03:10:00,1251.48,246.55,169255.89,6684.53,498.29,1507.32,57.57,22.28,20.12,5.19,308.27,P015,EQ022
2025-09-30 03:20:00,1184.39,262.02,182817.26,6477.66,486.3,1497.43,45.76,20.05,20.0,4.95,394.11,P015,EQ029
2025-09-30 03:30:00,1248.97,250.8,183779.75,6693.22,502.35,1508.57,53.53,23.09,21.83,5.17,396.7,P005,EQ036
2025-09-30 03:40:00,1188.63,250.28,174252.15,6092.22,494.3,1484.67,56.0,21.61,20.83,5.04,295.13,P015,EQ043
2025-09-30 03:50:00,1158.46,242.34,179774.77,6632.31,513.76,1537.95,47.02,23.81,19.99,5.24,373.41,P004,EQ050
2025-09-30 04:00:00,1221.95,259.76,175450.19,6431.17,458.66,1508.15,44.51,22.06,18.64,4.92,294.61,P014,EQ001
2025-09-30 04:10:00,1213.76,253.37,176297.72,6547.46,521.8,1523.2,46.15,21.98,18.26,4.5,383.54,P015,EQ008
2025-09-30 04:20:00,1190.94,249.05,176767.85,6554.66,525.59,1506.87,45.68,22.71,20.72,4.77,315.83,P006,EQ015
2025-09-30 04:30:00,1179.38,268.46,170430.6,6553.67,447.72,1477.08,51.22,21.33,18.6,4.56,381.92,P013,EQ022
2025-09-30 04:40:00,1182.92,268.09,174440.0,6339.61,459.3,1501.84,61.64,23.34,20.7,4.54,346.66,P013,EQ029
2025-09-30 04:50:00,1191.61,230.58,169207.72,6265.92,534.37,1491.19,40.51,21.51,19.72,5.19,255.08,P014,EQ036
2025-09-30 05:00:00,1202.73,250.38,173605.61,6627.1,498.11,1513.75,49.2,23.84,20.81,5.47,262.01,P013,EQ043
2025-09-30 05:10:00,1201.14,249.2,182018.49,6907.1,473.3,1503.56,46.83,22.22,19.65,4.6,391.07,P008,EQ050
2025-09-30 05:20:00,1217.93,225.07,179448.3,6611.92,473.03,1496.69,57.78,23.19,21.85,5.68,360.54,P015,EQ001
2025-09-30 05:30:00,1205.79,259.37,177161.1,6278.41,545.6,1519.22,52.24,22.88,20.12,5.22,376.17,P012,EQ008
2025-09-30 05:40:00,1250.32,254.67,186418.33,6657.76,533.15,1487.49,59.04,21.69,20.16,5.0,313.35,P015,EQ015
2025-09-30 05:50:00,1227.69,238.4,168047.24,6632.5,540.28,1521.46,45.76,21.99,19.78,4.79,373.04,P014,EQ022
2025-09-30 06:00:00,1178.96,257.87,177658.9,6303.43,486.83,1500.9,51.59,22.35,19.61,5.08,274.05,P005,EQ029
2025-09-30 06:10:00,1140.86,237.28,184516.15,6413.8,578.91,1445.42,60.95,20.41,20.45,4.92,325.95,P006,EQ036
2025-09-30 06:20:00,1165.02,280.08,165663.97,6537.68,488.88,1502.33,49.45,22.03,19.19,5.19,313.13,P012,EQ043
2025-09-30 06:30:00,1185.26,240.52,184424.02,6481.27,527.35,1513.4,50.94,24.03,20.57,4.73,372.01,P012,EQ050
2025-09-30 06:40:00,1182.27,245.88,161567.01,6614.4,485.56,1514.59,45.41,22.34,18.87,4.81,299.02,P012,EQ001
2025-09-30 06:50:00,1183.77,227.57,176326.79,6368.95,513.93,1483.02,41.81,23.39,21.57,5.1,254.1,P001,EQ008
2025-09-30 07:00:00,1242.95,246.48,170457.54,6226.82,523.12,1502.95,48.35,19.96,19.13,5.35,346.21,P003,EQ015
2025-09-30 07:10:00,1229.9,256.11,173786.77,6436.54,468.37,1473.12,41.25,20.34,19.81,4.58,344.52,P013,EQ022
2025-09-30 07:20:00,1203.67,260.51,171615.78,6312.44,472.85,1500.99,48.34,21.79,21.2,5.23,346.16,P001,EQ029
2025-09-30 07:30:00,1148.55,217.92,170746.82,6751.8,513.67,1488.77,51.5,20.3,20.43,5.08,310.1,P011,EQ036
2025-09-30 07:40:00,1201.93,227.27,163251.98,6242.95,504.57,1497.83,53.23,23.5,19.12,4.99,295.83,P010,EQ043
2025-09-30 07:50:00,1189.69,235.51,183860.07,6624.01,505.86,1497.47,55.6,21.47,19.75,5.1,262.33,P003,EQ050
2025-09-30 08:00:00,1176.78,248.39,177839.58,6849.83,506.37,1514.55,48.37,22.14,21.22,4.99,287.44,P012,EQ001
2025-09-30 08:10:00,1160.44,257.41,175510.56,6049.71,496.4,1510.93,53.17,21.55,19.68,4.68,395.45,P014,EQ008
2025-09-30 08:20:00,1233.23,271.21,170866.82,6509.6,530.42,1502.64,47.36,22.0,19.65,4.87,347.38,P003,EQ015
2025-09-30 08:30:00,1152.26,245.72,173904.73,6493.77,491.78,1472.0,46.09,21.55,19.47,5.09,377.04,P011,EQ022
2025-09-30 08:40:00,1197.83,245.82,173506.68,6645.06,507.2,1481.12,39.94,22.82,20.33,5.59,311.55,P006,EQ029
2025-09-30 08:50:00,1213.99,266.81,180830.64,6750.35,535.89,1463.02,46.02,22.63,19.92,5.23,317.72,P014,EQ036
2025-09-30 09:00:00,1225.71,259.88,177559.68,6386.96,529.52,1489.18,48.28,22.53,20.1,4.75,360.28,P005,EQ043
2025-09-30 09:10:00,1217.04,237.43,178543.59,6047.13,530.19,1517.71,54.4,22.39,19.27,5.05,276.02,P010,EQ050
2025-09-30 09:20:00,1193.62,242.28,170792.56,6441.34,495.43,1496.2,46.88,21.37,19.34,4.8,374.02,P013,EQ001
2025-09-30 09:30:00,1217.42,242.28,171969.76,6712.42,529.96,1505.6,47.88,23.03,19.79,5.2,292.27,P002,EQ008
2025-09-30 09:40:00,1192.44,243.47,173515.86,6516.79,478.6,1496.74,47.58,22.66,21.0,5.6,312.17,P003,EQ015
2025-09-30 09:50:00,1213.19,216.92,172333.19,6625.2,548.32,1490.31,45.19,21.77,20.64,5.02,309.02,P007,EQ022
2025-09-30 10:00:00,1185.05,258.52,179090.28,6631.73,512.44,1484.85,53.06,22.48,21.36,5.31,391.71,P015,EQ029
2025-09-30 10:10:00,1195.69,246.8,181058.04,6675.63,479.31,1503.31,45.22,20.83,20.53,5.09,335.56,P001,EQ036
2025-09-30 10:20:00,1150.87,237.1,175833.98,6860.1,475.78,1497.98,57.82,21.83,19.75,4.86,392.22,P015,EQ043
2025-09-30 10:30:00,1184.02,251.27,169574.26,6582.1,520.87,1510.81,40.08,19.37,20.65,5.53,333.78,P010,EQ050
2025-09-30 10:40:00,1240.08,250.57,173294.51,6352.27,434.36,1503.46,49.83,24.21,20.65,5.0,343.99,P015,EQ001
2025-09-30 10:50:00,1221.45,211.59,175282.34,6231.3,520.78,1521.82,54.87,22.28,20.64,4.64,263.35,P008,EQ008
2025-09-30 11:00:00,1202.31,236.73,174990.65,6448.24,492.32,1485.9,46.13,22.42,20.62,4.61,279.74,P012,EQ015
2025-09-30 11:10:00,1126.56,236.75,163643.93,6428.99,504.64,1540.95,48.66,22.57,17.46,5.46,377.77,P001,EQ022
2025-09-30 11:20:00,1173.06,245.21,167842.73,6419.26,526.69,1516.74,49.22,21.95,20.0,5.0,310.16,P007,EQ029
2025-09-30 11:30:00,1190.24,258.59,168894.14,6440.42,470.8,1514.65,47.07,22.08,19.69,4.43,340.06,P003,EQ036
2025-09-30 11:40:00,1237.01,277.07,175711.73,6499.74,578.58,1524.86,39.66,21.44,18.55,5.23,263.36,P006,EQ043
2025-09-30 11:50:00,1218.88,246.23,173522.62,6283.43,528.12,1493.22,53.0,22.52,18.4,5.67,275.52,P010,EQ050
2025-09-30 12:00:00,1235.91,258.14,169969.16,6418.41,523.84,1474.38,55.68,23.16,19.56,4.88,267.6,P012,EQ001
2025-09-30 12:10:00,1217.49,231.85,181751.69,6122.75,483.88,1482.53,45.78,23.49,20.1,5.4,328.88,P013,EQ008
2025-09-30 12:20:00,1191.4,235.71,167002.69,6374.63,475.57,1481.1,47.57,21.37,19.39,5.37,388.0,P008,EQ015
2025-09-30 12:30:00,1215.62,252.7,175539.66,6357.13,501.83,1518.96,45.43,21.86,20.32,4.86,374.09,P008,EQ022
2025-09-30 12:40:00,1178.89,248.97,172181.33,6581.91,459.09,1497.31,51.57,21.73,19.25,4.84,267.78,P012,EQ029
2025-09-30 12:50:00,1236.98,245.26,174357.03,6528.92,473.85,1479.91,56.83,22.82,18.65,4.7,280.47,P014,EQ036
2025-09-30 13:00:00,1260.76,246.3,182353.93,6136.5,490.64,1520.22,43.58,21.43,20.16,5.07,372.01,P005,EQ043
2025-09-30 13:10:00,1149.05,255.83,167438.54,6484.74,491.11,1485.1,56.69,20.18,20.34,5.06,293.19,P008,EQ050
2025-09-30 13:20:00,1272.29,238.85,172071.95,6519.91,490.31,1534.37,47.43,23.56,19.9,5.23,307.31,P007,EQ001
2025-09-30 13:30:00,1221.41,233.51,176459.22,6613.34,530.71,1487.24,43.47,22.98,21.5,4.29,378.45,P010,EQ008
2025-09-30 13:40:00,1180.81,250.41,176679.13,6509.09,495.85,1496.75,49.02,22.05,18.94,4.85,282.33,P014,EQ015
2025-09-30 13:50:00,1250.9,220.79,166178.43,5962.11,456.93,1510.06,46.2,20.84,18.44,5.85,292.45,P011,EQ022
2025-09-30 14:00:00,1241.82,235.72,178658.96,6350.37,545.22,1504.68,48.93,23.83,19.99,4.98,278.4,P003,EQ029
2025-09-30 14:10:00,1176.73,268.47,181665.47,6724.03,487.41,1507.86,48.81,21.2,19.07,4.64,311.28,P003,EQ036
2025-09-30 14:20:00,1209.78,227.94,188439.25,6515.77,478.04,1521.56,60.31,22.53,19.48,5.05,254.32,P005,EQ043
2025-09-30 14:30:00,1182.1,225.43,186224.39,6647.81,512.27,1478.89,47.07,22.06,19.73,5.33,285.32,P008,EQ050
2025-09-30 14:40:00,1192.84,264.38,186994.23,6352.88,534.67,1491.5,48.67,22.46,19.76,4.98,386.1,P006,EQ001
2025-09-30 14:50:00,1156.23,229.97,174371.87,6451.2,488.66,1480.63,49.41,23.1,18.96,4.68,337.44,P011,EQ008
2025-09-30 15:00:00,1144.47,249.15,177064.94,6431.12,492.33,1489.49,58.67,22.17,18.12,4.76,318.72,P001,EQ015
2025-09-30 15:10:00,1179.9,252.8,175904.02,6290.13,458.99,1490.1,52.27,23.09,19.09,5.03,320.33,P014,EQ022
2025-09-30 15:20:00,1154.04,257.57,172428.53,6647.24,477.28,1509.14,45.34,22.83,22.47,5.12,298.49,P012,EQ029
2025-09-30 15:30:00,1201.81,238.2,180575.95,6454.16,514.99,1517.6,54.22,21.15,20.23,5.06,309.63,P004,EQ036
2025-09-30 15:40:00,1225.96,254.56,174497.0,6785.6,487.76,1512.76,48.45,23.36,19.23,5.32,357.0,P012,EQ043
2025-09-30 15:50:00,1146.05,219.23,173759.01,6714.74,496.56,1509.77,48.49,21.08,19.21,5.44,313.49,P010,EQ050
2025-09-30 16:00:00,1204.68,259.62,181582.11,6568.26,492.78,1508.15,52.15,22.19,19.6,5.09,288.43,P002,EQ001
2025-09-30 16:10:00,1168.42,246.49,180147.52,6293.28,477.63,1521.01,53.38,23.12,21.37,4.83,333.55,P001,EQ008
2025-09-30 16:20:00,1201.68,284.68,176155.04,6565.09,483.54,1480.69,55.41,21.74,21.03,5.19,299.93,P004,EQ015
2025-09-30 16:30:00,1230.42,231.79,169452.67,6715.22,430.82,1511.6,50.56,22.31,19.88,5.42,320.64,P006,EQ022
2025-09-30 16:40:00,1240.23,250.32,173571.43,6601.15,518.82,1509.04,47.39,20.8,19.9,5.23,399.51,P011,EQ029
2025-09-30 16:50:00,1137.27,225.84,173037.29,6714.81,488.22,1477.19,43.11,21.22,19.13,5.15,395.08,P010,EQ036
2025-09-30 17:00:00,1196.29,226.78,169356.41,6462.14,475.13,1504.32,49.13,20.79,20.78,5.09,356.43,P013,EQ043
2025-09-30 17:10:00,1236.32,260.18,173023.09,6410.89,542.11,1512.64,54.25,20.61,19.85,4.95,256.83,P005,EQ050
2025-09-30 17:20:00,1180.83,269.95,178471.35,6655.84,468.16,1522.46,48.21,22.02,22.71,4.46,325.68,P007,EQ001
2025-09-30 17:30:00,1132.26,243.2,181235.6,6375.74,423.31,1487.64,43.91,22.47,18.58,5.43,295.38,P007,EQ008
2025-09-30 17:40:00,1215.23,255.11,171428.44,6485.73,477.69,1500.37,51.61,21.64,18.48,4.94,350.69,P003,EQ015
2025-09-30 17:50:00,1160.99,277.37,181321.68,6706.83,508.44,1440.17,46.27,23.4,20.54,5.52,395.21,P009,EQ022
2025-09-30 18:00:00,1196.44,245.24,174977.8,6334.82,485.11,1521.35,57.39,21.15,21.82,4.98,256.17,P003,EQ029
2025-09-30 18:10:00,1149.68,255.59,169531.99,6880.99,496.8,1510.14,51.46,21.4,19.66,5.0,289.04,P009,EQ036
2025-09-30 18:20:00,1209.25,266.12,166648.61,6126.1,533.95,1524.01,54.7,22.27,20.38,4.42,323.93,P006,EQ043
2025-09-30 18:30:00,1156.94,268.3,174491.91,6634.93,499.18,1498.84,42.31,19.9,19.96,4.2,381.68,P003,EQ050
2025-09-30 18:40:00,1212.55,273.26,173429.65,6546.81,484.51,1507.17,52.49,20.61,18.17,5.02,263.45,P012,EQ001
2025-09-30 18:50:00,1193.5,255.85,173155.17,6098.18,494.9,1528.38,48.29,19.6,20.27,4.89,329.56,P003,EQ008
2025-09-30 19:00:00,1213.58,257.29,170629.21,6661.46,546.75,1508.75,51.19,21.17,19.35,5.22,289.06,P006,EQ015
2025-09-30 19:10:00,1166.56,231.39,181760.41,5943.12,478.0,1525.23,51.73,22.5,20.86,5.06,256.62,P003,EQ022
2025-09-30 19:20:00,1195.44,236.01,176424.32,6364.32,505.53,1457.71,65.38,21.23,19.93,4.98,324.88,P014,EQ029
2025-09-30 19:30:00,1175.49,263.8,170511.6,6361.97,510.19,1490.09,49.33,23.18,20.94,5.06,292.15,P006,EQ036
2025-09-30 19:40:00,1140.17,237.63,178570.34,6493.39,462.83,1542.22,45.13,22.69,19.69,4.94,388.94,P005,EQ043
2025-09-30 19:50:00,1204.83,231.02,180105.83,6315.24,504.39,1483.46,51.65,20.72,21.96,5.16,385.42,P005,EQ050
2025-09-30 20:00:00,1192.76,233.02,184036.48,6404.78,535.39,1463.29,56.99,22.03,19.95,4.85,341.94,P013,EQ001
2025-09-30 20:10:00,1199.09,249.52,174672.73,6474.78,499.27,1541.55,48.4,22.34,20.06,4.95,389.01,P009,EQ008
2025-09-30 20:20:00,1151.16,264.99,172470.55,6644.91,465.9,1484.5,51.38,21.94,19.01,5.22,296.95,P015,EQ015
2025-09-30 20:30:00,1168.02,262.1,180509.23,6251.13,495.82,1488.37,51.54,22.55,20.0,5.06,274.75,P012,EQ022
2025-09-30 20:40:00,1162.96,263.58,166020.38,6319.39,527.18,1465.31,40.51,22.37,19.95,4.77,399.18,P013,EQ029
2025-09-30 20:50:00,1201.51,236.35,181572.02,6641.38,518.91,1463.49,52.8,21.94,21.81,5.17,392.51,P009,EQ036
2025-09-30 21:00:00,1186.24,247.88,176401.04,6372.1,457.31,1490.0,57.31,21.15,19.81,5.47,377.96,P011,EQ043
2025-09-30 21:10:00,1216.73,259.09,173697.39,6594.94,497.15,1526.81,51.77,22.65,20.91,5.37,345.5,P008,EQ050
2025-09-30 21:20:00,1201.53,244.98,178204.92,6522.15,433.01,1515.26,53.48,23.29,20.78,5.37,257.98,P003,EQ001
2025-09-30 21:30:00,1178.64,268.61,178334.93,6278.19,495.11,1485.79,50.37,22.59,19.57,5.26,258.19,P003,EQ008
2025-09-30 21:40:00,1177.35,236.96,169356.17,6641.59,536.47,1480.96,48.74,23.61,20.25,4.77,255.38,P005,EQ015
2025-09-30 21:50:00,1230.08,239.02,184703.73,6417.1,522.47,1483.68,53.19,21.72,20.73,5.1,274.53,P008,EQ022
2025-09-30 22:00:00,1199.34,249.89,168418.22,6558.96,450.27,1526.69,50.13,22.33,19.36,5.02,315.46,P015,EQ029
2025-09-30 22:10:00,1257.13,277.5,166531.3,6677.8,505.84,1506.48,49.71,19.78,20.21,5.18,389.08,P001,EQ036
2025-09-30 22:20:00,1216.11,260.46,169881.1,6354.71,467.73,1504.01,43.98,22.35,19.92,4.54,316.23,P012,EQ043
2025-09-30 22:30:00,1212.17,266.65,179894.82,6583.31,485.0,1493.29,62.07,21.87,20.4,4.84,334.13,P008,EQ050
2025-09-30 22:40:00,1197.72,243.87,163536.29,6499.7,507.97,1510.7,41.56,24.74,19.14,5.23,323.95,P014,EQ001
2025-09-30 22:50:00,1238.98,253.39,171895.5,6068.71,503.67,1494.65,49.57,21.56,19.93,5.12,357.96,P003,EQ008
2025-09-30 23:00:00,1174.3,281.58,180825.71,7043.41,499.7,1519.21,48.92,22.08,19.27,4.63,268.55,P002,EQ015
2025-09-30 23:10:00,1208.65,273.08,181395.07,6326.29,485.91,1513.19,56.47,21.17,19.51,4.87,280.56,P005,EQ022
2025-09-30 23:20:00,1179.24,237.01,183592.58,6795.19,524.09,1480.35,53.98,20.08,20.45,4.85,277.1,P003,EQ029
2025-09-30 23:30:00,1164.6,247.5,179467.29,6433.47,465.42,1477.19,52.39,20.71,19.09,5.43,362.49,P014,EQ036
2025-09-30 23:40:00,1156.46,238.16,171917.66,6693.53,490.53,1497.01,49.0,21.39,20.41,4.68,290.92,P015,EQ043
2025-09-30 23:50:00,1207.72,274.35,174646.73,6469.52,461.83,1502.88,51.34,21.73,18.32,5.22,349.47,P004,EQ050
