Timestamp,Rolling_Force_kN,Rolling_Speed_mmin,Roll_Gap_mm,Entry_Thickness_mm,Exit_Thickness_mm,Strip_Width_mm,Strip_Temp_C,Roll_Temp_C,Motor_Current_A,Tension_Force_kN,Coil_Weight_ton,Product_ID,Equipment_ID
2025-09-01 00:00:00,15400.52,625.31,3.49,25.02,3.45,1249.41,986.17,50.36,198.18,47.24,15.85,P028,EQ004
2025-09-01 00:10:00,15051.63,588.63,3.53,24.88,3.45,1245.09,1056.84,59.52,218.66,47.93,23.95,P034,EQ011
2025-09-01 00:20:00,14269.95,572.22,3.55,23.42,3.12,1263.37,1050.09,64.67,193.21,48.83,32.44,P037,EQ018
2025-09-01 00:30:00,13843.31,641.76,3.41,25.32,3.31,1233.12,1061.4,60.13,212.28,41.29,12.96,P034,EQ025
2025-09-01 00:40:00,14698.45,609.97,3.24,25.3,3.4,1249.66,1038.38,51.74,210.69,50.56,34.88,P043,EQ032
2025-09-01 00:50:00,14021.76,637.12,3.04,24.34,3.19,1249.17,1012.24,54.55,207.8,47.31,26.02,P040,EQ039
2025-09-01 01:00:00,14230.5,594.46,3.42,25.98,3.79,1247.67,1022.22,61.05,218.46,50.45,11.82,P002,EQ046
2025-09-01 01:10:00,16352.53,605.06,3.44,25.72,3.8,1285.9,1049.27,56.32,200.08,61.74,19.27,P038,EQ004
2025-09-01 01:20:00,15477.62,636.32,3.33,25.0,3.13,1254.99,1012.31,59.91,199.93,47.59,20.72,P024,EQ011
2025-09-01 01:30:00,13194.77,584.78,3.49,23.04,3.35,1247.91,1053.75,62.42,190.43,36.27,21.34,P005,EQ018
2025-09-01 01:40:00,16272.67,566.54,3.63,25.2,3.41,1268.24,1006.52,57.82,181.23,51.64,24.23,P025,EQ025
2025-09-01 01:50:00,15672.12,586.27,3.27,23.98,3.73,1247.71,1040.75,63.59,191.19,50.09,10.58,P039,EQ032
2025-09-01 02:00:00,15044.88,572.78,3.69,24.0,3.61,1245.25,1084.09,57.15,190.16,47.04,15.92,P002,EQ039
2025-09-01 02:10:00,14027.12,603.57,3.46,23.99,3.32,1228.53,1086.98,55.4,205.74,55.85,33.58,P009,EQ046
2025-09-01 02:20:00,14935.2,663.19,3.29,23.83,3.41,1246.67,1009.7,57.75,189.82,54.27,20.79,P045,EQ004
2025-09-01 02:30:00,16875.09,580.8,3.76,23.69,3.66,1277.63,1101.63,63.25,186.85,53.27,29.1,P023,EQ011
2025-09-01 02:40:00,15774.37,607.66,3.3,25.02,3.21,1240.62,1014.67,57.09,223.09,52.9,21.36,P041,EQ018
2025-09-01 02:50:00,15205.57,607.44,3.52,23.19,3.86,1246.88,1053.2,58.69,198.77,52.6,23.05,P036,EQ025
2025-09-01 03:00:00,15566.7,666.83,3.14,24.63,3.67,1249.19,1048.46,62.02,217.36,52.71,30.78,P012,EQ032
2025-09-01 03:10:00,13975.94,577.09,3.59,24.46,3.68,1262.36,1095.78,61.78,229.84,50.53,19.5,P020,EQ039
2025-09-01 03:20:00,14693.88,589.05,3.29,24.34,3.48,1253.39,1057.64,55.16,201.74,54.0,34.44,P036,EQ046
2025-09-01 03:30:00,15439.95,555.17,3.48,26.14,3.29,1274.2,1069.34,62.43,183.67,53.12,31.37,P049,EQ004
2025-09-01 03:40:00,15209.36,682.66,3.4,24.99,3.7,1262.68,996.75,60.67,192.28,47.81,33.59,P037,EQ011
2025-09-01 03:50:00,15728.41,607.36,3.74,26.51,3.5,1233.34,1080.22,54.3,187.17,50.13,19.21,P009,EQ018
2025-09-01 04:00:00,13510.14,617.83,3.72,23.96,3.43,1252.58,1026.13,65.52,210.58,43.33,33.52,P030,EQ025
2025-09-01 04:10:00,14579.42,591.32,3.56,23.29,3.63,1262.52,1076.78,59.3,201.79,58.07,19.03,P033,EQ032
2025-09-01 04:20:00,14903.15,624.95,3.45,26.31,3.63,1271.34,1048.33,62.09,240.66,45.21,17.86,P008,EQ039
2025-09-01 04:30:00,15736.48,594.69,3.71,25.32,3.64,1237.84,1069.09,54.63,178.16,46.34,21.51,P030,EQ046
2025-09-01 04:40:00,14395.36,599.88,3.68,25.96,3.87,1285.14,1039.79,58.6,196.65,45.69,17.27,P006,EQ004
2025-09-01 04:50:00,14464.7,648.24,3.42,24.06,3.5,1210.07,1060.69,69.43,183.18,37.47,26.77,P009,EQ011
2025-09-01 05:00:00,15897.14,563.71,3.64,24.14,3.56,1267.3,996.08,55.06,223.47,47.1,22.21,P025,EQ018
2025-09-01 05:10:00,15351.6,568.13,3.61,25.38,3.65,1258.26,1047.29,69.66,215.07,58.57,25.05,P005,EQ025
2025-09-01 05:20:00,12673.61,596.36,3.19,24.81,3.76,1244.8,1030.94,58.64,207.31,56.82,12.41,P044,EQ032
2025-09-01 05:30:00,15601.99,570.77,3.77,22.99,3.45,1271.03,1043.53,58.55,194.59,53.91,29.93,P042,EQ039
2025-09-01 05:40:00,14481.91,572.63,4.07,26.21,3.57,1247.22,1091.41,59.29,210.19,48.12,23.79,P018,EQ046
2025-09-01 05:50:00,15768.75,611.06,3.43,25.65,3.64,1227.64,993.48,59.85,223.93,52.51,12.3,P046,EQ004
2025-09-01 06:00:00,15483.85,597.44,3.49,24.18,3.76,1260.65,1039.52,63.98,238.66,56.07,24.81,P009,EQ011
2025-09-01 06:10:00,14529.85,613.39,3.59,26.76,3.3,1296.67,1022.87,52.37,196.77,52.85,20.89,P012,EQ018
2025-09-01 06:20:00,15271.86,592.5,3.6,23.59,3.69,1239.04,1095.09,62.52,200.73,49.46,14.07,P039,EQ025
2025-09-01 06:30:00,15016.11,562.76,3.49,24.54,3.28,1262.77,1077.1,55.84,203.68,48.46,33.58,P022,EQ032
2025-09-01 06:40:00,14637.82,577.74,3.72,24.81,3.54,1283.6,1025.4,65.93,209.72,56.03,22.81,P005,EQ039
2025-09-01 06:50:00,14225.74,641.85,3.38,25.19,3.6,1241.71,1048.26,62.32,213.16,54.88,21.23,P046,EQ046
2025-09-01 07:00:00,15707.79,585.11,3.39,24.66,3.67,1245.26,1061.25,59.72,203.89,56.21,32.04,P017,EQ004
2025-09-01 07:10:00,16783.08,610.21,3.38,26.14,3.38,1274.51,1077.97,66.13,225.91,41.3,28.03,P024,EQ011
2025-09-01 07:20:00,16651.19,573.12,3.57,23.98,3.57,1237.76,1037.69,59.33,161.26,53.05,16.66,P009,EQ018
2025-09-01 07:30:00,14921.67,628.46,3.62,25.25,3.6,1252.64,1075.54,57.75,194.68,51.63,12.63,P036,EQ025
2025-09-01 07:40:00,15698.29,586.73,3.26,26.16,3.08,1243.94,1039.93,52.79,175.2,46.33,18.67,P019,EQ032
2025-09-01 07:50:00,15996.8,595.31,3.34,24.11,3.75,1233.63,1101.61,51.26,196.52,42.96,19.32,P003,EQ039
2025-09-01 08:00:00,13234.71,584.41,3.76,26.59,3.47,1226.75,1074.99,51.31,201.07,50.74,17.97,P050,EQ046
2025-09-01 08:10:00,14175.78,597.46,3.56,25.01,3.44,1229.65,1035.48,62.64,181.38,60.6,22.64,P001,EQ004
2025-09-01 08:20:00,15522.26,610.36,3.16,22.44,3.28,1235.56,1072.39,58.55,200.1,45.53,31.12,P010,EQ011
2025-09-01 08:30:00,13772.51,609.97,3.84,25.8,3.56,1198.73,1078.81,61.04,206.6,44.12,13.16,P024,EQ018
2025-09-01 08:40:00,14009.09,598.59,3.68,24.54,3.42,1252.74,1057.67,64.13,201.52,64.4,22.42,P001,EQ025
2025-09-01 08:50:00,15280.44,615.86,3.63,25.19,3.51,1281.42,1041.01,51.87,191.95,46.32,27.76,P002,EQ032
2025-09-01 09:00:00,15026.74,541.76,3.7,24.77,3.8,1234.86,1037.43,60.72,196.69,53.71,33.45,P004,EQ039
2025-09-01 09:10:00,16342.81,599.15,3.59,25.85,3.64,1240.93,1058.22,65.24,211.21,55.63,11.58,P026,EQ046
2025-09-01 09:20:00,15621.25,589.55,3.79,25.18,3.32,1240.72,1039.86,61.73,206.79,50.79,15.49,P046,EQ004
2025-09-01 09:30:00,16520.25,593.89,3.12,24.9,3.24,1228.43,1029.49,54.65,172.57,41.96,32.46,P027,EQ011
2025-09-01 09:40:00,14105.36,562.99,3.3,24.88,3.53,1277.17,1034.59,59.99,182.98,50.95,16.88,P004,EQ018
2025-09-01 09:50:00,12580.12,578.68,3.41,26.7,3.69,1247.01,1060.14,55.08,206.64,45.36,21.48,P014,EQ025
2025-09-01 10:00:00,14099.12,592.86,3.34,23.54,3.36,1241.55,1064.63,68.92,221.81,49.58,30.68,P018,EQ032
2025-09-01 10:10:00,15249.82,557.33,3.62,25.25,3.49,1235.93,1054.44,60.52,171.85,50.89,31.19,P031,EQ039
2025-09-01 10:20:00,16826.16,587.87,3.46,26.39,3.31,1236.08,1038.36,50.25,186.2,48.73,34.8,P033,EQ046
2025-09-01 10:30:00,15765.85,626.07,3.85,25.19,3.61,1226.71,1078.51,58.2,195.43,49.38,14.07,P036,EQ004
2025-09-01 10:40:00,16632.33,580.61,3.45,25.24,3.43,1224.3,1065.79,65.43,181.87,44.12,25.28,P047,EQ011
2025-09-01 10:50:00,15566.96,615.51,3.4,23.16,3.23,1259.08,1084.01,58.94,189.83,52.94,32.14,P018,EQ018
2025-09-01 11:00:00,12834.07,584.32,3.59,24.64,3.73,1275.04,1038.83,49.18,177.37,49.32,10.13,P006,EQ025
2025-09-01 11:10:00,13807.27,559.63,3.13,23.13,3.78,1220.58,1079.38,68.3,214.06,52.33,22.14,P042,EQ032
2025-09-01 11:20:00,14416.42,531.85,3.49,23.5,3.41,1248.8,1071.82,53.85,187.44,43.91,33.63,P034,EQ039
2025-09-01 11:30:00,13396.55,661.8,3.52,26.02,3.9,1220.49,994.2,56.53,218.1,50.72,14.57,P045,EQ046
2025-09-01 11:40:00,13499.94,561.02,3.42,25.23,3.64,1230.46,1069.96,56.82,209.21,59.81,16.55,P029,EQ004
2025-09-01 11:50:00,14257.95,565.81,3.31,24.56,3.57,1284.73,1053.59,59.32,198.12,51.88,16.01,P009,EQ011
2025-09-01 12:00:00,15863.26,584.55,3.4,24.48,3.18,1265.11,1047.6,59.18,191.78,55.66,34.84,P005,EQ018
2025-09-01 12:10:00,14730.58,615.77,3.36,23.53,3.6,1268.1,1068.33,67.02,163.96,42.95,19.74,P035,EQ025
2025-09-01 12:20:00,13899.65,580.95,3.44,24.9,3.4,1238.55,994.76,57.05,181.43,53.42,33.1,P050,EQ032
2025-09-01 12:30:00,12794.95,639.45,3.71,23.89,3.7,1255.49,1104.46,55.26,175.43,54.51,19.33,P031,EQ039
2025-09-01 12:40:00,13218.15,569.9,3.6,24.6,3.41,1220.4,1082.3,57.08,223.33,44.83,11.65,P023,EQ046
2025-09-01 12:50:00,17123.5,610.09,3.59,25.54,3.34,1223.12,995.75,57.84,216.0,40.71,33.57,P042,EQ004
2025-09-01 13:00:00,13269.83,628.0,3.25,24.14,3.84,1273.14,1045.89,64.22,207.67,45.95,27.45,P004,EQ011
2025-09-01 13:10:00,14588.81,615.95,3.48,25.92,3.38,1210.79,1033.46,57.51,171.37,47.49,12.29,P037,EQ018
2025-09-01 13:20:00,14992.78,597.06,3.63,25.19,3.53,1204.2,1084.77,52.71,199.11,53.52,19.3,P001,EQ025
2025-09-01 13:30:00,13650.61,618.75,3.41,25.96,3.44,1290.75,1036.51,62.21,197.95,57.06,25.26,P030,EQ032
2025-09-01 13:40:00,14343.56,613.58,3.28,23.71,3.38,1243.84,1097.7,55.99,199.88,54.61,32.15,P007,EQ039
2025-09-01 13:50:00,15055.45,623.76,3.24,25.07,3.84,1226.97,1001.26,63.02,226.91,49.93,34.53,P043,EQ046
2025-09-01 14:00:00,14692.52,548.67,3.37,25.32,3.31,1271.2,1065.81,56.46,217.28,50.41,12.15,P012,EQ004
2025-09-01 14:10:00,14837.5,539.32,3.65,24.96,3.79,1222.72,1108.49,59.0,190.4,58.55,20.69,P048,EQ011
2025-09-01 14:20:00,14577.56,615.54,3.3,25.45,3.55,1285.78,1075.59,51.09,194.91,57.14,32.0,P048,EQ018
2025-09-01 14:30:00,14923.76,619.51,3.55,25.51,3.59,1245.32,1087.11,54.58,211.11,51.4,19.07,P029,EQ025
2025-09-01 14:40:00,16231.97,644.59,3.48,23.96,3.37,1236.57,1085.49,63.33,205.42,43.13,11.33,P037,EQ032
2025-09-01 14:50:00,14347.72,607.8,3.47,26.69,3.65,1226.33,1037.1,52.37,210.33,53.32,13.4,P003,EQ039
2025-09-01 15:00:00,13786.95,592.11,3.61,23.36,3.41,1247.7,1022.38,50.83,190.84,47.87,10.82,P005,EQ046
2025-09-01 15:10:00,13995.96,600.36,3.39,24.67,3.77,1270.44,1015.29,56.67,204.05,49.52,30.24,P038,EQ004
2025-09-01 15:20:00,13554.0,643.32,3.36,25.14,3.39,1232.17,991.46,54.37,207.98,48.21,17.85,P001,EQ011
2025-09-01 15:30:00,14232.58,627.65,3.7,24.76,3.38,1271.54,1042.23,61.0,218.97,48.62,10.12,P031,EQ018
2025-09-01 15:40:00,14882.59,553.39,3.33,26.24,3.74,1233.97,1074.75,65.31,216.25,47.78,16.41,P045,EQ025
2025-09-01 15:50:00,15495.91,611.69,3.81,25.96,3.79,1271.19,1021.84,60.38,213.67,58.42,30.75,P042,EQ032
2025-09-01 16:00:00,15793.37,622.17,3.37,24.5,3.76,1238.29,1039.6,59.1,204.23,43.99,12.17,P033,EQ039
2025-09-01 16:10:00,16384.24,585.4,3.4,25.74,3.81,1275.57,1103.46,65.43,204.67,44.67,24.35,P020,EQ046
2025-09-01 16:20:00,16489.01,602.29,3.61,24.87,3.19,1223.64,1067.75,68.72,185.45,52.9,24.04,P021,EQ004
2025-09-01 16:30:00,15408.92,570.38,3.33,25.79,3.73,1219.61,1092.45,59.44,205.59,53.86,27.48,P015,EQ011
2025-09-01 16:40:00,13168.81,578.46,3.7,22.62,3.25,1255.21,1013.73,64.63,201.49,47.66,30.27,P010,EQ018
2025-09-01 16:50:00,15136.82,638.81,3.78,25.32,3.46,1286.59,1054.77,72.51,209.68,48.66,29.94,P034,EQ025
2025-09-01 17:00:00,14723.72,569.51,3.45,24.45,3.26,1243.67,1022.76,55.31,202.89,54.27,21.71,P038,EQ032
2025-09-01 17:10:00,15096.19,625.0,3.54,26.22,3.43,1257.28,1025.89,57.28,205.9,45.39,23.88,P014,EQ039
2025-09-01 17:20:00,14954.45,612.89,3.34,26.28,3.92,1223.57,1054.19,55.76,188.24,50.34,31.63,P027,EQ046
2025-09-01 17:30:00,14176.32,600.52,3.47,27.51,3.7,1254.02,1016.13,61.19,225.03,54.45,18.62,P039,EQ004
2025-09-01 17:40:00,15479.19,629.04,3.6,24.88,3.0,1266.27,1102.8,64.83,211.08,41.65,16.43,P031,EQ011
2025-09-01 17:50:00,14918.45,620.1,3.48,24.4,3.3,1241.62,1013.67,60.78,222.92,49.71,29.15,P027,EQ018
2025-09-01 18:00:00,13858.66,584.49,3.76,25.12,3.59,1293.39,1031.77,53.38,182.64,46.56,30.91,P006,EQ025
2025-09-01 18:10:00,14115.88,588.58,3.46,23.55,3.89,1244.19,1050.64,63.68,205.01,50.73,33.98,P047,EQ032
2025-09-01 18:20:00,15026.46,602.26,3.82,24.98,3.58,1249.41,1089.52,60.83,190.27,49.44,22.87,P010,EQ039
2025-09-01 18:30:00,15213.55,618.04,3.92,24.97,3.83,1222.72,1078.91,60.65,205.64,46.65,34.44,P013,EQ046
2025-09-01 18:40:00,15567.22,557.07,3.55,25.9,3.8,1244.5,1105.01,61.58,213.73,47.3,30.12,P035,EQ004
2025-09-01 18:50:00,13200.14,588.51,3.37,25.54,3.9,1246.28,1046.79,58.74,224.61,53.43,12.07,P050,EQ011
2025-09-01 19:00:00,14042.45,616.24,3.67,24.02,3.67,1267.42,1003.01,58.55,194.3,58.59,28.13,P005,EQ018
2025-09-01 19:10:00,15154.61,579.19,3.49,26.24,3.95,1258.82,1035.15,50.31,180.93,53.91,10.89,P022,EQ025
2025-09-01 19:20:00,14028.92,616.83,3.54,25.22,3.42,1259.32,1083.19,71.14,212.18,43.47,11.14,P023,EQ032
2025-09-01 19:30:00,14264.46,549.97,3.64,25.05,3.81,1265.84,1081.21,57.87,207.98,48.36,29.37,P043,EQ039
2025-09-01 19:40:00,14985.78,618.33,3.62,22.74,3.65,1248.77,1008.76,56.92,225.81,48.94,25.27,P015,EQ046
2025-09-01 19:50:00,14898.3,572.79,3.69,24.72,3.82,1223.19,1059.82,62.44,187.51,45.93,27.12,P005,EQ004
2025-09-01 20:00:00,13062.5,613.14,3.69,26.64,3.57,1215.4,1018.24,67.38,202.22,50.23,21.71,P019,EQ011
2025-09-01 20:10:00,12663.94,623.8,3.74,24.01,3.33,1281.95,1060.32,54.38,216.96,55.43,15.33,P047,EQ018
2025-09-01 20:20:00,14198.35,617.27,3.47,25.03,3.61,1290.16,1045.13,64.78,182.04,38.78,19.0,P017,EQ025
2025-09-01 20:30:00,14581.7,660.64,3.42,27.07,3.28,1235.67,1018.58,61.62,194.24,50.62,23.1,P016,EQ032
2025-09-01 20:40:00,15613.54,601.26,3.57,24.19,3.42,1238.98,1060.39,64.67,203.31,59.87,18.43,P010,EQ039
2025-09-01 20:50:00,12870.43,623.28,3.89,26.57,3.47,1246.26,1053.47,61.02,225.51,51.54,20.52,P004,EQ046
2025-09-01 21:00:00,14111.93,595.97,3.33,24.18,3.58,1211.82,1030.52,63.1,204.41,52.78,20.14,P018,EQ004
2025-09-01 21:10:00,16092.63,543.83,3.23,24.17,3.26,1267.31,1066.43,55.35,217.84,48.44,34.48,P028,EQ011
2025-09-01 21:20:00,15996.66,539.62,3.23,26.45,3.81,1217.33,1047.99,63.1,204.55,44.7,10.97,P028,EQ018
2025-09-01 21:30:00,14367.18,641.31,3.72,26.54,3.8,1250.54,1041.1,64.68,175.7,46.85,21.2,P038,EQ025
2025-09-01 21:40:00,15673.74,603.78,3.11,25.49,3.29,1248.39,1021.35,68.24,192.41,49.98,23.7,P046,EQ032
2025-09-01 21:50:00,14338.36,623.34,3.62,26.87,3.46,1255.27,1116.66,65.18,199.82,52.28,34.91,P020,EQ039
2025-09-01 22:00:00,17225.23,610.43,3.5,23.78,3.54,1288.15,1071.35,57.72,224.5,50.72,33.27,P033,EQ046
2025-09-01 22:10:00,15165.26,626.98,3.28,23.89,3.79,1234.72,1078.52,69.13,179.55,42.31,14.88,P020,EQ004
2025-09-01 22:20:00,15372.48,618.82,3.57,25.36,3.7,1265.69,1015.03,61.48,201.08,49.43,34.19,P021,EQ011
2025-09-01 22:30:00,15742.78,604.5,3.46,24.03,3.54,1230.9,1050.53,58.74,197.83,46.64,30.01,P025,EQ018
2025-09-01 22:40:00,13777.25,641.44,3.03,25.13,3.78,1281.5,1070.73,58.12,220.11,44.27,33.03,P041,EQ025
2025-09-01 22:50:00,15190.25,644.04,3.61,24.99,3.35,1228.39,1040.1,62.82,204.86,45.31,34.23,P020,EQ032
2025-09-01 23:00:00,13670.43,623.22,3.4,24.99,3.53,1251.43,1019.63,57.15,193.81,49.92,20.15,P009,EQ039
2025-09-01 23:10:00,13830.23,605.95,3.4,24.23,3.71,1218.56,1068.19,63.53,200.39,56.72,23.5,P022,EQ046
2025-09-01 23:20:00,16574.04,599.93,3.39,24.39,3.29,1233.68,1076.29,64.5,214.96,51.72,18.35,P029,EQ004
2025-09-01 23:30:00,14239.73,601.03,3.26,25.83,3.35,1216.68,1025.94,59.85,187.93,46.51,30.41,P018,EQ011
2025-09-01 23:40:00,15285.36,588.48,3.7,27.36,3.48,1237.89,981.42,61.39,212.66,54.47,27.62,P026,EQ018
2025-09-01 23:50:00,13618.07,572.31,3.52,24.18,3.87,1259.16,1075.54,47.56,228.63,51.44,19.0,P040,EQ025
2025-09-02 00:00:00,16101.51,643.33,3.41,25.13,3.59,1245.57,1064.6,57.72,196.76,46.94,18.39,P006,EQ032
2025-09-02 00:10:00,13800.49,619.06,3.63,24.94,3.49,1240.43,1019.45,66.91,212.44,46.01,19.11,P026,EQ039
2025-09-02 00:20:00,14880.96,646.67,3.79,23.5,3.71,1249.7,1066.25,60.9,181.49,53.47,13.99,P037,EQ046
2025-09-02 00:30:00,15630.15,640.54,3.37,25.12,3.45,1233.36,1052.77,51.05,161.06,49.33,14.57,P001,EQ004
2025-09-02 00:40:00,16250.54,618.3,3.56,24.4,3.46,1237.78,984.51,62.16,200.2,49.09,24.85,P035,EQ011
2025-09-02 00:50:00,15502.6,568.58,3.39,25.67,3.55,1254.11,1035.36,60.3,219.98,45.62,33.42,P050,EQ018
2025-09-02 01:00:00,14934.48,616.54,3.46,24.68,3.35,1280.37,1035.22,52.7,180.7,46.66,18.11,P003,EQ025
2025-09-02 01:10:00,14305.09,625.82,3.51,26.28,3.46,1213.55,1000.59,53.32,206.36,52.3,22.33,P045,EQ032
2025-09-02 01:20:00,15052.54,572.33,3.6,25.72,3.36,1294.03,1024.44,62.09,207.01,48.82,17.74,P002,EQ039
2025-09-02 01:30:00,13711.42,550.83,3.3,24.6,3.6,1236.39,1081.1,47.85,208.98,58.18,26.65,P039,EQ046
2025-09-02 01:40:00,16066.02,600.53,3.73,24.95,3.56,1282.12,1033.26,62.42,215.37,40.34,12.54,P015,EQ004
2025-09-02 01:50:00,13937.55,648.69,3.91,26.35,3.65,1240.94,1099.42,57.98,200.38,54.09,12.49,P006,EQ011
2025-09-02 02:00:00,13970.09,582.95,3.3,26.32,3.21,1264.69,1087.72,66.31,192.55,52.37,34.92,P030,EQ018
2025-09-02 02:10:00,15660.03,574.09,3.38,25.72,3.71,1274.98,1007.0,58.52,198.64,44.29,29.47,P025,EQ025
2025-09-02 02:20:00,14997.28,615.84,3.52,25.41,3.48,1260.54,1064.26,64.35,231.79,48.21,12.37,P044,EQ032
2025-09-02 02:30:00,14081.3,573.15,3.37,25.61,3.74,1269.71,1071.35,55.54,190.67,55.88,10.48,P022,EQ039
2025-09-02 02:40:00,15377.96,626.95,3.65,26.18,3.62,1246.2,1050.43,62.93,211.2,53.56,30.14,P046,EQ046
2025-09-02 02:50:00,14611.4,613.84,3.55,24.11,3.4,1245.72,1083.92,60.98,189.11,57.4,33.56,P044,EQ004
2025-09-02 03:00:00,15424.83,622.83,3.38,26.67,3.64,1234.26,1026.86,61.93,206.69,52.16,19.73,P044,EQ011
2025-09-02 03:10:00,14217.3,608.05,3.5,25.19,3.49,1248.85,1038.9,64.47,191.3,54.35,27.57,P011,EQ018
2025-09-02 03:20:00,14313.81,579.54,3.16,25.5,3.42,1275.78,1017.54,56.84,197.25,51.64,25.85,P026,EQ025
2025-09-02 03:30:00,14081.3,530.76,3.3,25.13,3.48,1265.64,1014.76,60.75,195.54,54.21,27.93,P024,EQ032
2025-09-02 03:40:00,13868.12,606.92,3.42,24.7,3.68,1243.98,1043.65,60.23,188.77,57.04,32.98,P021,EQ039
2025-09-02 03:50:00,16697.82,570.57,3.51,24.07,3.22,1259.63,1057.17,66.86,204.29,46.27,30.44,P018,EQ046
2025-09-02 04:00:00,14234.6,600.7,3.34,24.28,3.41,1240.88,1003.8,58.41,197.29,49.77,27.47,P006,EQ004
2025-09-02 04:10:00,14286.17,588.74,3.46,25.0,3.48,1245.48,1040.93,57.51,193.47,42.72,27.06,P001,EQ011
2025-09-02 04:20:00,14473.07,573.22,3.56,25.48,3.55,1258.77,1068.45,61.19,203.87,45.96,32.32,P043,EQ018
2025-09-02 04:30:00,15553.74,559.73,3.71,25.01,4.01,1250.65,1028.44,64.1,180.51,46.35,13.38,P029,EQ025
2025-09-02 04:40:00,15052.83,592.51,3.47,23.85,3.08,1252.96,1060.35,61.49,222.52,51.88,32.53,P037,EQ032
2025-09-02 04:50:00,12856.48,657.69,3.48,23.91,3.5,1283.77,1061.75,55.73,192.14,57.73,18.93,P004,EQ039
2025-09-02 05:00:00,16025.03,587.76,3.28,25.15,3.69,1281.88,1036.18,63.16,190.18,50.8,10.26,P027,EQ046
2025-09-02 05:10:00,16374.67,600.69,3.22,25.43,3.62,1240.91,1050.37,58.0,196.37,51.62,28.99,P045,EQ004
2025-09-02 05:20:00,16246.73,588.85,3.36,26.01,3.65,1200.92,1029.75,56.42,216.95,44.59,32.97,P006,EQ011
2025-09-02 05:30:00,16748.91,561.11,3.79,26.45,3.63,1255.72,993.61,57.07,193.24,50.3,17.99,P022,EQ018
2025-09-02 05:40:00,14413.36,635.24,3.66,23.88,3.82,1259.63,1071.11,59.39,201.76,52.28,15.36,P047,EQ025
2025-09-02 05:50:00,14496.38,609.34,3.69,25.88,3.42,1287.25,1056.23,68.36,205.7,53.87,33.26,P023,EQ032
2025-09-02 06:00:00,15025.49,597.82,3.51,24.17,3.85,1235.6,1013.38,54.54,153.77,55.16,34.17,P042,EQ039
2025-09-02 06:10:00,13381.2,586.46,3.68,27.27,3.32,1251.72,1056.64,66.41,210.28,40.0,27.16,P038,EQ046
2025-09-02 06:20:00,14469.29,554.52,3.57,25.42,3.42,1289.11,1036.28,64.37,225.87,51.9,16.49,P041,EQ004
2025-09-02 06:30:00,14698.0,620.79,3.66,25.44,3.04,1261.27,1053.23,60.38,205.43,51.94,32.26,P022,EQ011
2025-09-02 06:40:00,13097.34,562.74,3.43,23.55,3.55,1253.31,1027.27,62.31,186.98,55.81,10.8,P019,EQ018
2025-09-02 06:50:00,16015.64,643.9,3.51,25.18,3.46,1250.84,1042.59,62.23,220.02,54.2,11.1,P032,EQ025
2025-09-02 07:00:00,14806.61,614.8,3.44,26.07,3.32,1227.78,1007.77,64.49,215.97,50.76,12.5,P029,EQ032
2025-09-02 07:10:00,14718.29,615.0,3.79,25.14,3.84,1251.25,1013.56,57.25,212.76,49.11,27.6,P009,EQ039
2025-09-02 07:20:00,16062.81,589.22,3.78,25.1,3.35,1257.01,1036.31,57.29,235.66,52.57,21.59,P036,EQ046
2025-09-02 07:30:00,15995.12,631.98,3.28,24.36,3.53,1277.91,1063.32,57.63,222.82,53.26,11.24,P023,EQ004
2025-09-02 07:40:00,15028.59,613.34,3.59,26.26,3.55,1245.78,1057.56,56.67,173.28,50.49,27.71,P038,EQ011
2025-09-02 07:50:00,15543.0,574.28,3.71,24.66,3.43,1243.45,1002.77,66.61,174.54,49.13,26.85,P042,EQ018
2025-09-02 08:00:00,13232.72,538.8,3.29,24.63,3.5,1246.63,1047.87,52.79,204.8,51.09,10.7,P015,EQ025
2025-09-02 08:10:00,13986.47,611.46,3.44,25.17,3.59,1252.01,1030.59,64.66,201.27,49.05,26.66,P005,EQ032
2025-09-02 08:20:00,14203.31,586.45,3.64,24.02,3.79,1277.14,1045.74,61.38,175.71,43.36,11.2,P026,EQ039
2025-09-02 08:30:00,14423.96,608.96,3.33,24.98,3.31,1224.04,1090.48,53.34,211.5,41.48,17.2,P044,EQ046
2025-09-02 08:40:00,12744.96,571.81,3.74,25.12,3.67,1290.52,1061.45,60.65,192.03,42.38,25.55,P020,EQ004
2025-09-02 08:50:00,16975.99,655.79,3.52,23.44,3.2,1251.71,1063.49,62.88,186.47,53.54,29.32,P001,EQ011
2025-09-02 09:00:00,14121.09,588.12,3.61,25.62,3.34,1270.29,1020.3,59.93,246.23,44.04,15.08,P038,EQ018
2025-09-02 09:10:00,15965.54,561.51,3.44,26.34,3.35,1244.71,1025.57,61.62,195.69,44.64,12.96,P018,EQ025
2025-09-02 09:20:00,16120.85,595.17,3.82,25.06,3.64,1245.24,1080.55,63.06,214.71,56.34,18.71,P003,EQ032
2025-09-02 09:30:00,15360.43,626.43,3.46,24.01,3.31,1253.31,1079.45,65.38,206.63,36.42,31.96,P028,EQ039
2025-09-02 09:40:00,15331.39,591.54,3.58,24.37,3.78,1243.77,1025.14,57.38,208.22,49.44,11.14,P040,EQ046
2025-09-02 09:50:00,13427.54,649.35,3.43,22.53,3.62,1265.8,1065.64,64.3,193.6,40.75,27.47,P049,EQ004
2025-09-02 10:00:00,14066.08,616.9,3.5,24.0,3.54,1254.65,1023.66,60.88,209.18,42.2,17.11,P005,EQ011
2025-09-02 10:10:00,14414.8,572.17,3.32,25.48,3.52,1236.57,1031.74,66.66,197.82,45.14,23.57,P041,EQ018
2025-09-02 10:20:00,14391.0,613.08,3.34,23.95,3.62,1276.81,1029.04,56.4,176.33,48.59,25.34,P007,EQ025
2025-09-02 10:30:00,15131.65,585.82,3.55,25.93,3.3,1238.44,1067.28,65.22,213.88,44.91,33.89,P042,EQ032
2025-09-02 10:40:00,14881.02,646.39,3.65,27.6,3.39,1228.76,1039.01,63.15,231.89,49.65,18.42,P040,EQ039
2025-09-02 10:50:00,16331.88,603.67,3.09,26.49,3.36,1230.1,1019.6,62.96,180.57,49.05,25.41,P012,EQ046
2025-09-02 11:00:00,14408.06,606.55,3.58,23.35,3.46,1246.16,1048.54,57.52,198.46,51.12,34.0,P023,EQ004
2025-09-02 11:10:00,15164.02,581.46,3.46,26.2,3.57,1225.21,1091.52,67.57,202.04,49.73,18.65,P049,EQ011
2025-09-02 11:20:00,15976.32,568.78,3.62,24.27,3.65,1256.15,1069.37,65.66,188.59,57.11,16.09,P024,EQ018
2025-09-02 11:30:00,16533.73,614.47,3.38,23.41,3.57,1252.75,1071.72,63.55,194.19,54.15,27.15,P022,EQ025
2025-09-02 11:40:00,13554.72,604.43,3.29,24.54,3.65,1266.15,999.25,62.93,190.51,45.92,13.66,P024,EQ032
2025-09-02 11:50:00,13550.57,564.31,3.43,24.03,3.85,1236.72,1083.35,59.82,212.46,50.61,19.7,P003,EQ039
2025-09-02 12:00:00,13958.43,627.99,3.44,26.32,3.4,1241.12,1046.36,60.54,205.55,42.53,11.48,P032,EQ046
2025-09-02 12:10:00,17650.46,611.76,3.34,25.41,3.27,1215.78,1006.41,52.47,196.02,55.14,24.23,P037,EQ004
2025-09-02 12:20:00,13863.75,568.29,3.65,26.46,3.31,1240.62,998.42,65.42,190.7,59.44,10.33,P002,EQ011
2025-09-02 12:30:00,12888.63,625.81,3.75,24.05,3.45,1259.22,1066.29,62.36,191.56,50.03,19.94,P028,EQ018
2025-09-02 12:40:00,12274.62,565.83,3.53,24.4,3.55,1259.28,1020.74,61.02,208.06,53.1,33.57,P036,EQ025
2025-09-02 12:50:00,16310.0,571.94,3.46,25.55,3.5,1271.6,1090.13,66.92,195.66,52.81,11.47,P035,EQ032
2025-09-02 13:00:00,14715.68,611.98,3.79,24.65,3.69,1267.7,1054.21,46.22,172.62,43.7,19.67,P029,EQ039
2025-09-02 13:10:00,15433.03,628.11,3.35,26.92,3.35,1245.1,1082.68,55.43,186.31,56.15,21.94,P003,EQ046
2025-09-02 13:20:00,14607.37,553.84,3.52,22.43,3.58,1257.23,1089.48,54.79,191.93,45.09,29.46,P016,EQ004
2025-09-02 13:30:00,15093.43,609.54,3.77,23.78,3.63,1214.78,1034.23,67.4,193.31,50.34,34.9,P033,EQ011
2025-09-02 13:40:00,15829.07,599.71,3.78,24.8,3.5,1245.71,1031.29,59.5,192.8,54.45,16.68,P044,EQ018
2025-09-02 13:50:00,14072.02,565.93,3.53,26.49,3.33,1275.33,1071.63,59.36,231.43,53.65,13.13,P014,EQ025
2025-09-02 14:00:00,16316.96,581.26,3.56,24.34,3.54,1260.18,1070.91,68.97,207.74,46.63,26.56,P037,EQ032
2025-09-02 14:10:00,14229.66,569.17,3.45,24.69,3.24,1235.18,1044.05,50.24,209.91,41.58,31.21,P020,EQ039
2025-09-02 14:20:00,14435.05,635.3,3.53,24.36,3.55,1260.44,1036.93,63.02,199.56,51.84,24.53,P024,EQ046
2025-09-02 14:30:00,16503.31,573.99,3.69,24.18,3.65,1254.17,1052.68,53.54,190.67,50.22,31.55,P002,EQ004
2025-09-02 14:40:00,15866.76,581.35,3.51,26.86,3.65,1213.69,1104.13,61.17,217.4,49.12,10.07,P032,EQ011
2025-09-02 14:50:00,15562.62,631.77,3.62,26.43,3.4,1246.47,1024.55,58.96,199.44,54.86,21.46,P049,EQ018
2025-09-02 15:00:00,14410.47,608.21,3.27,27.67,3.41,1240.82,1096.66,60.89,192.26,44.86,31.2,P011,EQ025
2025-09-02 15:10:00,18098.34,575.09,3.51,25.06,3.47,1251.34,1000.23,59.41,200.02,54.4,18.35,P001,EQ032
2025-09-02 15:20:00,13607.65,589.87,3.43,25.72,3.23,1257.56,1046.46,58.27,189.98,49.31,15.45,P041,EQ039
2025-09-02 15:30:00,14283.94,570.83,3.53,24.98,3.58,1224.78,1007.97,63.24,189.69,59.34,18.7,P001,EQ046
2025-09-02 15:40:00,15124.56,648.8,3.53,22.8,3.7,1294.91,1010.25,53.65,211.85,48.06,11.82,P014,EQ004
2025-09-02 15:50:00,14476.44,595.64,3.43,23.82,3.16,1262.01,1036.42,48.12,212.89,49.3,34.63,P021,EQ011
2025-09-02 16:00:00,13807.92,623.24,3.62,25.8,3.52,1219.76,980.65,68.38,197.42,47.12,16.38,P026,EQ018
2025-09-02 16:10:00,14858.81,535.34,3.34,25.01,3.43,1229.94,1028.5,53.33,197.69,49.81,14.59,P007,EQ025
2025-09-02 16:20:00,14532.64,597.7,3.2,24.0,3.36,1238.24,1009.19,57.33,219.47,44.68,21.48,P017,EQ032
2025-09-02 16:30:00,15077.08,616.95,3.1,24.17,3.52,1255.36,1058.99,61.01,195.93,53.04,14.59,P004,EQ039
2025-09-02 16:40:00,14076.85,506.31,3.36,24.45,3.25,1255.18,1043.21,61.03,209.46,50.23,25.69,P043,EQ046
2025-09-02 16:50:00,14974.69,642.46,3.29,25.05,3.54,1245.85,1102.27,57.75,225.15,42.4,33.68,P045,EQ004
2025-09-02 17:00:00,15624.7,600.36,3.45,24.35,3.75,1263.56,1038.37,52.21,225.01,52.71,29.48,P015,EQ011
2025-09-02 17:10:00,15727.33,652.15,3.43,25.12,3.34,1223.12,1010.68,66.6,195.77,52.26,29.73,P020,EQ018
2025-09-02 17:20:00,14311.51,578.46,3.67,25.11,3.58,1226.57,1085.42,63.86,203.27,50.55,18.28,P007,EQ025
2025-09-02 17:30:00,14369.0,566.54,3.95,24.8,3.15,1248.47,1014.77,63.91,221.45,47.85,11.74,P048,EQ032
2025-09-02 17:40:00,14153.59,575.65,4.17,24.75,3.12,1245.91,998.73,65.27,204.98,46.63,29.69,P037,EQ039
2025-09-02 17:50:00,15949.33,548.97,3.22,24.32,3.61,1222.86,1040.05,60.3,199.35,51.88,11.0,P027,EQ046
2025-09-02 18:00:00,13448.5,624.27,3.51,25.92,3.62,1243.51,1077.3,59.98,210.97,43.56,30.97,P003,EQ004
2025-09-02 18:10:00,15482.54,621.55,3.48,25.4,3.7,1289.71,1055.48,60.63,188.3,49.06,18.9,P001,EQ011
2025-09-02 18:20:00,13264.17,581.73,3.84,24.3,3.68,1270.73,1035.17,58.42,186.9,51.12,25.93,P035,EQ018
2025-09-02 18:30:00,14500.96,594.28,3.26,26.43,3.63,1255.6,943.47,44.53,183.3,48.65,23.89,P027,EQ025
2025-09-02 18:40:00,15462.34,619.24,3.23,23.57,3.81,1270.62,1061.48,64.07,204.63,55.38,22.76,P016,EQ032
2025-09-02 18:50:00,14661.69,610.45,3.68,26.73,3.55,1242.86,1024.65,55.7,185.83,57.7,10.35,P008,EQ039
2025-09-02 19:00:00,15243.62,623.83,3.5,24.25,3.31,1259.68,1068.53,72.23,187.11,47.74,12.21,P026,EQ046
2025-09-02 19:10:00,16377.32,596.2,3.51,25.85,3.74,1244.92,1041.17,53.49,210.26,51.52,21.1,P009,EQ004
2025-09-02 19:20:00,13734.13,642.11,3.69,24.14,3.48,1256.81,1015.19,63.46,193.68,50.34,25.41,P001,EQ011
2025-09-02 19:30:00,14098.52,555.5,3.22,24.67,3.57,1250.08,1056.22,54.28,212.2,51.19,17.04,P044,EQ018
2025-09-02 19:40:00,16749.04,615.59,3.34,24.33,3.56,1232.11,1068.86,56.28,208.56,52.75,18.36,P030,EQ025
2025-09-02 19:50:00,13722.24,514.0,3.66,25.52,3.32,1255.6,1038.84,59.31,178.7,50.27,18.35,P037,EQ032
2025-09-02 20:00:00,14768.14,610.04,3.42,24.96,3.5,1286.17,1017.48,62.65,216.79,42.45,23.91,P035,EQ039
2025-09-02 20:10:00,15521.45,589.2,3.37,26.29,3.11,1254.67,1093.22,59.0,203.42,44.79,21.28,P037,EQ046
2025-09-02 20:20:00,15583.56,657.79,3.9,26.11,3.73,1250.73,1032.04,58.93,223.7,50.12,31.52,P006,EQ004
2025-09-02 20:30:00,14392.06,644.13,3.79,26.0,3.53,1237.15,1038.43,57.97,194.88,44.92,14.27,P048,EQ011
2025-09-02 20:40:00,14656.3,627.85,3.52,23.89,3.39,1243.37,1045.11,60.85,223.13,49.38,24.84,P028,EQ018
2025-09-02 20:50:00,14368.73,609.98,3.66,26.89,3.67,1257.41,1059.72,66.11,227.46,51.81,17.79,P026,EQ025
2025-09-02 21:00:00,15672.56,561.13,3.24,26.21,3.24,1249.69,1069.39,51.03,207.66,44.86,11.16,P016,EQ032
2025-09-02 21:10:00,15300.91,643.36,3.34,26.44,3.3,1238.81,1038.1,51.88,169.41,55.31,20.48,P012,EQ039
2025-09-02 21:20:00,14118.51,563.12,3.59,24.65,3.83,1257.07,1072.13,54.91,210.18,36.81,29.93,P045,EQ046
2025-09-02 21:30:00,15148.59,623.51,3.47,25.66,3.7,1276.2,1081.06,45.69,197.25,51.62,13.54,P024,EQ004
2025-09-02 21:40:00,14511.07,597.59,3.61,24.31,3.57,1256.41,1056.46,63.65,181.67,48.99,18.84,P012,EQ011
2025-09-02 21:50:00,15926.21,547.53,3.54,25.08,3.25,1250.04,1070.89,55.07,214.16,46.18,11.94,P030,EQ018
2025-09-02 22:00:00,14189.62,562.85,3.28,24.9,3.67,1211.29,997.41,58.88,186.42,51.3,34.58,P002,EQ025
2025-09-02 22:10:00,16327.6,589.43,3.44,24.1,3.52,1241.53,1056.86,52.64,201.43,50.95,27.37,P009,EQ032
2025-09-02 22:20:00,14956.99,578.19,3.66,25.49,3.59,1274.45,1072.98,55.27,195.08,48.46,10.03,P029,EQ039
2025-09-02 22:30:00,15932.29,569.59,3.94,25.99,3.81,1254.55,1103.42,50.34,189.97,52.1,12.86,P023,EQ046
2025-09-02 22:40:00,14192.84,569.53,3.69,26.7,3.24,1258.0,1067.9,65.77,195.84,52.72,31.05,P015,EQ004
2025-09-02 22:50:00,13957.59,586.58,3.47,25.81,3.1,1219.94,1026.37,61.94,167.46,53.17,27.84,P036,EQ011
2025-09-02 23:00:00,13858.49,600.01,4.1,24.67,3.48,1264.31,1015.54,60.75,201.42,43.33,10.15,P013,EQ018
2025-09-02 23:10:00,16001.62,571.86,3.69,24.53,3.25,1273.91,1059.6,60.94,214.69,42.16,20.79,P011,EQ025
2025-09-02 23:20:00,14986.14,676.11,3.16,25.34,3.31,1246.55,1035.05,58.35,171.52,47.27,12.47,P039,EQ032
2025-09-02 23:30:00,13597.11,640.05,3.79,24.33,3.13,1237.73,1055.5,61.12,224.61,50.98,28.14,P011,EQ039
2025-09-02 23:40:00,14653.12,657.77,3.59,25.32,3.64,1284.31,1065.7,55.72,191.41,49.57,11.69,P034,EQ046
2025-09-02 23:50:00,15112.39,560.91,3.63,23.46,3.0,1256.32,1046.66,66.98,206.29,55.95,29.64,P034,EQ004
2025-09-03 00:00:00,14324.54,594.6,3.41,25.14,3.83,1214.45,1032.14,57.16,215.32,52.05,24.32,P032,EQ011
2025-09-03 00:10:00,15105.29,624.43,3.45,25.01,3.55,1251.37,1047.6,60.46,193.3,51.1,28.07,P044,EQ018
2025-09-03 00:20:00,14397.81,649.76,3.42,24.84,3.64,1233.54,1109.47,68.71,205.61,61.2,19.15,P007,EQ025
2025-09-03 00:30:00,15660.47,553.41,3.63,22.75,3.31,1265.82,1080.36,65.19,204.39,57.06,20.84,P050,EQ032
2025-09-03 00:40:00,12421.82,616.95,3.48,24.97,3.72,1244.49,1036.02,60.67,190.22,40.84,12.8,P028,EQ039
2025-09-03 00:50:00,13886.13,645.23,3.47,26.08,3.66,1235.75,1022.94,69.19,197.52,56.54,15.29,P024,EQ046
2025-09-03 01:00:00,12931.93,532.88,3.42,25.07,3.73,1261.18,1042.24,68.74,187.06,52.78,18.31,P036,EQ004
2025-09-03 01:10:00,12886.17,617.35,3.42,26.39,3.8,1251.34,1074.67,65.4,192.66,45.39,12.04,P038,EQ011
2025-09-03 01:20:00,16006.86,600.13,3.53,25.18,3.09,1264.0,1018.91,55.57,189.43,48.22,32.02,P037,EQ018
2025-09-03 01:30:00,13864.08,569.69,3.43,24.67,3.39,1253.7,1028.94,55.86,218.4,48.88,28.74,P045,EQ025
2025-09-03 01:40:00,13856.89,566.27,3.69,23.98,3.81,1267.75,1030.03,51.8,208.42,55.22,34.32,P011,EQ032
2025-09-03 01:50:00,15349.28,612.17,3.77,24.81,3.12,1269.9,1030.56,61.08,182.7,44.88,27.6,P007,EQ039
2025-09-03 02:00:00,14301.18,580.12,3.66,24.27,3.47,1245.02,1041.28,58.37,207.44,55.28,19.54,P034,EQ046
2025-09-03 02:10:00,13675.18,552.89,3.6,26.39,3.39,1236.31,1060.66,55.67,184.63,56.67,11.11,P004,EQ004
2025-09-03 02:20:00,16851.36,581.43,3.65,27.28,3.25,1244.65,1054.37,57.87,199.51,57.55,28.76,P050,EQ011
2025-09-03 02:30:00,15479.02,627.48,3.46,25.06,3.57,1255.61,1077.14,62.82,195.98,51.4,18.49,P016,EQ018
2025-09-03 02:40:00,14902.76,592.99,3.35,24.76,3.43,1266.34,1097.06,67.59,218.05,59.8,21.97,P049,EQ025
2025-09-03 02:50:00,14010.68,612.32,3.62,24.38,4.1,1262.07,1054.47,58.85,229.31,36.84,30.21,P039,EQ032
2025-09-03 03:00:00,13933.04,605.22,3.42,25.37,3.48,1203.44,1068.92,66.14,209.71,48.98,31.45,P005,EQ039
2025-09-03 03:10:00,16482.16,673.59,3.34,26.09,3.51,1294.14,1025.47,63.84,196.6,50.07,23.69,P025,EQ046
2025-09-03 03:20:00,16074.1,621.19,3.54,25.16,3.2,1221.9,1014.26,59.81,173.49,50.9,25.22,P010,EQ004
2025-09-03 03:30:00,13199.28,626.24,3.79,26.48,3.09,1247.05,1066.58,60.63,221.81,46.67,22.71,P038,EQ011
2025-09-03 03:40:00,15507.76,603.23,3.47,26.07,3.77,1235.58,1081.46,53.16,213.47,57.25,21.99,P012,EQ018
2025-09-03 03:50:00,16954.14,632.0,3.21,25.46,3.38,1237.71,1004.04,69.18,203.54,47.56,30.09,P018,EQ025
2025-09-03 04:00:00,12914.06,549.89,3.81,24.58,3.9,1295.11,1076.88,58.19,203.71,50.02,18.29,P020,EQ032
2025-09-03 04:10:00,14066.18,588.2,3.95,24.75,3.48,1224.17,1068.22,61.42,196.98,49.9,31.66,P043,EQ039
2025-09-03 04:20:00,15566.37,551.22,3.77,24.67,3.61,1266.0,1031.27,53.12,195.64,50.15,12.4,P033,EQ046
2025-09-03 04:30:00,15296.45,632.14,3.07,24.74,3.5,1247.53,1066.86,56.41,208.02,50.87,13.45,P047,EQ004
2025-09-03 04:40:00,15910.18,543.98,3.88,25.6,3.43,1260.67,1070.37,56.32,195.74,43.5,28.85,P011,EQ011
2025-09-03 04:50:00,15434.73,583.71,3.45,26.16,3.68,1230.72,1086.81,65.39,202.42,50.14,10.03,P012,EQ018
2025-09-03 05:00:00,15469.41,592.64,3.45,25.77,3.44,1230.35,1010.87,66.21,178.33,45.78,23.78,P040,EQ025
2025-09-03 05:10:00,15680.37,628.85,3.3,27.09,3.34,1257.43,1012.94,53.33,194.18,46.2,17.36,P009,EQ032
2025-09-03 05:20:00,14281.17,635.02,3.52,23.94,3.45,1247.44,1077.74,53.97,200.15,54.52,25.63,P015,EQ039
2025-09-03 05:30:00,15203.71,613.27,3.63,25.37,3.2,1249.5,1058.04,53.21,195.73,53.8,13.38,P010,EQ046
2025-09-03 05:40:00,14031.91,615.87,3.68,25.62,3.75,1244.71,1049.4,54.22,211.23,54.13,11.48,P006,EQ004
2025-09-03 05:50:00,15805.11,590.51,3.8,24.51,3.54,1275.57,1040.04,57.7,197.1,43.03,16.94,P032,EQ011
2025-09-03 06:00:00,15750.57,538.56,3.07,22.85,3.53,1233.83,1066.56,62.14,226.97,52.05,34.69,P042,EQ018
2025-09-03 06:10:00,13769.96,616.13,3.67,24.19,3.03,1229.39,1054.7,53.62,212.88,56.49,15.29,P009,EQ025
2025-09-03 06:20:00,15872.37,655.31,3.64,25.34,3.53,1225.15,1009.29,57.49,215.83,52.64,33.11,P034,EQ032
2025-09-03 06:30:00,14162.53,666.52,3.5,25.28,3.84,1250.1,1033.92,60.0,199.57,46.29,28.69,P005,EQ039
2025-09-03 06:40:00,15773.05,590.49,3.61,22.93,3.66,1267.98,1036.22,62.19,210.7,52.72,20.54,P024,EQ046
2025-09-03 06:50:00,14316.15,647.5,3.42,25.49,3.41,1252.97,1039.43,59.91,220.11,41.18,24.43,P046,EQ004
2025-09-03 07:00:00,15235.77,607.68,3.35,25.2,3.44,1251.63,1075.4,56.27,210.51,48.73,14.91,P001,EQ011
2025-09-03 07:10:00,14625.24,591.49,3.85,24.64,3.77,1235.49,1055.29,53.45,203.23,45.83,26.83,P048,EQ018
2025-09-03 07:20:00,16651.93,678.24,3.2,25.02,3.08,1251.6,1050.06,60.54,209.07,56.8,25.68,P001,EQ025
2025-09-03 07:30:00,15972.55,597.98,3.56,25.25,3.73,1229.52,1062.87,55.99,213.24,45.56,13.19,P041,EQ032
2025-09-03 07:40:00,14417.58,580.5,3.54,24.45,3.53,1236.99,1018.95,59.19,194.1,49.17,15.2,P004,EQ039
2025-09-03 07:50:00,14696.37,591.26,3.16,24.08,3.03,1255.13,1164.75,57.52,207.37,52.59,16.92,P046,EQ046
2025-09-03 08:00:00,13798.27,573.15,3.35,24.14,3.48,1268.56,1070.97,59.77,213.36,49.81,27.4,P015,EQ004
2025-09-03 08:10:00,16510.51,613.03,3.52,25.22,3.58,1243.44,1120.09,61.67,192.49,63.58,31.31,P009,EQ011
2025-09-03 08:20:00,13674.87,619.03,3.37,24.6,3.77,1250.04,1051.31,53.42,209.73,50.4,27.92,P032,EQ018
2025-09-03 08:30:00,15812.66,637.58,3.89,24.79,3.59,1244.48,1020.87,65.39,202.94,50.73,18.98,P009,EQ025
2025-09-03 08:40:00,14793.3,605.43,3.83,25.71,3.46,1262.56,1062.47,65.07,195.47,47.58,27.39,P007,EQ032
2025-09-03 08:50:00,15469.91,571.37,3.78,24.97,3.38,1259.46,1058.19,66.05,204.86,48.23,16.09,P046,EQ039
2025-09-03 09:00:00,15350.96,600.46,3.49,25.49,3.54,1248.84,1054.94,55.82,210.29,54.03,14.85,P050,EQ046
2025-09-03 09:10:00,16392.72,593.52,3.49,26.22,3.74,1245.07,1089.37,62.19,162.76,47.15,28.98,P033,EQ004
2025-09-03 09:20:00,14617.1,604.68,3.54,25.48,3.72,1235.07,1050.11,64.76,189.43,41.72,12.34,P022,EQ011
2025-09-03 09:30:00,15519.32,618.4,3.15,25.02,3.42,1265.04,1087.05,58.69,206.36,48.63,32.16,P027,EQ018
2025-09-03 09:40:00,14250.67,607.31,3.42,23.97,3.15,1262.74,1051.93,54.51,206.08,39.81,16.34,P013,EQ025
2025-09-03 09:50:00,13960.02,584.04,3.27,24.98,3.47,1226.15,1019.31,58.34,240.03,45.8,10.07,P004,EQ032
2025-09-03 10:00:00,15810.79,574.27,3.19,25.17,3.09,1203.94,981.59,63.23,176.37,45.6,18.61,P039,EQ039
2025-09-03 10:10:00,15821.7,602.33,3.23,26.42,3.05,1211.43,1019.12,69.17,210.84,60.2,15.77,P029,EQ046
2025-09-03 10:20:00,13946.64,623.93,3.74,24.81,3.62,1252.14,1103.78,62.86,213.69,44.8,21.42,P023,EQ004
2025-09-03 10:30:00,17346.96,625.97,3.65,26.12,3.25,1222.78,1041.89,67.82,186.97,43.34,19.95,P038,EQ011
2025-09-03 10:40:00,14968.67,653.59,3.63,25.79,3.61,1260.01,1050.74,58.66,193.11,46.01,12.4,P035,EQ018
2025-09-03 10:50:00,13827.41,613.33,3.53,25.81,3.73,1244.1,1001.84,63.24,194.12,47.02,15.61,P050,EQ025
2025-09-03 11:00:00,15917.22,600.35,3.69,24.78,3.26,1279.31,1097.68,65.09,219.56,50.52,11.78,P002,EQ032
2025-09-03 11:10:00,16253.93,609.85,2.81,24.48,3.68,1302.97,1103.14,65.26,216.86,50.09,26.29,P039,EQ039
2025-09-03 11:20:00,13733.88,623.05,3.69,24.44,3.38,1243.85,1033.86,61.12,197.48,45.15,12.24,P044,EQ046
2025-09-03 11:30:00,14636.75,636.15,3.68,23.36,3.2,1221.97,1041.23,56.42,193.18,56.56,32.09,P044,EQ004
2025-09-03 11:40:00,14728.19,605.58,3.2,23.37,3.48,1256.56,1065.67,50.75,204.53,52.91,34.46,P005,EQ011
2025-09-03 11:50:00,13542.99,585.82,3.68,24.66,3.53,1274.6,1047.12,60.8,202.79,53.94,21.74,P025,EQ018
2025-09-03 12:00:00,14724.87,569.44,3.56,24.77,3.35,1223.56,1025.72,54.77,187.49,56.21,31.63,P003,EQ025
2025-09-03 12:10:00,14005.68,580.43,3.56,23.32,3.47,1206.33,1012.43,60.69,210.43,43.64,31.52,P011,EQ032
2025-09-03 12:20:00,17396.22,609.19,3.38,25.24,3.53,1237.37,1033.11,52.7,181.57,54.29,24.55,P034,EQ039
2025-09-03 12:30:00,14914.62,627.29,3.69,24.42,3.74,1243.31,1023.28,65.27,199.92,48.05,15.45,P002,EQ046
2025-09-03 12:40:00,14922.25,688.85,3.59,24.54,3.35,1270.36,1039.16,52.87,171.92,58.07,16.59,P048,EQ004
2025-09-03 12:50:00,14467.33,589.9,3.31,23.61,3.35,1223.96,1055.0,62.35,212.07,55.24,23.53,P018,EQ011
2025-09-03 13:00:00,16195.73,612.71,3.8,26.97,3.28,1225.54,1083.63,61.27,185.98,45.92,11.67,P025,EQ018
2025-09-03 13:10:00,15630.45,639.92,3.78,24.39,3.46,1286.51,1089.74,59.9,209.96,46.45,19.8,P010,EQ025
2025-09-03 13:20:00,14548.55,601.63,3.22,24.75,3.73,1250.2,999.13,63.13,188.41,49.05,24.19,P013,EQ032
2025-09-03 13:30:00,15544.46,617.51,3.53,23.99,3.43,1267.17,1065.49,62.74,187.29,54.34,33.47,P027,EQ039
2025-09-03 13:40:00,13703.36,611.48,3.22,25.23,3.46,1274.64,1071.51,59.57,204.82,46.3,22.17,P033,EQ046
2025-09-03 13:50:00,14835.95,636.25,3.62,26.04,3.53,1198.28,1088.8,58.95,208.5,50.57,11.4,P026,EQ004
2025-09-03 14:00:00,16036.02,632.94,3.77,25.2,3.45,1235.32,1052.41,66.26,186.42,53.59,23.93,P024,EQ011
2025-09-03 14:10:00,12535.29,577.59,3.77,25.41,3.36,1260.08,1054.65,50.47,204.98,53.37,34.22,P027,EQ018
2025-09-03 14:20:00,15985.61,576.39,3.48,23.76,3.6,1249.17,1037.79,55.47,214.01,46.02,31.04,P026,EQ025
2025-09-03 14:30:00,13190.89,676.48,3.18,27.8,3.15,1293.03,1069.17,65.39,189.15,48.45,21.51,P049,EQ032
2025-09-03 14:40:00,15303.48,612.77,3.51,24.19,3.19,1243.75,1066.83,61.4,189.79,42.98,31.93,P003,EQ039
2025-09-03 14:50:00,14963.85,598.45,3.42,24.96,3.26,1277.16,1097.2,55.8,207.81,54.63,19.58,P045,EQ046
2025-09-03 15:00:00,13528.87,696.46,3.45,26.64,3.35,1273.92,1067.69,63.47,183.15,52.19,19.85,P010,EQ004
2025-09-03 15:10:00,14321.1,604.36,3.67,25.53,3.59,1253.63,1082.78,66.59,197.27,51.02,12.1,P033,EQ011
2025-09-03 15:20:00,14690.03,547.22,3.7,24.26,3.66,1262.59,1020.83,54.86,216.39,44.05,30.1,P024,EQ018
2025-09-03 15:30:00,15216.05,594.06,3.48,24.68,3.27,1256.03,1002.41,66.66,181.68,58.81,19.04,P020,EQ025
2025-09-03 15:40:00,14733.75,598.7,3.67,26.4,3.73,1269.04,1072.2,71.05,217.14,44.22,24.53,P050,EQ032
2025-09-03 15:50:00,14867.37,565.03,3.82,26.28,3.59,1288.28,1011.85,57.95,192.75,49.99,29.08,P017,EQ039
2025-09-03 16:00:00,14865.95,617.5,3.47,25.62,3.64,1263.62,1017.23,57.75,206.02,51.89,17.51,P003,EQ046
2025-09-03 16:10:00,15044.2,599.83,3.32,26.16,3.17,1237.23,1042.28,60.81,187.77,52.63,21.02,P028,EQ004
2025-09-03 16:20:00,16085.66,636.7,3.4,26.63,3.79,1273.44,1038.82,58.3,223.05,59.04,19.79,P013,EQ011
2025-09-03 16:30:00,16193.43,602.71,3.37,25.47,3.65,1224.29,1078.94,65.82,189.3,59.33,27.12,P039,EQ018
2025-09-03 16:40:00,14651.92,592.2,3.83,23.84,3.57,1247.12,1044.55,63.43,198.92,46.09,29.26,P046,EQ025
2025-09-03 16:50:00,13664.29,613.76,3.37,26.56,3.27,1264.3,1043.15,54.95,187.11,47.68,15.62,P027,EQ032
2025-09-03 17:00:00,14474.72,630.34,3.87,24.41,3.37,1258.66,1046.93,55.69,200.28,56.12,18.59,P020,EQ039
2025-09-03 17:10:00,15913.34,664.72,3.51,23.59,3.4,1279.38,1068.05,58.13,197.36,52.32,26.18,P025,EQ046
2025-09-03 17:20:00,13247.46,613.55,3.64,25.4,3.45,1260.85,1038.78,58.49,172.2,59.4,14.18,P013,EQ004
2025-09-03 17:30:00,16230.6,629.49,3.32,24.21,3.46,1288.0,1064.41,51.77,207.28,35.44,13.24,P011,EQ011
2025-09-03 17:40:00,15753.39,631.08,3.64,25.38,3.9,1235.44,1054.82,56.89,208.46,48.56,19.63,P028,EQ018
2025-09-03 17:50:00,13843.64,570.81,3.44,23.86,3.5,1243.47,1047.61,62.88,218.75,52.64,32.05,P008,EQ025
2025-09-03 18:00:00,15869.46,580.05,3.63,23.26,3.49,1241.9,1057.87,63.62,192.18,51.59,12.21,P010,EQ032
2025-09-03 18:10:00,15220.03,611.72,3.55,24.62,3.61,1239.65,1046.23,63.69,175.88,50.8,16.39,P027,EQ039
2025-09-03 18:20:00,16179.58,593.82,3.18,26.17,3.6,1241.96,1015.98,53.25,193.86,52.41,26.64,P048,EQ046
2025-09-03 18:30:00,17063.36,621.24,3.92,26.12,3.5,1257.74,1041.46,48.37,200.37,58.46,18.59,P042,EQ004
2025-09-03 18:40:00,15139.8,617.18,3.28,23.95,3.6,1275.04,1033.86,53.98,226.02,41.82,23.87,P021,EQ011
2025-09-03 18:50:00,14423.12,638.48,3.42,25.14,3.23,1246.4,1062.23,60.63,195.88,50.99,16.66,P010,EQ018
2025-09-03 19:00:00,14755.66,577.96,3.49,25.29,3.2,1254.04,1006.91,49.41,193.44,51.67,12.54,P033,EQ025
2025-09-03 19:10:00,15216.24,608.39,3.59,24.47,3.42,1260.68,1045.34,59.92,178.78,48.68,31.25,P041,EQ032
2025-09-03 19:20:00,13548.14,548.64,3.14,23.19,3.49,1243.6,1070.26,53.35,178.19,51.54,32.16,P003,EQ039
2025-09-03 19:30:00,15638.35,515.8,3.73,23.24,3.45,1249.36,1047.5,59.84,181.92,50.65,23.35,P032,EQ046
2025-09-03 19:40:00,15362.92,588.57,3.73,24.92,3.14,1241.62,1059.22,59.96,170.58,57.84,33.73,P039,EQ004
2025-09-03 19:50:00,14756.64,583.83,3.64,25.09,3.59,1268.58,1025.31,57.39,210.29,49.88,33.76,P040,EQ011
2025-09-03 20:00:00,16177.06,627.34,3.07,26.48,3.43,1229.0,996.0,56.45,210.93,54.2,12.45,P040,EQ018
2025-09-03 20:10:00,13700.7,605.52,3.67,25.82,3.47,1237.89,1090.24,62.22,212.56,50.42,33.26,P010,EQ025
2025-09-03 20:20:00,15728.81,590.75,3.13,25.83,3.41,1254.66,977.4,68.45,216.28,37.82,25.99,P047,EQ032
2025-09-03 20:30:00,14919.92,592.86,3.2,25.97,3.51,1274.88,988.22,56.42,205.35,44.47,17.78,P046,EQ039
2025-09-03 20:40:00,13878.81,614.03,3.73,25.75,3.43,1282.9,1038.08,59.0,215.34,41.17,12.12,P039,EQ046
2025-09-03 20:50:00,14711.51,587.12,3.43,25.11,3.31,1208.24,1037.26,50.82,216.85,52.3,24.27,P025,EQ004
2025-09-03 21:00:00,14652.45,592.53,3.35,25.81,3.59,1272.33,1047.09,55.42,224.64,53.97,16.59,P013,EQ011
2025-09-03 21:10:00,15006.86,649.22,3.36,23.93,3.54,1260.57,1034.34,60.06,204.36,43.07,23.99,P016,EQ018
2025-09-03 21:20:00,13776.19,610.89,3.19,25.25,3.43,1229.71,999.73,53.71,190.14,52.15,32.18,P047,EQ025
2025-09-03 21:30:00,15540.99,578.45,3.48,26.19,3.81,1246.68,1042.43,59.48,208.9,51.35,34.14,P019,EQ032
2025-09-03 21:40:00,14683.55,543.15,3.39,25.28,3.64,1241.77,1099.39,68.73,206.1,55.37,33.68,P012,EQ039
2025-09-03 21:50:00,14227.46,599.57,3.63,26.82,3.22,1226.17,1019.39,57.26,173.25,56.87,32.22,P043,EQ046
2025-09-03 22:00:00,14628.61,624.55,3.65,25.57,3.43,1271.26,1042.44,53.72,223.32,45.33,11.44,P035,EQ004
2025-09-03 22:10:00,15662.05,572.7,3.55,22.11,3.34,1334.77,1041.74,49.15,186.64,45.03,15.9,P016,EQ011
2025-09-03 22:20:00,14444.47,556.11,3.25,25.58,3.47,1255.91,1001.79,60.4,215.68,42.58,16.52,P013,EQ018
2025-09-03 22:30:00,15581.28,625.48,3.72,25.25,3.39,1234.64,1015.65,63.31,196.23,47.92,33.73,P003,EQ025
2025-09-03 22:40:00,15180.6,611.13,3.35,25.38,3.77,1251.55,1073.76,60.48,201.88,57.63,30.22,P016,EQ032
2025-09-03 22:50:00,15585.23,619.02,3.72,25.81,3.93,1244.07,1022.88,65.23,209.32,59.68,11.94,P046,EQ039
2025-09-03 23:00:00,14835.73,618.04,3.52,24.45,3.33,1233.28,1005.49,60.83,206.05,41.31,30.86,P043,EQ046
2025-09-03 23:10:00,15847.42,619.51,3.52,24.54,3.03,1230.95,1069.63,55.55,195.13,43.8,23.23,P026,EQ004
2025-09-03 23:20:00,16152.58,625.63,3.33,24.12,3.67,1276.13,1063.67,56.09,168.14,44.88,10.7,P047,EQ011
2025-09-03 23:30:00,14078.23,599.64,3.5,26.02,3.36,1210.06,1014.68,66.67,179.43,51.78,16.68,P030,EQ018
2025-09-03 23:40:00,14368.15,631.45,3.75,26.91,3.48,1255.59,1033.47,67.72,199.49,47.06,29.46,P025,EQ025
2025-09-03 23:50:00,14930.62,573.96,3.5,25.31,3.76,1249.08,1083.73,66.9,196.21,46.83,32.9,P037,EQ032
2025-09-04 00:00:00,15053.71,613.86,3.43,24.69,3.53,1204.81,1119.03,59.56,191.56,36.33,26.88,P032,EQ039
2025-09-04 00:10:00,13634.33,619.4,3.53,25.46,3.42,1263.74,1078.12,51.93,168.66,47.73,18.27,P030,EQ046
2025-09-04 00:20:00,16434.39,598.96,3.43,24.17,3.49,1265.38,1017.05,60.54,213.25,53.08,20.03,P046,EQ004
2025-09-04 00:30:00,14981.23,630.14,3.37,25.76,3.54,1251.29,1006.53,56.8,201.29,55.71,32.37,P018,EQ011
2025-09-04 00:40:00,14195.59,635.41,3.27,23.77,3.41,1220.61,1054.1,66.7,214.59,48.34,28.04,P041,EQ018
2025-09-04 00:50:00,15426.45,626.08,3.74,23.89,3.35,1256.91,1064.1,60.48,213.02,42.74,18.39,P013,EQ025
2025-09-04 01:00:00,13559.8,601.49,3.41,24.53,3.63,1234.49,1057.4,68.38,194.14,51.71,19.01,P016,EQ032
2025-09-04 01:10:00,14449.12,575.93,3.35,25.31,3.22,1255.82,1065.21,56.28,206.58,49.4,20.91,P037,EQ039
2025-09-04 01:20:00,13392.66,580.31,3.49,23.21,3.64,1264.94,1052.35,57.58,222.87,43.55,21.8,P018,EQ046
2025-09-04 01:30:00,14865.73,629.42,3.72,25.39,3.41,1235.12,1049.35,60.59,200.62,47.01,19.83,P047,EQ004
2025-09-04 01:40:00,13446.65,594.02,3.38,23.97,3.18,1264.42,1038.4,61.45,202.39,53.93,24.87,P033,EQ011
2025-09-04 01:50:00,16117.68,604.86,3.91,26.09,3.44,1269.71,1110.95,62.18,189.29,49.32,19.56,P005,EQ018
2025-09-04 02:00:00,16450.89,611.07,3.51,25.84,3.92,1248.72,1023.53,63.96,212.17,50.73,20.77,P018,EQ025
2025-09-04 02:10:00,14438.46,609.2,3.26,24.43,3.32,1240.21,1087.12,54.59,201.37,47.49,13.16,P012,EQ032
2025-09-04 02:20:00,13998.84,611.3,3.51,25.35,3.56,1253.97,1090.21,59.07,210.16,43.88,18.58,P024,EQ039
2025-09-04 02:30:00,14885.08,574.52,3.48,24.19,3.19,1276.48,995.39,60.21,211.96,52.83,10.55,P045,EQ046
2025-09-04 02:40:00,12740.31,590.87,3.3,23.69,3.57,1227.5,1013.24,55.9,184.05,52.72,32.71,P037,EQ004
2025-09-04 02:50:00,15343.74,568.58,4.0,24.09,3.54,1229.26,1103.95,61.44,204.37,52.74,18.3,P040,EQ011
2025-09-04 03:00:00,15054.36,549.84,3.3,24.16,3.84,1251.98,1017.38,61.01,200.2,48.75,32.93,P020,EQ018
2025-09-04 03:10:00,15273.86,588.04,3.74,27.47,3.29,1263.58,1061.54,67.85,197.21,58.12,22.7,P022,EQ025
2025-09-04 03:20:00,14656.73,638.41,3.37,24.65,3.61,1271.78,1069.83,71.88,191.36,50.97,14.63,P026,EQ032
2025-09-04 03:30:00,13672.86,567.87,3.3,24.7,3.33,1208.76,1098.46,61.11,184.79,51.34,24.9,P021,EQ039
2025-09-04 03:40:00,14495.27,633.43,3.51,26.41,3.59,1275.26,1015.51,57.66,187.12,49.37,29.66,P024,EQ046
2025-09-04 03:50:00,14799.01,631.76,3.36,25.23,3.41,1224.31,1039.7,63.32,224.19,44.09,24.39,P026,EQ004
2025-09-04 04:00:00,14179.57,581.87,3.43,26.04,3.3,1233.71,1057.35,62.32,199.88,51.3,17.55,P029,EQ011
2025-09-04 04:10:00,15788.07,618.49,2.98,25.42,3.57,1231.75,1055.36,54.49,211.74,48.96,14.54,P016,EQ018
2025-09-04 04:20:00,16362.55,589.83,3.35,23.59,3.65,1229.2,1076.75,48.16,192.42,50.42,10.34,P018,EQ025
2025-09-04 04:30:00,15424.62,612.34,3.57,24.41,3.58,1241.81,1052.97,56.95,210.63,47.57,13.42,P024,EQ032
2025-09-04 04:40:00,17016.95,621.53,3.15,24.87,3.36,1273.59,1021.33,61.57,201.35,56.35,29.42,P038,EQ039
2025-09-04 04:50:00,14412.07,605.88,3.44,24.44,3.54,1260.45,1047.87,54.72,188.53,40.28,34.68,P018,EQ046
2025-09-04 05:00:00,16945.72,574.58,3.59,24.76,3.24,1283.3,1038.46,51.59,188.0,55.79,14.54,P008,EQ004
2025-09-04 05:10:00,14833.52,611.11,3.73,24.12,3.12,1254.18,1091.23,62.81,199.1,54.17,33.33,P019,EQ011
2025-09-04 05:20:00,15098.93,561.57,3.74,24.26,3.46,1237.46,1045.77,58.94,201.09,38.95,11.32,P043,EQ018
2025-09-04 05:30:00,15887.35,599.78,3.36,25.31,3.55,1253.36,1046.13,64.65,202.21,42.47,33.84,P042,EQ025
2025-09-04 05:40:00,15951.15,599.15,3.37,25.28,3.69,1254.06,1109.96,58.82,184.04,45.52,23.61,P013,EQ032
2025-09-04 05:50:00,13604.84,584.85,3.57,24.14,3.55,1232.96,1033.37,50.61,231.63,41.76,16.2,P011,EQ039
2025-09-04 06:00:00,14241.75,580.68,3.46,23.85,3.18,1221.71,1079.84,54.17,225.33,45.56,33.52,P008,EQ046
2025-09-04 06:10:00,14519.37,575.76,3.58,24.37,3.08,1262.16,1023.39,56.96,188.05,44.17,17.52,P021,EQ004
2025-09-04 06:20:00,15118.36,572.64,3.88,25.18,3.55,1221.88,1047.97,66.39,217.6,46.87,32.15,P014,EQ011
2025-09-04 06:30:00,15723.76,629.31,3.6,24.1,3.8,1258.13,1033.15,56.13,206.73,47.47,27.96,P004,EQ018
2025-09-04 06:40:00,14184.48,610.57,3.02,25.4,3.39,1277.93,1025.23,57.01,189.47,47.46,21.32,P027,EQ025
2025-09-04 06:50:00,14919.19,614.73,3.0,26.2,3.52,1265.53,1057.59,57.75,182.94,50.38,15.5,P050,EQ032
2025-09-04 07:00:00,15786.6,634.06,3.34,26.42,3.39,1266.19,1012.06,60.56,205.92,44.0,21.45,P007,EQ039
2025-09-04 07:10:00,15672.66,595.04,3.49,24.65,3.5,1267.97,1044.94,56.76,202.3,55.38,34.03,P044,EQ046
2025-09-04 07:20:00,13714.27,614.07,3.43,23.54,3.59,1279.05,1044.38,64.31,210.95,57.92,32.59,P002,EQ004
2025-09-04 07:30:00,14925.54,565.09,3.7,26.3,3.68,1253.02,1063.02,62.99,192.33,49.85,23.35,P044,EQ011
2025-09-04 07:40:00,15046.35,575.94,3.67,25.41,3.65,1275.53,1025.12,62.73,204.27,54.02,28.27,P032,EQ018
2025-09-04 07:50:00,13649.53,612.03,3.9,26.45,3.65,1254.88,1082.44,59.18,204.93,45.75,33.5,P023,EQ025
2025-09-04 08:00:00,14351.66,627.69,3.67,22.77,3.78,1208.36,1091.78,54.01,196.28,48.45,32.99,P010,EQ032
2025-09-04 08:10:00,16682.47,538.04,3.58,24.75,3.28,1222.27,1065.08,63.53,198.79,52.07,33.3,P006,EQ039
2025-09-04 08:20:00,14705.85,605.19,3.38,23.65,3.32,1270.47,1020.37,61.3,197.21,59.35,19.21,P036,EQ046
2025-09-04 08:30:00,14986.77,568.26,3.48,25.87,3.68,1230.72,1038.46,60.33,213.73,50.69,21.17,P036,EQ004
2025-09-04 08:40:00,15908.86,594.91,3.77,25.04,3.64,1254.07,1069.1,58.23,206.82,47.57,17.02,P011,EQ011
2025-09-04 08:50:00,15039.19,644.82,3.38,23.25,3.49,1276.39,1059.61,53.68,203.15,46.92,15.23,P043,EQ018
2025-09-04 09:00:00,15158.45,636.52,3.45,25.15,3.41,1238.63,1069.67,59.85,196.84,45.98,16.98,P012,EQ025
2025-09-04 09:10:00,13823.82,614.33,3.57,24.88,3.85,1282.67,1085.22,52.73,225.25,48.19,20.82,P033,EQ032
2025-09-04 09:20:00,17143.02,598.85,3.41,25.27,2.98,1230.79,1043.14,59.69,198.26,50.92,29.94,P017,EQ039
2025-09-04 09:30:00,15208.09,625.59,3.58,22.99,3.71,1234.42,1061.99,63.31,190.9,48.85,16.68,P044,EQ046
2025-09-04 09:40:00,14404.16,639.2,3.68,25.76,3.77,1254.59,963.77,53.79,202.58,37.18,26.26,P044,EQ004
2025-09-04 09:50:00,14708.28,593.8,3.35,24.34,3.13,1254.07,1028.97,57.56,195.18,54.3,22.45,P008,EQ011
2025-09-04 10:00:00,14779.97,581.5,3.35,25.95,3.33,1243.22,1071.15,59.27,225.8,46.58,22.43,P042,EQ018
2025-09-04 10:10:00,13242.56,623.77,3.66,26.13,3.41,1278.25,1039.24,53.83,206.68,46.6,34.12,P042,EQ025
2025-09-04 10:20:00,14356.24,618.79,3.96,24.45,3.36,1265.06,1024.48,64.03,188.76,50.09,33.34,P044,EQ032
2025-09-04 10:30:00,14059.53,615.42,3.42,27.3,3.61,1264.09,1058.43,56.74,213.95,41.46,10.63,P034,EQ039
2025-09-04 10:40:00,14300.58,626.96,3.68,24.72,3.31,1239.09,997.8,63.61,191.22,57.93,20.27,P022,EQ046
2025-09-04 10:50:00,15218.17,537.19,3.65,26.1,3.44,1245.95,1074.13,61.91,193.96,38.34,31.88,P010,EQ004
2025-09-04 11:00:00,14269.44,616.06,3.18,25.61,3.85,1222.36,1041.04,58.69,215.3,50.95,15.56,P029,EQ011
2025-09-04 11:10:00,15697.55,614.78,3.31,25.06,3.84,1262.0,1024.61,57.75,200.89,49.24,21.57,P009,EQ018
2025-09-04 11:20:00,14687.99,554.31,3.76,23.69,3.57,1238.1,1061.33,61.25,212.66,58.58,24.43,P026,EQ025
2025-09-04 11:30:00,14702.29,555.53,3.43,24.84,3.4,1269.02,1077.64,53.38,220.52,42.97,27.05,P027,EQ032
2025-09-04 11:40:00,15041.1,599.77,3.44,26.21,3.55,1221.02,1018.99,57.16,217.94,50.42,14.71,P030,EQ039
2025-09-04 11:50:00,15379.58,563.78,3.78,24.04,3.32,1264.01,1037.34,61.48,170.58,59.52,10.09,P018,EQ046
2025-09-04 12:00:00,14296.66,615.58,3.28,26.16,3.5,1278.5,1032.25,62.33,218.85,55.45,32.78,P042,EQ004
2025-09-04 12:10:00,13863.42,571.72,3.79,24.34,3.42,1260.34,1078.22,57.86,198.29,55.11,30.69,P049,EQ011
2025-09-04 12:20:00,16068.19,623.28,3.59,23.94,2.98,1253.3,1005.41,67.64,192.19,48.66,25.73,P023,EQ018
2025-09-04 12:30:00,14318.98,572.91,3.36,25.98,3.56,1254.97,1099.71,56.01,176.53,57.01,30.38,P029,EQ025
2025-09-04 12:40:00,17544.6,584.55,3.54,24.77,3.53,1250.47,1051.85,47.67,194.93,39.67,33.31,P005,EQ032
2025-09-04 12:50:00,15955.57,639.49,3.62,24.87,3.67,1256.07,1047.21,60.44,186.7,50.51,10.61,P024,EQ039
2025-09-04 13:00:00,16193.11,588.13,3.66,26.26,3.4,1246.61,1051.85,60.34,212.89,45.23,18.14,P034,EQ046
2025-09-04 13:10:00,13802.54,596.86,3.8,25.67,3.45,1278.12,1050.38,64.93,202.22,54.08,26.46,P003,EQ004
2025-09-04 13:20:00,14906.2,640.87,3.3,24.29,3.48,1262.99,1026.42,68.01,200.4,52.74,10.91,P010,EQ011
2025-09-04 13:30:00,15843.83,600.42,3.53,25.4,3.45,1230.39,1080.17,66.84,192.47,46.8,22.1,P044,EQ018
2025-09-04 13:40:00,14543.87,561.61,3.83,24.34,3.4,1276.86,1037.46,62.04,200.25,45.99,14.45,P009,EQ025
2025-09-04 13:50:00,14553.94,586.87,3.18,23.64,3.56,1271.1,1034.6,64.58,181.51,51.29,11.64,P012,EQ032
2025-09-04 14:00:00,14385.4,612.45,3.12,24.71,3.74,1273.63,1072.21,57.26,182.62,47.98,17.99,P043,EQ039
2025-09-04 14:10:00,13218.13,636.38,3.67,26.2,3.64,1284.48,1019.94,57.51,170.93,45.01,31.17,P013,EQ046
2025-09-04 14:20:00,16163.94,642.34,3.55,23.93,3.49,1252.65,1094.48,63.95,206.71,45.84,13.0,P002,EQ004
2025-09-04 14:30:00,15089.67,629.37,3.63,25.56,3.72,1207.73,1002.81,61.48,201.21,48.78,25.11,P015,EQ011
2025-09-04 14:40:00,14509.71,671.82,3.34,25.18,3.42,1226.68,1090.02,67.04,166.5,44.88,34.19,P045,EQ018
2025-09-04 14:50:00,15416.41,606.89,3.88,25.8,3.87,1283.06,1075.27,60.29,195.03,52.69,29.79,P050,EQ025
2025-09-04 15:00:00,13970.22,562.58,3.63,24.76,3.61,1218.07,1041.82,61.15,221.75,46.23,32.96,P049,EQ032
2025-09-04 15:10:00,13992.34,596.14,3.39,25.71,3.38,1261.35,1084.94,60.25,195.8,48.49,19.95,P041,EQ039
2025-09-04 15:20:00,14351.72,645.38,3.5,23.15,3.63,1239.05,1072.3,63.4,179.42,48.69,27.35,P032,EQ046
2025-09-04 15:30:00,15030.28,614.51,3.58,25.24,3.7,1233.67,1011.17,52.26,199.23,46.7,34.84,P003,EQ004
2025-09-04 15:40:00,14603.51,525.41,3.48,24.85,3.62,1246.82,1038.92,47.93,202.76,48.42,14.96,P013,EQ011
2025-09-04 15:50:00,14197.41,583.52,3.17,26.13,3.1,1260.77,1028.41,69.54,211.01,47.86,19.45,P023,EQ018
2025-09-04 16:00:00,14684.09,570.03,3.75,25.86,3.83,1244.05,1027.37,65.64,199.88,50.05,18.78,P010,EQ025
2025-09-04 16:10:00,15978.12,637.53,3.94,23.09,3.7,1243.92,1007.7,50.08,213.13,45.04,22.95,P026,EQ032
2025-09-04 16:20:00,15098.57,573.29,3.61,27.1,3.45,1233.91,1090.04,57.92,198.25,55.25,14.4,P047,EQ039
2025-09-04 16:30:00,14955.79,647.19,3.84,23.84,3.67,1247.2,1042.02,59.26,197.82,50.58,10.67,P042,EQ046
2025-09-04 16:40:00,16111.22,585.59,3.61,26.52,3.73,1217.21,1044.66,54.77,211.43,53.72,14.66,P047,EQ004
2025-09-04 16:50:00,14212.34,586.83,3.36,24.26,3.41,1273.3,1074.89,57.14,186.61,49.02,25.78,P032,EQ011
2025-09-04 17:00:00,15832.31,639.65,3.51,26.0,3.88,1266.03,1023.5,70.69,216.67,43.41,29.6,P023,EQ018
2025-09-04 17:10:00,14222.69,580.19,3.43,26.97,3.6,1265.19,1007.1,52.86,218.87,52.42,13.2,P024,EQ025
2025-09-04 17:20:00,13710.26,600.5,3.65,25.13,3.29,1257.85,1095.47,61.98,228.65,51.06,34.16,P023,EQ032
2025-09-04 17:30:00,16325.64,636.59,3.27,25.4,3.6,1255.52,1010.51,55.61,201.05,48.05,30.68,P043,EQ039
2025-09-04 17:40:00,14256.01,624.31,3.58,26.66,3.51,1243.71,1073.6,67.59,215.95,60.0,27.07,P016,EQ046
2025-09-04 17:50:00,15065.63,638.36,3.62,24.72,3.47,1271.24,1050.01,54.59,164.51,49.3,13.71,P010,EQ004
2025-09-04 18:00:00,13449.06,584.38,3.54,24.91,3.46,1267.68,1024.98,54.04,182.04,49.89,26.0,P050,EQ011
2025-09-04 18:10:00,14870.26,574.83,3.48,24.41,3.38,1237.27,984.41,60.51,178.24,52.23,30.37,P015,EQ018
2025-09-04 18:20:00,15179.21,621.63,3.29,25.08,3.58,1248.22,1051.82,66.01,204.15,46.13,27.48,P013,EQ025
2025-09-04 18:30:00,15385.99,618.11,3.6,24.63,4.09,1235.83,1002.11,52.76,197.11,51.63,32.34,P039,EQ032
2025-09-04 18:40:00,14580.09,625.85,3.35,22.65,3.3,1261.68,1144.86,63.71,203.23,45.42,25.2,P001,EQ039
2025-09-04 18:50:00,14672.81,638.66,3.54,25.71,3.48,1275.75,1082.67,56.67,189.7,48.92,17.18,P031,EQ046
2025-09-04 19:00:00,14258.16,562.26,3.89,25.09,3.93,1235.1,1058.06,53.19,192.19,52.3,27.28,P015,EQ004
2025-09-04 19:10:00,14798.92,626.41,3.62,24.68,3.68,1285.79,1046.91,67.54,178.4,46.09,29.55,P015,EQ011
2025-09-04 19:20:00,14637.11,594.83,3.63,24.86,3.73,1241.98,1031.07,63.46,217.98,47.16,13.23,P028,EQ018
2025-09-04 19:30:00,15434.35,580.56,3.73,24.08,3.95,1237.45,1032.29,55.64,172.8,50.14,20.67,P033,EQ025
2025-09-04 19:40:00,16702.93,555.79,3.81,25.58,3.54,1239.47,1116.32,57.27,197.2,51.81,18.75,P003,EQ032
2025-09-04 19:50:00,15151.39,622.86,2.86,23.98,3.9,1258.76,1062.56,53.19,177.27,52.88,21.74,P006,EQ039
2025-09-04 20:00:00,16267.26,584.75,3.0,24.31,3.37,1272.58,1055.24,66.8,201.06,60.75,32.68,P036,EQ046
2025-09-04 20:10:00,14737.91,610.58,3.08,25.62,3.53,1274.35,1077.98,49.82,193.01,51.84,34.4,P003,EQ004
2025-09-04 20:20:00,13401.44,620.2,3.5,24.17,3.14,1247.02,1022.94,53.33,200.52,50.84,22.79,P025,EQ011
2025-09-04 20:30:00,16379.35,591.22,3.14,24.04,3.46,1224.79,1079.38,69.14,202.66,42.78,25.18,P008,EQ018
2025-09-04 20:40:00,13959.29,597.05,3.53,25.02,3.53,1228.21,1010.21,45.84,175.59,47.75,29.11,P011,EQ025
2025-09-04 20:50:00,15381.2,573.11,3.73,24.06,3.78,1262.66,1041.33,62.11,212.63,56.67,30.74,P013,EQ032
2025-09-04 21:00:00,15791.87,568.08,3.47,23.66,3.52,1221.91,1043.29,59.27,199.94,44.93,19.53,P007,EQ039
2025-09-04 21:10:00,15469.4,528.89,3.74,25.19,3.54,1248.96,1065.14,65.23,198.65,50.51,10.35,P008,EQ046
2025-09-04 21:20:00,14002.45,606.04,3.37,25.06,3.37,1261.65,1059.07,64.82,224.2,48.51,13.9,P007,EQ004
2025-09-04 21:30:00,15299.64,605.58,3.35,25.42,3.36,1240.43,1020.69,53.69,182.11,55.57,18.86,P036,EQ011
2025-09-04 21:40:00,13990.65,640.55,3.78,24.73,3.73,1256.43,1052.61,65.72,193.05,56.39,15.56,P036,EQ018
2025-09-04 21:50:00,14279.77,614.58,3.62,24.86,3.61,1279.42,1062.09,59.75,222.52,45.94,26.94,P041,EQ025
2025-09-04 22:00:00,13532.69,593.52,3.68,25.14,3.7,1246.75,1074.86,59.11,204.33,51.48,34.05,P046,EQ032
2025-09-04 22:10:00,12323.48,607.54,3.45,25.12,3.57,1269.98,1066.72,54.82,201.69,48.85,12.24,P032,EQ039
2025-09-04 22:20:00,16229.42,621.43,3.22,25.49,3.41,1255.34,1061.48,71.23,199.1,63.25,26.66,P041,EQ046
2025-09-04 22:30:00,14777.8,664.2,3.9,25.28,3.26,1245.04,1057.72,57.45,197.49,38.31,20.87,P046,EQ004
2025-09-04 22:40:00,15758.77,601.7,3.55,24.88,3.69,1270.55,1072.98,57.57,202.2,51.49,29.05,P035,EQ011
2025-09-04 22:50:00,15507.45,663.44,3.84,25.82,3.46,1243.21,1028.05,57.17,164.96,39.66,31.49,P050,EQ018
2025-09-04 23:00:00,14983.73,603.94,3.82,27.48,3.53,1240.65,1012.78,61.85,199.17,45.68,20.06,P013,EQ025
2025-09-04 23:10:00,15818.95,607.04,3.57,23.98,3.59,1247.03,996.9,64.18,200.15,42.57,18.11,P049,EQ032
2025-09-04 23:20:00,13537.93,595.96,3.46,25.46,3.4,1251.43,1017.75,63.92,173.59,41.62,16.57,P010,EQ039
2025-09-04 23:30:00,14479.02,624.05,3.44,23.96,3.37,1264.73,1073.89,63.58,178.83,51.04,15.25,P014,EQ046
2025-09-04 23:40:00,15885.18,656.62,3.37,26.68,3.64,1217.84,1079.23,55.94,199.28,47.7,34.55,P010,EQ004
2025-09-04 23:50:00,13641.48,583.38,3.06,25.57,3.84,1251.16,1054.97,62.08,205.33,52.56,13.54,P011,EQ011
2025-09-05 00:00:00,15721.92,550.75,3.41,24.97,3.27,1260.37,1105.82,63.11,212.16,52.69,32.99,P033,EQ018
2025-09-05 00:10:00,15798.47,627.69,3.44,23.9,3.52,1254.04,1015.73,54.84,249.08,46.53,10.42,P007,EQ025
2025-09-05 00:20:00,15084.83,595.68,3.53,24.38,3.4,1281.88,1049.75,57.45,183.59,44.66,28.86,P019,EQ032
2025-09-05 00:30:00,14308.94,608.37,3.32,25.56,3.46,1286.82,1082.93,52.5,202.45,51.89,16.34,P010,EQ039
2025-09-05 00:40:00,15259.71,602.92,3.55,23.61,3.26,1250.07,1035.08,59.26,200.35,58.81,18.65,P043,EQ046
2025-09-05 00:50:00,13810.39,574.25,3.68,23.84,3.67,1260.39,1022.79,57.68,188.08,45.32,31.45,P037,EQ004
2025-09-05 01:00:00,14144.36,584.91,3.54,25.84,3.61,1255.39,1058.34,55.58,211.31,46.45,13.86,P043,EQ011
2025-09-05 01:10:00,15118.21,609.15,3.56,27.36,3.52,1291.13,1052.1,64.82,204.37,44.11,34.77,P041,EQ018
2025-09-05 01:20:00,14429.39,606.01,3.36,26.1,3.75,1257.5,1058.42,61.45,223.27,50.48,31.51,P012,EQ025
2025-09-05 01:30:00,14429.32,557.64,3.77,25.34,3.5,1263.92,1021.56,61.35,220.22,56.11,28.36,P023,EQ032
2025-09-05 01:40:00,15855.08,600.5,3.76,24.89,3.83,1259.72,1041.56,53.87,183.43,52.32,20.13,P025,EQ039
2025-09-05 01:50:00,15223.83,611.26,3.65,25.38,3.8,1235.77,1065.15,57.41,197.13,39.01,14.58,P040,EQ046
2025-09-05 02:00:00,15722.46,630.03,3.44,24.99,3.37,1221.39,1046.0,56.05,202.41,60.75,34.82,P022,EQ004
2025-09-05 02:10:00,15017.78,631.22,3.29,26.26,3.29,1243.9,1074.95,60.61,197.74,47.4,15.28,P042,EQ011
2025-09-05 02:20:00,13056.03,635.72,3.59,24.41,3.76,1229.91,1014.27,65.79,205.85,54.94,11.23,P025,EQ018
2025-09-05 02:30:00,14353.71,550.72,3.6,26.31,3.48,1274.15,1058.27,64.02,200.09,50.35,16.06,P041,EQ025
2025-09-05 02:40:00,14685.65,623.01,3.29,26.0,3.22,1280.48,1055.0,56.93,171.96,56.39,29.76,P031,EQ032
2025-09-05 02:50:00,15884.59,635.97,3.41,25.84,3.49,1257.26,1032.69,57.86,179.24,51.35,31.61,P016,EQ039
2025-09-05 03:00:00,13490.45,573.3,3.63,23.08,3.47,1226.63,1097.64,52.45,205.53,57.83,11.67,P042,EQ046
2025-09-05 03:10:00,15565.79,580.3,3.27,25.79,3.38,1212.14,1032.92,55.67,215.26,54.15,12.87,P004,EQ004
2025-09-05 03:20:00,15751.15,553.29,3.53,25.24,3.68,1261.27,1073.9,60.83,186.6,47.24,16.79,P044,EQ011
2025-09-05 03:30:00,16252.95,593.18,3.51,24.32,3.63,1246.38,1060.92,60.36,204.51,55.07,29.82,P018,EQ018
2025-09-05 03:40:00,15128.27,667.64,3.92,24.79,3.2,1226.87,1064.1,56.98,197.85,46.13,12.61,P016,EQ025
2025-09-05 03:50:00,15473.18,579.49,3.25,26.2,3.38,1275.34,1011.67,62.11,201.05,43.55,10.16,P043,EQ032
2025-09-05 04:00:00,13313.3,602.17,3.22,25.57,3.4,1265.65,1020.13,68.31,206.37,47.51,17.88,P036,EQ039
2025-09-05 04:10:00,16568.48,604.42,3.28,24.21,3.42,1262.47,1057.78,48.78,207.21,48.86,33.74,P050,EQ046
2025-09-05 04:20:00,16189.62,622.84,3.61,23.87,3.72,1236.5,1085.28,53.95,205.85,45.4,13.05,P036,EQ004
2025-09-05 04:30:00,14237.97,634.14,3.47,25.48,3.49,1258.96,1020.06,56.07,225.94,44.91,18.1,P001,EQ011
2025-09-05 04:40:00,14987.32,657.88,3.3,25.52,3.76,1225.98,1067.01,51.89,217.36,54.47,32.21,P005,EQ018
2025-09-05 04:50:00,16457.93,573.12,3.58,25.55,3.59,1280.46,1042.46,57.08,198.2,56.78,15.49,P025,EQ025
2025-09-05 05:00:00,16503.15,615.88,3.44,24.65,3.34,1208.2,1093.29,60.38,215.07,57.7,14.36,P043,EQ032
2025-09-05 05:10:00,15666.47,647.72,3.51,25.07,3.64,1273.01,1106.1,60.12,192.8,49.93,11.43,P019,EQ039
2025-09-05 05:20:00,14891.83,553.34,3.35,27.54,3.45,1259.92,1051.21,61.82,170.09,43.5,26.6,P015,EQ046
2025-09-05 05:30:00,15089.85,610.83,3.54,25.54,3.5,1247.82,1029.82,55.05,211.39,49.61,24.27,P047,EQ004
2025-09-05 05:40:00,15848.81,578.52,3.2,23.34,3.71,1242.12,1049.16,54.45,199.55,51.98,21.84,P024,EQ011
2025-09-05 05:50:00,14592.04,556.76,3.61,23.51,3.49,1240.34,1069.16,60.35,207.76,53.04,19.65,P021,EQ018
2025-09-05 06:00:00,15036.03,626.28,3.91,25.33,3.57,1238.82,1067.7,50.16,168.89,52.4,28.26,P031,EQ025
2025-09-05 06:10:00,15660.12,620.08,3.44,25.48,3.39,1258.25,1098.88,49.98,188.39,55.08,11.13,P021,EQ032
2025-09-05 06:20:00,14888.7,581.13,3.61,24.06,3.78,1259.88,1027.91,58.16,188.94,55.39,16.29,P005,EQ039
2025-09-05 06:30:00,15072.06,536.67,3.59,26.01,3.48,1277.99,1044.72,59.84,179.64,37.9,29.98,P041,EQ046
2025-09-05 06:40:00,14320.84,584.54,3.46,25.91,3.36,1263.44,1100.23,65.5,216.45,47.52,26.49,P024,EQ004
2025-09-05 06:50:00,14854.65,620.46,3.52,24.67,3.57,1224.8,1047.11,63.44,195.15,53.61,12.16,P047,EQ011
2025-09-05 07:00:00,16387.69,676.43,3.44,24.9,3.57,1247.82,1032.78,57.2,195.07,59.36,16.69,P005,EQ018
2025-09-05 07:10:00,16227.34,650.29,3.51,24.4,3.39,1260.87,1072.67,54.92,182.6,42.76,24.16,P044,EQ025
2025-09-05 07:20:00,16397.41,603.46,3.34,24.66,3.3,1218.2,1061.32,71.08,202.41,45.48,18.56,P028,EQ032
2025-09-05 07:30:00,15706.99,537.86,3.24,28.04,3.57,1259.79,1069.44,57.3,179.78,44.32,16.79,P037,EQ039
2025-09-05 07:40:00,14173.5,613.27,3.82,24.86,3.18,1264.58,1035.93,64.01,227.34,49.68,33.33,P006,EQ046
2025-09-05 07:50:00,15190.99,682.14,3.91,25.76,3.3,1214.88,1074.57,60.13,208.68,55.79,24.41,P025,EQ004
2025-09-05 08:00:00,13414.92,590.43,3.38,25.92,3.28,1258.58,1032.11,60.98,200.34,45.92,24.81,P014,EQ011
2025-09-05 08:10:00,14198.4,594.5,3.26,25.52,3.32,1264.16,1051.83,58.97,186.41,43.19,24.77,P029,EQ018
2025-09-05 08:20:00,15099.63,590.08,3.45,24.59,3.48,1244.22,1109.82,55.13,209.12,47.21,23.68,P023,EQ025
2025-09-05 08:30:00,11515.75,605.06,3.65,23.74,3.43,1237.52,1065.25,53.47,194.15,37.59,30.12,P004,EQ032
2025-09-05 08:40:00,14992.71,574.93,3.68,24.88,3.51,1243.33,1023.68,59.97,214.41,47.98,21.93,P001,EQ039
2025-09-05 08:50:00,14627.46,619.81,3.59,25.85,3.73,1244.11,1045.54,58.26,191.72,54.18,30.28,P002,EQ046
2025-09-05 09:00:00,15685.91,659.03,3.48,24.82,3.49,1236.81,1050.46,68.13,200.82,49.01,16.34,P028,EQ004
2025-09-05 09:10:00,15249.08,650.03,3.34,25.09,3.58,1245.87,1044.69,59.67,233.37,52.37,34.41,P043,EQ011
2025-09-05 09:20:00,15651.86,603.51,3.55,24.02,3.09,1219.76,1078.48,65.41,181.06,50.7,10.37,P040,EQ018
2025-09-05 09:30:00,16144.67,555.69,3.48,24.74,3.2,1248.29,1117.11,63.03,178.02,45.88,31.67,P032,EQ025
2025-09-05 09:40:00,15303.46,620.45,3.64,24.73,3.28,1264.43,1078.07,58.8,201.43,41.93,12.4,P047,EQ032
2025-09-05 09:50:00,13274.04,618.44,3.22,23.89,3.29,1266.39,1058.35,63.55,207.18,51.06,26.54,P010,EQ039
2025-09-05 10:00:00,14336.82,610.55,3.56,25.54,3.31,1242.15,1031.5,61.06,197.25,43.95,17.69,P013,EQ046
2025-09-05 10:10:00,13493.79,602.99,3.68,25.77,3.51,1239.03,1026.67,72.29,210.12,50.13,24.29,P049,EQ004
2025-09-05 10:20:00,15492.99,598.21,3.81,25.87,3.62,1272.72,1015.32,73.85,215.9,55.59,27.91,P040,EQ011
2025-09-05 10:30:00,15785.1,540.84,3.64,25.8,3.57,1227.83,1101.53,59.29,178.45,57.29,20.09,P035,EQ018
2025-09-05 10:40:00,15691.65,624.82,3.51,25.96,3.57,1231.34,1071.99,64.61,206.55,48.68,24.16,P030,EQ025
2025-09-05 10:50:00,15323.57,595.19,3.52,22.5,3.69,1261.74,1075.68,55.87,196.75,47.87,20.15,P037,EQ032
2025-09-05 11:00:00,13418.78,649.1,3.46,25.34,3.58,1231.24,1053.05,60.37,195.05,48.72,33.87,P031,EQ039
2025-09-05 11:10:00,14097.36,600.93,3.25,25.39,3.76,1256.11,1033.7,63.3,188.85,41.62,15.39,P011,EQ046
2025-09-05 11:20:00,14489.24,653.56,2.97,24.11,3.48,1248.29,1033.99,58.24,206.0,50.21,20.66,P031,EQ004
2025-09-05 11:30:00,12894.08,634.74,3.72,23.81,3.35,1250.28,1070.24,57.54,205.44,43.84,15.78,P039,EQ011
2025-09-05 11:40:00,15578.86,576.13,3.47,26.75,3.45,1217.78,1006.02,59.85,200.29,40.97,34.63,P012,EQ018
2025-09-05 11:50:00,15027.61,652.5,3.35,23.79,3.55,1219.04,1076.72,55.49,183.28,50.23,13.3,P042,EQ025
2025-09-05 12:00:00,17198.87,604.62,3.49,23.43,3.73,1265.3,1030.41,62.43,194.85,46.21,19.74,P049,EQ032
2025-09-05 12:10:00,16123.3,647.77,3.33,23.31,3.68,1255.61,1019.2,46.3,216.67,53.9,10.71,P022,EQ039
2025-09-05 12:20:00,15814.67,623.09,3.67,26.38,3.21,1259.9,1055.36,48.28,219.48,51.59,27.39,P034,EQ046
2025-09-05 12:30:00,14953.1,593.94,3.36,24.18,3.29,1241.69,1036.16,57.39,197.31,48.88,23.37,P031,EQ004
2025-09-05 12:40:00,15280.28,612.18,3.11,26.1,3.66,1282.72,1070.23,61.9,193.19,48.68,26.22,P027,EQ011
2025-09-05 12:50:00,14009.98,592.65,3.63,24.02,3.26,1234.56,1088.04,51.44,206.1,57.08,18.81,P041,EQ018
2025-09-05 13:00:00,13766.55,585.7,3.56,24.67,3.43,1248.94,1062.78,48.75,211.36,53.75,33.4,P041,EQ025
2025-09-05 13:10:00,14606.38,596.95,3.41,24.63,3.37,1223.06,1093.22,56.79,199.42,53.14,27.12,P045,EQ032
2025-09-05 13:20:00,11726.72,611.13,3.34,24.11,3.85,1247.54,982.27,58.12,177.23,47.83,27.32,P013,EQ039
2025-09-05 13:30:00,14482.32,567.33,3.63,24.75,3.17,1276.02,1014.96,60.19,188.41,49.99,12.88,P006,EQ046
2025-09-05 13:40:00,13554.29,569.61,4.1,25.9,3.41,1290.35,1061.92,62.55,201.35,46.42,25.75,P025,EQ004
2025-09-05 13:50:00,14534.47,636.47,3.46,25.16,3.38,1267.08,1035.32,48.85,228.17,53.41,18.22,P013,EQ011
2025-09-05 14:00:00,16267.26,628.98,3.61,27.71,3.69,1263.54,1033.36,65.79,204.76,49.7,10.77,P033,EQ018
2025-09-05 14:10:00,14011.07,604.87,3.64,25.74,3.85,1219.4,1080.69,47.13,190.72,49.22,26.8,P038,EQ025
2025-09-05 14:20:00,16085.8,610.15,3.25,26.02,3.41,1245.82,1036.07,67.28,202.3,54.53,25.92,P012,EQ032
2025-09-05 14:30:00,15325.54,673.4,3.58,23.1,3.8,1232.05,1062.63,59.83,207.63,61.43,15.83,P010,EQ039
2025-09-05 14:40:00,16684.03,613.98,3.61,26.96,3.81,1259.05,1029.99,60.58,211.25,47.56,11.14,P008,EQ046
2025-09-05 14:50:00,12896.61,583.02,3.45,24.78,3.23,1222.38,1059.47,57.9,216.69,48.89,24.65,P023,EQ004
2025-09-05 15:00:00,15665.48,606.48,3.44,26.62,3.57,1238.53,1077.38,57.64,225.66,48.66,31.05,P050,EQ011
2025-09-05 15:10:00,14839.1,567.63,3.36,27.05,3.54,1269.48,1077.7,62.84,205.66,60.43,18.73,P025,EQ018
2025-09-05 15:20:00,14903.76,607.77,3.86,25.85,3.68,1225.89,1012.75,63.88,204.3,49.85,16.81,P019,EQ025
2025-09-05 15:30:00,14187.79,608.92,3.09,25.27,3.45,1246.25,1064.82,65.47,204.82,54.01,24.08,P030,EQ032
2025-09-05 15:40:00,14746.2,613.38,3.64,26.3,3.74,1214.14,1033.37,60.57,186.89,54.58,29.99,P019,EQ039
2025-09-05 15:50:00,13823.6,626.29,3.69,25.37,3.28,1262.68,1054.41,56.63,154.87,50.82,22.0,P046,EQ046
2025-09-05 16:00:00,15014.87,653.44,3.81,25.82,3.43,1267.66,1083.83,63.87,205.65,54.35,11.25,P009,EQ004
2025-09-05 16:10:00,15028.02,610.84,3.78,23.91,3.22,1265.07,1065.87,58.05,193.41,50.83,20.52,P036,EQ011
2025-09-05 16:20:00,14167.62,572.93,3.42,26.15,3.44,1268.36,1002.86,51.87,226.13,47.61,21.61,P020,EQ018
2025-09-05 16:30:00,16622.13,603.35,3.49,24.55,3.48,1246.44,1077.31,55.44,192.52,51.6,17.73,P043,EQ025
2025-09-05 16:40:00,16663.29,555.18,3.16,25.47,3.17,1280.28,1062.21,69.27,196.07,47.37,29.06,P032,EQ032
2025-09-05 16:50:00,13730.37,570.08,3.61,26.46,3.04,1232.53,1083.36,64.87,178.81,46.28,20.02,P037,EQ039
2025-09-05 17:00:00,14606.71,590.29,3.21,24.72,3.32,1244.23,1046.55,64.27,215.93,51.82,21.2,P029,EQ046
2025-09-05 17:10:00,16516.7,622.89,3.46,23.73,3.0,1210.0,1032.09,53.47,222.29,47.19,33.08,P006,EQ004
2025-09-05 17:20:00,14401.29,574.82,3.55,24.13,3.62,1217.79,1089.55,59.94,202.0,52.45,20.49,P013,EQ011
2025-09-05 17:30:00,14769.82,620.37,3.29,25.52,3.63,1266.48,1027.64,56.07,210.67,57.62,19.64,P023,EQ018
2025-09-05 17:40:00,14757.43,575.09,3.59,24.02,3.36,1242.41,1007.06,64.06,219.22,48.97,20.67,P003,EQ025
2025-09-05 17:50:00,15984.54,588.09,3.52,25.57,3.44,1254.19,1026.64,59.81,189.22,57.64,16.42,P022,EQ032
2025-09-05 18:00:00,15045.69,594.6,3.43,23.57,3.56,1233.4,1025.67,65.99,215.65,49.79,10.83,P027,EQ039
2025-09-05 18:10:00,15688.81,614.74,3.63,25.5,3.29,1266.14,1045.7,64.29,207.98,41.96,16.11,P021,EQ046
2025-09-05 18:20:00,16137.52,621.65,3.8,23.96,3.44,1245.0,1073.61,64.53,196.82,57.47,27.48,P031,EQ004
2025-09-05 18:30:00,13910.82,634.32,3.56,24.42,3.41,1214.67,1025.77,57.23,215.99,50.13,14.98,P038,EQ011
2025-09-05 18:40:00,17395.77,586.53,3.53,23.18,3.98,1212.74,1014.16,65.77,194.67,56.2,28.48,P018,EQ018
2025-09-05 18:50:00,14116.34,640.93,3.21,26.19,3.77,1239.82,1036.19,58.94,216.28,53.42,24.13,P040,EQ025
2025-09-05 19:00:00,15163.55,622.5,3.44,25.03,3.58,1267.98,1042.41,61.83,206.45,45.84,14.66,P030,EQ032
2025-09-05 19:10:00,15181.96,571.88,3.41,23.25,3.57,1257.86,1040.63,58.46,201.59,54.58,21.03,P008,EQ039
2025-09-05 19:20:00,14776.81,579.22,3.28,24.43,3.47,1241.44,1046.98,62.76,201.08,47.3,32.07,P037,EQ046
2025-09-05 19:30:00,14371.95,614.57,3.35,24.95,3.58,1293.91,1052.6,59.22,184.57,42.72,26.25,P009,EQ004
2025-09-05 19:40:00,14200.2,569.33,3.51,24.98,3.03,1226.15,1093.09,58.84,219.58,53.61,24.23,P025,EQ011
2025-09-05 19:50:00,15354.01,550.99,3.64,25.35,3.52,1241.99,1043.53,57.76,215.4,43.47,15.57,P014,EQ018
2025-09-05 20:00:00,16816.15,615.85,3.68,25.84,3.52,1270.45,1085.6,63.36,194.99,50.32,11.24,P024,EQ025
2025-09-05 20:10:00,14487.31,564.3,3.51,23.47,3.25,1280.15,1085.31,63.75,222.21,54.06,24.84,P047,EQ032
2025-09-05 20:20:00,15323.23,583.54,3.43,25.2,3.73,1269.58,1066.84,56.43,199.25,50.45,10.2,P024,EQ039
2025-09-05 20:30:00,14628.27,564.0,3.45,24.41,3.52,1217.36,1033.14,55.94,188.01,49.21,18.74,P011,EQ046
2025-09-05 20:40:00,14224.62,588.43,3.37,23.84,3.61,1246.09,1048.1,63.71,176.54,52.49,23.23,P030,EQ004
2025-09-05 20:50:00,16069.58,610.77,3.31,25.96,3.52,1206.72,1067.76,57.18,174.11,38.89,20.34,P014,EQ011
2025-09-05 21:00:00,14533.93,656.35,2.78,25.07,3.99,1272.59,1076.93,64.21,207.0,49.9,20.66,P016,EQ018
2025-09-05 21:10:00,13860.39,698.46,3.23,25.37,3.22,1248.85,1011.52,51.63,227.23,50.18,34.69,P021,EQ025
2025-09-05 21:20:00,16492.66,624.46,3.29,24.87,3.84,1281.89,1064.78,62.65,214.2,47.92,25.35,P034,EQ032
2025-09-05 21:30:00,14457.63,581.17,3.61,26.13,3.79,1248.88,1054.58,54.72,185.59,55.26,25.52,P036,EQ039
2025-09-05 21:40:00,14538.5,575.65,3.39,25.14,3.43,1252.7,1034.97,58.8,217.7,38.87,31.01,P049,EQ046
2025-09-05 21:50:00,15797.91,607.22,3.89,25.41,3.44,1252.53,1039.5,55.49,224.9,43.07,18.38,P026,EQ004
2025-09-05 22:00:00,15249.93,577.4,3.44,23.71,3.79,1259.67,1057.9,63.78,195.63,41.03,18.72,P019,EQ011
2025-09-05 22:10:00,16048.45,592.92,3.37,22.99,3.56,1267.51,1050.52,62.58,216.38,46.79,20.35,P028,EQ018
2025-09-05 22:20:00,16417.44,585.43,3.53,24.02,3.68,1248.46,1056.58,60.49,178.23,58.09,16.2,P022,EQ025
2025-09-05 22:30:00,13768.28,571.07,3.33,24.78,3.4,1241.47,1052.43,62.81,209.79,50.63,28.84,P019,EQ032
2025-09-05 22:40:00,13413.54,564.69,3.56,25.69,3.86,1205.89,1086.84,58.12,190.95,52.11,28.63,P020,EQ039
2025-09-05 22:50:00,14089.6,552.38,3.33,23.51,3.73,1245.53,992.35,60.36,197.4,48.97,27.73,P005,EQ046
2025-09-05 23:00:00,15344.07,544.23,3.47,24.47,3.38,1239.58,1069.74,59.81,226.68,61.48,29.79,P020,EQ004
2025-09-05 23:10:00,14327.63,612.49,3.45,25.46,3.38,1248.9,1055.05,63.29,176.26,39.84,25.3,P026,EQ011
2025-09-05 23:20:00,15559.46,543.29,3.57,25.2,3.65,1258.25,1105.35,64.19,175.49,50.8,24.23,P039,EQ018
2025-09-05 23:30:00,14911.25,643.0,3.36,23.85,3.45,1238.66,1048.54,59.02,210.51,49.31,24.73,P049,EQ025
2025-09-05 23:40:00,14672.57,575.86,3.62,23.07,3.78,1242.59,1039.3,57.29,180.96,60.11,25.19,P046,EQ032
2025-09-05 23:50:00,17599.71,591.97,3.12,23.69,3.31,1243.99,1039.12,58.13,206.01,47.52,33.62,P017,EQ039
2025-09-06 00:00:00,13628.82,643.17,3.36,26.83,3.69,1224.74,986.01,59.66,189.73,51.8,16.89,P029,EQ046
2025-09-06 00:10:00,13921.8,614.24,3.3,26.78,3.56,1258.28,1140.74,56.35,186.22,46.16,17.13,P037,EQ004
2025-09-06 00:20:00,14750.11,588.2,3.24,23.4,3.55,1286.93,1039.79,59.06,190.87,57.72,32.02,P027,EQ011
2025-09-06 00:30:00,15375.26,592.06,3.56,23.37,3.71,1290.19,1048.37,60.66,171.28,45.35,16.59,P034,EQ018
2025-09-06 00:40:00,14713.42,609.2,3.57,25.72,3.78,1246.28,1028.07,63.06,185.16,48.58,28.98,P043,EQ025
2025-09-06 00:50:00,14215.36,593.77,3.36,26.32,3.21,1267.11,1047.84,57.11,207.33,54.87,27.49,P011,EQ032
2025-09-06 01:00:00,15169.89,650.62,3.49,24.59,3.45,1284.25,1058.66,69.75,207.32,52.27,13.65,P004,EQ039
2025-09-06 01:10:00,14656.47,584.73,3.41,24.01,3.62,1221.51,1013.09,61.8,196.33,38.5,24.83,P033,EQ046
2025-09-06 01:20:00,15808.51,626.62,3.59,25.71,3.38,1257.12,1081.22,55.91,219.9,40.54,20.5,P039,EQ004
2025-09-06 01:30:00,14904.42,634.9,3.69,23.76,3.89,1246.26,1057.5,63.82,197.84,55.22,28.07,P047,EQ011
2025-09-06 01:40:00,13889.8,646.92,3.43,24.13,3.47,1230.23,1009.18,60.42,197.23,48.63,33.38,P037,EQ018
2025-09-06 01:50:00,13990.01,617.29,3.62,26.17,3.64,1264.44,1018.7,53.36,200.17,50.35,26.73,P035,EQ025
2025-09-06 02:00:00,15593.66,590.33,3.43,25.79,3.2,1234.96,1062.6,63.39,198.39,53.4,26.06,P034,EQ032
2025-09-06 02:10:00,14628.61,578.88,3.41,24.05,3.44,1256.28,1045.18,60.75,203.51,46.41,24.57,P018,EQ039
2025-09-06 02:20:00,14529.56,589.12,3.6,23.83,3.32,1267.01,1099.06,63.79,197.17,44.88,12.49,P011,EQ046
2025-09-06 02:30:00,16086.7,589.37,3.48,23.91,3.25,1256.68,1053.58,59.32,181.67,43.59,12.59,P001,EQ004
2025-09-06 02:40:00,14677.06,582.79,3.12,25.08,3.73,1241.8,1014.45,55.11,189.17,57.67,34.94,P049,EQ011
2025-09-06 02:50:00,14798.43,621.0,3.73,24.4,3.46,1261.65,1000.81,56.64,172.6,45.64,24.28,P009,EQ018
2025-09-06 03:00:00,12767.76,606.17,3.18,23.34,3.38,1232.48,1042.04,70.76,174.75,42.78,11.53,P012,EQ025
2025-09-06 03:10:00,14776.24,628.09,3.68,25.61,3.47,1273.8,1070.03,66.82,204.67,41.84,12.88,P031,EQ032
2025-09-06 03:20:00,16269.43,587.03,3.6,25.27,3.35,1258.35,1051.79,57.82,170.96,48.41,29.04,P031,EQ039
2025-09-06 03:30:00,15924.72,590.35,3.43,26.46,3.51,1265.02,1064.46,69.87,208.87,56.04,18.17,P034,EQ046
2025-09-06 03:40:00,15872.11,660.35,3.67,23.36,3.65,1244.83,1015.65,58.87,210.71,48.38,18.69,P019,EQ004
2025-09-06 03:50:00,15136.07,636.02,3.72,25.76,3.49,1262.77,1043.13,63.87,189.08,46.22,25.76,P027,EQ011
2025-09-06 04:00:00,17158.43,547.01,3.2,24.08,3.59,1245.04,1069.98,64.0,181.8,57.27,19.26,P031,EQ018
2025-09-06 04:10:00,13988.94,582.63,3.63,24.31,3.4,1242.41,1044.37,69.76,189.23,42.98,30.01,P009,EQ025
2025-09-06 04:20:00,17134.25,602.64,3.06,27.04,3.34,1205.02,1032.27,56.54,192.88,51.15,31.48,P009,EQ032
2025-09-06 04:30:00,13782.71,608.54,3.47,25.23,3.44,1258.48,1091.08,61.14,193.61,54.58,10.93,P001,EQ039
2025-09-06 04:40:00,15477.88,593.85,3.5,25.65,3.21,1237.17,1061.23,65.2,202.01,49.55,11.07,P018,EQ046
2025-09-06 04:50:00,14972.63,617.08,3.03,23.66,3.05,1226.12,1086.07,67.65,211.13,55.76,24.17,P020,EQ004
2025-09-06 05:00:00,15668.29,607.42,3.63,24.53,3.8,1261.83,1094.16,48.98,197.82,46.43,19.54,P005,EQ011
2025-09-06 05:10:00,14372.97,637.66,3.55,24.24,3.48,1273.26,1046.01,57.24,222.11,53.43,13.71,P040,EQ018
2025-09-06 05:20:00,15060.1,586.24,3.55,23.79,3.37,1268.22,1073.77,59.26,174.49,46.63,15.59,P004,EQ025
2025-09-06 05:30:00,14211.24,614.71,3.5,23.78,3.67,1243.81,1036.35,52.21,223.58,58.43,30.57,P010,EQ032
2025-09-06 05:40:00,15356.66,585.72,3.31,25.47,3.67,1252.55,1012.73,62.79,191.96,49.47,32.43,P023,EQ039
2025-09-06 05:50:00,14118.45,608.25,3.43,25.21,3.47,1245.66,1057.63,59.4,195.36,51.88,12.67,P050,EQ046
2025-09-06 06:00:00,14958.27,580.01,3.74,25.72,3.59,1263.11,1056.53,57.23,208.04,48.65,12.87,P047,EQ004
2025-09-06 06:10:00,14826.6,669.07,3.32,24.34,3.65,1241.51,1028.34,58.58,204.75,45.58,31.59,P022,EQ011
2025-09-06 06:20:00,14937.76,595.03,3.7,24.38,3.68,1292.77,1064.46,54.84,215.1,45.01,31.46,P023,EQ018
2025-09-06 06:30:00,16192.94,565.61,3.57,23.64,3.25,1267.02,1079.21,66.11,209.32,57.39,23.22,P039,EQ025
2025-09-06 06:40:00,14511.95,579.13,3.56,24.48,3.75,1218.08,1080.12,62.39,200.48,47.7,19.79,P022,EQ032
2025-09-06 06:50:00,15477.82,589.01,3.51,26.58,4.04,1224.44,1055.83,54.36,213.68,50.05,24.56,P041,EQ039
2025-09-06 07:00:00,16047.97,595.85,3.48,24.03,3.09,1267.25,1017.69,64.09,195.88,47.6,26.94,P031,EQ046
2025-09-06 07:10:00,15176.36,600.73,3.79,24.39,3.41,1242.87,980.97,66.08,209.64,61.14,34.1,P036,EQ004
2025-09-06 07:20:00,14727.93,622.35,3.37,24.14,3.53,1306.84,1103.02,64.41,193.5,51.41,33.5,P006,EQ011
2025-09-06 07:30:00,16328.71,558.0,3.6,25.06,3.18,1242.6,1076.61,61.38,220.85,51.79,33.07,P040,EQ018
2025-09-06 07:40:00,16021.44,604.26,3.6,24.65,3.18,1260.3,1020.61,60.24,200.24,41.77,15.46,P005,EQ025
2025-09-06 07:50:00,15134.47,589.56,3.36,24.56,3.1,1244.56,1046.01,50.83,197.8,52.76,16.53,P024,EQ032
2025-09-06 08:00:00,15067.76,582.39,3.56,25.35,3.75,1242.47,1038.44,56.21,207.99,46.01,23.81,P013,EQ039
2025-09-06 08:10:00,17439.21,615.0,3.3,23.64,3.47,1262.34,1036.95,59.21,203.41,50.6,16.48,P021,EQ046
2025-09-06 08:20:00,14168.44,664.56,3.52,24.36,3.48,1257.64,1017.5,59.08,204.83,46.63,19.91,P015,EQ004
2025-09-06 08:30:00,16539.22,587.13,3.35,25.09,3.12,1255.34,1080.98,58.65,197.42,45.56,12.12,P015,EQ011
2025-09-06 08:40:00,15535.13,566.26,3.79,26.1,3.58,1241.73,1107.5,61.92,209.08,42.23,33.36,P036,EQ018
2025-09-06 08:50:00,14141.33,598.2,3.73,24.21,3.23,1245.91,1063.84,55.12,197.05,55.86,19.27,P014,EQ025
2025-09-06 09:00:00,14739.49,545.93,3.23,24.31,3.85,1252.61,1053.56,67.79,188.03,49.62,17.42,P012,EQ032
2025-09-06 09:10:00,14249.95,578.19,3.78,23.96,3.38,1224.94,1067.72,49.77,183.01,48.56,14.76,P027,EQ039
2025-09-06 09:20:00,15809.35,581.06,3.36,25.51,3.65,1222.09,1018.26,50.26,243.5,54.0,13.94,P043,EQ046
2025-09-06 09:30:00,17952.4,622.57,3.7,23.15,3.41,1279.48,1050.98,55.48,196.09,55.7,28.52,P003,EQ004
2025-09-06 09:40:00,15500.32,569.66,3.88,27.12,3.19,1252.4,1066.46,61.72,189.19,55.8,31.45,P013,EQ011
2025-09-06 09:50:00,16773.21,502.44,3.37,25.37,3.64,1285.39,1066.84,52.91,204.61,58.03,17.75,P019,EQ018
2025-09-06 10:00:00,14414.66,562.04,3.48,25.78,3.47,1244.33,1049.24,58.41,195.99,53.5,14.58,P027,EQ025
2025-09-06 10:10:00,14855.75,620.09,3.36,26.46,3.58,1220.26,1033.49,58.46,225.54,50.54,15.2,P007,EQ032
2025-09-06 10:20:00,16736.64,573.92,3.97,24.9,3.57,1240.06,1063.14,47.98,194.33,50.46,10.47,P015,EQ039
2025-09-06 10:30:00,13122.4,591.9,3.52,23.74,3.43,1253.23,1061.72,60.74,195.7,50.1,26.58,P046,EQ046
2025-09-06 10:40:00,14946.1,582.23,3.54,24.55,3.52,1259.54,1017.3,56.94,213.13,50.33,24.49,P033,EQ004
2025-09-06 10:50:00,15368.48,580.92,3.92,25.97,3.62,1211.44,1061.71,67.84,203.12,47.89,28.54,P044,EQ011
2025-09-06 11:00:00,15647.1,613.04,3.24,24.24,3.45,1239.51,1039.82,58.45,225.85,56.41,30.02,P026,EQ018
2025-09-06 11:10:00,14726.15,551.41,3.51,25.07,3.33,1257.42,1082.47,55.29,163.89,50.79,29.54,P035,EQ025
2025-09-06 11:20:00,15458.11,561.1,3.31,24.4,3.18,1238.55,1025.11,62.66,196.65,55.08,30.78,P003,EQ032
2025-09-06 11:30:00,14858.99,623.05,3.32,23.91,3.24,1244.58,1085.22,59.14,194.3,54.72,23.8,P042,EQ039
2025-09-06 11:40:00,15688.26,648.51,3.4,26.99,3.45,1239.57,1048.4,61.21,216.52,53.1,17.84,P046,EQ046
2025-09-06 11:50:00,15482.18,646.61,3.6,25.21,3.4,1251.42,1037.0,54.69,178.05,53.01,32.43,P037,EQ004
2025-09-06 12:00:00,16769.48,621.27,3.92,25.34,3.73,1258.23,1074.45,69.74,185.84,43.04,31.51,P025,EQ011
2025-09-06 12:10:00,17395.01,616.38,3.15,26.66,3.39,1279.11,1043.52,58.52,204.09,45.62,28.83,P004,EQ018
2025-09-06 12:20:00,16999.85,564.31,3.36,24.39,3.61,1231.86,1071.59,60.45,224.89,54.96,13.82,P042,EQ025
2025-09-06 12:30:00,15109.72,602.12,3.72,25.73,3.23,1251.07,1050.81,64.27,183.67,55.68,12.24,P043,EQ032
2025-09-06 12:40:00,14010.06,602.88,3.57,26.64,3.24,1249.47,1102.66,56.59,199.42,45.84,34.31,P029,EQ039
2025-09-06 12:50:00,16695.74,589.32,3.53,26.35,3.45,1235.13,1045.09,58.82,196.27,51.94,32.23,P005,EQ046
2025-09-06 13:00:00,16134.08,552.14,3.12,23.87,3.64,1219.19,1008.54,55.78,183.12,54.78,21.65,P013,EQ004
2025-09-06 13:10:00,14122.37,670.5,3.59,26.8,3.4,1250.61,1090.86,58.3,212.03,51.74,34.84,P020,EQ011
2025-09-06 13:20:00,16585.93,601.9,3.67,24.65,3.51,1248.39,1046.33,63.05,193.59,47.26,15.2,P021,EQ018
2025-09-06 13:30:00,15414.78,588.46,3.33,24.34,3.68,1258.3,1081.24,55.54,201.58,50.74,11.46,P015,EQ025
2025-09-06 13:40:00,15001.72,572.18,3.44,23.99,3.43,1268.58,1068.62,63.23,204.17,52.6,23.41,P024,EQ032
2025-09-06 13:50:00,14595.85,649.96,3.32,25.13,3.43,1228.6,1079.78,62.78,169.42,49.36,33.68,P011,EQ039
2025-09-06 14:00:00,14341.57,568.58,3.72,24.81,3.67,1236.38,1072.82,68.22,219.87,52.22,14.05,P036,EQ046
2025-09-06 14:10:00,13651.35,607.72,3.32,25.73,3.77,1263.89,1085.62,62.27,205.85,44.3,25.24,P018,EQ004
2025-09-06 14:20:00,15501.53,582.94,3.47,23.71,3.58,1284.71,1070.6,55.62,212.68,49.47,20.55,P022,EQ011
2025-09-06 14:30:00,14005.93,595.8,3.85,26.41,3.6,1271.84,1015.57,51.57,212.02,47.72,14.53,P049,EQ018
2025-09-06 14:40:00,13318.13,587.81,3.47,24.79,3.6,1293.89,1063.05,54.95,223.33,51.41,18.42,P049,EQ025
2025-09-06 14:50:00,14363.84,580.41,3.32,24.43,3.59,1268.07,1081.69,62.99,201.15,47.75,33.06,P011,EQ032
2025-09-06 15:00:00,13950.01,578.47,3.24,23.4,3.84,1229.49,987.87,51.33,182.48,58.9,14.97,P009,EQ039
2025-09-06 15:10:00,14910.78,629.41,3.61,24.84,3.64,1213.5,1117.88,56.55,204.42,51.92,23.01,P010,EQ046
2025-09-06 15:20:00,16295.09,569.96,3.4,27.04,3.72,1238.37,1013.22,64.53,206.78,53.02,25.59,P015,EQ004
2025-09-06 15:30:00,15092.53,616.41,3.52,25.13,3.48,1278.46,1082.38,46.84,182.36,53.87,10.23,P002,EQ011
2025-09-06 15:40:00,17240.27,640.2,3.54,25.38,3.36,1277.44,1083.64,53.63,203.75,46.8,13.36,P026,EQ018
2025-09-06 15:50:00,17024.74,574.33,3.51,24.29,3.5,1251.72,1068.26,67.07,231.58,48.48,24.34,P007,EQ025
2025-09-06 16:00:00,16340.0,580.75,3.47,24.59,3.54,1230.2,1050.0,66.46,195.08,58.23,15.39,P001,EQ032
2025-09-06 16:10:00,13944.75,619.42,3.5,23.79,3.47,1236.8,1054.62,57.44,215.19,44.41,15.74,P015,EQ039
2025-09-06 16:20:00,14883.21,611.46,3.61,25.19,3.43,1245.99,1026.87,58.15,213.43,43.83,14.93,P027,EQ046
2025-09-06 16:30:00,15867.48,624.76,3.51,23.08,3.75,1213.23,1034.05,59.41,224.9,53.79,21.71,P005,EQ004
2025-09-06 16:40:00,15755.79,635.04,3.57,24.96,3.32,1265.23,1018.04,55.3,197.15,33.06,28.35,P008,EQ011
2025-09-06 16:50:00,14572.83,583.95,3.56,23.26,3.53,1253.61,1026.83,57.05,199.35,49.64,26.76,P028,EQ018
2025-09-06 17:00:00,15191.15,612.75,3.52,26.78,3.55,1221.3,1057.5,60.58,224.9,52.11,29.58,P024,EQ025
2025-09-06 17:10:00,15238.83,592.87,3.3,25.46,3.56,1246.43,1071.27,62.14,172.95,39.59,33.32,P001,EQ032
2025-09-06 17:20:00,14794.39,595.48,3.45,23.64,3.87,1254.84,1064.76,53.28,200.86,53.36,20.94,P028,EQ039
2025-09-06 17:30:00,16112.6,589.27,3.75,23.11,3.78,1247.48,1092.48,55.75,201.05,53.45,13.55,P031,EQ046
2025-09-06 17:40:00,14783.65,669.43,3.52,25.33,4.07,1236.01,1053.21,67.44,201.25,63.0,25.24,P023,EQ004
2025-09-06 17:50:00,14755.65,633.42,3.24,23.96,3.91,1256.7,1026.57,60.66,192.08,52.93,28.77,P021,EQ011
2025-09-06 18:00:00,14458.53,585.82,3.27,24.67,3.64,1237.25,1086.54,61.46,222.68,42.93,16.23,P048,EQ018
2025-09-06 18:10:00,14530.42,572.47,3.21,24.43,3.57,1254.41,1053.41,59.74,181.17,62.19,11.42,P018,EQ025
2025-09-06 18:20:00,15676.27,596.49,3.85,26.35,3.59,1267.21,1072.25,51.52,173.08,46.25,26.04,P014,EQ032
2025-09-06 18:30:00,14223.34,623.87,3.59,23.89,3.43,1230.41,1047.36,66.93,193.36,45.85,11.4,P012,EQ039
2025-09-06 18:40:00,15951.54,616.98,3.4,24.65,3.48,1250.35,989.6,50.35,187.52,50.94,32.76,P048,EQ046
2025-09-06 18:50:00,13672.06,610.65,3.61,24.3,3.63,1257.07,1091.17,60.57,227.79,44.17,24.54,P050,EQ004
2025-09-06 19:00:00,13842.35,630.46,3.41,25.28,3.61,1240.54,1023.08,56.37,189.73,51.85,16.46,P032,EQ011
2025-09-06 19:10:00,16199.16,598.65,3.67,26.83,3.56,1231.48,1113.06,62.08,197.28,54.21,14.27,P002,EQ018
2025-09-06 19:20:00,14128.85,567.82,3.61,25.98,3.04,1248.08,1045.89,51.82,192.24,44.23,15.42,P046,EQ025
2025-09-06 19:30:00,14630.11,550.32,3.41,26.37,3.41,1264.43,1067.49,56.43,218.75,45.71,32.95,P009,EQ032
2025-09-06 19:40:00,15965.7,638.87,3.61,24.54,3.04,1240.52,1004.47,64.57,217.55,53.33,11.17,P035,EQ039
2025-09-06 19:50:00,13983.82,614.0,3.38,26.46,3.29,1241.94,1005.49,58.87,220.88,52.99,17.4,P005,EQ046
2025-09-06 20:00:00,14914.5,621.46,3.01,23.37,3.51,1243.84,1040.76,58.76,197.34,47.53,33.66,P038,EQ004
2025-09-06 20:10:00,17702.3,632.35,3.44,26.45,3.35,1215.2,1027.87,46.67,211.52,52.07,30.24,P050,EQ011
2025-09-06 20:20:00,15512.78,617.5,3.31,23.67,3.58,1250.11,1077.36,60.53,180.21,43.3,10.41,P030,EQ018
2025-09-06 20:30:00,12937.74,600.06,3.59,25.24,3.41,1232.1,1032.86,74.07,176.22,44.29,27.94,P011,EQ025
2025-09-06 20:40:00,15298.72,628.82,3.83,23.42,3.81,1257.86,1046.47,65.99,203.03,41.34,26.55,P009,EQ032
2025-09-06 20:50:00,14344.81,567.24,3.76,22.65,3.63,1239.64,1021.54,62.82,209.47,49.08,17.32,P024,EQ039
2025-09-06 21:00:00,15908.98,602.06,3.41,25.13,3.38,1255.52,1003.04,55.23,180.58,50.87,11.46,P047,EQ046
2025-09-06 21:10:00,15122.55,635.29,3.55,24.62,3.36,1281.88,1044.27,56.31,214.91,46.38,20.34,P017,EQ004
2025-09-06 21:20:00,15501.72,598.5,3.85,23.65,3.24,1244.59,1007.03,56.46,203.99,56.06,26.51,P035,EQ011
2025-09-06 21:30:00,14567.32,593.71,3.89,25.15,3.45,1244.01,1035.7,61.09,171.13,41.48,21.56,P050,EQ018
2025-09-06 21:40:00,14283.57,595.96,3.51,24.55,3.51,1248.56,1120.62,60.0,184.75,48.62,33.96,P031,EQ025
2025-09-06 21:50:00,15686.36,653.05,3.76,24.07,3.42,1234.42,1058.07,69.18,202.25,41.5,26.05,P045,EQ032
2025-09-06 22:00:00,15239.38,610.69,3.23,23.61,3.14,1236.72,1050.01,53.55,180.99,48.11,22.38,P017,EQ039
2025-09-06 22:10:00,13170.87,564.48,3.5,25.75,3.35,1244.49,1091.27,58.97,210.79,50.43,20.35,P040,EQ046
2025-09-06 22:20:00,15114.15,614.28,3.66,24.91,3.49,1214.25,1022.42,59.19,193.59,50.81,29.67,P039,EQ004
2025-09-06 22:30:00,16266.42,597.01,3.45,24.58,3.14,1255.59,1095.86,55.14,179.46,47.87,33.39,P012,EQ011
2025-09-06 22:40:00,16034.92,573.22,3.8,25.35,3.3,1279.32,1040.8,63.07,171.19,56.19,33.14,P004,EQ018
2025-09-06 22:50:00,15376.05,644.99,3.41,25.29,3.15,1239.49,1010.92,64.15,189.35,47.27,19.66,P041,EQ025
2025-09-06 23:00:00,13997.68,577.66,3.5,24.75,3.35,1246.03,998.6,61.75,192.62,51.1,23.54,P035,EQ032
2025-09-06 23:10:00,16387.77,579.75,3.51,23.21,3.36,1232.29,974.41,59.58,202.43,51.83,31.81,P029,EQ039
2025-09-06 23:20:00,13904.96,626.14,3.6,24.97,3.19,1269.5,1048.94,61.2,191.69,44.6,13.85,P044,EQ046
2025-09-06 23:30:00,14241.02,598.63,3.62,27.28,3.29,1219.6,1013.24,61.38,201.81,57.72,21.73,P010,EQ004
2025-09-06 23:40:00,15884.84,637.66,3.51,25.06,3.51,1273.83,1006.6,60.91,197.28,47.61,18.49,P005,EQ011
2025-09-06 23:50:00,15621.78,651.24,3.41,26.14,3.66,1232.57,1083.87,58.88,200.28,60.11,14.5,P021,EQ018
2025-09-07 00:00:00,13917.74,553.44,3.49,25.92,3.64,1259.14,1083.6,56.45,186.27,52.67,24.97,P038,EQ025
2025-09-07 00:10:00,15829.93,587.67,3.36,24.76,3.37,1277.12,1058.07,57.67,214.76,51.91,29.55,P022,EQ032
2025-09-07 00:20:00,15142.97,605.26,3.47,23.92,3.64,1266.35,1019.0,60.37,217.77,50.52,19.63,P049,EQ039
2025-09-07 00:30:00,14955.4,603.18,3.16,25.58,3.4,1264.0,1023.69,55.32,190.1,46.54,23.34,P046,EQ046
2025-09-07 00:40:00,16038.75,628.59,3.12,25.48,3.62,1221.16,1038.09,61.45,185.39,44.68,16.37,P033,EQ004
2025-09-07 00:50:00,14386.61,611.34,3.6,23.66,3.64,1236.4,1077.49,67.15,199.55,39.21,28.12,P010,EQ011
2025-09-07 01:00:00,16322.09,536.3,3.06,25.57,3.37,1259.79,1026.15,64.09,185.13,59.19,33.68,P032,EQ018
2025-09-07 01:10:00,15023.92,549.19,3.33,23.47,3.59,1250.18,1077.71,62.24,200.81,52.24,16.23,P013,EQ025
2025-09-07 01:20:00,14254.44,606.21,3.22,25.34,3.7,1250.13,1066.02,67.65,186.57,54.05,21.28,P050,EQ032
2025-09-07 01:30:00,14592.06,608.43,3.6,24.67,3.83,1303.4,1071.91,55.76,181.29,48.66,33.51,P012,EQ039
2025-09-07 01:40:00,16366.44,651.82,3.38,24.6,3.25,1242.98,1111.49,67.22,181.4,51.71,12.49,P006,EQ046
2025-09-07 01:50:00,15424.3,636.13,3.55,24.68,3.66,1224.15,1082.05,62.6,195.57,46.43,12.15,P004,EQ004
2025-09-07 02:00:00,13709.17,625.7,3.5,25.8,3.69,1256.95,1062.31,55.63,222.91,54.84,12.98,P030,EQ011
2025-09-07 02:10:00,15058.8,569.48,3.33,24.63,3.22,1259.12,1046.48,58.47,203.51,49.34,34.15,P003,EQ018
2025-09-07 02:20:00,15996.97,561.66,3.34,25.56,3.45,1246.55,1036.91,55.19,189.61,45.88,15.89,P023,EQ025
2025-09-07 02:30:00,14738.7,573.64,3.29,26.43,3.49,1257.12,1033.17,54.08,207.89,56.5,34.56,P036,EQ032
2025-09-07 02:40:00,14782.42,589.9,3.16,25.08,3.28,1281.74,993.21,56.51,210.16,46.37,20.4,P048,EQ039
2025-09-07 02:50:00,14832.69,647.27,3.33,25.53,3.53,1256.75,1044.81,62.85,194.92,42.5,25.35,P043,EQ046
2025-09-07 03:00:00,14499.6,640.84,3.4,24.51,3.46,1287.87,1051.58,64.96,204.97,55.12,32.91,P005,EQ004
2025-09-07 03:10:00,14260.43,645.05,3.39,24.24,3.71,1224.92,1057.46,55.89,210.41,54.81,21.36,P004,EQ011
2025-09-07 03:20:00,16863.23,595.12,3.54,24.89,3.64,1232.37,1039.7,65.0,178.03,38.86,31.57,P032,EQ018
2025-09-07 03:30:00,16219.97,594.3,3.52,24.52,3.79,1277.84,1002.3,60.49,218.03,59.14,17.28,P003,EQ025
2025-09-07 03:40:00,14938.46,618.66,3.38,25.42,3.51,1249.84,1020.7,61.43,192.77,46.27,29.95,P015,EQ032
2025-09-07 03:50:00,14595.08,605.61,3.81,25.86,3.45,1250.91,1054.77,56.47,201.8,36.69,24.96,P023,EQ039
2025-09-07 04:00:00,15537.18,600.16,3.57,25.29,3.21,1274.13,1004.65,59.96,212.88,51.35,12.59,P040,EQ046
2025-09-07 04:10:00,17578.77,579.24,3.81,26.53,3.56,1266.03,1043.23,63.83,201.26,42.3,25.43,P045,EQ004
2025-09-07 04:20:00,15607.51,633.82,3.42,24.89,3.36,1265.76,1067.62,57.0,193.96,42.47,18.87,P039,EQ011
2025-09-07 04:30:00,14652.38,601.24,3.43,25.87,3.19,1227.66,1089.34,55.67,209.91,49.49,17.96,P049,EQ018
2025-09-07 04:40:00,15745.34,630.8,3.43,25.76,3.73,1242.1,1076.68,55.83,196.19,46.31,12.73,P007,EQ025
2025-09-07 04:50:00,14420.57,618.42,3.3,24.65,3.6,1236.48,1026.35,59.9,202.01,59.19,14.32,P010,EQ032
2025-09-07 05:00:00,16000.3,605.4,3.31,25.34,3.69,1207.04,1066.62,51.12,200.68,50.6,32.63,P025,EQ039
2025-09-07 05:10:00,14649.84,585.38,3.4,23.09,3.63,1264.74,1014.22,44.49,190.54,52.39,28.71,P016,EQ046
2025-09-07 05:20:00,15710.2,550.81,3.87,25.19,3.05,1281.78,1079.98,58.66,212.98,56.22,15.51,P030,EQ004
2025-09-07 05:30:00,15067.85,586.37,3.21,25.76,3.77,1224.78,1005.04,57.85,174.1,55.07,14.54,P002,EQ011
2025-09-07 05:40:00,13746.32,615.29,3.45,24.71,3.36,1245.17,1019.0,65.91,222.98,42.41,19.02,P019,EQ018
2025-09-07 05:50:00,15119.34,600.9,3.76,23.33,3.36,1275.99,1054.2,54.95,205.86,53.82,13.74,P008,EQ025
2025-09-07 06:00:00,14145.46,626.32,3.72,25.06,3.24,1225.15,1069.77,62.09,190.43,51.65,19.39,P025,EQ032
2025-09-07 06:10:00,16934.45,557.86,3.44,25.18,3.66,1278.44,1077.25,59.85,186.06,45.35,26.98,P044,EQ039
2025-09-07 06:20:00,14944.29,582.42,3.64,23.12,3.17,1250.08,1057.6,66.12,204.62,44.47,30.27,P038,EQ046
2025-09-07 06:30:00,15629.21,550.65,3.38,25.6,3.51,1246.07,1028.64,56.07,177.77,46.55,31.98,P025,EQ004
2025-09-07 06:40:00,14065.65,630.52,3.34,25.21,3.61,1228.63,1029.46,53.36,206.04,60.07,31.25,P013,EQ011
2025-09-07 06:50:00,16089.91,602.13,3.96,24.01,3.29,1247.36,1079.7,57.17,185.59,46.2,32.72,P048,EQ018
2025-09-07 07:00:00,14676.16,574.87,3.54,25.57,3.78,1283.28,1020.62,53.84,217.22,48.79,28.4,P045,EQ025
2025-09-07 07:10:00,15442.38,597.93,3.47,24.07,3.77,1254.02,1056.23,55.54,199.86,49.23,23.49,P013,EQ032
2025-09-07 07:20:00,14659.39,594.05,3.6,27.52,3.6,1229.81,1058.01,51.76,209.03,55.04,15.06,P019,EQ039
2025-09-07 07:30:00,14796.05,578.18,3.78,26.54,3.53,1269.98,1060.11,55.61,177.44,53.73,17.36,P029,EQ046
2025-09-07 07:40:00,14861.77,583.52,3.42,22.49,3.63,1238.3,1079.76,58.66,194.63,40.6,31.93,P002,EQ004
2025-09-07 07:50:00,15926.17,548.55,3.35,25.58,3.57,1259.47,1055.44,56.71,195.81,49.58,17.62,P034,EQ011
2025-09-07 08:00:00,15266.86,556.05,3.3,24.19,3.41,1228.1,1030.61,59.12,192.05,38.23,22.48,P039,EQ018
2025-09-07 08:10:00,16060.54,599.49,3.37,25.59,3.8,1288.46,1002.47,57.29,190.49,45.46,24.5,P022,EQ025
2025-09-07 08:20:00,15794.01,580.91,3.32,23.85,3.24,1221.7,1098.37,61.32,194.29,50.75,10.29,P030,EQ032
2025-09-07 08:30:00,16347.01,560.15,3.46,24.51,3.65,1236.62,1095.41,62.73,205.48,47.86,10.52,P011,EQ039
2025-09-07 08:40:00,15662.75,585.13,3.57,25.4,3.44,1220.75,1073.88,56.33,211.12,51.7,10.26,P024,EQ046
2025-09-07 08:50:00,15403.42,600.67,3.41,24.94,3.56,1225.42,1067.38,52.3,163.26,54.56,25.35,P025,EQ004
2025-09-07 09:00:00,14424.66,541.43,3.68,25.74,3.82,1255.34,1006.42,61.07,221.14,41.35,29.15,P044,EQ011
2025-09-07 09:10:00,14561.04,633.64,3.44,23.8,3.25,1279.59,1084.05,52.14,218.18,44.98,18.73,P040,EQ018
2025-09-07 09:20:00,14988.69,591.96,3.58,24.16,3.55,1181.32,1014.22,61.74,203.53,46.93,29.15,P021,EQ025
2025-09-07 09:30:00,14263.75,618.07,3.37,26.6,3.39,1214.92,1064.81,59.82,216.31,47.8,14.74,P044,EQ032
2025-09-07 09:40:00,14414.68,591.04,3.28,24.4,3.33,1260.33,1048.81,49.84,195.13,49.61,21.2,P017,EQ039
2025-09-07 09:50:00,15101.87,573.79,3.47,26.46,3.56,1237.29,1059.91,57.43,194.3,50.01,25.6,P012,EQ046
2025-09-07 10:00:00,12669.69,585.52,3.24,24.07,3.32,1236.74,1019.59,59.75,204.18,54.06,19.93,P041,EQ004
2025-09-07 10:10:00,14887.06,592.08,3.73,25.38,3.54,1267.78,1026.25,67.08,167.44,45.42,26.45,P011,EQ011
2025-09-07 10:20:00,14875.27,650.26,3.31,26.91,3.6,1253.2,1038.43,58.3,212.65,51.31,33.69,P039,EQ018
2025-09-07 10:30:00,15123.8,592.52,3.83,23.47,3.63,1234.26,1053.48,60.64,191.44,46.44,28.53,P027,EQ025
2025-09-07 10:40:00,14416.46,602.61,3.63,25.59,3.61,1246.6,1010.81,56.72,217.73,51.34,15.83,P012,EQ032
2025-09-07 10:50:00,15554.32,606.4,3.56,23.96,3.38,1240.3,1072.99,54.79,218.67,54.77,21.31,P032,EQ039
2025-09-07 11:00:00,14962.01,623.88,3.53,23.35,3.63,1258.35,999.65,54.64,184.3,55.38,21.85,P011,EQ046
2025-09-07 11:10:00,14259.93,590.91,3.79,25.17,3.43,1254.36,1023.8,56.7,171.48,47.27,14.0,P023,EQ004
2025-09-07 11:20:00,15642.4,585.22,3.35,23.72,3.26,1281.94,1018.37,64.89,199.03,58.31,24.18,P002,EQ011
2025-09-07 11:30:00,13267.53,589.62,3.35,25.13,3.35,1261.4,1035.59,65.52,204.48,50.99,20.46,P026,EQ018
2025-09-07 11:40:00,15631.46,664.15,3.25,26.49,3.77,1258.58,1064.54,63.47,194.2,48.62,18.73,P006,EQ025
2025-09-07 11:50:00,16958.99,626.56,3.46,24.78,3.68,1231.11,1064.3,63.25,205.39,45.96,13.54,P039,EQ032
2025-09-07 12:00:00,13619.02,601.84,3.39,25.24,3.62,1235.11,1033.01,55.87,204.81,49.44,13.35,P042,EQ039
2025-09-07 12:10:00,13358.49,632.33,3.18,26.91,3.34,1276.66,1090.12,59.01,220.72,45.96,19.22,P047,EQ046
2025-09-07 12:20:00,14074.5,597.38,3.36,24.23,3.36,1257.45,1059.41,67.29,184.05,52.71,33.19,P010,EQ004
2025-09-07 12:30:00,15182.89,582.64,3.51,25.76,3.73,1217.76,1068.64,58.05,186.49,58.88,24.81,P008,EQ011
2025-09-07 12:40:00,15301.9,624.83,3.65,25.78,3.31,1255.6,1053.57,53.3,193.42,53.67,11.78,P050,EQ018
2025-09-07 12:50:00,14438.39,629.9,3.59,24.5,3.54,1198.17,1086.64,59.61,193.96,48.7,20.26,P003,EQ025
2025-09-07 13:00:00,14559.85,530.28,3.72,26.29,4.02,1244.69,1068.06,54.84,181.74,53.87,13.79,P021,EQ032
2025-09-07 13:10:00,14703.29,613.9,3.69,23.61,3.62,1242.49,1060.41,56.36,199.02,56.85,17.9,P043,EQ039
2025-09-07 13:20:00,15566.26,609.21,3.66,26.75,3.41,1259.47,1041.91,54.66,206.96,54.52,27.53,P026,EQ046
2025-09-07 13:30:00,14901.24,603.93,3.5,22.36,3.53,1238.78,1060.84,67.77,193.93,44.07,15.81,P016,EQ004
2025-09-07 13:40:00,13388.63,593.11,3.55,27.05,3.54,1263.08,1064.59,60.11,210.64,41.24,21.58,P047,EQ011
2025-09-07 13:50:00,15284.17,574.54,3.72,24.86,3.41,1275.02,1102.63,56.61,200.49,51.82,30.31,P042,EQ018
2025-09-07 14:00:00,17032.32,574.54,3.51,23.07,3.47,1210.12,1013.28,60.52,197.4,52.78,20.22,P040,EQ025
2025-09-07 14:10:00,16548.59,626.73,3.73,26.14,3.0,1261.86,1081.62,64.39,186.19,51.22,28.07,P043,EQ032
2025-09-07 14:20:00,11541.98,579.56,3.21,23.63,3.65,1242.88,1020.47,67.93,204.12,51.76,29.1,P012,EQ039
2025-09-07 14:30:00,13950.24,593.68,3.58,26.42,2.91,1254.82,1047.37,68.92,179.67,52.62,11.07,P025,EQ046
2025-09-07 14:40:00,13928.46,670.16,3.44,27.17,3.39,1240.31,1016.98,64.0,203.96,57.12,11.9,P043,EQ004
2025-09-07 14:50:00,15126.08,595.44,3.71,25.23,3.52,1225.64,1038.76,60.77,206.12,51.77,16.48,P033,EQ011
2025-09-07 15:00:00,15251.9,605.93,3.5,26.04,3.65,1246.98,1004.36,63.49,220.53,50.89,10.68,P043,EQ018
2025-09-07 15:10:00,16536.31,612.91,3.52,23.96,3.9,1250.41,1040.04,49.7,180.11,40.7,23.78,P007,EQ025
2025-09-07 15:20:00,17213.28,608.07,3.2,25.23,3.42,1220.57,1066.16,49.37,208.09,54.37,14.86,P047,EQ032
2025-09-07 15:30:00,12565.2,619.59,3.38,24.92,3.77,1258.33,1053.89,62.87,184.65,52.51,12.67,P042,EQ039
2025-09-07 15:40:00,14228.43,582.41,3.25,23.94,3.49,1248.65,1017.64,66.03,198.45,57.26,23.46,P003,EQ046
2025-09-07 15:50:00,14066.68,614.64,3.03,23.94,3.53,1247.85,1099.76,55.61,202.6,39.55,11.09,P037,EQ004
2025-09-07 16:00:00,15188.58,574.55,3.38,24.49,3.61,1230.02,1019.77,51.32,210.85,47.55,23.36,P015,EQ011
2025-09-07 16:10:00,15960.1,547.85,3.51,23.02,3.35,1233.79,1021.92,55.36,188.77,48.63,27.61,P011,EQ018
2025-09-07 16:20:00,14767.58,611.24,3.22,24.68,3.66,1253.74,1040.23,57.1,207.06,47.68,11.61,P042,EQ025
2025-09-07 16:30:00,14393.95,586.31,3.47,25.39,3.66,1309.41,985.23,61.37,204.1,56.68,12.09,P010,EQ032
2025-09-07 16:40:00,14832.12,609.2,3.54,25.02,3.97,1268.53,1078.64,56.94,186.63,51.99,12.36,P012,EQ039
2025-09-07 16:50:00,16784.79,599.05,3.69,24.51,3.25,1241.01,1066.3,55.92,194.51,52.37,29.55,P024,EQ046
2025-09-07 17:00:00,14106.27,546.25,3.4,24.59,3.37,1281.75,1065.51,59.89,210.28,51.55,28.73,P033,EQ004
2025-09-07 17:10:00,16000.44,619.83,3.72,26.46,3.18,1261.2,1062.1,64.32,208.62,43.28,26.57,P008,EQ011
2025-09-07 17:20:00,14268.23,595.94,3.64,26.33,3.37,1246.39,1034.14,64.92,227.06,48.4,27.78,P035,EQ018
2025-09-07 17:30:00,16348.99,578.04,3.17,25.68,3.46,1204.32,1081.14,59.15,205.06,46.48,13.84,P028,EQ025
2025-09-07 17:40:00,15268.26,564.69,3.33,27.06,3.28,1246.81,1015.19,62.48,203.48,48.42,23.59,P035,EQ032
2025-09-07 17:50:00,16286.91,588.17,3.48,24.45,3.57,1284.24,1070.45,58.94,184.22,51.73,22.49,P026,EQ039
2025-09-07 18:00:00,15779.76,612.17,3.35,23.83,3.28,1230.36,1055.14,57.04,202.61,59.0,17.45,P001,EQ046
2025-09-07 18:10:00,15281.7,638.34,3.34,25.32,3.25,1258.12,1060.14,55.4,201.72,50.93,12.6,P038,EQ004
2025-09-07 18:20:00,15218.21,616.22,3.37,26.77,3.53,1265.46,1034.29,54.94,197.31,47.82,12.74,P021,EQ011
2025-09-07 18:30:00,14754.9,568.99,3.59,25.58,3.72,1257.18,981.55,61.55,216.9,50.27,16.55,P035,EQ018
2025-09-07 18:40:00,15623.72,625.55,3.49,24.98,3.45,1218.49,992.18,55.01,202.79,48.16,11.46,P020,EQ025
2025-09-07 18:50:00,14582.17,576.01,3.36,23.65,3.55,1234.15,1052.85,66.88,186.5,48.54,34.72,P049,EQ032
2025-09-07 19:00:00,15991.33,656.21,3.59,24.08,3.9,1232.89,1058.01,66.26,199.0,47.09,13.34,P044,EQ039
2025-09-07 19:10:00,14346.23,587.91,3.68,24.89,3.68,1258.43,1068.99,59.17,197.9,49.71,10.02,P025,EQ046
2025-09-07 19:20:00,16182.62,596.36,3.41,25.05,3.45,1242.25,1124.91,56.5,195.77,47.05,14.44,P033,EQ004
2025-09-07 19:30:00,15431.19,638.76,3.4,23.64,3.75,1256.6,1036.9,62.88,207.82,43.89,32.89,P032,EQ011
2025-09-07 19:40:00,13710.52,600.45,3.57,24.41,3.46,1279.34,1025.16,57.01,182.35,44.0,21.06,P034,EQ018
2025-09-07 19:50:00,13159.35,573.62,3.45,26.59,3.23,1267.86,1036.36,53.86,167.6,57.65,22.01,P021,EQ025
2025-09-07 20:00:00,13065.32,622.4,3.35,24.09,3.71,1279.98,1076.12,58.32,174.83,56.22,23.02,P050,EQ032
2025-09-07 20:10:00,16847.98,609.27,3.76,25.24,3.4,1231.15,1086.74,59.91,190.7,45.58,28.42,P025,EQ039
2025-09-07 20:20:00,16603.73,632.14,3.41,24.69,3.32,1262.04,1007.73,49.27,236.86,45.49,25.95,P019,EQ046
2025-09-07 20:30:00,14552.92,615.25,3.58,27.1,3.38,1251.16,1053.75,63.23,206.92,46.92,33.64,P026,EQ004
2025-09-07 20:40:00,15840.38,577.66,3.2,25.13,3.1,1247.91,1060.0,72.87,211.77,44.16,28.72,P050,EQ011
2025-09-07 20:50:00,17564.99,580.44,3.47,24.23,3.4,1255.39,1043.91,62.21,175.63,47.35,28.63,P039,EQ018
2025-09-07 21:00:00,14494.26,607.66,3.26,23.18,3.45,1234.24,1034.5,59.92,199.83,46.28,20.88,P009,EQ025
2025-09-07 21:10:00,14505.82,615.07,3.32,24.21,3.42,1260.62,1044.08,61.99,198.84,51.32,15.44,P043,EQ032
2025-09-07 21:20:00,13431.78,644.23,3.64,24.85,3.47,1271.68,1056.75,65.39,207.53,58.06,14.51,P040,EQ039
2025-09-07 21:30:00,16673.01,634.21,3.61,24.26,3.76,1224.26,1067.82,52.23,188.24,52.66,13.52,P028,EQ046
2025-09-07 21:40:00,15981.37,582.89,3.32,24.07,3.36,1233.08,1085.4,72.01,203.93,50.34,30.22,P012,EQ004
2025-09-07 21:50:00,15634.94,609.78,3.37,23.93,3.32,1295.67,1031.53,60.88,221.68,50.03,11.88,P012,EQ011
2025-09-07 22:00:00,14323.2,599.42,3.61,25.79,3.19,1233.15,1048.88,55.41,196.62,54.95,10.43,P045,EQ018
2025-09-07 22:10:00,13638.26,581.58,3.45,24.9,3.93,1239.06,1019.35,54.92,202.53,50.02,11.6,P019,EQ025
2025-09-07 22:20:00,15039.42,601.26,3.57,24.17,3.55,1296.95,1035.27,66.42,214.84,51.53,14.08,P017,EQ032
2025-09-07 22:30:00,16507.36,613.67,3.23,23.8,3.56,1262.8,1060.99,55.27,184.18,52.61,23.3,P008,EQ039
2025-09-07 22:40:00,14273.06,577.7,3.69,24.13,3.6,1254.4,1088.76,57.61,218.22,37.66,17.04,P032,EQ046
2025-09-07 22:50:00,14110.56,544.68,3.22,25.78,3.56,1258.18,1081.71,50.57,226.68,53.1,33.44,P037,EQ004
2025-09-07 23:00:00,15124.93,601.1,3.25,24.79,3.89,1222.96,1046.23,68.64,199.06,52.1,29.31,P045,EQ011
2025-09-07 23:10:00,16070.38,573.71,3.46,24.36,3.46,1261.46,1005.56,57.93,200.03,48.52,31.65,P006,EQ018
2025-09-07 23:20:00,14700.29,553.38,3.38,24.94,3.4,1215.42,1042.75,54.29,209.07,49.67,21.78,P040,EQ025
2025-09-07 23:30:00,15486.27,640.92,3.46,23.92,3.37,1243.81,991.42,68.56,185.71,59.55,21.16,P049,EQ032
2025-09-07 23:40:00,15357.69,586.36,3.45,25.45,3.13,1255.92,1048.31,53.86,194.46,47.38,20.16,P040,EQ039
2025-09-07 23:50:00,16434.75,627.22,3.28,23.24,3.46,1300.99,1079.99,56.99,213.18,52.67,24.85,P040,EQ046
2025-09-08 00:00:00,14581.54,568.52,3.47,25.88,3.45,1228.6,999.85,53.7,191.37,56.63,16.94,P045,EQ004
2025-09-08 00:10:00,15292.35,604.81,3.48,24.46,3.42,1298.45,1064.05,67.8,189.31,53.01,23.17,P042,EQ011
2025-09-08 00:20:00,14911.72,640.36,3.45,25.41,3.39,1233.03,1085.23,57.88,220.98,53.48,14.02,P045,EQ018
2025-09-08 00:30:00,17273.07,592.33,3.45,25.01,3.58,1267.7,1049.11,57.18,218.68,51.7,14.98,P048,EQ025
2025-09-08 00:40:00,14762.2,586.8,3.71,24.68,3.05,1254.93,1088.34,51.32,194.26,49.47,23.74,P004,EQ032
2025-09-08 00:50:00,14564.24,624.84,3.52,23.09,3.56,1246.73,1026.61,61.11,188.26,46.97,15.48,P028,EQ039
2025-09-08 01:00:00,13946.29,608.48,3.89,25.95,3.67,1240.71,1010.25,61.23,219.57,53.8,20.56,P002,EQ046
2025-09-08 01:10:00,16051.42,602.23,3.1,26.52,3.62,1244.29,1045.65,58.51,190.41,56.0,28.44,P048,EQ004
2025-09-08 01:20:00,14390.74,556.11,3.24,24.3,3.63,1236.48,1041.01,55.62,209.13,55.24,14.2,P001,EQ011
2025-09-08 01:30:00,14465.88,600.58,3.45,24.05,3.6,1274.2,1060.54,57.88,205.18,47.88,11.56,P023,EQ018
2025-09-08 01:40:00,12896.1,640.13,3.46,24.49,3.36,1227.39,1059.26,58.03,197.32,51.63,33.41,P048,EQ025
2025-09-08 01:50:00,15187.28,608.63,3.48,25.1,3.93,1246.81,1038.24,61.97,203.51,56.86,14.03,P022,EQ032
2025-09-08 02:00:00,15765.68,685.04,3.2,24.75,3.39,1235.94,1055.13,59.53,208.36,51.83,14.83,P026,EQ039
2025-09-08 02:10:00,13958.91,594.99,3.48,25.93,3.49,1233.68,1023.53,59.36,185.98,54.89,14.71,P007,EQ046
2025-09-08 02:20:00,14727.58,645.3,3.1,24.45,3.52,1275.69,1052.42,53.81,193.4,52.73,10.1,P041,EQ004
2025-09-08 02:30:00,15038.23,599.57,2.98,29.14,3.4,1271.56,1040.74,61.77,221.66,50.42,11.16,P012,EQ011
2025-09-08 02:40:00,14307.36,569.96,3.73,24.58,3.59,1307.02,1082.94,59.66,191.1,54.91,16.75,P034,EQ018
2025-09-08 02:50:00,15240.32,616.38,3.55,24.43,3.35,1234.18,1093.26,59.2,212.66,53.86,32.48,P036,EQ025
2025-09-08 03:00:00,14142.08,651.45,3.49,26.07,3.47,1240.95,1063.35,59.58,201.67,57.74,27.74,P023,EQ032
2025-09-08 03:10:00,13654.92,579.85,3.7,25.29,3.37,1245.62,1043.8,58.81,205.96,45.94,23.83,P011,EQ039
2025-09-08 03:20:00,14071.8,561.72,3.53,25.12,3.38,1285.3,1035.34,65.72,202.43,47.85,33.12,P040,EQ046
2025-09-08 03:30:00,14787.46,622.41,3.6,24.55,3.5,1250.3,1002.29,55.31,196.68,52.41,14.27,P050,EQ004
2025-09-08 03:40:00,15154.94,564.98,3.67,24.4,3.38,1236.32,1029.95,60.9,190.31,53.0,24.11,P040,EQ011
2025-09-08 03:50:00,13240.83,586.45,3.54,24.54,3.3,1253.08,1037.23,54.83,210.04,59.88,11.56,P029,EQ018
2025-09-08 04:00:00,14964.51,604.53,3.38,24.64,3.53,1260.39,1051.41,60.82,172.85,50.05,19.95,P045,EQ025
2025-09-08 04:10:00,16507.41,557.62,3.47,23.54,3.73,1239.18,1015.75,52.65,176.77,46.32,20.8,P030,EQ032
2025-09-08 04:20:00,17201.19,566.94,3.32,24.79,3.66,1238.72,1013.29,55.05,223.59,50.99,28.91,P016,EQ039
2025-09-08 04:30:00,13412.83,575.93,3.42,23.86,3.4,1235.47,1057.33,60.02,200.21,47.72,31.44,P012,EQ046
2025-09-08 04:40:00,16570.24,610.53,3.67,24.57,3.44,1266.41,1092.67,55.22,178.28,47.79,31.1,P014,EQ004
2025-09-08 04:50:00,15192.48,551.97,3.48,23.87,3.26,1260.31,1091.43,66.67,201.92,50.61,32.05,P033,EQ011
2025-09-08 05:00:00,16009.82,603.95,3.79,25.94,3.37,1240.6,1069.77,58.01,202.2,43.61,25.24,P025,EQ018
2025-09-08 05:10:00,15914.86,569.95,3.44,25.26,3.49,1263.11,1084.33,61.07,192.65,50.86,26.83,P014,EQ025
2025-09-08 05:20:00,14984.46,561.25,3.52,25.57,3.05,1231.27,1016.74,55.79,203.77,48.64,15.36,P031,EQ032
2025-09-08 05:30:00,15933.51,561.5,3.73,24.29,3.53,1244.46,1067.14,59.71,179.48,52.53,20.19,P048,EQ039
2025-09-08 05:40:00,13802.61,659.8,3.52,24.26,3.3,1215.31,1058.05,50.85,199.58,44.65,12.08,P022,EQ046
2025-09-08 05:50:00,17622.65,652.95,3.5,25.79,3.81,1243.14,1084.89,61.48,220.32,50.35,25.87,P041,EQ004
2025-09-08 06:00:00,15446.14,559.31,3.41,23.96,3.43,1282.08,1028.58,50.04,187.52,41.08,34.09,P049,EQ011
2025-09-08 06:10:00,13692.85,592.5,3.56,25.29,3.23,1268.13,1055.64,65.83,210.14,47.16,30.68,P026,EQ018
2025-09-08 06:20:00,15422.12,608.78,3.62,23.65,3.61,1226.86,1098.39,63.04,180.37,38.7,14.43,P030,EQ025
2025-09-08 06:30:00,15190.27,576.79,3.53,25.44,3.38,1261.07,1065.92,51.47,217.58,55.63,12.62,P028,EQ032
2025-09-08 06:40:00,14460.8,655.06,3.4,24.95,3.27,1259.17,1093.48,55.03,225.8,56.26,23.8,P050,EQ039
2025-09-08 06:50:00,15728.54,554.86,3.42,24.3,3.45,1237.16,1048.37,60.08,207.42,47.62,12.72,P005,EQ046
2025-09-08 07:00:00,18461.96,595.6,3.57,24.53,3.67,1222.34,1039.78,63.15,212.48,49.13,14.75,P043,EQ004
2025-09-08 07:10:00,16415.87,604.97,3.2,24.21,3.8,1246.81,1049.98,67.13,237.11,38.65,22.65,P011,EQ011
2025-09-08 07:20:00,14860.7,587.24,3.7,24.68,3.52,1303.36,1034.89,58.43,223.54,55.37,15.03,P015,EQ018
2025-09-08 07:30:00,16523.66,632.84,3.33,23.67,3.54,1250.73,1050.12,51.04,216.99,52.47,27.92,P010,EQ025
2025-09-08 07:40:00,14602.43,617.49,3.53,25.19,3.03,1224.18,1061.46,61.77,221.43,48.83,12.48,P035,EQ032
2025-09-08 07:50:00,14968.74,528.94,3.68,25.13,3.07,1238.96,1047.65,59.82,180.02,55.78,31.23,P047,EQ039
2025-09-08 08:00:00,14601.68,633.14,3.37,25.73,3.63,1253.26,1040.68,63.19,200.2,55.55,34.27,P023,EQ046
2025-09-08 08:10:00,15487.65,620.85,3.26,26.18,3.41,1229.8,1085.04,49.9,178.03,49.24,32.44,P030,EQ004
2025-09-08 08:20:00,14269.51,627.1,3.09,24.21,3.49,1262.46,1008.84,66.97,193.64,43.82,28.43,P047,EQ011
2025-09-08 08:30:00,14942.06,569.13,3.55,24.55,3.54,1215.57,1093.12,62.32,184.04,47.08,31.4,P034,EQ018
2025-09-08 08:40:00,15970.86,513.86,3.67,25.01,3.35,1253.99,1040.73,58.77,207.58,55.88,21.92,P046,EQ025
2025-09-08 08:50:00,15473.06,613.58,3.32,23.87,3.22,1250.5,1052.71,56.48,183.74,40.92,33.45,P048,EQ032
2025-09-08 09:00:00,14525.35,556.1,3.79,25.16,3.51,1300.85,1117.52,66.04,197.5,49.66,33.52,P002,EQ039
2025-09-08 09:10:00,16236.16,593.43,3.41,24.26,3.7,1236.9,996.34,68.3,196.99,55.44,20.15,P031,EQ046
2025-09-08 09:20:00,14541.93,583.51,3.24,24.22,3.51,1279.93,1027.88,62.93,179.37,53.3,22.33,P007,EQ004
2025-09-08 09:30:00,15412.79,582.66,3.46,23.77,3.97,1249.88,1057.31,65.06,187.59,52.77,26.27,P028,EQ011
2025-09-08 09:40:00,15762.62,609.58,3.61,26.45,3.73,1280.74,1062.42,60.62,192.03,38.3,28.89,P047,EQ018
2025-09-08 09:50:00,17488.94,608.52,3.58,24.81,3.7,1276.07,1104.23,52.44,192.62,54.16,19.26,P038,EQ025
2025-09-08 10:00:00,13836.95,607.19,3.39,23.72,3.87,1233.94,1076.46,63.65,202.96,51.44,14.18,P041,EQ032
2025-09-08 10:10:00,15393.04,560.98,3.35,25.62,3.33,1232.74,983.21,63.31,200.18,41.44,32.47,P035,EQ039
2025-09-08 10:20:00,14674.14,612.67,3.67,25.43,3.59,1242.59,1111.48,56.31,185.46,54.79,23.07,P042,EQ046
2025-09-08 10:30:00,14444.96,597.65,3.05,24.36,3.16,1240.73,1079.29,61.48,224.98,44.15,30.33,P016,EQ004
2025-09-08 10:40:00,15284.48,633.02,3.31,24.04,3.62,1232.78,1029.12,59.95,217.0,41.43,29.26,P040,EQ011
2025-09-08 10:50:00,13077.57,596.3,3.56,25.91,3.03,1212.57,1039.99,63.75,190.94,46.85,13.19,P039,EQ018
2025-09-08 11:00:00,14766.88,574.86,3.61,24.52,3.53,1237.86,1106.33,64.94,200.19,51.98,21.11,P027,EQ025
2025-09-08 11:10:00,14863.75,624.92,3.26,24.73,3.63,1260.57,1075.52,52.22,186.79,42.0,12.92,P033,EQ032
2025-09-08 11:20:00,15771.06,577.89,3.88,22.06,3.24,1231.82,1068.33,60.57,188.05,61.78,27.37,P023,EQ039
2025-09-08 11:30:00,16650.1,589.7,3.61,24.11,3.35,1261.52,1053.73,54.0,179.17,48.87,34.25,P027,EQ046
2025-09-08 11:40:00,14894.48,606.32,3.58,23.44,3.71,1264.26,1067.4,61.14,203.43,50.88,24.49,P035,EQ004
2025-09-08 11:50:00,14166.77,641.37,3.27,24.49,3.7,1259.6,1074.1,61.67,205.2,46.81,26.08,P035,EQ011
2025-09-08 12:00:00,16730.83,564.13,3.39,26.96,3.28,1253.75,1030.45,59.51,196.72,46.05,27.32,P023,EQ018
2025-09-08 12:10:00,16369.89,597.2,3.51,24.58,3.35,1249.6,1010.03,62.94,208.46,51.88,26.52,P012,EQ025
2025-09-08 12:20:00,15636.97,624.59,3.25,24.74,3.49,1244.39,1034.35,63.62,193.79,46.66,28.36,P002,EQ032
2025-09-08 12:30:00,16807.94,637.64,3.52,23.81,3.37,1247.26,1129.16,51.86,201.75,50.19,34.77,P047,EQ039
2025-09-08 12:40:00,15924.74,596.16,3.58,26.1,3.24,1282.18,1012.42,62.66,212.03,51.59,13.77,P026,EQ046
2025-09-08 12:50:00,15968.44,616.88,3.82,25.8,3.63,1303.13,1068.59,60.76,191.79,48.5,19.42,P045,EQ004
2025-09-08 13:00:00,14536.67,581.85,3.49,24.65,3.43,1248.83,1062.17,63.99,202.14,52.24,33.83,P026,EQ011
2025-09-08 13:10:00,14167.3,585.05,3.9,25.94,3.47,1263.32,1073.36,53.88,205.47,49.79,23.35,P049,EQ018
2025-09-08 13:20:00,15485.15,659.72,3.73,27.65,3.66,1225.45,1040.23,56.73,193.75,58.95,14.27,P023,EQ025
2025-09-08 13:30:00,16060.99,602.97,3.6,25.38,3.76,1253.85,1067.9,63.26,217.97,46.0,24.37,P007,EQ032
2025-09-08 13:40:00,16393.34,543.62,3.55,26.37,3.65,1270.67,1074.37,63.09,212.23,49.81,13.46,P029,EQ039
2025-09-08 13:50:00,15320.73,616.48,3.68,25.5,3.86,1281.08,1050.61,56.25,187.91,50.46,15.1,P040,EQ046
2025-09-08 14:00:00,13898.04,655.82,3.5,25.5,3.66,1255.04,1071.57,62.5,183.35,46.65,22.68,P037,EQ004
2025-09-08 14:10:00,14959.57,588.66,3.48,26.43,3.39,1257.11,1036.17,62.54,202.07,49.6,32.28,P011,EQ011
2025-09-08 14:20:00,15113.2,542.53,3.56,24.55,3.22,1264.99,1062.91,63.8,201.0,49.22,18.59,P015,EQ018
2025-09-08 14:30:00,15405.5,610.37,3.18,24.87,3.32,1277.38,999.33,68.84,195.25,43.63,25.06,P043,EQ025
2025-09-08 14:40:00,14642.42,529.83,3.49,25.25,3.48,1265.84,1023.56,65.57,217.83,44.45,20.88,P041,EQ032
2025-09-08 14:50:00,15745.17,602.16,3.2,25.88,3.54,1234.58,1051.23,53.35,207.88,45.66,10.23,P029,EQ039
2025-09-08 15:00:00,12576.13,563.9,3.13,24.85,3.24,1250.53,1031.0,60.6,211.88,55.3,28.45,P009,EQ046
2025-09-08 15:10:00,13837.66,569.83,3.27,25.32,3.53,1255.34,1071.73,52.08,210.96,44.67,24.48,P039,EQ004
2025-09-08 15:20:00,14536.53,618.08,3.25,25.01,3.69,1244.96,1044.23,51.21,194.96,37.45,10.56,P018,EQ011
2025-09-08 15:30:00,16132.23,586.78,3.29,24.88,3.22,1219.54,1076.43,64.94,211.28,50.56,25.69,P010,EQ018
2025-09-08 15:40:00,15597.24,641.15,3.61,24.98,3.72,1240.72,1049.27,54.48,203.35,65.09,29.12,P027,EQ025
2025-09-08 15:50:00,15853.83,624.62,3.42,25.42,3.58,1234.09,1042.25,60.63,210.32,42.77,20.58,P020,EQ032
2025-09-08 16:00:00,13033.21,590.93,3.7,28.17,3.45,1281.28,1100.72,64.79,196.69,45.96,11.57,P029,EQ039
2025-09-08 16:10:00,13482.63,597.12,3.62,26.38,3.53,1223.47,1056.24,57.69,201.46,47.52,24.35,P026,EQ046
2025-09-08 16:20:00,15248.16,540.9,3.66,25.85,3.68,1264.98,985.82,71.37,187.54,40.51,22.11,P036,EQ004
2025-09-08 16:30:00,15280.93,576.68,3.84,25.02,3.52,1257.87,1030.57,60.75,207.16,50.38,10.1,P039,EQ011
2025-09-08 16:40:00,13596.6,568.45,3.31,24.07,3.28,1218.51,1086.26,58.38,240.02,53.18,21.43,P044,EQ018
2025-09-08 16:50:00,14318.52,604.48,3.28,24.53,3.72,1246.18,1064.65,69.27,185.34,50.7,26.99,P017,EQ025
2025-09-08 17:00:00,15886.61,597.5,3.74,26.62,3.5,1277.58,1076.03,67.48,195.71,49.3,23.98,P044,EQ032
2025-09-08 17:10:00,12498.68,555.56,3.58,24.17,3.32,1261.45,1069.84,59.17,214.2,56.26,25.45,P037,EQ039
2025-09-08 17:20:00,14473.89,590.81,3.24,26.2,3.42,1292.86,1009.77,55.33,200.68,47.49,17.11,P018,EQ046
2025-09-08 17:30:00,16112.45,611.76,3.45,23.43,3.12,1263.8,1068.93,58.81,188.17,48.99,11.88,P033,EQ004
2025-09-08 17:40:00,13222.32,553.85,3.35,24.74,3.43,1241.54,1049.29,61.45,210.22,46.34,14.84,P039,EQ011
2025-09-08 17:50:00,13698.68,576.25,3.27,27.26,3.77,1260.55,1050.53,59.7,206.78,46.09,30.05,P020,EQ018
2025-09-08 18:00:00,14496.32,598.02,3.6,24.75,3.08,1231.29,1084.58,65.34,178.51,46.09,12.81,P030,EQ025
2025-09-08 18:10:00,14204.07,590.87,3.7,24.3,3.33,1281.88,1037.45,64.55,197.75,44.63,16.06,P030,EQ032
2025-09-08 18:20:00,15040.12,524.3,3.33,25.55,3.44,1255.17,1025.28,61.88,207.71,51.95,22.97,P041,EQ039
2025-09-08 18:30:00,14197.23,647.04,3.64,24.12,3.46,1250.95,1003.62,51.35,207.28,56.38,18.58,P026,EQ046
2025-09-08 18:40:00,16172.43,615.63,3.38,24.06,3.34,1260.29,1039.18,58.18,213.63,56.47,28.33,P035,EQ004
2025-09-08 18:50:00,14325.2,596.98,3.31,24.8,3.5,1244.65,1046.67,57.7,173.91,50.1,30.21,P007,EQ011
2025-09-08 19:00:00,15496.59,618.76,3.53,25.96,3.45,1219.37,1017.32,55.86,202.62,49.12,34.93,P019,EQ018
2025-09-08 19:10:00,13484.22,624.97,3.48,23.76,3.3,1226.77,1047.36,59.21,176.17,47.72,29.41,P035,EQ025
2025-09-08 19:20:00,13109.48,563.24,3.3,24.58,3.17,1224.59,1048.06,54.91,181.22,51.77,10.7,P019,EQ032
2025-09-08 19:30:00,14167.58,556.9,3.76,25.43,3.74,1255.61,1039.35,58.98,196.56,49.7,17.9,P039,EQ039
2025-09-08 19:40:00,15541.84,588.91,3.27,24.86,3.76,1250.22,1055.86,56.78,195.75,55.68,14.17,P041,EQ046
2025-09-08 19:50:00,16157.65,621.18,3.6,24.66,3.7,1234.99,1034.42,56.0,195.19,53.61,22.87,P026,EQ004
2025-09-08 20:00:00,14111.23,622.39,3.68,25.05,3.18,1240.65,1077.72,60.89,203.3,48.76,31.9,P021,EQ011
2025-09-08 20:10:00,15505.55,612.97,3.41,26.03,3.79,1220.01,1055.36,73.25,183.61,56.12,34.12,P008,EQ018
2025-09-08 20:20:00,16427.44,640.26,3.96,25.45,3.67,1243.8,1102.75,52.55,212.49,47.82,30.89,P003,EQ025
2025-09-08 20:30:00,16158.42,609.66,3.44,25.4,3.36,1231.91,1023.04,62.24,207.51,38.48,14.1,P009,EQ032
2025-09-08 20:40:00,16650.55,672.46,3.36,24.73,3.7,1257.4,1060.84,60.14,233.63,44.63,34.03,P003,EQ039
2025-09-08 20:50:00,15116.82,610.32,3.47,25.6,3.34,1259.33,1059.86,57.45,173.19,48.46,19.92,P019,EQ046
2025-09-08 21:00:00,14721.24,669.44,3.24,24.96,3.49,1294.43,1035.24,54.62,208.75,44.72,23.82,P004,EQ004
2025-09-08 21:10:00,15619.25,619.07,3.49,26.09,3.39,1277.09,1051.77,54.84,202.01,51.81,10.45,P035,EQ011
2025-09-08 21:20:00,15350.36,577.03,3.53,24.14,3.83,1271.11,1000.36,63.05,217.78,62.36,14.48,P035,EQ018
2025-09-08 21:30:00,14604.28,603.38,3.29,26.46,3.71,1245.52,1041.17,53.6,194.9,54.72,30.84,P023,EQ025
2025-09-08 21:40:00,14482.3,560.75,3.54,25.23,3.21,1247.79,1061.05,50.02,215.05,49.42,23.0,P050,EQ032
2025-09-08 21:50:00,15692.3,678.2,3.31,22.6,3.12,1248.83,1083.05,64.66,196.84,48.0,15.54,P036,EQ039
2025-09-08 22:00:00,13806.14,561.44,3.66,26.19,3.6,1245.14,1068.13,55.55,202.06,56.93,31.93,P037,EQ046
2025-09-08 22:10:00,13230.99,629.32,3.5,26.25,3.41,1272.43,1068.62,56.34,207.55,56.8,23.89,P043,EQ004
2025-09-08 22:20:00,13342.65,596.12,3.29,23.79,3.27,1259.93,1087.3,53.24,207.84,48.48,30.11,P022,EQ011
2025-09-08 22:30:00,13605.6,616.3,3.2,25.81,3.64,1256.89,1061.71,61.83,205.88,49.16,22.06,P043,EQ018
2025-09-08 22:40:00,13596.44,612.53,3.38,24.43,3.71,1231.46,1028.37,57.54,200.03,45.55,30.37,P036,EQ025
2025-09-08 22:50:00,16173.38,612.99,3.54,25.31,3.66,1280.97,1025.44,58.26,193.04,45.07,15.92,P039,EQ032
2025-09-08 23:00:00,14937.47,583.72,3.44,25.11,3.37,1264.04,1070.04,62.17,209.64,53.15,28.42,P017,EQ039
2025-09-08 23:10:00,15636.3,627.72,3.49,25.21,3.5,1240.42,1069.92,62.2,178.53,43.58,30.84,P048,EQ046
2025-09-08 23:20:00,15110.45,572.75,3.7,24.58,3.14,1276.45,1031.77,63.56,184.34,46.45,34.87,P036,EQ004
2025-09-08 23:30:00,15548.08,555.23,3.65,26.14,3.33,1240.05,1101.17,62.63,182.8,49.93,18.69,P016,EQ011
2025-09-08 23:40:00,16367.05,543.37,3.68,25.13,3.77,1243.46,1112.02,57.52,215.38,53.59,10.36,P029,EQ018
2025-09-08 23:50:00,13398.68,611.66,3.36,26.12,3.63,1265.45,1049.9,57.19,198.4,46.89,29.71,P001,EQ025
2025-09-09 00:00:00,14929.53,556.05,3.45,25.89,3.69,1252.44,1074.04,60.73,211.11,43.15,11.18,P014,EQ032
2025-09-09 00:10:00,14828.36,606.73,3.34,26.88,4.36,1264.95,1035.82,57.54,187.91,48.84,11.15,P023,EQ039
2025-09-09 00:20:00,13668.19,610.54,3.47,25.36,3.51,1236.91,1063.08,64.32,207.22,48.65,28.01,P049,EQ046
2025-09-09 00:30:00,15589.81,543.9,3.65,23.53,3.26,1259.93,1038.68,54.83,198.35,51.31,26.97,P007,EQ004
2025-09-09 00:40:00,14954.7,562.3,3.71,25.39,3.45,1218.47,1041.71,58.86,184.51,48.22,24.8,P050,EQ011
2025-09-09 00:50:00,14057.8,594.17,3.53,24.37,3.69,1250.91,1026.33,57.32,220.57,50.51,24.91,P042,EQ018
2025-09-09 01:00:00,14793.14,613.97,3.77,25.52,3.67,1275.36,1064.82,63.46,216.96,45.96,15.08,P023,EQ025
2025-09-09 01:10:00,15554.43,532.26,3.47,25.4,3.43,1258.04,1046.12,65.0,198.12,49.03,19.69,P007,EQ032
2025-09-09 01:20:00,15321.16,597.19,3.64,23.37,3.62,1231.74,1055.59,54.68,190.64,52.78,23.95,P050,EQ039
2025-09-09 01:30:00,16101.88,646.23,3.37,25.8,3.8,1230.09,1046.09,57.34,186.84,53.03,24.13,P029,EQ046
2025-09-09 01:40:00,13465.15,594.34,3.3,24.41,3.3,1232.67,1069.91,56.35,203.96,56.16,34.47,P043,EQ004
2025-09-09 01:50:00,13690.83,570.73,3.45,23.78,3.12,1273.58,1042.43,62.74,199.73,55.52,31.12,P019,EQ011
2025-09-09 02:00:00,14058.83,650.9,3.55,23.7,3.72,1231.22,1080.03,50.13,202.46,50.08,20.8,P037,EQ018
2025-09-09 02:10:00,14743.79,612.19,3.53,24.73,3.56,1267.73,1028.94,65.94,193.84,41.96,11.29,P049,EQ025
2025-09-09 02:20:00,13508.18,546.97,3.21,26.47,3.43,1235.59,1023.71,63.53,211.02,43.07,22.0,P047,EQ032
2025-09-09 02:30:00,15573.42,607.21,3.47,24.65,3.39,1191.41,1055.92,55.67,224.29,52.38,32.81,P042,EQ039
2025-09-09 02:40:00,15317.34,555.91,3.58,25.03,3.52,1217.85,1028.72,59.52,188.84,49.64,12.96,P031,EQ046
2025-09-09 02:50:00,12630.89,581.9,3.57,24.49,3.68,1230.21,993.2,59.48,218.51,58.59,14.05,P042,EQ004
2025-09-09 03:00:00,14953.78,545.1,3.71,26.26,3.31,1247.3,1083.41,53.09,195.8,44.91,30.09,P002,EQ011
2025-09-09 03:10:00,16441.17,610.65,3.21,24.66,3.53,1269.33,998.56,53.2,224.62,53.6,12.82,P049,EQ018
2025-09-09 03:20:00,15468.64,582.41,3.82,24.18,3.14,1243.76,1051.73,53.65,206.59,58.05,15.1,P024,EQ025
2025-09-09 03:30:00,12617.98,632.77,3.39,25.5,3.54,1222.8,1005.67,52.43,186.91,44.03,32.21,P008,EQ032
2025-09-09 03:40:00,14316.55,571.74,3.51,25.04,3.23,1210.68,1046.82,55.31,227.95,49.05,11.19,P018,EQ039
2025-09-09 03:50:00,14350.54,574.65,3.16,26.78,3.47,1233.76,1013.83,57.07,209.4,57.03,32.97,P020,EQ046
2025-09-09 04:00:00,16146.17,576.49,3.53,26.55,3.25,1217.44,1060.97,69.75,185.75,47.98,33.74,P017,EQ004
2025-09-09 04:10:00,15582.22,556.05,3.33,24.55,3.62,1249.21,1065.9,70.61,168.94,50.68,13.29,P039,EQ011
2025-09-09 04:20:00,15619.59,605.0,3.25,24.52,3.65,1239.03,1040.78,55.35,204.8,47.48,33.45,P026,EQ018
2025-09-09 04:30:00,16104.57,604.0,3.37,24.82,3.77,1229.9,1051.21,54.62,180.76,44.12,22.1,P043,EQ025
2025-09-09 04:40:00,14379.53,596.93,3.85,24.8,3.66,1250.95,1073.03,60.85,208.09,32.9,18.57,P028,EQ032
2025-09-09 04:50:00,14707.61,595.02,3.66,23.42,3.31,1261.71,1022.3,59.68,189.08,48.75,23.97,P026,EQ039
2025-09-09 05:00:00,15599.94,594.78,3.67,23.67,3.42,1268.99,1049.28,58.99,196.65,52.31,30.46,P024,EQ046
2025-09-09 05:10:00,16657.95,611.94,3.32,26.01,3.28,1234.55,1047.93,54.23,154.63,48.43,14.12,P003,EQ004
2025-09-09 05:20:00,15442.48,594.34,3.59,25.93,3.64,1254.42,1075.35,59.72,181.18,51.0,19.45,P050,EQ011
2025-09-09 05:30:00,13948.51,622.62,3.42,26.06,3.34,1239.39,1039.15,64.67,205.41,40.86,13.15,P021,EQ018
2025-09-09 05:40:00,17847.73,630.06,3.55,25.78,3.52,1267.99,1100.82,62.96,197.12,47.83,32.75,P040,EQ025
2025-09-09 05:50:00,12115.52,610.31,3.32,24.49,3.87,1284.63,1062.72,60.97,215.63,49.87,24.93,P031,EQ032
2025-09-09 06:00:00,14805.38,588.63,3.71,24.65,3.54,1241.06,1074.86,59.93,225.38,55.72,13.42,P028,EQ039
2025-09-09 06:10:00,16313.22,621.98,3.36,25.48,3.52,1237.94,1057.42,62.26,217.13,44.29,29.2,P012,EQ046
2025-09-09 06:20:00,12980.88,633.31,3.54,24.38,3.45,1209.43,1086.34,53.48,199.16,47.42,33.47,P012,EQ004
2025-09-09 06:30:00,15825.36,602.98,3.22,24.51,3.29,1229.15,1042.81,63.29,187.68,54.22,13.12,P001,EQ011
2025-09-09 06:40:00,16149.29,565.4,3.58,23.5,3.46,1227.92,1048.15,58.41,181.41,51.13,18.29,P014,EQ018
2025-09-09 06:50:00,15982.41,628.37,3.4,25.37,3.49,1220.73,999.69,67.65,198.67,55.53,33.3,P042,EQ025
2025-09-09 07:00:00,15540.77,569.2,3.56,24.05,3.85,1236.26,1039.82,49.18,210.92,57.31,26.5,P029,EQ032
2025-09-09 07:10:00,14172.31,567.91,3.32,26.45,3.39,1274.34,1056.5,60.91,187.71,50.89,29.83,P017,EQ039
2025-09-09 07:20:00,14416.86,588.05,3.39,26.52,3.64,1251.65,1062.61,64.93,221.8,59.92,22.47,P031,EQ046
2025-09-09 07:30:00,14706.89,655.75,3.56,22.36,3.27,1221.47,1060.92,49.5,206.88,54.81,32.52,P020,EQ004
2025-09-09 07:40:00,15880.67,619.75,3.49,24.94,3.58,1241.92,1003.19,57.29,185.48,49.44,23.53,P044,EQ011
2025-09-09 07:50:00,15513.14,583.54,3.36,24.09,3.7,1256.46,1013.01,64.19,204.67,55.19,29.64,P024,EQ018
2025-09-09 08:00:00,13740.01,604.83,3.03,25.93,3.59,1250.11,1012.15,55.97,178.34,55.72,24.93,P039,EQ025
2025-09-09 08:10:00,16314.68,537.84,3.28,24.48,3.69,1255.22,1072.77,60.36,186.66,52.04,20.93,P011,EQ032
2025-09-09 08:20:00,14145.56,589.3,3.71,23.83,3.51,1234.76,1005.17,55.21,180.69,54.95,12.41,P015,EQ039
2025-09-09 08:30:00,14003.28,647.34,3.29,24.42,3.82,1235.31,1068.19,69.41,201.51,34.19,23.36,P021,EQ046
2025-09-09 08:40:00,15683.58,612.87,3.36,24.46,3.33,1240.9,1018.44,62.08,228.77,47.03,10.15,P006,EQ004
2025-09-09 08:50:00,14499.13,598.96,3.94,25.25,3.48,1255.23,1033.0,49.28,208.92,48.09,34.24,P019,EQ011
2025-09-09 09:00:00,12903.02,556.93,3.21,23.68,3.21,1201.45,1046.02,65.33,211.64,53.63,18.33,P023,EQ018
2025-09-09 09:10:00,15918.56,603.18,3.51,26.46,3.52,1283.12,1091.45,56.53,202.97,55.86,15.45,P011,EQ025
2025-09-09 09:20:00,14739.52,580.44,3.36,25.41,3.73,1269.23,1073.48,54.32,189.99,48.9,27.54,P039,EQ032
2025-09-09 09:30:00,14759.96,617.15,3.17,25.68,3.77,1214.3,996.09,60.45,190.03,50.84,11.41,P048,EQ039
2025-09-09 09:40:00,15059.43,595.65,3.62,27.0,3.16,1219.14,1074.61,56.16,205.59,52.62,16.23,P009,EQ046
2025-09-09 09:50:00,13262.21,595.45,3.32,24.49,3.53,1277.25,1023.43,62.36,169.61,52.17,26.46,P006,EQ004
2025-09-09 10:00:00,15990.79,656.3,3.51,24.76,3.05,1238.38,1094.77,58.48,211.17,46.01,33.26,P005,EQ011
2025-09-09 10:10:00,13751.09,612.66,3.28,24.92,3.43,1258.34,1056.61,67.79,198.36,45.38,33.23,P050,EQ018
2025-09-09 10:20:00,14400.96,606.22,3.4,24.52,3.04,1245.04,1064.28,62.74,204.62,49.39,21.81,P050,EQ025
2025-09-09 10:30:00,15179.67,625.97,3.17,24.71,3.52,1248.31,1064.66,57.73,206.94,49.59,26.0,P041,EQ032
2025-09-09 10:40:00,13869.69,655.41,3.55,24.82,3.52,1222.29,1087.77,58.54,208.65,44.52,34.25,P032,EQ039
2025-09-09 10:50:00,14930.07,572.31,3.42,25.03,3.84,1242.24,1063.16,64.1,202.37,47.19,13.93,P050,EQ046
2025-09-09 11:00:00,15590.76,648.39,3.36,25.83,3.7,1241.05,1081.9,62.46,199.07,54.53,16.77,P042,EQ004
2025-09-09 11:10:00,15759.59,594.54,4.05,25.41,3.26,1309.25,1048.42,65.18,198.32,47.37,23.64,P016,EQ011
2025-09-09 11:20:00,15162.66,569.79,3.29,24.13,3.48,1257.16,984.02,62.0,215.02,55.28,25.44,P036,EQ018
2025-09-09 11:30:00,16932.25,609.74,3.45,26.51,3.65,1209.59,1080.85,59.86,179.21,47.78,18.02,P044,EQ025
2025-09-09 11:40:00,17248.99,622.45,3.49,24.7,3.21,1267.18,1031.85,55.98,185.25,54.47,18.03,P021,EQ032
2025-09-09 11:50:00,13866.62,609.6,3.41,24.66,3.31,1262.93,1090.32,62.47,211.36,46.31,14.27,P038,EQ039
2025-09-09 12:00:00,13513.33,567.86,3.42,24.04,3.27,1237.02,1039.76,64.94,210.5,57.7,26.71,P011,EQ046
2025-09-09 12:10:00,13744.74,623.4,3.53,24.64,3.47,1264.31,1014.64,52.96,187.88,50.86,27.03,P023,EQ004
2025-09-09 12:20:00,14956.9,606.18,3.74,26.07,3.63,1249.27,1020.9,57.32,196.91,59.55,13.5,P021,EQ011
2025-09-09 12:30:00,16088.49,607.0,3.58,23.52,3.29,1289.44,1059.19,62.46,205.41,51.28,12.54,P008,EQ018
2025-09-09 12:40:00,15066.73,617.88,3.65,24.53,3.76,1246.1,1043.77,64.16,202.45,49.52,34.44,P021,EQ025
2025-09-09 12:50:00,16491.56,588.86,3.68,27.31,3.69,1265.49,1027.03,63.55,177.1,50.99,22.23,P040,EQ032
2025-09-09 13:00:00,15866.56,630.02,3.45,25.94,3.54,1203.36,1084.96,52.1,179.11,47.48,12.1,P005,EQ039
2025-09-09 13:10:00,14727.51,642.58,3.55,25.21,3.28,1249.77,1094.27,53.4,202.43,56.61,11.37,P004,EQ046
2025-09-09 13:20:00,15182.44,587.06,3.47,26.3,2.73,1275.41,1071.12,50.14,212.54,43.37,23.23,P041,EQ004
2025-09-09 13:30:00,15185.76,598.2,3.71,25.88,3.95,1238.18,996.48,55.57,203.64,52.72,11.18,P020,EQ011
2025-09-09 13:40:00,15968.29,589.15,3.19,25.67,3.7,1266.3,1037.96,65.01,191.53,56.73,24.98,P017,EQ018
2025-09-09 13:50:00,13773.96,584.16,3.09,24.72,3.62,1250.24,1048.55,61.13,190.0,54.81,21.21,P020,EQ025
2025-09-09 14:00:00,16065.33,611.52,3.61,23.7,3.67,1206.02,1051.65,72.09,210.94,50.46,16.73,P015,EQ032
2025-09-09 14:10:00,14389.16,637.27,3.52,25.85,3.29,1274.12,1088.46,71.87,218.15,51.52,29.12,P041,EQ039
2025-09-09 14:20:00,16455.73,599.9,3.43,24.21,3.67,1259.7,1085.18,55.06,211.35,61.49,15.37,P050,EQ046
2025-09-09 14:30:00,16370.26,577.67,3.57,23.08,3.33,1227.36,1079.33,65.3,199.01,53.82,13.53,P029,EQ004
2025-09-09 14:40:00,14997.82,554.15,3.64,24.38,3.37,1283.02,1000.36,50.17,216.24,54.56,31.85,P047,EQ011
2025-09-09 14:50:00,15146.4,613.83,3.54,25.74,3.46,1276.39,1056.13,58.88,223.0,47.61,28.58,P047,EQ018
2025-09-09 15:00:00,13479.95,628.22,3.36,24.72,3.46,1265.04,1034.17,61.66,224.29,48.22,17.39,P030,EQ025
2025-09-09 15:10:00,16239.35,599.67,3.17,24.36,3.71,1266.29,1071.61,57.62,195.47,47.95,12.98,P038,EQ032
2025-09-09 15:20:00,14322.71,617.46,3.18,25.9,3.45,1283.84,1030.55,65.33,202.87,53.43,17.51,P037,EQ039
2025-09-09 15:30:00,16407.29,576.33,3.39,25.32,3.69,1280.51,1067.31,47.0,208.53,43.28,21.49,P017,EQ046
2025-09-09 15:40:00,14286.88,560.56,3.85,26.63,3.35,1267.73,1067.5,55.65,169.86,49.93,17.23,P039,EQ004
2025-09-09 15:50:00,16662.76,577.11,3.45,23.15,3.23,1251.31,1045.77,53.22,184.09,51.91,15.08,P022,EQ011
2025-09-09 16:00:00,15444.11,613.84,3.28,22.74,3.88,1280.0,1086.89,49.04,197.97,45.59,15.78,P033,EQ018
2025-09-09 16:10:00,15099.43,564.51,3.46,23.73,3.47,1238.21,1048.32,63.43,177.2,34.35,23.36,P015,EQ025
2025-09-09 16:20:00,13136.34,600.22,3.27,24.27,3.57,1242.53,1063.4,55.42,192.54,56.26,14.88,P034,EQ032
2025-09-09 16:30:00,14560.52,603.91,3.64,25.13,3.74,1261.59,1042.52,63.78,196.54,51.22,15.44,P006,EQ039
2025-09-09 16:40:00,15998.87,559.06,3.82,26.45,3.46,1259.34,1042.8,60.98,217.16,46.63,31.85,P005,EQ046
2025-09-09 16:50:00,16072.73,630.91,3.53,24.34,3.33,1230.35,1068.57,49.92,197.73,53.5,27.21,P016,EQ004
2025-09-09 17:00:00,15622.71,622.47,3.42,23.21,3.84,1259.29,1050.03,62.38,172.39,49.58,30.64,P034,EQ011
2025-09-09 17:10:00,16297.54,624.31,3.84,25.18,3.23,1258.34,1031.39,54.71,190.85,49.98,32.96,P012,EQ018
2025-09-09 17:20:00,12983.24,632.9,3.41,22.34,3.15,1255.64,1099.41,58.37,207.92,52.96,20.68,P003,EQ025
2025-09-09 17:30:00,13460.89,602.48,3.24,25.82,3.33,1231.41,1075.2,59.02,212.03,48.35,22.82,P033,EQ032
2025-09-09 17:40:00,14024.4,598.39,3.77,23.41,3.46,1249.56,1039.86,57.57,229.27,49.66,23.37,P012,EQ039
2025-09-09 17:50:00,14534.83,577.18,3.32,24.39,3.45,1234.09,1057.72,60.42,230.36,45.26,30.3,P036,EQ046
2025-09-09 18:00:00,14656.74,611.71,3.54,27.04,4.03,1242.78,1066.7,62.1,192.17,49.34,11.71,P012,EQ004
2025-09-09 18:10:00,14698.29,561.71,3.61,26.87,3.48,1244.83,1024.81,66.35,201.15,43.54,22.0,P031,EQ011
2025-09-09 18:20:00,16201.71,605.95,3.63,25.53,3.62,1263.44,1097.14,59.71,191.35,46.68,14.91,P019,EQ018
2025-09-09 18:30:00,16283.48,539.18,3.6,23.73,3.4,1271.18,1103.31,51.93,192.63,44.06,30.68,P028,EQ025
2025-09-09 18:40:00,15861.41,601.93,3.49,23.7,3.3,1246.79,1080.01,60.11,208.57,52.33,14.6,P044,EQ032
2025-09-09 18:50:00,16624.56,595.71,3.37,24.34,3.46,1246.6,1037.5,63.38,190.82,50.77,11.56,P012,EQ039
2025-09-09 19:00:00,14704.98,591.29,3.78,25.27,3.52,1276.44,1072.5,57.74,214.6,49.43,13.06,P045,EQ046
2025-09-09 19:10:00,15068.78,582.33,3.68,25.05,3.52,1256.95,1048.25,58.07,212.45,52.92,17.64,P021,EQ004
2025-09-09 19:20:00,15445.29,585.77,3.3,24.72,3.31,1207.69,1041.06,65.33,182.52,45.36,30.79,P014,EQ011
2025-09-09 19:30:00,14303.58,619.86,3.35,24.31,3.24,1256.87,1019.83,46.17,203.13,57.93,33.16,P047,EQ018
2025-09-09 19:40:00,14259.05,603.9,3.64,24.61,3.58,1251.8,1019.31,55.38,192.94,53.9,15.66,P033,EQ025
2025-09-09 19:50:00,14984.65,544.79,3.53,24.19,3.45,1266.24,1064.3,57.62,207.77,55.39,11.25,P033,EQ032
2025-09-09 20:00:00,13471.27,614.51,3.53,25.95,3.41,1215.09,1035.78,58.4,197.48,44.05,24.11,P007,EQ039
2025-09-09 20:10:00,13931.54,631.86,3.11,25.37,3.62,1282.4,1059.5,61.18,205.34,60.33,18.91,P044,EQ046
2025-09-09 20:20:00,14410.86,670.12,3.58,25.75,3.37,1247.08,1106.29,63.36,208.03,46.46,21.96,P019,EQ004
2025-09-09 20:30:00,15284.12,601.3,3.24,23.5,3.54,1238.25,1052.47,58.26,213.57,52.08,16.98,P025,EQ011
2025-09-09 20:40:00,14136.37,621.53,3.58,24.58,3.72,1220.27,1017.89,63.2,207.81,55.8,22.41,P048,EQ018
2025-09-09 20:50:00,14409.77,597.73,3.46,26.24,3.25,1244.82,1062.65,57.5,196.77,54.0,21.98,P048,EQ025
2025-09-09 21:00:00,14150.74,617.4,3.02,24.92,3.38,1244.61,1080.69,60.43,214.77,47.39,19.47,P011,EQ032
2025-09-09 21:10:00,14723.64,571.62,3.66,26.29,3.48,1261.96,1041.59,60.05,224.6,43.83,24.81,P026,EQ039
2025-09-09 21:20:00,13790.83,596.97,3.74,24.91,3.52,1271.23,1061.9,64.4,181.18,55.32,24.72,P005,EQ046
2025-09-09 21:30:00,15609.17,572.42,3.67,24.36,3.29,1221.94,1043.54,54.19,215.67,44.44,34.67,P015,EQ004
2025-09-09 21:40:00,15301.87,549.21,3.5,22.73,3.93,1227.75,1044.23,64.12,192.58,44.75,15.25,P026,EQ011
2025-09-09 21:50:00,15766.12,617.16,3.46,26.12,3.47,1256.56,1025.09,57.2,193.91,49.22,13.41,P039,EQ018
2025-09-09 22:00:00,16303.49,622.8,3.52,25.13,3.44,1248.89,1051.75,60.29,186.36,44.03,24.39,P025,EQ025
2025-09-09 22:10:00,14704.49,642.07,3.61,26.13,3.52,1261.39,1042.44,63.54,210.3,49.46,25.73,P028,EQ032
2025-09-09 22:20:00,13476.6,593.3,3.7,25.27,3.43,1234.24,1056.71,52.99,179.94,51.43,16.55,P022,EQ039
2025-09-09 22:30:00,15980.53,585.67,3.27,25.6,3.4,1249.88,1016.22,62.9,201.04,44.91,11.32,P038,EQ046
2025-09-09 22:40:00,14136.97,647.37,3.37,23.83,3.26,1221.31,1036.88,56.07,178.61,47.22,24.38,P002,EQ004
2025-09-09 22:50:00,12881.79,602.73,3.36,23.94,3.48,1260.89,1037.4,56.04,213.47,49.75,27.24,P008,EQ011
2025-09-09 23:00:00,12463.75,592.98,3.25,24.57,3.31,1248.23,1065.59,51.64,174.17,50.02,11.21,P039,EQ018
2025-09-09 23:10:00,12932.79,588.88,3.56,24.73,3.34,1232.32,1050.19,66.26,217.56,45.37,23.85,P031,EQ025
2025-09-09 23:20:00,14108.93,690.91,3.57,23.82,3.67,1262.48,1034.74,61.8,196.89,50.14,15.7,P002,EQ032
2025-09-09 23:30:00,16402.34,585.58,3.64,25.38,3.71,1235.97,1050.53,58.56,204.42,49.41,23.28,P015,EQ039
2025-09-09 23:40:00,15161.42,565.62,3.82,23.71,3.8,1271.9,1073.68,58.49,210.88,52.65,30.82,P044,EQ046
2025-09-09 23:50:00,15277.02,552.98,3.44,23.25,3.56,1263.29,1047.04,61.67,210.07,45.64,27.72,P011,EQ004
2025-09-10 00:00:00,15458.56,603.58,3.25,27.57,3.44,1232.03,1030.76,61.3,177.61,42.32,12.38,P006,EQ011
2025-09-10 00:10:00,15608.42,596.52,3.62,24.68,3.78,1199.53,1036.66,69.32,197.67,58.28,23.51,P027,EQ018
2025-09-10 00:20:00,15226.59,639.08,3.38,24.51,3.54,1230.62,1046.72,56.04,198.53,45.08,26.59,P019,EQ025
2025-09-10 00:30:00,14294.95,600.71,3.49,23.53,3.83,1253.89,1032.3,53.86,200.54,64.3,32.62,P011,EQ032
2025-09-10 00:40:00,16461.48,606.63,3.65,24.18,3.32,1250.08,1043.65,58.69,202.71,42.49,26.26,P025,EQ039
2025-09-10 00:50:00,14241.66,594.4,3.52,24.3,3.65,1250.48,1067.53,69.98,217.76,43.07,16.92,P033,EQ046
2025-09-10 01:00:00,17182.04,647.33,3.19,24.75,3.75,1240.82,1054.58,57.46,209.42,43.26,29.41,P020,EQ004
2025-09-10 01:10:00,15473.01,620.98,3.22,25.46,3.73,1249.64,1066.96,60.85,205.22,56.63,25.48,P043,EQ011
2025-09-10 01:20:00,16517.46,618.49,3.55,23.12,3.25,1289.11,1046.61,62.02,194.52,63.37,25.38,P030,EQ018
2025-09-10 01:30:00,13704.99,655.46,3.66,24.65,3.4,1272.0,1048.47,61.59,191.34,46.66,24.57,P029,EQ025
2025-09-10 01:40:00,15540.0,613.04,3.54,23.71,3.43,1267.63,1060.19,54.84,216.0,52.65,14.27,P024,EQ032
2025-09-10 01:50:00,13164.06,646.07,3.69,25.52,3.28,1214.76,1011.24,57.13,201.35,44.72,30.6,P032,EQ039
2025-09-10 02:00:00,14941.42,574.41,3.59,25.64,3.42,1290.27,1066.49,58.19,216.5,47.34,18.21,P046,EQ046
2025-09-10 02:10:00,17065.91,549.79,3.29,25.27,3.29,1285.49,1073.97,56.26,185.02,51.82,24.28,P049,EQ004
2025-09-10 02:20:00,14235.98,618.95,3.3,23.7,3.46,1276.8,1003.75,49.94,207.36,51.0,23.0,P034,EQ011
2025-09-10 02:30:00,14459.16,624.21,3.38,24.34,3.59,1234.78,1052.99,63.73,214.42,59.61,28.55,P038,EQ018
2025-09-10 02:40:00,14762.96,610.12,3.15,25.86,3.38,1214.87,1047.0,60.33,195.59,50.73,11.28,P010,EQ025
2025-09-10 02:50:00,16232.92,597.1,3.49,26.01,3.42,1255.59,989.94,56.41,222.21,47.31,11.79,P048,EQ032
2025-09-10 03:00:00,15216.04,610.77,3.81,27.06,3.76,1268.97,1042.0,60.94,190.9,49.85,24.6,P047,EQ039
2025-09-10 03:10:00,14501.28,623.63,3.58,23.97,3.43,1238.88,1042.73,72.09,190.6,51.56,23.47,P043,EQ046
2025-09-10 03:20:00,15281.47,673.95,3.54,24.96,3.12,1251.21,1037.43,58.86,200.39,50.69,32.43,P041,EQ004
2025-09-10 03:30:00,16154.9,628.41,3.03,24.87,3.63,1226.23,1027.44,66.76,197.43,50.05,30.96,P009,EQ011
2025-09-10 03:40:00,14041.92,615.22,3.62,25.42,3.46,1250.82,1055.05,73.35,226.37,43.63,17.48,P035,EQ018
2025-09-10 03:50:00,15179.68,569.52,3.23,23.26,3.57,1260.0,1045.16,59.81,213.61,54.04,14.69,P039,EQ025
2025-09-10 04:00:00,15444.69,599.39,3.82,25.6,3.2,1235.37,1083.95,53.1,179.82,47.73,32.68,P029,EQ032
2025-09-10 04:10:00,16203.37,623.2,3.41,24.96,3.85,1266.8,1108.77,63.9,196.59,56.13,32.47,P030,EQ039
2025-09-10 04:20:00,13547.86,629.27,3.44,24.15,3.45,1268.57,1083.32,67.73,207.38,54.33,10.36,P022,EQ046
2025-09-10 04:30:00,14650.14,622.91,3.2,24.36,3.95,1250.21,1017.95,61.38,207.69,52.73,28.77,P034,EQ004
2025-09-10 04:40:00,14646.16,574.04,3.82,26.0,3.04,1282.46,1029.5,55.73,195.6,53.98,17.48,P017,EQ011
2025-09-10 04:50:00,17945.13,587.4,3.43,25.59,3.57,1273.7,1035.09,60.43,202.81,47.84,33.14,P007,EQ018
2025-09-10 05:00:00,16154.86,618.88,3.37,26.01,3.67,1240.26,1035.32,63.1,181.36,49.78,29.75,P014,EQ025
2025-09-10 05:10:00,14863.5,644.73,3.14,24.65,3.32,1259.91,1118.8,55.6,205.12,56.66,20.64,P049,EQ032
2025-09-10 05:20:00,15960.48,622.66,3.59,24.32,3.7,1227.69,1058.73,68.82,217.93,43.16,31.85,P034,EQ039
2025-09-10 05:30:00,14685.92,606.26,3.61,26.84,3.45,1273.62,1042.21,56.83,222.42,46.02,34.87,P034,EQ046
2025-09-10 05:40:00,13191.73,541.65,3.25,25.16,3.16,1280.37,1019.51,62.59,218.37,36.26,12.62,P012,EQ004
2025-09-10 05:50:00,16441.14,601.56,3.7,23.84,3.43,1241.62,1071.18,57.78,200.23,51.92,28.15,P041,EQ011
2025-09-10 06:00:00,13501.42,593.49,3.39,25.8,3.14,1238.09,1061.13,57.01,181.29,57.79,10.74,P034,EQ018
2025-09-10 06:10:00,15933.68,604.42,3.2,23.45,3.5,1268.11,1047.33,62.29,208.71,56.55,22.57,P049,EQ025
2025-09-10 06:20:00,14975.65,553.85,3.37,25.41,3.39,1235.62,1109.77,62.54,213.24,41.61,20.86,P035,EQ032
2025-09-10 06:30:00,15512.81,611.03,3.73,23.61,3.58,1269.93,1038.61,53.1,176.99,42.8,12.85,P006,EQ039
2025-09-10 06:40:00,15807.02,582.64,3.13,25.09,3.79,1258.69,1022.51,53.92,199.66,54.32,24.45,P040,EQ046
2025-09-10 06:50:00,15388.55,565.14,3.44,23.02,3.41,1249.43,1076.12,56.29,184.31,50.46,34.65,P032,EQ004
2025-09-10 07:00:00,13708.46,568.22,3.56,23.8,3.66,1243.94,1041.07,60.38,212.07,40.97,30.86,P006,EQ011
2025-09-10 07:10:00,14790.87,565.96,3.45,25.14,3.34,1262.0,1036.8,51.12,189.77,47.85,16.88,P022,EQ018
2025-09-10 07:20:00,13593.68,564.8,3.66,24.84,3.35,1201.07,958.44,56.87,207.88,45.39,24.41,P002,EQ025
2025-09-10 07:30:00,12920.38,585.05,3.46,26.21,3.45,1226.13,1038.45,59.61,230.13,42.9,28.45,P040,EQ032
2025-09-10 07:40:00,14900.21,594.36,3.73,25.0,3.42,1248.02,1062.32,53.28,225.81,56.8,26.42,P047,EQ039
2025-09-10 07:50:00,15046.89,635.95,3.37,24.06,3.53,1269.76,1117.27,53.82,172.17,46.09,24.32,P011,EQ046
2025-09-10 08:00:00,16599.98,585.65,3.64,23.15,3.56,1250.65,1035.64,57.14,195.7,44.37,30.83,P029,EQ004
2025-09-10 08:10:00,14791.03,613.46,3.53,24.17,3.36,1260.46,1000.74,60.24,203.48,54.69,21.7,P004,EQ011
2025-09-10 08:20:00,14483.03,593.11,3.47,23.49,3.17,1214.3,1085.0,50.3,221.54,52.6,19.26,P010,EQ018
2025-09-10 08:30:00,13979.48,595.35,3.55,24.98,3.41,1221.41,1014.76,56.95,192.84,45.97,24.01,P028,EQ025
2025-09-10 08:40:00,15259.13,613.98,3.49,24.18,3.67,1235.9,1054.91,62.59,198.45,53.67,33.12,P038,EQ032
2025-09-10 08:50:00,15470.52,612.06,3.51,24.53,3.56,1259.99,1039.36,60.32,222.36,44.53,15.19,P024,EQ039
2025-09-10 09:00:00,14531.65,570.44,3.52,26.52,3.29,1265.35,1033.8,50.21,212.53,48.69,12.24,P043,EQ046
2025-09-10 09:10:00,14982.76,578.31,3.15,24.76,3.68,1241.28,1064.81,56.86,200.53,47.18,17.83,P033,EQ004
2025-09-10 09:20:00,15093.3,623.59,3.84,25.24,3.48,1280.05,1091.69,58.21,195.33,60.87,23.46,P002,EQ011
2025-09-10 09:30:00,17547.8,593.78,3.4,24.35,3.57,1237.74,1118.1,49.92,203.92,46.62,28.86,P030,EQ018
2025-09-10 09:40:00,14942.99,656.9,3.7,23.95,3.31,1264.03,1085.39,56.41,182.21,43.32,34.03,P001,EQ025
2025-09-10 09:50:00,16681.32,606.8,3.71,24.69,3.68,1245.64,1058.56,51.71,205.17,46.36,29.22,P043,EQ032
2025-09-10 10:00:00,15130.77,585.46,3.62,24.83,3.46,1230.93,1043.31,58.39,176.65,49.63,17.96,P009,EQ039
2025-09-10 10:10:00,14621.58,555.36,3.36,24.68,3.36,1222.34,1092.69,51.82,215.69,50.06,26.83,P002,EQ046
2025-09-10 10:20:00,14276.71,659.5,3.75,25.03,3.46,1281.18,1055.31,55.28,194.81,45.42,28.65,P008,EQ004
2025-09-10 10:30:00,13614.38,565.29,3.23,22.7,3.42,1247.11,1089.83,61.74,195.32,58.87,13.05,P016,EQ011
2025-09-10 10:40:00,15055.65,644.49,3.51,24.54,3.36,1252.28,1013.92,54.88,214.12,49.92,29.68,P006,EQ018
2025-09-10 10:50:00,14975.88,598.13,3.62,24.23,3.62,1239.1,1035.13,66.38,215.37,56.44,10.26,P035,EQ025
2025-09-10 11:00:00,16740.36,636.92,3.95,24.28,3.37,1274.64,1059.23,64.68,184.66,47.06,13.14,P037,EQ032
2025-09-10 11:10:00,14668.67,599.61,3.92,23.65,3.35,1253.57,1051.57,58.36,211.0,49.24,34.62,P020,EQ039
2025-09-10 11:20:00,14818.15,556.62,3.7,24.62,3.35,1252.42,1040.45,54.18,162.75,45.63,13.36,P021,EQ046
2025-09-10 11:30:00,15712.64,578.02,3.24,23.68,3.58,1254.86,1103.85,57.23,215.29,48.23,18.74,P016,EQ004
2025-09-10 11:40:00,14530.34,637.07,3.69,27.01,3.27,1239.41,1051.02,65.8,190.03,55.63,28.09,P003,EQ011
2025-09-10 11:50:00,14889.91,591.53,3.24,25.77,3.59,1246.92,1012.81,61.42,228.01,50.24,24.35,P045,EQ018
2025-09-10 12:00:00,15404.65,551.01,3.88,23.16,3.27,1252.61,995.16,56.93,202.77,61.64,23.28,P035,EQ025
2025-09-10 12:10:00,14818.47,571.97,3.45,25.37,3.67,1221.82,1046.69,53.45,201.51,54.3,29.94,P033,EQ032
2025-09-10 12:20:00,15403.71,608.89,3.51,25.19,3.69,1199.16,1095.05,67.99,197.01,49.72,27.93,P003,EQ039
2025-09-10 12:30:00,15345.57,591.5,3.54,25.04,3.97,1261.72,1033.0,55.07,196.9,54.24,17.09,P004,EQ046
2025-09-10 12:40:00,13111.3,593.66,3.74,24.06,3.34,1224.99,1056.74,60.76,202.19,50.41,31.98,P020,EQ004
2025-09-10 12:50:00,15856.87,589.33,3.34,24.15,3.64,1263.69,1070.83,64.73,187.78,52.72,15.3,P030,EQ011
2025-09-10 13:00:00,14882.28,547.99,3.57,25.65,3.49,1252.91,1061.56,60.37,233.37,55.39,15.16,P005,EQ018
2025-09-10 13:10:00,15924.57,615.98,3.42,25.01,3.61,1259.68,1057.13,59.66,187.86,50.79,32.64,P045,EQ025
2025-09-10 13:20:00,15009.86,575.86,3.59,23.09,3.62,1212.72,1015.6,54.47,204.27,44.29,29.88,P034,EQ032
2025-09-10 13:30:00,15127.65,581.66,3.52,25.94,3.65,1248.66,1064.28,64.08,236.35,47.9,22.4,P025,EQ039
2025-09-10 13:40:00,15338.56,600.17,3.4,24.87,3.19,1240.04,1036.75,63.13,204.36,47.78,28.94,P009,EQ046
2025-09-10 13:50:00,14581.17,623.53,3.55,26.75,3.7,1247.82,1056.94,55.3,198.75,49.38,32.88,P006,EQ004
2025-09-10 14:00:00,13423.42,574.84,3.36,23.36,3.49,1286.75,1030.3,53.16,207.76,52.16,15.43,P023,EQ011
2025-09-10 14:10:00,13589.75,601.67,3.3,23.32,3.49,1285.01,1042.59,60.73,159.92,46.72,22.74,P039,EQ018
2025-09-10 14:20:00,14014.27,653.02,3.41,24.55,3.23,1247.78,1019.19,68.02,177.86,55.18,20.02,P016,EQ025
2025-09-10 14:30:00,15085.7,551.2,3.54,23.02,3.35,1260.7,1038.81,61.82,208.04,46.9,15.22,P016,EQ032
2025-09-10 14:40:00,13663.23,548.69,3.34,24.2,3.69,1257.48,1104.59,59.2,186.63,51.46,29.96,P004,EQ039
2025-09-10 14:50:00,16216.97,620.67,3.45,25.33,3.5,1235.55,1064.21,66.3,191.05,49.06,27.61,P041,EQ046
2025-09-10 15:00:00,15362.26,584.49,3.14,24.23,2.88,1256.1,1040.78,59.47,244.02,54.06,18.35,P021,EQ004
2025-09-10 15:10:00,14410.34,604.63,3.72,26.35,3.36,1271.36,1073.28,70.45,197.71,50.66,34.39,P049,EQ011
2025-09-10 15:20:00,16740.31,675.95,3.63,25.24,3.08,1243.97,1030.12,62.1,207.82,43.81,31.04,P028,EQ018
2025-09-10 15:30:00,13282.58,567.37,3.59,23.93,3.63,1237.36,1118.28,59.77,201.71,45.55,12.26,P041,EQ025
2025-09-10 15:40:00,15293.95,558.15,3.52,25.48,3.36,1251.14,1010.81,59.13,214.12,57.12,33.89,P029,EQ032
2025-09-10 15:50:00,15758.0,547.5,3.55,24.01,3.19,1230.49,1057.5,55.6,202.3,53.34,26.64,P006,EQ039
2025-09-10 16:00:00,14675.61,644.78,3.62,22.81,3.59,1259.08,1089.59,65.37,216.36,56.32,26.27,P025,EQ046
2025-09-10 16:10:00,15699.35,555.66,3.61,24.87,3.51,1263.31,1076.02,53.61,205.92,60.8,30.51,P016,EQ004
2025-09-10 16:20:00,16254.28,601.62,3.47,26.15,3.48,1248.66,1042.34,57.58,199.24,52.65,24.62,P037,EQ011
2025-09-10 16:30:00,16176.72,631.48,3.93,25.56,3.5,1259.44,992.21,61.54,227.28,53.3,14.65,P023,EQ018
2025-09-10 16:40:00,15681.57,580.78,3.59,24.17,3.34,1252.7,1055.62,53.8,191.55,42.0,29.75,P008,EQ025
2025-09-10 16:50:00,13882.82,615.57,3.68,24.52,3.52,1282.36,1017.48,65.1,208.99,44.78,12.53,P019,EQ032
2025-09-10 17:00:00,13071.01,668.27,3.45,25.37,3.78,1240.32,1047.58,54.65,190.76,49.21,16.15,P044,EQ039
2025-09-10 17:10:00,14574.73,624.89,3.33,22.9,3.52,1235.23,1054.96,54.3,208.98,50.27,25.34,P043,EQ046
2025-09-10 17:20:00,14563.1,594.84,3.24,24.12,3.03,1244.46,1031.48,65.92,178.81,49.49,13.35,P033,EQ004
2025-09-10 17:30:00,14398.85,622.72,3.41,25.05,3.8,1238.74,1069.83,69.72,194.31,50.61,32.78,P031,EQ011
2025-09-10 17:40:00,16091.34,584.41,3.65,23.81,3.36,1288.47,1074.42,53.42,181.38,50.16,22.15,P030,EQ018
2025-09-10 17:50:00,14381.75,558.13,3.73,23.81,3.65,1294.6,1092.71,68.14,199.86,52.56,10.7,P011,EQ025
2025-09-10 18:00:00,14372.69,646.77,3.78,26.01,3.26,1210.85,1073.92,60.03,193.14,56.94,23.62,P027,EQ032
2025-09-10 18:10:00,14015.77,621.63,3.87,24.3,3.27,1252.52,1023.08,66.06,213.1,57.69,34.92,P042,EQ039
2025-09-10 18:20:00,14811.05,583.98,3.61,24.98,3.4,1233.31,1022.43,54.02,188.61,43.15,19.46,P001,EQ046
2025-09-10 18:30:00,15897.77,609.13,3.27,26.02,3.82,1252.78,1079.52,59.32,211.88,46.99,18.58,P016,EQ004
2025-09-10 18:40:00,14693.01,624.58,3.92,24.47,3.56,1249.33,1069.73,59.14,173.95,51.73,17.37,P034,EQ011
2025-09-10 18:50:00,17089.54,565.62,3.49,27.49,3.68,1223.57,1032.81,58.19,176.53,47.15,12.06,P017,EQ018
2025-09-10 19:00:00,14253.67,611.51,3.79,25.12,3.86,1292.22,1055.32,58.49,195.04,48.79,16.41,P046,EQ025
2025-09-10 19:10:00,17133.02,581.8,3.69,27.15,3.73,1276.58,1001.28,64.64,187.86,49.98,27.07,P005,EQ032
2025-09-10 19:20:00,14891.63,621.46,3.35,27.48,3.61,1266.2,1086.72,57.87,207.13,49.54,10.87,P007,EQ039
2025-09-10 19:30:00,15612.85,655.59,3.44,27.23,3.21,1271.09,1067.61,54.46,188.61,57.13,25.59,P045,EQ046
2025-09-10 19:40:00,14754.76,580.96,3.2,24.0,3.4,1246.3,1001.59,54.47,187.26,53.95,21.55,P021,EQ004
2025-09-10 19:50:00,13120.85,566.1,3.63,25.65,3.36,1241.61,1100.71,67.06,186.14,45.79,25.87,P014,EQ011
2025-09-10 20:00:00,14540.57,585.26,3.72,26.34,3.58,1248.13,1062.61,61.09,193.6,53.62,18.37,P041,EQ018
2025-09-10 20:10:00,14307.01,592.31,3.54,24.93,3.42,1234.91,996.07,60.49,210.87,41.84,32.98,P027,EQ025
2025-09-10 20:20:00,15869.62,616.05,3.4,23.7,3.51,1275.64,1037.83,63.19,177.46,52.64,30.71,P003,EQ032
2025-09-10 20:30:00,13943.51,584.16,3.5,25.37,3.3,1255.35,1051.62,63.11,216.72,53.02,34.38,P008,EQ039
2025-09-10 20:40:00,14466.29,638.83,3.68,23.41,3.54,1248.13,1059.61,53.27,214.32,55.06,10.94,P043,EQ046
2025-09-10 20:50:00,14246.28,631.83,3.36,25.05,3.3,1226.68,1034.28,61.54,202.91,53.27,24.01,P001,EQ004
2025-09-10 21:00:00,15399.4,620.58,3.56,25.92,3.64,1229.93,1031.38,60.62,212.79,53.97,13.38,P014,EQ011
2025-09-10 21:10:00,16254.39,613.63,3.6,26.65,3.25,1251.55,1050.45,63.62,208.81,52.56,10.21,P010,EQ018
2025-09-10 21:20:00,15461.39,575.08,3.84,24.91,3.67,1254.33,1083.7,56.83,221.47,58.27,22.17,P014,EQ025
2025-09-10 21:30:00,16027.13,642.62,3.27,24.98,3.93,1262.1,1071.55,53.82,178.08,44.52,20.56,P033,EQ032
2025-09-10 21:40:00,15256.16,637.33,3.33,24.94,3.41,1267.67,968.07,61.52,218.24,61.1,31.81,P017,EQ039
2025-09-10 21:50:00,13202.87,606.62,3.59,26.27,3.36,1288.14,1030.39,57.87,190.23,52.24,25.84,P044,EQ046
2025-09-10 22:00:00,15958.32,582.86,3.52,23.66,3.58,1237.71,1100.35,57.68,192.58,55.8,16.76,P008,EQ004
2025-09-10 22:10:00,14899.83,591.54,3.21,24.81,3.56,1276.33,1060.84,64.69,217.65,50.07,23.22,P038,EQ011
2025-09-10 22:20:00,15012.43,564.02,3.52,24.12,3.66,1264.32,1061.72,54.22,196.9,53.55,15.75,P021,EQ018
2025-09-10 22:30:00,14673.2,635.77,3.85,24.41,3.42,1220.61,1013.47,46.87,202.18,58.48,29.86,P002,EQ025
2025-09-10 22:40:00,15237.34,543.36,3.2,26.69,3.57,1254.19,1043.93,58.75,225.44,47.1,24.38,P037,EQ032
2025-09-10 22:50:00,16535.42,625.02,3.74,25.09,3.32,1239.66,1071.37,58.02,221.67,56.19,29.93,P027,EQ039
2025-09-10 23:00:00,14989.5,584.98,3.55,25.3,3.5,1218.2,1045.69,55.93,192.8,38.69,22.38,P017,EQ046
2025-09-10 23:10:00,14764.88,620.96,3.31,26.93,3.54,1260.97,1045.91,57.41,198.39,46.05,27.38,P043,EQ004
2025-09-10 23:20:00,15712.41,506.89,3.64,23.39,3.74,1232.3,1018.36,53.79,171.11,47.87,31.51,P041,EQ011
2025-09-10 23:30:00,16078.84,630.05,3.61,25.1,3.25,1250.28,1035.6,63.3,216.91,42.06,34.13,P001,EQ018
2025-09-10 23:40:00,15150.31,571.88,3.23,23.92,3.59,1250.69,1037.22,63.69,193.72,45.41,24.24,P012,EQ025
2025-09-10 23:50:00,15542.04,621.82,3.72,25.29,3.83,1236.12,1042.56,62.26,232.44,51.0,22.64,P049,EQ032
2025-09-11 00:00:00,15586.01,537.51,3.45,25.19,3.17,1248.68,1008.4,56.78,223.77,56.86,31.45,P040,EQ039
2025-09-11 00:10:00,14822.99,610.27,3.75,25.27,3.48,1251.64,1015.27,64.17,193.69,35.13,22.73,P049,EQ046
2025-09-11 00:20:00,13820.34,615.74,3.64,25.54,3.42,1237.64,1079.04,55.35,191.52,52.33,16.74,P021,EQ004
2025-09-11 00:30:00,15804.81,642.3,3.24,24.4,3.45,1254.42,1054.54,51.76,219.92,47.87,28.86,P023,EQ011
2025-09-11 00:40:00,14766.66,621.33,3.4,24.79,3.55,1241.68,1039.5,63.14,210.12,48.54,12.8,P046,EQ018
2025-09-11 00:50:00,16922.36,510.41,3.82,25.64,3.87,1228.77,1086.64,67.53,199.59,54.51,15.93,P050,EQ025
2025-09-11 01:00:00,13925.56,599.81,3.62,26.35,3.44,1247.24,1069.72,54.01,207.43,49.13,18.22,P048,EQ032
2025-09-11 01:10:00,14215.51,575.25,3.5,25.82,3.59,1239.92,1078.55,66.68,198.97,48.19,32.32,P009,EQ039
2025-09-11 01:20:00,13764.12,654.71,3.72,24.58,3.45,1262.98,1068.56,55.52,180.85,56.29,31.15,P008,EQ046
2025-09-11 01:30:00,15971.81,626.04,3.53,25.31,3.72,1261.06,1075.44,65.49,204.89,46.22,21.34,P013,EQ004
2025-09-11 01:40:00,14446.73,595.59,3.81,25.52,3.82,1268.77,1050.1,54.7,169.1,52.1,10.53,P028,EQ011
2025-09-11 01:50:00,13874.19,612.3,3.32,25.37,3.61,1252.16,1057.23,54.16,205.43,53.43,30.15,P036,EQ018
2025-09-11 02:00:00,15687.99,596.45,3.36,25.2,3.13,1249.87,1070.56,58.6,242.74,56.63,34.63,P007,EQ025
2025-09-11 02:10:00,13187.96,605.6,3.79,27.28,3.74,1228.18,1019.95,59.11,195.17,49.38,28.94,P018,EQ032
2025-09-11 02:20:00,15049.19,592.21,3.57,25.37,3.47,1229.18,1069.43,58.13,215.47,57.41,29.39,P050,EQ039
2025-09-11 02:30:00,15020.12,564.54,3.45,26.12,3.46,1229.01,1046.1,56.74,192.28,57.01,30.72,P013,EQ046
2025-09-11 02:40:00,13752.91,593.57,3.43,24.32,3.53,1256.54,1022.91,60.46,201.48,53.2,17.63,P014,EQ004
2025-09-11 02:50:00,15287.76,636.22,3.43,26.82,3.21,1261.72,1116.64,61.65,205.7,51.26,24.77,P049,EQ011
2025-09-11 03:00:00,16516.38,574.35,3.4,25.0,3.69,1264.67,1032.96,50.41,227.16,46.57,23.07,P005,EQ018
2025-09-11 03:10:00,14370.31,619.37,3.54,25.43,3.48,1256.27,1051.66,59.07,185.38,52.34,22.68,P014,EQ025
2025-09-11 03:20:00,13692.48,601.41,3.72,23.82,3.21,1237.64,1050.32,60.28,193.89,50.91,23.71,P029,EQ032
2025-09-11 03:30:00,15092.42,611.5,3.68,24.36,3.64,1249.53,1050.08,60.16,195.8,45.33,26.3,P023,EQ039
2025-09-11 03:40:00,14574.46,579.35,3.62,26.07,3.76,1238.17,1099.75,67.67,202.1,47.94,34.05,P015,EQ046
2025-09-11 03:50:00,16389.69,573.84,3.55,24.26,3.37,1245.21,1051.14,60.95,210.22,56.62,28.31,P014,EQ004
2025-09-11 04:00:00,15904.93,634.18,3.48,28.5,3.51,1252.74,1085.12,56.5,189.32,51.54,20.12,P049,EQ011
2025-09-11 04:10:00,14823.09,604.02,3.49,24.99,3.43,1254.76,1032.85,62.08,202.27,44.0,21.87,P001,EQ018
2025-09-11 04:20:00,14985.31,624.21,3.66,25.25,3.37,1255.22,1056.29,65.79,193.47,54.99,30.74,P007,EQ025
2025-09-11 04:30:00,14778.86,598.77,3.29,25.43,3.47,1257.94,999.85,62.56,204.42,49.05,15.81,P001,EQ032
2025-09-11 04:40:00,14246.78,631.97,3.99,23.94,3.45,1249.99,1037.94,51.81,211.16,56.03,25.13,P040,EQ039
2025-09-11 04:50:00,17211.48,596.97,3.23,25.47,3.25,1244.38,1105.92,64.16,195.27,50.59,32.83,P023,EQ046
2025-09-11 05:00:00,15239.06,583.23,3.81,23.25,3.59,1244.94,1066.66,59.14,205.08,53.19,14.83,P041,EQ004
2025-09-11 05:10:00,14893.3,627.28,3.65,23.25,3.35,1234.31,1029.95,59.39,208.57,50.27,31.83,P002,EQ011
2025-09-11 05:20:00,15416.51,583.11,3.4,24.65,3.15,1225.4,1065.52,62.81,200.02,48.09,14.66,P009,EQ018
2025-09-11 05:30:00,13122.75,592.77,3.46,24.49,3.86,1233.66,1018.01,67.41,215.22,50.9,19.9,P023,EQ025
2025-09-11 05:40:00,14688.83,653.53,3.69,23.63,3.35,1245.56,1088.87,60.17,224.69,49.92,16.61,P011,EQ032
2025-09-11 05:50:00,15921.19,634.8,3.92,24.3,3.48,1261.98,1065.81,60.02,207.29,45.91,34.25,P017,EQ039
2025-09-11 06:00:00,13246.78,563.64,3.36,24.48,3.63,1267.23,1060.76,50.01,188.67,48.11,11.7,P011,EQ046
2025-09-11 06:10:00,14768.59,628.27,3.48,23.82,3.7,1261.03,1048.62,50.48,176.16,46.06,31.56,P015,EQ004
2025-09-11 06:20:00,14121.36,583.79,3.14,25.32,3.52,1265.59,1053.58,66.84,183.35,53.81,32.36,P040,EQ011
2025-09-11 06:30:00,17221.67,632.61,3.33,24.2,3.44,1259.86,1074.48,62.38,218.4,56.55,10.87,P042,EQ018
2025-09-11 06:40:00,15905.4,584.42,3.16,24.42,3.25,1243.72,1015.32,62.59,190.73,43.26,18.9,P030,EQ025
2025-09-11 06:50:00,15344.06,591.64,3.39,25.14,3.05,1273.52,1069.6,64.45,194.91,51.32,13.35,P018,EQ032
2025-09-11 07:00:00,15207.31,598.88,3.4,24.86,3.19,1244.7,1065.65,66.47,190.52,56.97,28.95,P005,EQ039
2025-09-11 07:10:00,14534.67,602.9,3.72,25.86,3.27,1246.48,1037.14,62.7,215.16,47.0,10.49,P046,EQ046
2025-09-11 07:20:00,15962.94,590.79,3.62,25.98,3.5,1268.03,1030.1,59.21,223.41,52.64,27.25,P045,EQ004
2025-09-11 07:30:00,15214.58,608.82,3.22,25.41,3.77,1240.24,1006.74,55.34,206.56,45.53,24.79,P046,EQ011
2025-09-11 07:40:00,14582.83,600.32,3.56,23.22,3.83,1243.84,1017.76,55.34,200.9,49.72,16.8,P037,EQ018
2025-09-11 07:50:00,17443.49,603.66,2.98,25.73,3.74,1243.75,1075.17,63.19,201.89,39.92,15.38,P018,EQ025
2025-09-11 08:00:00,17421.48,602.85,3.45,25.06,3.26,1232.77,1060.01,59.91,186.4,48.06,19.28,P050,EQ032
2025-09-11 08:10:00,14315.94,585.77,3.36,23.35,3.71,1260.92,1041.26,57.84,183.17,48.13,16.0,P036,EQ039
2025-09-11 08:20:00,16765.71,590.11,3.62,23.5,3.37,1275.35,1105.18,72.2,210.96,49.36,26.08,P004,EQ046
2025-09-11 08:30:00,14294.29,638.66,3.37,26.18,3.49,1231.17,1055.33,59.81,198.69,48.51,25.53,P046,EQ004
2025-09-11 08:40:00,14563.44,580.09,3.53,23.18,3.16,1257.31,1049.91,64.76,186.91,51.93,25.4,P007,EQ011
2025-09-11 08:50:00,14931.74,592.02,3.79,24.75,3.19,1231.91,1065.3,58.27,203.31,51.04,33.87,P010,EQ018
2025-09-11 09:00:00,16105.59,571.98,3.69,26.17,3.65,1228.42,1046.06,66.56,206.69,55.24,13.6,P018,EQ025
2025-09-11 09:10:00,14352.44,574.57,3.67,24.47,3.68,1239.91,1069.16,65.78,214.64,47.08,23.6,P030,EQ032
2025-09-11 09:20:00,16643.59,535.22,3.15,24.75,3.41,1279.69,1097.99,55.26,199.38,45.36,10.7,P047,EQ039
2025-09-11 09:30:00,14325.16,607.62,3.21,24.97,3.95,1242.14,1053.68,64.59,213.01,58.54,28.38,P031,EQ046
2025-09-11 09:40:00,14570.31,540.78,3.62,24.8,3.95,1223.31,996.34,60.87,199.41,50.97,13.78,P025,EQ004
2025-09-11 09:50:00,16886.36,614.78,3.25,25.01,3.56,1234.84,1020.55,55.74,184.47,53.87,34.57,P037,EQ011
2025-09-11 10:00:00,14834.87,585.91,3.49,23.27,3.67,1251.83,1027.71,71.67,197.47,51.27,20.17,P012,EQ018
2025-09-11 10:10:00,15597.46,607.44,3.53,23.59,3.41,1224.77,1053.49,64.23,192.15,56.07,14.44,P006,EQ025
2025-09-11 10:20:00,15614.18,550.23,3.79,25.32,3.68,1223.01,1057.35,63.65,198.86,57.12,34.8,P020,EQ032
2025-09-11 10:30:00,17497.92,570.01,3.69,26.55,3.29,1246.35,1028.88,61.79,181.41,50.39,29.84,P012,EQ039
2025-09-11 10:40:00,13405.89,649.26,3.84,23.99,3.64,1247.69,1056.65,69.39,208.28,55.56,17.24,P017,EQ046
2025-09-11 10:50:00,16152.79,575.98,3.52,25.42,3.76,1237.75,1054.13,60.28,202.0,52.85,30.81,P045,EQ004
2025-09-11 11:00:00,14902.73,562.9,3.2,23.91,3.65,1249.34,1056.35,56.83,185.49,56.98,26.14,P014,EQ011
2025-09-11 11:10:00,15338.98,584.8,3.27,23.65,3.43,1253.93,1021.65,63.68,197.99,54.09,14.31,P007,EQ018
2025-09-11 11:20:00,15184.44,625.33,3.57,24.77,3.9,1273.37,1074.36,60.22,217.04,49.16,12.7,P040,EQ025
2025-09-11 11:30:00,16232.91,591.68,3.32,24.55,3.48,1209.11,1014.28,64.48,186.45,55.83,11.29,P013,EQ032
2025-09-11 11:40:00,15186.32,653.99,3.76,24.08,3.82,1254.03,1021.98,58.36,213.63,52.7,17.64,P034,EQ039
2025-09-11 11:50:00,13080.45,575.2,3.44,26.29,3.62,1240.5,1051.43,65.05,198.61,44.27,20.79,P045,EQ046
2025-09-11 12:00:00,14435.87,614.7,3.65,24.2,3.36,1258.12,1052.72,66.84,184.21,46.11,19.54,P004,EQ004
2025-09-11 12:10:00,13870.2,582.47,3.38,25.0,4.03,1227.95,1053.39,72.54,204.79,47.0,21.87,P010,EQ011
2025-09-11 12:20:00,14720.1,599.45,3.64,24.32,3.42,1271.33,1075.39,65.96,201.63,55.68,23.65,P029,EQ018
2025-09-11 12:30:00,13969.36,584.04,3.96,24.49,3.83,1287.48,1069.43,65.26,212.21,57.53,27.36,P011,EQ025
2025-09-11 12:40:00,16927.18,605.98,3.58,25.69,3.59,1226.5,1050.25,61.51,200.22,58.75,11.4,P010,EQ032
2025-09-11 12:50:00,12477.83,637.74,3.7,24.29,3.69,1269.25,1106.71,61.86,223.43,52.11,29.48,P003,EQ039
2025-09-11 13:00:00,14462.2,596.34,3.09,25.51,3.11,1280.37,1083.31,65.21,201.45,54.16,24.86,P050,EQ046
2025-09-11 13:10:00,14293.44,579.72,3.24,24.56,3.45,1251.6,1003.24,63.58,215.1,52.49,29.81,P026,EQ004
2025-09-11 13:20:00,15746.5,629.87,3.33,23.57,3.57,1260.55,1018.17,65.68,200.37,46.4,32.33,P027,EQ011
2025-09-11 13:30:00,15094.55,616.89,3.18,25.37,3.17,1254.58,1092.29,50.92,202.33,53.07,28.04,P005,EQ018
2025-09-11 13:40:00,16249.92,610.4,3.56,26.31,3.31,1248.35,1060.62,64.8,185.87,39.07,24.28,P013,EQ025
2025-09-11 13:50:00,16159.01,639.8,3.5,25.95,3.65,1258.46,1069.43,59.34,200.05,54.56,20.23,P035,EQ032
2025-09-11 14:00:00,14489.12,600.64,3.22,24.62,3.38,1267.66,1064.42,56.68,215.54,57.73,24.58,P001,EQ039
2025-09-11 14:10:00,15530.63,559.93,3.54,26.17,3.57,1202.14,1082.28,64.65,216.39,46.92,18.47,P031,EQ046
2025-09-11 14:20:00,14152.32,605.31,3.31,24.42,3.47,1251.89,1058.35,61.62,207.25,50.26,25.12,P002,EQ004
2025-09-11 14:30:00,16348.51,606.29,3.61,24.92,3.36,1224.85,1028.73,57.34,210.03,46.21,11.5,P032,EQ011
2025-09-11 14:40:00,13987.21,602.47,3.46,25.09,3.36,1238.1,1027.92,56.9,221.1,51.07,16.08,P022,EQ018
2025-09-11 14:50:00,14796.92,555.22,3.28,25.28,3.56,1258.15,1082.3,67.57,184.12,47.32,33.88,P037,EQ025
2025-09-11 15:00:00,14303.45,574.07,3.59,25.47,3.57,1254.0,1081.12,59.35,196.55,47.64,34.14,P002,EQ032
2025-09-11 15:10:00,15838.87,630.9,3.87,23.34,3.26,1263.59,1030.26,65.84,201.67,52.05,29.96,P014,EQ039
2025-09-11 15:20:00,14110.52,609.51,3.14,25.0,3.47,1236.66,1074.45,55.26,201.65,46.76,25.38,P006,EQ046
2025-09-11 15:30:00,15042.16,585.6,3.23,24.35,3.51,1251.63,1069.66,63.57,209.21,48.66,14.74,P050,EQ004
2025-09-11 15:40:00,17562.41,570.73,3.49,23.19,3.39,1256.7,1022.64,59.25,198.88,54.57,10.87,P029,EQ011
2025-09-11 15:50:00,13516.72,574.78,3.64,24.28,3.6,1282.63,1076.44,61.64,205.49,51.26,14.29,P006,EQ018
2025-09-11 16:00:00,13849.27,607.64,3.67,26.07,3.38,1256.4,1071.62,51.86,194.07,48.98,12.73,P035,EQ025
2025-09-11 16:10:00,16211.27,594.83,3.31,25.49,3.59,1211.39,1087.21,57.36,186.04,48.09,30.32,P037,EQ032
2025-09-11 16:20:00,14173.39,576.72,3.71,25.76,3.1,1249.96,1035.69,65.15,171.22,53.37,11.03,P033,EQ039
2025-09-11 16:30:00,14857.09,661.85,3.4,24.36,3.63,1240.73,1053.37,67.43,200.43,51.1,21.82,P005,EQ046
2025-09-11 16:40:00,16180.05,626.4,3.16,25.36,3.62,1242.42,1010.26,60.27,219.18,45.15,26.38,P032,EQ004
2025-09-11 16:50:00,14811.84,566.85,3.44,26.22,3.18,1303.28,1095.67,55.22,200.47,51.57,13.56,P008,EQ011
2025-09-11 17:00:00,13528.11,630.31,3.63,23.21,3.57,1272.94,1023.64,53.14,205.07,41.09,10.62,P017,EQ018
2025-09-11 17:10:00,15836.27,631.26,3.64,26.18,3.86,1270.29,1006.79,57.44,185.38,48.41,17.91,P046,EQ025
2025-09-11 17:20:00,15525.38,577.85,3.38,24.65,3.67,1262.93,1083.63,61.97,205.16,53.76,29.34,P048,EQ032
2025-09-11 17:30:00,13590.57,605.0,3.66,24.78,3.68,1267.22,1050.7,64.06,214.06,51.3,20.19,P008,EQ039
2025-09-11 17:40:00,13687.48,620.68,3.68,24.63,3.73,1214.09,1031.72,53.67,176.02,53.65,34.97,P008,EQ046
2025-09-11 17:50:00,17198.92,610.35,3.5,26.04,3.58,1258.03,1010.16,54.86,208.54,42.31,24.24,P036,EQ004
2025-09-11 18:00:00,15329.51,578.34,3.42,25.04,3.59,1284.97,1068.2,49.28,225.49,53.42,30.19,P005,EQ011
2025-09-11 18:10:00,12929.41,579.96,3.7,26.03,3.48,1283.71,1058.23,65.91,198.78,47.65,21.85,P001,EQ018
2025-09-11 18:20:00,15008.15,605.15,3.57,24.67,3.77,1259.46,1124.25,62.12,197.35,51.97,21.37,P020,EQ025
2025-09-11 18:30:00,14445.69,568.36,3.54,26.63,3.33,1227.44,1057.42,61.98,200.09,60.57,16.12,P004,EQ032
2025-09-11 18:40:00,15082.07,596.07,3.43,25.48,3.46,1284.71,1032.36,52.3,205.93,41.96,34.58,P010,EQ039
2025-09-11 18:50:00,16438.63,600.38,3.69,25.99,3.32,1242.02,1067.02,56.43,207.81,41.32,30.63,P049,EQ046
2025-09-11 19:00:00,15861.65,641.0,3.43,25.01,3.37,1269.47,1049.07,53.92,192.82,51.98,17.54,P009,EQ004
2025-09-11 19:10:00,13306.43,612.73,3.27,25.64,3.75,1236.19,1086.23,62.66,198.62,55.79,14.59,P010,EQ011
2025-09-11 19:20:00,14389.26,574.1,3.62,26.33,3.56,1244.72,1060.47,60.67,186.64,44.79,12.32,P026,EQ018
2025-09-11 19:30:00,15916.84,636.25,3.57,24.37,3.62,1234.44,966.54,63.22,186.02,53.58,10.38,P022,EQ025
2025-09-11 19:40:00,15892.4,579.1,3.04,25.45,3.48,1235.46,1098.59,53.67,211.53,47.07,14.53,P038,EQ032
2025-09-11 19:50:00,14991.37,599.3,3.65,24.08,3.25,1286.83,1018.31,58.0,221.7,55.2,16.75,P006,EQ039
2025-09-11 20:00:00,14041.51,588.3,3.39,26.15,3.5,1237.84,975.09,67.67,177.47,52.68,13.55,P047,EQ046
2025-09-11 20:10:00,16119.08,634.35,3.3,22.97,3.59,1264.31,1033.82,63.99,225.52,50.15,32.85,P043,EQ004
2025-09-11 20:20:00,15289.06,560.93,3.35,25.88,3.5,1259.41,1065.1,64.12,197.75,50.43,28.26,P038,EQ011
2025-09-11 20:30:00,16564.7,612.73,3.38,24.19,3.6,1262.7,1055.04,53.16,210.71,40.56,16.79,P048,EQ018
2025-09-11 20:40:00,16571.51,583.8,3.7,24.54,3.54,1256.56,1057.92,54.85,187.88,48.59,30.58,P031,EQ025
2025-09-11 20:50:00,13601.59,593.81,3.56,24.4,3.32,1234.43,1024.14,57.61,199.64,57.05,32.08,P025,EQ032
2025-09-11 21:00:00,14975.76,584.73,3.28,24.88,3.43,1249.56,1076.66,68.25,211.21,53.91,25.43,P014,EQ039
2025-09-11 21:10:00,15291.62,593.97,3.38,24.88,3.65,1241.39,1035.9,56.54,190.18,48.39,26.86,P027,EQ046
2025-09-11 21:20:00,11708.04,574.07,3.39,24.68,3.21,1261.27,1089.38,51.16,189.36,46.74,26.04,P023,EQ004
2025-09-11 21:30:00,13888.77,587.21,3.63,25.52,3.27,1234.64,1053.76,55.4,211.51,52.57,17.9,P015,EQ011
2025-09-11 21:40:00,13788.68,651.96,3.43,25.24,3.62,1241.91,1039.06,58.24,201.61,49.41,33.07,P031,EQ018
2025-09-11 21:50:00,16234.25,612.42,3.49,23.97,3.63,1260.59,1057.24,64.35,169.64,43.26,20.22,P042,EQ025
2025-09-11 22:00:00,16173.65,601.24,3.2,25.46,3.47,1263.07,1035.16,61.76,186.35,50.94,21.64,P020,EQ032
2025-09-11 22:10:00,14563.69,600.27,3.25,25.72,3.56,1269.57,1016.4,58.31,199.53,56.45,28.01,P002,EQ039
2025-09-11 22:20:00,14501.59,622.97,3.46,23.49,3.58,1247.55,1031.06,65.89,185.27,51.64,34.26,P044,EQ046
2025-09-11 22:30:00,13184.1,625.31,3.88,24.54,3.57,1249.84,1076.17,68.87,169.13,45.49,13.35,P023,EQ004
2025-09-11 22:40:00,15986.28,556.28,3.73,25.34,3.57,1237.48,1036.87,65.36,198.57,48.05,30.68,P023,EQ011
2025-09-11 22:50:00,14399.03,592.93,3.48,25.56,3.5,1304.69,1022.27,56.34,190.91,57.43,24.61,P023,EQ018
2025-09-11 23:00:00,16709.91,617.7,3.18,24.48,3.74,1257.29,1086.94,62.66,202.56,51.23,12.8,P003,EQ025
2025-09-11 23:10:00,14744.33,546.67,3.57,26.6,3.34,1229.76,1117.42,57.17,176.7,55.35,13.29,P007,EQ032
2025-09-11 23:20:00,15420.34,590.81,3.62,24.87,3.42,1253.4,1042.9,62.75,206.81,47.38,24.37,P008,EQ039
2025-09-11 23:30:00,16054.76,560.41,3.24,27.41,3.29,1258.04,1078.46,55.18,199.62,48.8,17.99,P035,EQ046
2025-09-11 23:40:00,14148.68,614.61,3.75,24.67,3.57,1236.05,1096.69,67.61,187.04,57.39,24.54,P006,EQ004
2025-09-11 23:50:00,14366.46,598.89,3.7,23.78,3.61,1250.63,1100.03,58.3,186.41,47.46,14.27,P028,EQ011
2025-09-12 00:00:00,15616.29,551.41,3.59,25.41,3.47,1225.69,1058.37,53.16,202.24,55.64,23.51,P026,EQ018
2025-09-12 00:10:00,13576.64,664.54,3.52,26.39,3.54,1241.71,1102.12,58.46,192.63,51.96,34.83,P045,EQ025
2025-09-12 00:20:00,15528.64,632.06,3.56,24.13,3.53,1249.17,1056.72,49.38,212.92,47.36,17.14,P039,EQ032
2025-09-12 00:30:00,13977.63,631.99,3.3,23.77,3.35,1232.57,1002.25,60.91,242.32,53.43,30.06,P027,EQ039
2025-09-12 00:40:00,16286.27,598.62,3.62,25.58,3.83,1243.95,1048.57,62.58,193.46,38.25,16.38,P036,EQ046
2025-09-12 00:50:00,15618.87,603.04,3.78,23.66,3.44,1248.93,1035.22,69.19,207.38,39.66,20.7,P033,EQ004
2025-09-12 01:00:00,16319.13,639.12,3.67,23.96,3.37,1234.41,1033.66,60.02,182.37,50.6,26.86,P009,EQ011
2025-09-12 01:10:00,15181.15,586.8,3.67,22.59,3.85,1295.55,1027.24,59.52,202.92,46.15,15.35,P025,EQ018
2025-09-12 01:20:00,15657.06,637.12,3.32,26.32,3.39,1264.5,1043.8,64.85,182.5,44.14,34.98,P001,EQ025
2025-09-12 01:30:00,16091.99,569.41,3.5,24.3,3.26,1238.74,1064.16,60.5,235.45,45.87,22.5,P018,EQ032
2025-09-12 01:40:00,14859.54,572.63,3.74,25.71,3.63,1266.31,1075.57,53.63,203.15,42.09,17.8,P017,EQ039
2025-09-12 01:50:00,13673.04,601.88,3.35,25.02,3.42,1224.11,1035.06,50.59,215.32,46.07,10.59,P048,EQ046
2025-09-12 02:00:00,15944.73,592.62,3.44,24.64,3.69,1231.92,1083.76,65.03,210.49,49.68,15.77,P043,EQ004
2025-09-12 02:10:00,13365.86,576.93,3.45,25.58,3.69,1275.12,1052.1,59.68,207.77,51.59,23.94,P006,EQ011
2025-09-12 02:20:00,15190.43,601.86,3.31,24.84,3.56,1267.52,1062.81,71.45,216.0,49.15,34.42,P008,EQ018
2025-09-12 02:30:00,15155.09,639.4,3.51,24.93,3.65,1257.91,1048.89,61.57,210.17,57.15,24.3,P032,EQ025
2025-09-12 02:40:00,15875.21,634.39,4.18,24.37,3.39,1232.36,1112.31,72.05,199.23,39.02,17.29,P037,EQ032
2025-09-12 02:50:00,16154.5,557.81,3.72,24.74,3.02,1241.22,1049.41,65.01,201.07,50.91,13.27,P028,EQ039
2025-09-12 03:00:00,15532.47,662.51,3.71,24.67,3.12,1247.8,1016.11,61.2,200.17,47.8,17.52,P004,EQ046
2025-09-12 03:10:00,13511.17,608.31,3.51,25.35,3.16,1240.27,1014.67,45.63,199.39,52.44,20.09,P048,EQ004
2025-09-12 03:20:00,13938.57,618.77,3.69,24.09,3.3,1235.31,1048.29,55.27,190.57,47.78,28.15,P034,EQ011
2025-09-12 03:30:00,15044.42,572.75,3.35,24.55,3.65,1227.62,1038.91,60.07,225.61,48.37,33.33,P050,EQ018
2025-09-12 03:40:00,16374.73,637.17,3.18,25.19,3.5,1255.44,1054.08,66.09,202.19,54.7,32.34,P013,EQ025
2025-09-12 03:50:00,14635.22,540.68,3.37,24.67,3.41,1226.93,1016.04,45.37,209.64,45.43,19.83,P047,EQ032
2025-09-12 04:00:00,15308.8,588.49,3.57,24.03,3.49,1250.49,1016.25,65.34,251.39,47.38,25.63,P013,EQ039
2025-09-12 04:10:00,14949.54,624.81,3.24,25.53,3.64,1227.66,1039.56,59.76,192.05,51.03,29.64,P015,EQ046
2025-09-12 04:20:00,15639.55,583.06,3.48,25.71,2.98,1253.03,958.81,60.1,190.06,55.22,16.97,P018,EQ004
2025-09-12 04:30:00,16518.88,592.72,3.53,24.87,3.7,1247.18,991.55,67.48,192.58,54.55,22.75,P018,EQ011
2025-09-12 04:40:00,12517.13,602.09,3.04,22.99,2.85,1262.9,996.31,68.05,224.44,63.64,21.23,P003,EQ018
2025-09-12 04:50:00,15952.88,593.96,3.31,24.72,3.79,1282.01,1062.18,54.99,203.41,40.38,22.6,P008,EQ025
2025-09-12 05:00:00,13996.13,616.88,3.5,26.56,3.72,1212.89,1061.72,58.54,211.16,42.62,15.6,P034,EQ032
2025-09-12 05:10:00,14023.1,545.32,3.62,26.09,3.41,1263.57,1044.18,68.77,194.56,54.79,20.26,P018,EQ039
2025-09-12 05:20:00,15807.28,648.52,3.54,25.21,3.54,1241.7,1045.04,56.98,224.54,53.9,20.79,P010,EQ046
2025-09-12 05:30:00,14148.93,552.03,3.69,25.13,3.53,1232.06,1056.06,61.33,217.88,47.54,27.86,P001,EQ004
2025-09-12 05:40:00,14877.58,567.85,3.61,25.26,3.51,1232.74,1053.1,54.46,211.73,53.43,14.2,P011,EQ011
2025-09-12 05:50:00,15160.79,552.1,3.27,21.99,3.58,1275.59,1037.21,63.85,180.59,44.15,14.98,P047,EQ018
2025-09-12 06:00:00,15822.76,658.23,3.76,26.05,3.57,1286.09,988.63,56.59,210.59,43.73,22.29,P048,EQ025
2025-09-12 06:10:00,14864.17,624.05,3.79,26.31,3.41,1238.29,1013.24,53.01,220.57,50.68,13.71,P001,EQ032
2025-09-12 06:20:00,14857.38,558.99,3.71,25.8,3.44,1250.77,1087.82,57.16,218.19,46.37,18.98,P022,EQ039
2025-09-12 06:30:00,16172.54,623.25,3.71,24.57,3.45,1249.28,1064.5,55.46,208.32,48.77,10.04,P014,EQ046
2025-09-12 06:40:00,14668.93,615.07,3.61,26.24,3.66,1235.49,1053.7,67.43,195.39,50.55,29.03,P001,EQ004
2025-09-12 06:50:00,14338.21,624.49,3.35,27.15,3.49,1227.13,1021.34,61.47,202.6,48.24,11.52,P002,EQ011
2025-09-12 07:00:00,15905.2,621.66,3.52,25.58,3.62,1220.46,1025.17,62.49,155.1,49.18,23.71,P025,EQ018
2025-09-12 07:10:00,16389.38,645.44,3.74,24.77,3.46,1264.9,1025.58,56.32,190.74,53.59,16.22,P019,EQ025
2025-09-12 07:20:00,15307.19,572.97,3.52,24.92,3.39,1242.93,1076.85,69.35,209.86,46.12,28.59,P026,EQ032
2025-09-12 07:30:00,14905.53,586.11,3.05,25.08,3.59,1281.11,1037.43,59.27,205.67,51.74,21.34,P038,EQ039
2025-09-12 07:40:00,14644.68,613.83,3.62,25.33,3.25,1273.98,1025.27,57.76,219.05,52.73,12.78,P001,EQ046
2025-09-12 07:50:00,14465.69,592.18,3.86,25.79,3.66,1204.7,1015.27,61.39,208.95,54.12,10.08,P034,EQ004
2025-09-12 08:00:00,16107.41,578.66,3.37,24.84,3.08,1234.68,1105.85,56.98,192.73,50.69,24.29,P050,EQ011
2025-09-12 08:10:00,15824.96,592.59,3.29,26.32,3.29,1246.89,1016.41,59.48,206.89,50.35,24.2,P006,EQ018
2025-09-12 08:20:00,13956.46,602.55,3.57,24.64,3.51,1242.27,1041.75,56.31,220.43,47.91,13.03,P008,EQ025
2025-09-12 08:30:00,16274.32,611.12,3.11,26.19,3.61,1257.72,1028.38,67.51,202.12,40.74,20.15,P001,EQ032
2025-09-12 08:40:00,15785.2,617.12,3.46,24.4,3.87,1252.39,964.93,63.04,208.05,51.39,10.58,P006,EQ039
2025-09-12 08:50:00,16390.53,605.37,3.32,24.94,3.77,1220.96,1070.18,59.84,190.47,42.71,19.61,P049,EQ046
2025-09-12 09:00:00,14769.99,537.54,3.39,24.95,3.77,1279.75,1064.8,61.54,187.29,43.81,28.53,P010,EQ004
2025-09-12 09:10:00,16200.89,606.86,3.94,24.1,3.61,1240.77,1030.38,68.56,184.35,50.45,30.51,P009,EQ011
2025-09-12 09:20:00,14223.52,579.19,3.72,24.24,3.64,1232.18,1021.28,59.29,172.35,48.62,27.14,P013,EQ018
2025-09-12 09:30:00,14048.3,653.34,3.68,24.48,3.39,1276.33,1010.12,57.42,191.33,47.24,33.35,P048,EQ025
2025-09-12 09:40:00,13776.61,586.15,3.47,25.25,3.7,1249.9,1124.23,64.57,204.56,49.9,30.79,P044,EQ032
2025-09-12 09:50:00,16543.35,606.85,3.55,25.68,3.14,1221.46,1140.51,68.92,218.45,40.17,23.3,P050,EQ039
2025-09-12 10:00:00,14443.7,625.49,3.44,24.79,3.14,1236.87,1075.1,54.08,196.74,43.41,24.43,P030,EQ046
2025-09-12 10:10:00,15869.97,593.29,3.43,24.98,3.5,1255.9,1016.75,70.06,188.82,40.88,28.5,P040,EQ004
2025-09-12 10:20:00,14170.58,604.3,3.54,25.96,3.72,1251.62,1080.13,58.0,226.39,49.61,11.12,P001,EQ011
2025-09-12 10:30:00,14747.99,614.53,3.43,23.84,3.49,1246.7,1048.54,63.68,193.4,44.66,23.54,P047,EQ018
2025-09-12 10:40:00,15254.29,590.79,3.41,24.86,3.5,1264.46,1088.44,54.73,190.41,44.23,18.42,P035,EQ025
2025-09-12 10:50:00,16423.25,622.66,3.41,25.38,3.63,1230.14,985.61,60.57,232.71,50.03,34.72,P006,EQ032
2025-09-12 11:00:00,15331.38,582.7,3.55,25.26,3.46,1234.97,1048.36,51.32,200.07,55.69,33.57,P036,EQ039
2025-09-12 11:10:00,15035.24,572.58,3.67,25.13,3.32,1268.88,1057.19,59.14,186.3,43.12,20.63,P017,EQ046
2025-09-12 11:20:00,14651.37,614.64,3.34,25.11,3.78,1245.59,1070.88,58.09,209.98,54.98,19.71,P003,EQ004
2025-09-12 11:30:00,14930.81,631.49,3.63,24.17,3.71,1242.39,1050.29,57.83,203.57,46.08,11.27,P039,EQ011
2025-09-12 11:40:00,14922.1,565.55,3.44,24.14,3.46,1241.66,1033.55,59.78,200.92,48.68,30.4,P038,EQ018
2025-09-12 11:50:00,14450.41,547.03,3.56,23.65,3.19,1274.15,1037.84,52.46,215.67,51.87,22.88,P044,EQ025
2025-09-12 12:00:00,15056.84,590.25,3.35,25.78,3.65,1284.63,1066.38,56.32,223.29,49.06,15.48,P028,EQ032
2025-09-12 12:10:00,15526.21,584.43,3.76,23.98,3.29,1229.27,1021.95,59.92,201.59,54.08,12.97,P007,EQ039
2025-09-12 12:20:00,15127.34,586.73,3.84,23.62,3.55,1273.33,1029.5,52.06,199.92,56.86,28.08,P016,EQ046
2025-09-12 12:30:00,13711.88,593.13,3.5,26.04,3.38,1277.34,1056.64,57.79,197.29,54.68,33.83,P006,EQ004
2025-09-12 12:40:00,14179.84,593.04,3.39,25.75,3.97,1251.13,1034.28,60.7,188.35,49.66,33.24,P034,EQ011
2025-09-12 12:50:00,16401.35,569.03,3.31,26.91,3.41,1259.63,1038.5,62.43,211.69,47.46,32.06,P021,EQ018
2025-09-12 13:00:00,14556.5,590.48,3.37,24.72,3.37,1229.87,1009.03,54.28,202.72,43.62,12.31,P039,EQ025
2025-09-12 13:10:00,13288.25,579.27,3.28,25.23,3.33,1233.56,1045.95,63.23,190.5,46.88,23.88,P024,EQ032
2025-09-12 13:20:00,14902.76,637.58,3.53,25.35,3.47,1273.72,1042.58,59.63,206.6,59.13,27.36,P022,EQ039
2025-09-12 13:30:00,14035.72,582.18,3.23,24.19,3.2,1248.53,1046.16,54.2,188.98,53.51,22.53,P049,EQ046
2025-09-12 13:40:00,15166.78,600.72,3.39,23.63,3.36,1267.58,1046.27,65.4,189.23,57.12,24.33,P020,EQ004
2025-09-12 13:50:00,16200.34,585.68,3.4,24.91,3.33,1285.05,1034.5,63.51,216.75,56.83,13.75,P002,EQ011
2025-09-12 14:00:00,16312.51,594.21,3.69,25.13,3.47,1204.09,1033.39,59.55,206.45,49.17,14.73,P017,EQ018
2025-09-12 14:10:00,13947.51,607.86,3.39,26.84,3.61,1297.18,1052.47,62.02,198.73,45.19,30.12,P043,EQ025
2025-09-12 14:20:00,17288.34,613.4,3.6,25.32,3.49,1242.16,1079.03,68.21,205.71,50.54,10.3,P024,EQ032
2025-09-12 14:30:00,12816.06,611.69,3.35,24.79,3.46,1242.85,1038.71,59.92,188.7,47.09,15.09,P049,EQ039
2025-09-12 14:40:00,14918.62,598.91,3.16,23.67,3.2,1232.92,1001.84,67.46,195.26,46.93,15.98,P027,EQ046
2025-09-12 14:50:00,15657.93,645.13,3.53,25.75,3.9,1268.48,1019.94,59.17,187.05,57.35,20.28,P029,EQ004
2025-09-12 15:00:00,15829.33,581.98,3.18,24.66,3.69,1275.6,1042.87,56.73,189.66,44.29,18.04,P037,EQ011
2025-09-12 15:10:00,14887.63,610.51,3.63,22.67,3.34,1269.62,1016.66,59.92,199.14,41.68,25.18,P017,EQ018
2025-09-12 15:20:00,15897.3,611.2,3.8,24.8,3.37,1209.07,1042.77,63.34,200.22,46.22,17.08,P046,EQ025
2025-09-12 15:30:00,15009.14,646.61,3.17,24.39,3.59,1257.15,1031.7,60.11,205.86,51.39,16.83,P026,EQ032
2025-09-12 15:40:00,15358.3,582.59,3.36,24.56,3.74,1238.27,1039.31,58.39,230.16,44.2,20.8,P010,EQ039
2025-09-12 15:50:00,14726.06,594.03,3.52,25.51,3.6,1238.74,992.9,55.28,218.72,49.96,27.9,P007,EQ046
2025-09-12 16:00:00,15077.73,595.07,3.02,24.18,3.53,1256.72,1040.94,57.45,206.21,52.97,11.46,P009,EQ004
2025-09-12 16:10:00,15215.77,598.98,3.46,24.62,3.38,1279.61,977.04,54.78,170.14,49.49,16.67,P042,EQ011
2025-09-12 16:20:00,12545.28,586.71,3.53,24.56,3.47,1231.61,1038.02,61.92,195.1,45.1,28.03,P009,EQ018
2025-09-12 16:30:00,14352.46,600.57,3.16,24.52,3.52,1237.5,1012.17,61.89,191.78,43.31,27.66,P035,EQ025
2025-09-12 16:40:00,13681.26,638.17,3.6,24.83,3.25,1265.31,1031.4,51.77,212.15,55.44,32.76,P045,EQ032
2025-09-12 16:50:00,16001.19,624.51,3.11,26.15,3.44,1286.57,1042.11,61.56,204.39,39.27,22.67,P009,EQ039
2025-09-12 17:00:00,13401.53,585.41,3.47,24.78,3.32,1253.49,1037.28,55.12,215.33,51.54,26.32,P033,EQ046
2025-09-12 17:10:00,14221.15,552.56,3.61,24.31,3.47,1238.32,1046.81,58.85,200.97,52.62,21.17,P050,EQ004
2025-09-12 17:20:00,13714.81,574.01,3.71,25.96,4.07,1243.78,1118.35,67.49,195.36,49.87,17.22,P001,EQ011
2025-09-12 17:30:00,15637.51,602.89,3.29,24.82,3.69,1266.19,1024.8,57.07,218.5,60.1,13.73,P026,EQ018
2025-09-12 17:40:00,14147.92,587.2,3.63,25.07,3.73,1247.63,1029.02,56.14,203.59,42.86,13.52,P034,EQ025
2025-09-12 17:50:00,14871.72,618.95,3.47,24.07,3.5,1254.45,1051.9,65.54,212.5,45.62,18.67,P005,EQ032
2025-09-12 18:00:00,13812.31,591.93,3.54,24.17,3.22,1221.07,1014.87,63.9,219.71,54.84,22.42,P045,EQ039
2025-09-12 18:10:00,16259.23,610.14,3.64,26.03,3.41,1247.13,1022.87,61.16,209.21,45.93,18.12,P009,EQ046
2025-09-12 18:20:00,15682.77,555.19,3.49,25.0,3.26,1262.16,1069.23,51.26,203.07,61.24,21.69,P023,EQ004
2025-09-12 18:30:00,16271.78,615.42,3.81,24.27,3.42,1284.59,1098.83,62.7,177.53,46.02,25.93,P013,EQ011
2025-09-12 18:40:00,12873.32,565.06,3.58,23.41,3.15,1227.14,1079.42,59.61,203.35,46.47,20.29,P011,EQ018
2025-09-12 18:50:00,16046.75,632.84,3.47,24.34,3.68,1250.02,1066.56,67.49,174.89,45.96,33.78,P015,EQ025
2025-09-12 19:00:00,15015.48,648.58,3.34,25.3,3.47,1230.22,1047.88,61.87,197.78,51.62,18.61,P030,EQ032
2025-09-12 19:10:00,14830.7,586.93,3.04,26.57,3.41,1262.7,1048.38,65.54,180.91,50.18,10.43,P019,EQ039
2025-09-12 19:20:00,15779.49,557.51,3.62,24.97,3.33,1238.31,1042.99,54.42,198.29,56.58,12.18,P040,EQ046
2025-09-12 19:30:00,13199.39,585.65,3.15,24.26,3.73,1221.4,1058.7,50.3,204.96,44.71,12.37,P050,EQ004
2025-09-12 19:40:00,14246.94,619.39,3.64,24.55,3.56,1231.15,1032.21,48.19,204.43,53.5,24.0,P009,EQ011
2025-09-12 19:50:00,15614.57,605.9,3.49,25.26,3.42,1216.59,1042.45,60.82,187.31,50.8,23.79,P022,EQ018
2025-09-12 20:00:00,15965.25,628.0,3.6,24.82,3.58,1240.95,1081.96,53.03,214.28,52.55,12.68,P008,EQ025
2025-09-12 20:10:00,14813.65,616.94,3.36,27.98,3.49,1209.01,1017.5,60.33,190.44,54.28,27.17,P005,EQ032
2025-09-12 20:20:00,13020.16,613.91,3.21,25.46,3.42,1267.08,1086.72,51.94,220.62,49.12,25.71,P041,EQ039
2025-09-12 20:30:00,15113.59,604.88,3.42,24.25,3.76,1269.89,1050.13,68.48,206.0,37.14,34.36,P023,EQ046
2025-09-12 20:40:00,15145.81,592.72,3.66,24.66,3.37,1278.1,1014.56,58.94,196.3,54.65,24.11,P019,EQ004
2025-09-12 20:50:00,16238.29,623.37,3.4,25.67,3.65,1264.65,1085.25,63.78,195.42,54.74,26.64,P026,EQ011
2025-09-12 21:00:00,15745.96,635.16,3.81,25.55,3.56,1250.48,1065.83,60.19,199.18,55.38,12.86,P003,EQ018
2025-09-12 21:10:00,14983.01,579.69,2.97,26.05,3.51,1257.75,1085.65,60.8,187.25,45.25,11.52,P039,EQ025
2025-09-12 21:20:00,13618.98,539.44,3.42,25.08,3.72,1244.14,1038.29,62.45,208.76,47.94,14.32,P004,EQ032
2025-09-12 21:30:00,15001.42,595.87,3.22,25.34,3.34,1245.98,1057.91,56.01,188.62,40.06,16.61,P027,EQ039
2025-09-12 21:40:00,15410.28,597.35,3.54,24.82,3.32,1255.88,1004.22,53.31,202.54,61.04,10.59,P006,EQ046
2025-09-12 21:50:00,13748.85,568.73,3.35,24.05,3.55,1257.36,1047.6,67.31,173.52,52.85,13.19,P016,EQ004
2025-09-12 22:00:00,14402.09,632.19,3.63,25.75,3.4,1234.6,1060.31,69.39,189.39,51.0,23.06,P030,EQ011
2025-09-12 22:10:00,16068.19,597.39,3.44,23.0,3.52,1232.02,1061.24,58.62,190.3,42.6,12.17,P006,EQ018
2025-09-12 22:20:00,13921.12,584.09,3.74,24.72,3.37,1243.03,1056.09,63.04,217.47,46.7,28.09,P048,EQ025
2025-09-12 22:30:00,14360.26,587.15,3.51,25.38,3.52,1247.45,1010.84,57.85,208.13,45.14,32.68,P013,EQ032
2025-09-12 22:40:00,15853.58,521.85,3.13,23.89,3.77,1296.96,1055.73,62.0,184.03,55.3,34.59,P009,EQ039
2025-09-12 22:50:00,17873.81,588.13,3.36,24.01,2.97,1234.18,982.72,55.78,181.42,62.04,24.19,P041,EQ046
2025-09-12 23:00:00,13877.1,568.17,3.4,25.99,3.41,1259.83,1072.46,61.91,187.19,46.2,20.68,P023,EQ004
2025-09-12 23:10:00,14369.66,549.94,3.39,25.42,3.41,1232.0,1063.23,64.46,220.06,53.37,12.24,P002,EQ011
2025-09-12 23:20:00,14246.8,563.65,3.96,24.73,3.64,1265.76,1053.77,59.41,203.93,43.6,26.37,P017,EQ018
2025-09-12 23:30:00,13754.22,611.2,3.59,24.35,3.37,1240.42,1034.28,64.17,197.42,46.83,33.66,P046,EQ025
2025-09-12 23:40:00,16420.84,558.36,3.62,24.61,3.64,1242.45,1106.33,57.08,198.14,45.56,19.36,P032,EQ032
2025-09-12 23:50:00,17004.43,628.24,3.16,25.85,3.21,1242.96,1065.54,43.44,213.35,55.02,28.39,P028,EQ039
2025-09-13 00:00:00,16732.1,540.54,3.33,24.87,3.42,1254.71,1092.72,57.88,173.54,50.94,28.79,P015,EQ046
2025-09-13 00:10:00,14758.31,600.26,3.64,24.97,3.4,1236.36,1033.93,61.27,179.69,51.11,33.89,P050,EQ004
2025-09-13 00:20:00,15088.48,571.69,3.6,26.04,3.49,1253.38,1097.98,49.84,185.35,45.5,32.28,P049,EQ011
2025-09-13 00:30:00,14603.44,619.71,3.6,25.02,3.34,1266.57,1081.62,64.96,213.83,62.5,16.46,P025,EQ018
2025-09-13 00:40:00,13886.05,590.37,3.48,23.92,3.51,1244.99,1051.87,59.6,196.92,49.5,28.14,P020,EQ025
2025-09-13 00:50:00,16027.53,610.17,3.48,24.72,3.73,1259.74,1035.64,54.92,200.57,50.7,26.38,P010,EQ032
2025-09-13 01:00:00,13174.15,575.94,3.39,26.33,3.79,1263.02,1062.38,60.33,194.03,39.52,34.46,P027,EQ039
2025-09-13 01:10:00,15381.44,568.66,3.62,25.38,4.03,1268.99,1111.73,53.57,190.99,50.18,34.69,P041,EQ046
2025-09-13 01:20:00,16367.05,661.07,3.43,23.82,3.52,1269.63,1070.0,58.91,223.86,42.89,17.5,P002,EQ004
2025-09-13 01:30:00,13025.65,581.04,3.25,26.4,3.42,1238.27,1036.53,58.31,207.3,49.56,12.68,P006,EQ011
2025-09-13 01:40:00,13728.24,569.12,3.55,24.83,3.86,1258.12,1113.31,57.53,218.61,49.29,18.32,P001,EQ018
2025-09-13 01:50:00,15073.27,600.67,3.46,24.09,3.6,1225.08,1049.78,62.06,209.94,52.54,19.15,P047,EQ025
2025-09-13 02:00:00,14176.13,604.01,3.43,23.95,3.5,1262.17,1052.83,53.04,215.08,43.85,28.59,P041,EQ032
2025-09-13 02:10:00,14967.03,587.02,3.62,25.73,3.54,1243.05,1062.4,53.44,192.34,42.65,34.58,P047,EQ039
2025-09-13 02:20:00,14414.66,571.85,3.55,25.79,3.32,1277.95,1044.08,63.77,207.33,47.92,17.73,P010,EQ046
2025-09-13 02:30:00,15072.85,633.63,3.35,24.59,3.6,1253.92,1052.95,58.11,242.21,56.75,16.49,P023,EQ004
2025-09-13 02:40:00,15581.61,584.13,3.42,23.96,3.42,1247.08,1063.66,60.97,194.93,48.68,23.96,P027,EQ011
2025-09-13 02:50:00,16498.62,620.26,3.78,26.12,3.46,1279.41,1004.94,55.55,183.72,53.88,12.08,P027,EQ018
2025-09-13 03:00:00,15345.12,590.15,3.26,24.27,3.6,1275.87,1076.08,53.43,208.29,56.68,23.37,P011,EQ025
2025-09-13 03:10:00,13715.0,592.21,3.48,24.52,3.53,1253.9,1034.3,53.96,180.09,51.1,33.51,P049,EQ032
2025-09-13 03:20:00,15175.82,557.97,3.15,25.23,3.61,1230.13,1071.27,60.12,203.62,46.97,12.54,P044,EQ039
2025-09-13 03:30:00,14095.22,617.45,3.47,24.91,3.79,1261.76,988.48,58.84,224.33,58.24,13.16,P030,EQ046
2025-09-13 03:40:00,15127.17,578.46,3.59,23.69,3.02,1267.71,1086.02,58.37,193.79,52.43,26.7,P012,EQ004
2025-09-13 03:50:00,13457.78,563.95,3.35,24.72,3.7,1276.74,1040.79,61.74,216.03,41.3,19.86,P001,EQ011
2025-09-13 04:00:00,13674.0,546.3,3.95,26.67,3.56,1286.43,1030.19,62.67,210.44,39.55,22.73,P027,EQ018
2025-09-13 04:10:00,14269.24,582.75,3.59,26.09,3.37,1253.5,1064.03,66.91,194.02,47.2,27.59,P025,EQ025
2025-09-13 04:20:00,15219.6,607.7,3.52,24.76,3.62,1221.52,1047.96,59.26,214.72,48.62,33.37,P045,EQ032
2025-09-13 04:30:00,15469.3,559.96,3.77,25.18,3.34,1251.13,1077.94,53.36,203.73,51.61,29.58,P010,EQ039
2025-09-13 04:40:00,14642.62,627.19,3.73,24.4,3.7,1229.91,1029.22,54.95,173.7,48.64,31.4,P018,EQ046
2025-09-13 04:50:00,14676.8,583.14,3.69,26.22,3.69,1241.93,1001.71,54.81,172.33,52.71,34.59,P040,EQ004
2025-09-13 05:00:00,16280.73,588.5,3.63,25.52,3.53,1244.6,1032.31,50.46,188.75,55.31,31.98,P027,EQ011
2025-09-13 05:10:00,15042.82,594.07,3.53,25.95,3.66,1292.4,1087.37,61.12,175.13,55.34,31.31,P029,EQ018
2025-09-13 05:20:00,15079.21,605.51,3.69,24.6,3.82,1264.75,992.94,55.04,204.29,51.56,22.77,P018,EQ025
2025-09-13 05:30:00,14650.38,577.62,3.85,25.28,3.39,1252.9,1026.66,63.95,190.78,53.11,29.75,P019,EQ032
2025-09-13 05:40:00,12697.38,601.44,3.42,26.92,3.82,1222.14,1065.97,53.85,195.33,50.23,21.83,P006,EQ039
2025-09-13 05:50:00,14943.66,672.59,3.65,24.75,3.27,1247.61,1021.34,54.91,209.88,45.07,26.56,P038,EQ046
2025-09-13 06:00:00,13556.12,565.32,3.53,24.85,3.39,1270.48,1057.04,57.28,183.57,46.79,11.5,P014,EQ004
2025-09-13 06:10:00,14673.26,550.37,3.9,23.66,3.58,1222.17,1050.74,72.16,193.6,56.03,19.04,P003,EQ011
2025-09-13 06:20:00,15485.17,551.61,3.35,23.8,3.45,1268.96,1056.74,54.21,206.22,57.97,20.32,P007,EQ018
2025-09-13 06:30:00,15346.78,548.53,3.68,23.96,3.29,1268.0,979.63,61.34,204.17,52.46,30.16,P020,EQ025
2025-09-13 06:40:00,15974.39,596.15,3.52,23.59,3.59,1240.6,1055.62,63.21,189.24,48.77,22.51,P031,EQ032
2025-09-13 06:50:00,15927.08,637.14,3.36,25.65,3.77,1236.32,1039.14,47.21,194.54,43.76,34.84,P010,EQ039
2025-09-13 07:00:00,14439.58,580.5,3.53,24.42,3.9,1252.12,1001.16,64.48,200.58,57.08,13.14,P021,EQ046
2025-09-13 07:10:00,13623.21,546.51,3.54,26.49,3.49,1234.98,978.76,63.24,204.58,52.3,31.6,P014,EQ004
2025-09-13 07:20:00,14463.65,598.36,3.48,23.68,3.63,1259.66,1009.79,48.15,186.99,54.29,17.69,P020,EQ011
2025-09-13 07:30:00,15160.31,615.73,3.76,23.62,3.39,1252.36,1046.0,56.39,225.85,44.56,28.15,P048,EQ018
2025-09-13 07:40:00,14593.3,649.29,3.67,24.77,3.45,1214.86,1004.96,58.33,188.92,40.52,28.85,P036,EQ025
2025-09-13 07:50:00,15924.26,618.27,3.88,24.83,3.64,1248.29,1046.23,58.7,218.38,54.83,13.81,P008,EQ032
2025-09-13 08:00:00,15792.22,580.81,3.33,25.04,3.65,1269.96,1117.89,52.97,210.47,56.35,13.77,P022,EQ039
2025-09-13 08:10:00,15633.42,571.36,3.48,24.59,3.42,1260.6,1014.12,68.06,214.19,52.9,29.77,P028,EQ046
2025-09-13 08:20:00,16053.65,591.02,3.46,26.66,3.96,1283.45,1031.0,66.52,190.75,50.29,31.09,P039,EQ004
2025-09-13 08:30:00,13865.58,586.89,3.46,24.39,3.23,1285.02,1044.2,57.33,196.72,46.23,28.46,P023,EQ011
2025-09-13 08:40:00,14214.96,589.63,3.16,23.54,3.41,1268.73,1080.3,64.74,204.67,51.37,14.09,P017,EQ018
2025-09-13 08:50:00,16703.54,660.86,3.64,26.02,3.42,1235.79,1058.68,62.44,192.25,62.84,24.37,P012,EQ025
2025-09-13 09:00:00,15321.48,625.78,3.69,26.89,3.67,1256.76,1043.57,60.94,182.31,46.29,10.43,P026,EQ032
2025-09-13 09:10:00,16620.24,562.79,3.77,24.76,3.31,1250.92,1009.26,63.85,192.31,47.02,26.5,P018,EQ039
2025-09-13 09:20:00,14774.97,596.39,3.34,25.47,3.74,1208.22,975.47,65.54,218.08,42.8,30.03,P042,EQ046
2025-09-13 09:30:00,14041.9,598.96,3.73,24.56,3.44,1251.52,1052.15,49.87,179.68,55.15,30.46,P050,EQ004
2025-09-13 09:40:00,15740.75,615.17,3.34,24.54,3.45,1239.13,1074.51,58.93,203.19,46.1,13.09,P043,EQ011
2025-09-13 09:50:00,15035.9,618.98,3.38,25.17,3.42,1251.49,1057.54,59.73,190.53,57.09,27.76,P032,EQ018
2025-09-13 10:00:00,15223.39,623.14,3.81,23.7,3.2,1263.14,1086.15,62.82,182.45,45.12,29.35,P035,EQ025
2025-09-13 10:10:00,14931.43,660.25,3.43,24.34,3.47,1217.43,1034.68,61.01,227.28,50.65,23.76,P034,EQ032
2025-09-13 10:20:00,13494.32,646.5,3.49,26.08,3.55,1260.61,1074.12,66.52,183.05,42.79,13.67,P016,EQ039
2025-09-13 10:30:00,15617.74,613.03,3.73,25.17,3.36,1252.97,1038.97,63.73,172.96,47.35,10.06,P043,EQ046
2025-09-13 10:40:00,15280.79,591.52,2.97,25.83,3.77,1243.78,1030.17,60.35,162.02,58.24,20.73,P020,EQ004
2025-09-13 10:50:00,15731.87,553.8,3.63,24.39,3.44,1235.84,975.51,59.46,214.67,46.72,15.63,P044,EQ011
2025-09-13 11:00:00,15912.62,657.47,3.33,25.71,3.43,1255.79,1071.38,74.31,194.77,50.7,24.67,P019,EQ018
2025-09-13 11:10:00,16223.09,605.91,3.38,26.05,3.52,1230.15,1000.66,51.47,225.35,39.06,22.51,P033,EQ025
2025-09-13 11:20:00,14491.69,582.38,3.58,24.95,3.37,1247.01,1054.57,64.72,206.25,49.69,30.16,P047,EQ032
2025-09-13 11:30:00,14787.77,621.26,3.36,24.7,3.53,1262.39,1105.59,65.7,199.03,52.12,11.62,P034,EQ039
2025-09-13 11:40:00,12717.77,617.42,4.05,23.65,3.72,1247.77,1054.97,52.08,196.24,49.53,16.93,P027,EQ046
2025-09-13 11:50:00,16853.18,608.19,3.63,25.81,3.4,1252.33,1047.13,51.38,163.78,48.6,23.42,P026,EQ004
2025-09-13 12:00:00,14378.83,600.54,3.36,26.4,3.42,1270.02,991.88,56.5,199.37,49.67,20.13,P050,EQ011
2025-09-13 12:10:00,15086.31,531.94,3.79,25.98,3.36,1289.32,1054.71,63.72,198.81,46.91,10.46,P007,EQ018
2025-09-13 12:20:00,15645.21,634.77,3.83,25.07,3.4,1205.55,1026.27,50.98,199.41,55.8,30.41,P003,EQ025
2025-09-13 12:30:00,13414.16,600.1,3.33,26.56,3.31,1264.55,992.41,52.02,211.38,50.81,14.54,P011,EQ032
2025-09-13 12:40:00,15122.71,633.15,3.05,26.08,3.82,1231.11,1043.19,60.33,190.75,56.46,30.38,P024,EQ039
2025-09-13 12:50:00,15036.58,578.05,3.38,25.38,3.52,1245.04,1007.22,63.93,204.9,57.1,17.78,P043,EQ046
2025-09-13 13:00:00,15807.87,592.59,3.53,25.44,3.26,1237.42,1040.39,61.74,181.66,51.39,28.74,P006,EQ004
2025-09-13 13:10:00,15411.38,612.13,3.83,25.42,3.85,1250.69,1052.1,63.19,209.15,40.5,30.05,P012,EQ011
2025-09-13 13:20:00,15180.08,632.96,3.35,26.41,3.27,1246.78,1023.14,55.06,200.82,44.08,16.18,P002,EQ018
2025-09-13 13:30:00,11502.65,615.36,3.5,23.7,3.23,1245.56,1022.53,56.76,202.47,50.14,12.96,P026,EQ025
2025-09-13 13:40:00,15113.9,577.02,3.55,24.77,3.32,1250.38,1058.8,61.86,196.63,50.82,11.27,P040,EQ032
2025-09-13 13:50:00,15275.79,551.78,3.19,25.63,3.43,1282.67,1092.32,60.49,208.76,64.18,28.6,P034,EQ039
2025-09-13 14:00:00,15739.8,584.66,3.46,26.1,3.46,1210.42,1090.69,63.63,197.51,53.55,20.6,P016,EQ046
2025-09-13 14:10:00,16769.86,626.55,3.62,23.19,3.28,1212.81,968.08,62.13,181.31,49.13,22.42,P007,EQ004
2025-09-13 14:20:00,13966.22,614.06,3.48,25.41,3.3,1278.65,1050.76,62.09,204.57,45.69,27.84,P042,EQ011
2025-09-13 14:30:00,14402.96,578.62,3.42,27.27,3.66,1249.26,1067.88,58.57,227.23,52.57,31.81,P025,EQ018
2025-09-13 14:40:00,14557.1,613.88,3.44,25.38,3.74,1255.75,1098.59,63.2,199.16,53.81,11.32,P004,EQ025
2025-09-13 14:50:00,14518.95,617.39,3.7,24.53,3.17,1246.72,1113.3,57.04,189.84,56.02,15.07,P004,EQ032
2025-09-13 15:00:00,14142.35,630.43,3.58,23.55,3.44,1294.49,1104.33,63.87,202.36,59.91,34.99,P013,EQ039
2025-09-13 15:10:00,14191.74,593.98,3.92,24.3,3.29,1245.02,1043.35,63.54,190.2,52.53,12.63,P029,EQ046
2025-09-13 15:20:00,14950.19,549.66,3.62,26.06,3.46,1252.03,1106.53,64.04,196.43,55.47,23.77,P038,EQ004
2025-09-13 15:30:00,15220.68,581.96,2.98,25.67,3.32,1192.68,1036.88,57.88,212.34,49.04,25.57,P004,EQ011
2025-09-13 15:40:00,17489.96,566.02,3.29,24.52,3.34,1250.16,1041.25,51.28,183.97,54.32,12.0,P018,EQ018
2025-09-13 15:50:00,14597.77,545.41,3.75,24.72,3.36,1248.32,1026.52,65.15,200.6,56.44,10.81,P001,EQ025
2025-09-13 16:00:00,15454.53,588.73,3.75,25.26,3.44,1244.6,1058.97,64.81,239.03,53.73,15.25,P031,EQ032
2025-09-13 16:10:00,13462.48,586.51,3.79,26.42,3.75,1242.07,1062.53,62.23,222.07,52.8,30.33,P016,EQ039
2025-09-13 16:20:00,15252.54,530.94,3.03,25.06,3.99,1260.21,1046.18,61.59,199.83,50.22,12.67,P045,EQ046
2025-09-13 16:30:00,13571.99,602.57,3.54,24.57,3.84,1255.52,1038.34,64.29,198.27,43.2,22.41,P007,EQ004
2025-09-13 16:40:00,14836.9,653.43,3.53,24.16,3.43,1282.32,1068.18,57.6,175.58,46.04,24.74,P030,EQ011
2025-09-13 16:50:00,13279.99,562.53,3.35,25.08,3.55,1225.13,1045.22,59.54,210.78,44.97,29.05,P036,EQ018
2025-09-13 17:00:00,14710.01,598.37,3.5,25.11,3.44,1235.89,1111.41,59.89,197.59,56.8,20.37,P050,EQ025
2025-09-13 17:10:00,14914.35,559.37,3.51,23.94,3.29,1214.09,1010.28,57.73,183.8,43.73,28.73,P041,EQ032
2025-09-13 17:20:00,16161.37,617.27,3.66,25.4,3.1,1250.44,1073.7,53.58,205.48,46.15,28.94,P010,EQ039
2025-09-13 17:30:00,15532.98,602.99,3.62,26.46,3.14,1267.29,1053.32,53.26,230.14,49.84,29.01,P023,EQ046
2025-09-13 17:40:00,12399.13,584.14,3.33,23.91,3.62,1270.95,1105.31,57.21,195.14,42.42,27.09,P040,EQ004
2025-09-13 17:50:00,15177.29,585.34,3.45,24.09,3.0,1275.58,1033.91,66.24,184.41,51.09,34.44,P004,EQ011
2025-09-13 18:00:00,16132.26,588.64,3.53,24.19,3.57,1262.88,1081.74,56.13,188.64,46.11,28.04,P017,EQ018
2025-09-13 18:10:00,15326.53,564.04,3.38,24.33,3.51,1282.33,1071.46,59.77,197.31,47.87,12.46,P042,EQ025
2025-09-13 18:20:00,15727.19,589.31,3.12,24.3,3.79,1241.97,1039.2,57.57,173.71,45.58,17.12,P041,EQ032
2025-09-13 18:30:00,15309.09,601.44,3.52,24.73,3.22,1257.01,1032.91,59.45,225.69,55.73,21.67,P034,EQ039
2025-09-13 18:40:00,16668.65,595.93,3.51,25.3,3.38,1242.67,1008.73,55.17,207.54,52.5,18.22,P024,EQ046
2025-09-13 18:50:00,14656.39,608.45,3.42,25.74,3.26,1228.05,1073.81,68.28,215.65,53.67,33.03,P041,EQ004
2025-09-13 19:00:00,15124.13,634.36,3.58,25.24,3.87,1236.01,1026.55,61.57,204.83,56.36,13.01,P014,EQ011
2025-09-13 19:10:00,14420.45,595.25,3.56,24.58,3.89,1229.19,1020.56,62.12,208.25,54.09,33.96,P022,EQ018
2025-09-13 19:20:00,15546.04,552.28,3.53,26.16,3.24,1246.89,1052.11,62.49,201.14,45.68,15.59,P034,EQ025
2025-09-13 19:30:00,15664.98,581.33,3.62,23.92,3.83,1221.31,1054.79,67.75,172.78,44.23,14.14,P008,EQ032
2025-09-13 19:40:00,13743.09,539.54,3.76,25.81,3.24,1254.61,1051.3,67.18,202.65,45.31,10.57,P011,EQ039
2025-09-13 19:50:00,13571.74,599.07,3.81,25.89,3.54,1268.27,1093.11,65.34,232.09,50.78,23.95,P044,EQ046
2025-09-13 20:00:00,14824.86,626.47,3.35,25.23,3.16,1279.32,1070.79,54.24,215.49,56.17,31.68,P029,EQ004
2025-09-13 20:10:00,13686.52,582.75,3.83,25.76,3.82,1257.9,1064.19,62.59,202.12,55.93,23.06,P001,EQ011
2025-09-13 20:20:00,13656.37,567.99,3.38,24.64,3.3,1248.98,1018.42,56.53,219.8,47.48,21.79,P050,EQ018
2025-09-13 20:30:00,14938.13,619.92,3.58,26.69,3.75,1256.48,1027.28,53.82,162.44,52.15,21.7,P049,EQ025
2025-09-13 20:40:00,14138.04,657.5,3.47,24.69,3.47,1218.13,1053.13,59.65,210.12,52.26,11.41,P015,EQ032
2025-09-13 20:50:00,14171.28,563.35,3.73,26.38,3.51,1227.6,1015.12,60.91,205.36,64.95,21.7,P027,EQ039
2025-09-13 21:00:00,14905.49,552.22,3.44,24.77,3.4,1265.16,1033.14,57.11,213.67,44.45,12.64,P002,EQ046
2025-09-13 21:10:00,15158.38,579.64,3.81,23.96,3.73,1264.6,1011.99,67.51,198.25,50.59,23.81,P033,EQ004
2025-09-13 21:20:00,17251.94,648.28,3.59,23.38,3.88,1259.22,1055.9,60.76,189.43,52.85,12.78,P040,EQ011
2025-09-13 21:30:00,13989.76,611.05,3.71,23.56,3.67,1218.35,1011.36,59.29,205.91,58.21,21.75,P010,EQ018
2025-09-13 21:40:00,13445.65,638.75,3.69,24.32,3.29,1223.84,1057.54,64.82,215.6,44.35,13.24,P013,EQ025
2025-09-13 21:50:00,14919.86,639.48,3.66,25.11,3.36,1254.16,1064.97,53.62,204.84,59.62,26.92,P049,EQ032
2025-09-13 22:00:00,15022.64,549.57,3.48,25.04,3.48,1257.36,990.41,50.62,198.82,49.99,24.7,P025,EQ039
2025-09-13 22:10:00,15406.75,608.06,3.49,23.31,3.5,1275.43,1043.07,59.56,209.44,57.25,16.28,P032,EQ046
2025-09-13 22:20:00,15714.39,621.15,3.63,24.95,3.41,1251.89,1070.24,64.28,205.17,48.91,29.37,P035,EQ004
2025-09-13 22:30:00,15538.74,653.03,3.36,23.69,3.89,1243.72,1039.38,59.15,208.72,52.3,14.95,P022,EQ011
2025-09-13 22:40:00,12632.45,561.5,3.35,25.84,3.43,1275.71,1040.34,66.64,192.03,47.08,30.94,P003,EQ018
2025-09-13 22:50:00,13926.29,618.18,3.39,23.71,3.18,1261.63,982.03,65.17,198.44,55.19,21.19,P027,EQ025
2025-09-13 23:00:00,14556.04,602.34,3.41,26.13,3.62,1228.39,1029.24,55.82,216.46,52.7,23.99,P007,EQ032
2025-09-13 23:10:00,14622.31,594.89,3.29,26.38,3.29,1248.63,1018.76,67.23,171.32,52.04,32.49,P001,EQ039
2025-09-13 23:20:00,15345.84,577.86,3.44,24.22,3.73,1307.03,1050.39,61.0,222.02,55.32,14.55,P019,EQ046
2025-09-13 23:30:00,15250.24,607.09,3.52,26.41,3.6,1236.95,1032.56,64.39,215.08,46.82,23.68,P044,EQ004
2025-09-13 23:40:00,15854.44,600.82,3.67,23.19,3.77,1232.6,1008.75,59.76,194.51,49.13,28.07,P036,EQ011
2025-09-13 23:50:00,14525.94,598.15,3.23,24.48,3.53,1259.23,1096.39,56.61,177.11,47.3,19.16,P023,EQ018
2025-09-14 00:00:00,15108.04,597.95,3.59,26.33,3.59,1271.55,1058.31,58.79,188.04,53.13,21.64,P033,EQ025
2025-09-14 00:10:00,15971.24,615.86,3.45,27.3,3.66,1225.55,1088.4,53.7,184.68,45.0,10.79,P011,EQ032
2025-09-14 00:20:00,14663.78,616.51,3.3,25.72,3.58,1237.45,1061.12,62.29,212.38,53.85,26.28,P043,EQ039
2025-09-14 00:30:00,14455.79,625.17,3.53,26.4,3.71,1246.67,1028.44,63.04,207.15,49.6,31.7,P013,EQ046
2025-09-14 00:40:00,15406.09,612.14,3.57,24.38,3.6,1249.46,1091.34,60.29,228.88,54.33,29.96,P009,EQ004
2025-09-14 00:50:00,13601.67,605.33,3.57,24.18,3.23,1269.76,1041.98,47.91,198.79,46.39,15.33,P026,EQ011
2025-09-14 01:00:00,15643.71,600.6,3.51,27.52,3.43,1254.81,963.1,58.03,199.05,45.36,34.1,P011,EQ018
2025-09-14 01:10:00,14784.64,596.67,3.42,25.38,3.33,1263.75,1011.33,61.25,161.69,43.16,34.26,P008,EQ025
2025-09-14 01:20:00,14467.34,593.54,3.6,26.32,3.59,1270.29,1069.37,57.12,206.63,54.39,19.77,P003,EQ032
2025-09-14 01:30:00,14694.03,567.36,3.85,25.8,3.27,1241.32,1011.13,55.5,205.37,43.54,29.73,P025,EQ039
2025-09-14 01:40:00,15479.38,620.24,3.39,25.74,3.67,1252.92,1066.75,58.04,200.4,49.2,25.06,P049,EQ046
2025-09-14 01:50:00,14747.66,566.2,3.41,25.78,3.44,1221.9,1021.92,46.56,204.82,50.87,19.56,P023,EQ004
2025-09-14 02:00:00,16431.97,623.04,3.5,25.55,3.17,1248.74,1070.8,60.99,201.24,44.63,31.17,P017,EQ011
2025-09-14 02:10:00,17217.96,594.79,3.47,26.71,3.33,1250.33,1038.49,60.55,191.92,50.26,19.96,P031,EQ018
2025-09-14 02:20:00,14429.08,603.06,3.15,24.31,3.32,1264.69,1084.45,56.58,205.04,47.92,10.5,P029,EQ025
2025-09-14 02:30:00,15382.64,599.8,3.55,27.28,3.65,1242.37,1071.7,54.33,211.18,48.3,27.06,P023,EQ032
2025-09-14 02:40:00,14982.34,573.88,3.46,25.32,3.66,1250.05,1053.11,62.34,210.82,53.27,11.66,P040,EQ039
2025-09-14 02:50:00,15117.67,585.48,3.28,24.98,3.19,1265.99,1117.79,55.01,195.06,48.39,27.25,P016,EQ046
2025-09-14 03:00:00,13581.76,561.42,3.87,25.03,3.45,1252.79,1022.56,59.57,195.56,64.71,24.45,P024,EQ004
2025-09-14 03:10:00,13969.69,560.18,3.51,25.27,3.38,1237.82,1084.01,66.43,171.35,47.67,27.42,P010,EQ011
2025-09-14 03:20:00,14479.49,587.8,3.29,26.57,3.73,1217.97,1036.46,62.3,185.22,48.93,12.24,P004,EQ018
2025-09-14 03:30:00,14850.75,585.92,3.3,24.93,3.24,1222.77,1068.75,60.6,170.76,41.12,28.39,P027,EQ025
2025-09-14 03:40:00,14050.59,659.87,3.59,25.45,3.74,1261.07,1052.87,52.82,197.63,43.53,32.37,P010,EQ032
2025-09-14 03:50:00,14577.17,617.33,3.38,25.51,3.42,1247.69,1059.0,59.54,176.37,48.15,19.71,P001,EQ039
2025-09-14 04:00:00,15366.44,613.02,3.31,25.72,3.36,1221.08,1011.7,55.95,209.98,45.43,22.01,P001,EQ046
2025-09-14 04:10:00,14369.0,591.34,3.18,25.4,3.25,1247.84,1040.32,67.11,196.27,52.52,15.44,P024,EQ004
2025-09-14 04:20:00,15430.59,633.52,3.52,25.71,3.67,1251.75,1013.64,65.15,191.37,42.55,11.16,P042,EQ011
2025-09-14 04:30:00,14600.18,636.73,3.31,25.91,3.53,1284.97,1046.29,54.76,160.63,54.27,23.07,P017,EQ018
2025-09-14 04:40:00,12839.03,606.77,3.24,24.34,3.22,1242.71,1036.4,60.62,222.43,53.39,32.32,P011,EQ025
2025-09-14 04:50:00,15143.52,593.75,3.74,26.35,3.41,1297.68,1030.42,59.08,189.4,51.0,17.05,P014,EQ032
2025-09-14 05:00:00,15725.22,565.53,3.37,26.05,3.23,1244.36,1057.43,71.18,229.43,53.54,27.57,P045,EQ039
2025-09-14 05:10:00,14139.37,601.65,3.38,23.86,3.31,1248.45,1073.37,50.13,192.57,53.99,12.81,P035,EQ046
2025-09-14 05:20:00,15160.46,597.76,3.79,24.96,3.65,1247.44,1118.81,56.58,211.02,50.23,31.64,P037,EQ004
2025-09-14 05:30:00,16638.45,567.57,3.44,24.12,3.65,1255.83,1055.82,53.66,176.57,49.39,13.42,P035,EQ011
2025-09-14 05:40:00,15201.81,600.48,3.49,23.93,2.97,1280.18,1057.92,63.44,187.53,53.28,31.38,P033,EQ018
2025-09-14 05:50:00,15385.23,631.95,3.76,26.09,3.5,1286.61,1015.95,68.02,196.14,54.01,11.65,P002,EQ025
2025-09-14 06:00:00,15220.74,610.18,3.5,24.08,3.68,1248.42,1009.57,54.95,213.89,49.84,10.26,P007,EQ032
2025-09-14 06:10:00,15380.51,642.3,3.77,24.37,3.49,1233.72,991.49,61.03,211.37,39.84,28.46,P039,EQ039
2025-09-14 06:20:00,14965.39,572.91,3.5,24.39,3.48,1255.66,1060.6,69.16,192.71,60.51,30.23,P005,EQ046
2025-09-14 06:30:00,15341.85,581.58,3.42,25.0,3.32,1250.51,1064.84,60.9,213.25,45.65,30.35,P021,EQ004
2025-09-14 06:40:00,14285.17,624.38,3.42,25.49,3.48,1247.93,1047.45,55.49,194.62,47.8,31.45,P003,EQ011
2025-09-14 06:50:00,14061.79,624.61,3.47,25.14,3.53,1246.88,1060.7,53.64,205.48,48.06,13.68,P024,EQ018
2025-09-14 07:00:00,15141.58,645.11,3.74,24.1,3.61,1265.06,1055.49,61.09,169.61,50.93,32.79,P025,EQ025
2025-09-14 07:10:00,16432.28,574.82,3.45,24.44,3.36,1261.54,1011.72,63.37,208.06,49.37,21.91,P024,EQ032
2025-09-14 07:20:00,14759.91,630.11,3.59,23.48,3.87,1265.84,1039.81,63.3,210.9,49.13,29.09,P046,EQ039
2025-09-14 07:30:00,15291.41,601.71,3.07,25.5,3.43,1255.12,1077.82,67.24,192.58,53.87,23.75,P025,EQ046
2025-09-14 07:40:00,16832.39,674.72,3.26,24.73,3.34,1211.22,1065.57,57.88,206.22,46.42,27.46,P026,EQ004
2025-09-14 07:50:00,13871.87,601.51,3.63,23.81,3.79,1268.18,1059.44,58.73,208.26,45.23,27.82,P016,EQ011
2025-09-14 08:00:00,14663.97,619.08,3.42,24.79,3.07,1247.04,954.9,53.39,207.14,52.63,15.78,P040,EQ018
2025-09-14 08:10:00,14783.44,605.5,3.66,25.25,3.53,1247.73,1070.41,64.55,180.93,43.53,31.56,P015,EQ025
2025-09-14 08:20:00,14901.7,675.57,3.93,26.91,3.65,1250.32,1054.83,64.09,202.49,46.66,17.75,P006,EQ032
2025-09-14 08:30:00,16937.39,600.1,3.6,24.58,3.22,1245.55,1037.68,64.65,194.61,50.71,12.34,P021,EQ039
2025-09-14 08:40:00,14843.71,572.26,3.29,23.82,3.48,1240.18,1066.04,62.26,201.29,45.73,10.43,P008,EQ046
2025-09-14 08:50:00,16363.7,537.53,3.32,26.15,3.17,1277.76,1048.72,70.12,187.95,57.47,32.01,P018,EQ004
2025-09-14 09:00:00,15426.96,604.73,3.27,26.0,3.64,1264.72,1085.74,55.94,188.97,49.28,32.8,P027,EQ011
2025-09-14 09:10:00,16380.34,587.69,3.48,25.6,3.39,1263.98,1045.86,65.71,180.44,47.61,16.49,P010,EQ018
2025-09-14 09:20:00,14771.35,598.22,4.01,24.72,3.77,1245.94,1088.36,63.68,229.9,49.74,22.26,P038,EQ025
2025-09-14 09:30:00,16998.78,646.4,3.38,25.8,3.16,1227.41,1110.96,74.06,222.36,40.28,29.68,P008,EQ032
2025-09-14 09:40:00,15683.02,573.53,3.52,25.8,3.57,1265.24,1029.42,64.88,207.02,41.38,18.0,P016,EQ039
2025-09-14 09:50:00,13745.15,576.93,3.29,25.34,3.56,1245.78,1004.51,66.39,196.22,45.05,23.8,P021,EQ046
2025-09-14 10:00:00,15225.51,583.88,3.7,23.78,3.23,1252.97,1069.62,62.35,200.6,46.52,28.61,P008,EQ004
2025-09-14 10:10:00,15281.19,660.86,3.45,25.72,3.34,1244.03,1009.09,57.61,217.01,56.49,13.42,P050,EQ011
2025-09-14 10:20:00,15351.0,561.52,3.74,25.27,3.08,1249.74,1071.26,64.29,194.78,45.94,11.91,P029,EQ018
2025-09-14 10:30:00,15192.69,610.75,3.67,25.54,3.54,1222.49,1080.93,63.19,192.44,56.58,32.69,P022,EQ025
2025-09-14 10:40:00,15401.39,620.1,3.72,24.46,3.47,1249.39,1090.22,64.83,211.25,50.06,30.18,P009,EQ032
2025-09-14 10:50:00,13181.74,560.61,3.61,25.18,3.26,1224.44,1081.39,70.66,199.19,44.76,15.86,P024,EQ039
2025-09-14 11:00:00,15166.95,525.09,3.5,24.27,3.51,1269.84,1040.23,65.73,224.93,51.2,29.13,P032,EQ046
2025-09-14 11:10:00,15922.38,551.57,3.58,24.44,3.35,1270.08,1021.47,60.7,209.24,51.18,22.67,P022,EQ004
2025-09-14 11:20:00,14238.63,611.72,3.46,24.05,3.95,1208.68,1061.21,56.5,196.47,55.43,19.06,P010,EQ011
2025-09-14 11:30:00,14820.01,589.64,3.5,25.09,3.38,1249.99,1062.68,57.87,184.64,55.5,19.41,P041,EQ018
2025-09-14 11:40:00,14416.49,570.51,3.29,25.58,3.62,1217.84,1029.73,70.3,197.97,51.33,11.14,P043,EQ025
2025-09-14 11:50:00,14040.42,576.22,3.38,24.88,3.6,1252.06,1044.54,60.51,185.84,52.7,30.3,P030,EQ032
2025-09-14 12:00:00,16900.7,557.87,3.51,25.36,3.34,1275.45,1019.49,69.62,203.03,52.64,14.02,P047,EQ039
2025-09-14 12:10:00,13004.64,599.64,3.5,24.84,3.57,1224.17,1082.13,56.37,189.1,36.34,19.58,P010,EQ046
2025-09-14 12:20:00,14627.94,594.31,3.23,23.63,3.35,1259.93,1037.85,56.38,213.9,52.6,17.39,P019,EQ004
2025-09-14 12:30:00,15182.62,519.9,3.76,23.17,3.39,1257.76,1078.31,61.36,209.49,57.15,20.88,P048,EQ011
2025-09-14 12:40:00,15723.83,614.33,3.55,26.29,3.47,1227.54,1046.75,64.51,191.65,54.0,31.06,P024,EQ018
2025-09-14 12:50:00,16017.92,637.81,3.67,25.18,3.5,1268.59,1025.12,57.59,226.06,53.3,29.29,P028,EQ025
2025-09-14 13:00:00,15217.31,642.62,3.51,26.05,3.55,1250.89,1062.06,59.94,221.12,52.44,29.33,P030,EQ032
2025-09-14 13:10:00,13978.45,627.61,3.35,26.24,3.56,1235.7,1064.36,61.09,184.98,50.63,13.53,P023,EQ039
2025-09-14 13:20:00,15546.53,566.51,3.77,23.6,3.23,1293.82,1087.25,57.17,196.81,52.66,11.62,P007,EQ046
2025-09-14 13:30:00,13564.47,578.76,3.16,25.56,3.57,1296.76,1074.02,53.67,208.37,42.39,10.68,P014,EQ004
2025-09-14 13:40:00,14390.57,580.53,3.68,24.38,3.45,1267.15,1005.05,60.29,170.22,53.85,11.53,P033,EQ011
2025-09-14 13:50:00,15166.55,594.45,3.58,26.13,3.31,1248.68,990.82,62.63,205.38,55.97,21.6,P024,EQ018
2025-09-14 14:00:00,16578.67,595.54,3.43,24.35,3.49,1266.49,1048.99,58.04,221.91,43.1,19.61,P017,EQ025
2025-09-14 14:10:00,14621.12,596.13,3.31,24.65,3.28,1237.03,1075.19,60.7,208.96,45.34,28.87,P031,EQ032
2025-09-14 14:20:00,15252.75,615.67,3.74,23.36,3.17,1273.62,1011.95,61.08,195.07,58.23,23.29,P042,EQ039
2025-09-14 14:30:00,12706.1,565.06,3.5,25.84,3.45,1239.23,1084.93,61.27,192.37,53.16,28.82,P031,EQ046
2025-09-14 14:40:00,14050.8,613.15,3.2,25.16,3.53,1219.29,1015.5,67.12,202.11,54.64,26.61,P004,EQ004
2025-09-14 14:50:00,14514.22,579.22,3.76,24.54,3.66,1246.91,1098.6,62.11,202.89,35.06,15.41,P032,EQ011
2025-09-14 15:00:00,12830.85,601.86,3.53,26.72,3.45,1262.05,1083.74,67.81,206.95,43.78,17.95,P015,EQ018
2025-09-14 15:10:00,15730.54,612.56,3.28,24.8,3.16,1240.33,1039.35,58.27,202.54,42.22,23.25,P050,EQ025
2025-09-14 15:20:00,15009.8,636.94,3.38,26.16,3.51,1265.3,1020.14,57.75,190.66,50.39,14.64,P029,EQ032
2025-09-14 15:30:00,15607.05,577.54,3.86,23.42,3.07,1230.72,1039.08,61.48,219.05,49.52,17.41,P005,EQ039
2025-09-14 15:40:00,13935.04,595.5,3.71,25.58,3.35,1222.57,1001.5,60.35,182.91,42.99,31.01,P033,EQ046
2025-09-14 15:50:00,13870.99,576.89,3.25,26.32,3.64,1239.24,1099.17,55.59,189.5,44.27,31.17,P046,EQ004
2025-09-14 16:00:00,14386.71,643.41,3.52,23.84,3.46,1238.5,1091.69,62.17,197.68,50.81,21.48,P012,EQ011
2025-09-14 16:10:00,14249.03,551.85,3.45,25.49,3.65,1227.84,1024.18,62.02,192.14,44.52,19.58,P011,EQ018
2025-09-14 16:20:00,14530.63,574.34,3.33,24.94,3.24,1231.38,1105.54,64.14,221.56,47.08,24.07,P022,EQ025
2025-09-14 16:30:00,14910.93,565.26,3.63,23.64,3.66,1276.46,1076.9,68.52,229.21,60.88,16.49,P049,EQ032
2025-09-14 16:40:00,15650.9,577.01,3.47,25.13,3.72,1275.26,1073.52,65.43,191.98,43.27,19.86,P034,EQ039
2025-09-14 16:50:00,14929.92,609.61,3.61,25.65,3.25,1234.49,1019.54,58.58,203.75,46.67,20.07,P010,EQ046
2025-09-14 17:00:00,14286.83,617.07,3.56,26.15,3.61,1253.53,1053.5,58.31,177.75,50.27,32.34,P012,EQ004
2025-09-14 17:10:00,14158.63,617.76,3.43,25.13,3.61,1265.29,1077.57,57.1,188.21,43.48,23.88,P020,EQ011
2025-09-14 17:20:00,14154.3,567.74,3.1,25.46,3.63,1269.11,1065.23,66.97,210.65,50.07,34.93,P029,EQ018
2025-09-14 17:30:00,15485.34,593.01,3.65,24.44,3.43,1244.54,1017.33,61.2,207.67,51.14,20.42,P017,EQ025
2025-09-14 17:40:00,15893.04,531.82,3.98,25.59,3.52,1239.04,1102.84,61.66,207.5,46.79,13.4,P029,EQ032
2025-09-14 17:50:00,14211.73,628.75,3.53,25.71,3.79,1294.94,1082.1,56.1,198.29,41.92,26.32,P025,EQ039
2025-09-14 18:00:00,14147.81,645.94,3.7,25.02,3.18,1288.88,1058.94,61.1,199.36,51.21,27.08,P010,EQ046
2025-09-14 18:10:00,16562.7,615.56,3.62,24.03,3.51,1251.55,1018.11,66.93,197.43,48.73,21.96,P005,EQ004
2025-09-14 18:20:00,15935.9,635.04,3.13,26.5,3.75,1251.12,1094.77,54.9,185.99,50.17,31.49,P046,EQ011
2025-09-14 18:30:00,13673.83,618.92,3.39,24.69,3.39,1226.99,1047.89,57.43,205.34,51.65,15.16,P022,EQ018
2025-09-14 18:40:00,14158.98,598.96,3.21,25.21,3.67,1236.92,1025.03,55.88,213.65,52.44,15.21,P036,EQ025
2025-09-14 18:50:00,14976.62,614.29,3.15,24.13,3.74,1220.92,1061.46,57.2,199.93,51.37,34.17,P026,EQ032
2025-09-14 19:00:00,13401.25,636.03,3.65,25.13,3.44,1233.94,1060.22,61.04,198.48,47.5,21.9,P045,EQ039
2025-09-14 19:10:00,14311.75,631.57,3.92,24.49,3.62,1264.76,1062.61,64.9,208.06,55.36,13.46,P039,EQ046
2025-09-14 19:20:00,14386.46,590.06,3.48,25.53,3.52,1246.36,1057.84,65.98,192.84,55.63,13.13,P034,EQ004
2025-09-14 19:30:00,15039.15,628.58,3.65,24.2,3.58,1266.97,1037.05,58.02,198.05,49.48,20.78,P033,EQ011
2025-09-14 19:40:00,15322.79,592.7,3.46,24.97,3.78,1234.78,1063.87,61.62,216.72,51.43,30.9,P039,EQ018
2025-09-14 19:50:00,16702.82,646.58,3.56,23.8,3.56,1242.52,985.32,53.15,197.14,44.49,11.3,P043,EQ025
2025-09-14 20:00:00,15120.37,625.75,3.62,25.75,3.26,1301.96,1015.71,57.1,202.55,50.11,27.35,P017,EQ032
2025-09-14 20:10:00,16825.57,625.16,3.5,24.23,3.33,1236.94,1072.12,57.57,184.39,48.93,22.93,P034,EQ039
2025-09-14 20:20:00,14965.1,593.14,3.32,25.16,3.64,1262.05,1054.91,62.91,169.04,48.28,34.84,P038,EQ046
2025-09-14 20:30:00,14917.57,621.88,3.22,24.55,3.41,1258.92,1019.59,57.73,185.78,46.28,26.99,P012,EQ004
2025-09-14 20:40:00,15019.44,583.77,3.4,24.55,3.65,1252.49,1104.68,66.4,211.11,56.41,11.44,P022,EQ011
2025-09-14 20:50:00,12773.98,572.65,3.26,25.75,3.55,1249.66,1022.64,55.54,215.46,50.4,29.5,P050,EQ018
2025-09-14 21:00:00,14721.03,612.72,3.55,23.88,3.1,1295.62,1026.97,65.47,225.82,53.94,15.88,P001,EQ025
2025-09-14 21:10:00,14962.92,538.24,3.56,25.02,3.59,1264.8,1077.35,64.51,188.6,44.16,18.67,P002,EQ032
2025-09-14 21:20:00,16147.18,641.39,3.3,24.09,3.5,1243.52,1089.39,58.19,202.51,53.25,27.18,P039,EQ039
2025-09-14 21:30:00,13916.57,590.92,3.18,24.5,3.84,1278.62,1070.23,57.16,208.57,52.71,29.3,P031,EQ046
2025-09-14 21:40:00,16140.81,587.27,3.2,25.25,3.62,1225.99,1033.28,57.77,214.56,48.87,15.0,P027,EQ004
2025-09-14 21:50:00,16041.42,664.4,3.73,25.37,3.64,1274.36,1082.59,56.57,206.69,55.68,28.56,P021,EQ011
2025-09-14 22:00:00,12213.69,608.33,3.27,26.23,3.39,1241.37,1009.02,54.48,206.78,49.87,24.9,P029,EQ018
2025-09-14 22:10:00,14556.95,618.0,3.44,22.66,3.73,1224.3,1083.68,66.2,217.55,55.17,20.73,P017,EQ025
2025-09-14 22:20:00,14727.8,596.68,3.52,22.97,3.49,1243.35,1074.25,59.19,193.01,44.09,29.41,P021,EQ032
2025-09-14 22:30:00,13906.53,618.64,3.59,25.27,3.87,1233.23,1013.75,58.21,193.5,48.21,14.8,P042,EQ039
2025-09-14 22:40:00,14738.42,619.24,3.31,25.47,3.2,1233.8,1027.61,60.09,203.84,43.02,28.45,P027,EQ046
2025-09-14 22:50:00,13710.17,633.36,3.5,24.8,3.77,1224.54,981.22,62.28,200.14,44.76,21.26,P048,EQ004
2025-09-14 23:00:00,15255.99,594.41,3.62,24.84,3.41,1261.87,1063.99,58.59,200.46,51.65,21.84,P039,EQ011
2025-09-14 23:10:00,16302.82,587.8,3.67,24.31,3.24,1234.23,1039.88,58.66,176.33,47.3,32.05,P032,EQ018
2025-09-14 23:20:00,15697.62,583.66,3.33,23.87,3.52,1251.23,1045.38,60.95,190.56,52.35,27.77,P023,EQ025
2025-09-14 23:30:00,15051.58,580.49,3.74,25.41,3.34,1236.21,1016.6,65.48,209.87,43.7,16.37,P028,EQ032
2025-09-14 23:40:00,14823.37,612.17,3.34,27.01,3.64,1251.03,1010.52,58.16,182.52,41.36,31.26,P038,EQ039
2025-09-14 23:50:00,15923.43,626.72,3.45,25.12,3.45,1228.4,1019.54,57.15,208.08,50.02,27.61,P002,EQ046
2025-09-15 00:00:00,15970.03,601.52,3.36,25.16,3.81,1269.3,1090.66,65.85,196.29,43.73,16.03,P034,EQ004
2025-09-15 00:10:00,15473.9,583.88,3.55,26.82,3.17,1278.16,1041.65,59.23,205.1,48.59,16.49,P012,EQ011
2025-09-15 00:20:00,15672.36,559.11,3.44,25.76,3.76,1262.43,1053.27,61.39,204.89,46.72,21.92,P026,EQ018
2025-09-15 00:30:00,13923.32,582.28,3.39,26.91,3.61,1245.3,1077.29,56.0,192.3,47.29,28.74,P009,EQ025
2025-09-15 00:40:00,14414.24,548.81,3.79,24.95,3.37,1247.63,1026.76,57.98,176.57,52.81,21.39,P014,EQ032
2025-09-15 00:50:00,15939.61,606.52,3.21,25.56,3.79,1282.28,1031.92,56.26,215.63,48.87,14.51,P046,EQ039
2025-09-15 01:00:00,14117.32,542.77,3.78,24.44,3.64,1242.54,1038.88,56.55,216.65,51.59,14.4,P042,EQ046
2025-09-15 01:10:00,15712.53,626.58,3.36,26.27,3.51,1261.17,1069.8,56.55,216.88,54.02,13.68,P007,EQ004
2025-09-15 01:20:00,15209.26,607.82,3.31,25.64,3.14,1276.95,1069.17,56.66,200.14,52.93,12.66,P005,EQ011
2025-09-15 01:30:00,15051.7,628.86,3.65,23.13,3.51,1252.44,1123.65,62.17,204.99,52.24,30.9,P024,EQ018
2025-09-15 01:40:00,15198.57,594.22,3.2,24.04,3.75,1249.57,1030.79,59.71,178.97,48.6,26.28,P032,EQ025
2025-09-15 01:50:00,14324.5,592.44,3.69,24.79,3.58,1254.01,1046.77,56.34,213.66,42.35,20.65,P008,EQ032
2025-09-15 02:00:00,16006.04,614.29,3.17,27.45,3.43,1258.63,1077.8,58.89,190.9,50.73,34.22,P007,EQ039
2025-09-15 02:10:00,15710.66,681.15,3.41,24.65,3.5,1254.49,1053.22,60.54,205.58,46.02,20.57,P004,EQ046
2025-09-15 02:20:00,15824.79,571.55,3.44,25.19,3.89,1281.27,1092.47,68.86,232.18,47.59,29.49,P011,EQ004
2025-09-15 02:30:00,14376.55,557.15,3.45,25.66,3.57,1251.93,1120.38,58.34,187.19,62.26,25.42,P035,EQ011
2025-09-15 02:40:00,15788.83,547.58,3.54,21.83,3.64,1216.62,1040.04,68.4,187.54,50.38,19.3,P019,EQ018
2025-09-15 02:50:00,15802.61,609.02,3.39,26.53,3.24,1279.72,1065.83,55.4,194.42,50.69,16.71,P036,EQ025
2025-09-15 03:00:00,14754.72,570.58,3.65,23.16,3.88,1284.2,1075.34,58.43,206.18,46.25,20.1,P036,EQ032
2025-09-15 03:10:00,15574.13,611.09,3.63,24.58,3.69,1247.86,990.96,49.74,203.82,50.02,15.82,P024,EQ039
2025-09-15 03:20:00,14208.54,630.91,3.65,24.85,3.85,1292.71,1084.23,64.19,242.43,48.06,14.39,P007,EQ046
2025-09-15 03:30:00,16444.51,631.27,3.24,26.53,3.67,1276.21,1034.98,63.57,196.28,49.63,30.89,P038,EQ004
2025-09-15 03:40:00,15017.9,612.4,3.57,24.92,3.4,1276.53,1089.4,62.55,214.01,51.48,10.2,P038,EQ011
2025-09-15 03:50:00,15747.02,616.34,3.36,24.17,3.58,1226.51,962.95,58.19,216.59,49.87,31.41,P012,EQ018
2025-09-15 04:00:00,14769.75,611.14,3.47,25.02,3.74,1228.12,1078.73,61.47,208.86,54.13,14.68,P012,EQ025
2025-09-15 04:10:00,14755.78,599.6,3.29,25.51,3.51,1241.7,1070.97,56.45,196.56,60.01,28.67,P037,EQ032
2025-09-15 04:20:00,15081.48,576.6,3.57,24.32,3.28,1294.3,1078.9,63.18,196.91,48.11,29.87,P001,EQ039
2025-09-15 04:30:00,15315.58,634.08,3.38,24.46,3.5,1257.96,1047.78,59.11,195.29,42.47,12.39,P018,EQ046
2025-09-15 04:40:00,15638.37,596.88,3.6,25.01,3.76,1224.88,1030.51,64.58,209.1,60.14,14.61,P026,EQ004
2025-09-15 04:50:00,13798.1,632.78,3.62,24.3,3.43,1241.92,1008.12,54.2,197.88,48.63,16.72,P005,EQ011
2025-09-15 05:00:00,15036.43,565.0,3.37,22.96,3.79,1231.2,1005.98,61.52,201.14,53.7,11.51,P035,EQ018
2025-09-15 05:10:00,15063.19,570.05,3.41,24.21,3.61,1271.05,1055.11,63.04,207.83,47.5,10.63,P005,EQ025
2025-09-15 05:20:00,16057.38,598.9,3.5,23.27,3.75,1243.62,1052.16,55.41,179.68,44.85,21.26,P049,EQ032
2025-09-15 05:30:00,15688.93,577.05,3.52,25.23,3.41,1260.83,1062.12,62.08,195.52,49.14,10.48,P014,EQ039
2025-09-15 05:40:00,14811.27,623.43,3.5,23.6,3.66,1265.67,1039.02,69.74,211.86,50.39,30.16,P006,EQ046
2025-09-15 05:50:00,15453.72,588.72,3.48,24.37,3.2,1302.98,1065.24,55.72,200.22,55.48,20.0,P013,EQ004
2025-09-15 06:00:00,16793.88,608.04,3.47,24.95,3.63,1239.49,1076.48,61.95,182.1,54.38,21.14,P050,EQ011
2025-09-15 06:10:00,14617.97,570.36,3.78,25.63,3.74,1242.08,1091.54,64.91,219.19,53.94,10.98,P022,EQ018
2025-09-15 06:20:00,15114.41,562.01,3.59,25.48,3.35,1258.06,1030.71,65.26,194.49,50.44,27.13,P003,EQ025
2025-09-15 06:30:00,14041.66,628.21,3.33,25.89,3.55,1228.16,1069.94,64.38,203.26,48.37,17.28,P013,EQ032
2025-09-15 06:40:00,14209.86,625.61,3.53,23.7,3.27,1257.14,1060.81,63.33,212.6,54.44,15.22,P027,EQ039
2025-09-15 06:50:00,16321.79,658.34,3.27,27.31,3.07,1248.72,1050.63,51.24,201.77,56.18,30.88,P012,EQ046
2025-09-15 07:00:00,13190.83,534.97,3.6,24.06,3.58,1262.8,1028.4,56.07,195.28,60.02,16.35,P018,EQ004
2025-09-15 07:10:00,14941.06,555.6,3.69,24.09,3.54,1269.28,1051.27,62.37,184.67,55.93,19.42,P015,EQ011
2025-09-15 07:20:00,16272.37,619.05,3.35,24.5,3.75,1253.02,1036.04,58.04,180.88,50.32,31.32,P029,EQ018
2025-09-15 07:30:00,15622.17,607.38,3.61,25.48,3.12,1271.4,1059.23,60.0,190.59,50.82,14.0,P018,EQ025
2025-09-15 07:40:00,15222.36,650.9,3.48,25.14,3.34,1246.24,994.24,51.6,198.62,50.96,29.56,P028,EQ032
2025-09-15 07:50:00,14809.59,564.97,3.46,25.96,3.43,1237.27,1076.48,63.55,219.58,54.66,34.47,P036,EQ039
2025-09-15 08:00:00,14566.53,591.53,3.45,24.93,3.54,1244.8,1013.17,58.45,189.02,49.2,10.13,P015,EQ046
2025-09-15 08:10:00,15895.34,583.53,3.18,26.4,3.38,1230.59,1089.59,65.13,192.42,47.5,33.95,P003,EQ004
2025-09-15 08:20:00,13690.02,651.08,3.72,25.91,3.39,1281.34,1078.61,55.24,202.12,56.68,28.54,P049,EQ011
2025-09-15 08:30:00,14710.86,562.33,3.1,24.65,3.67,1240.8,1060.9,60.33,199.99,46.91,33.24,P017,EQ018
2025-09-15 08:40:00,16108.92,640.65,3.37,25.37,3.47,1279.87,1068.27,69.46,211.8,38.09,11.52,P023,EQ025
2025-09-15 08:50:00,16020.15,564.9,3.47,25.93,3.6,1268.22,1057.23,66.13,188.42,55.56,25.39,P040,EQ032
2025-09-15 09:00:00,14268.09,607.74,3.2,23.52,3.61,1277.17,1026.08,59.14,203.4,50.22,30.44,P036,EQ039
2025-09-15 09:10:00,13988.11,598.85,3.44,25.28,3.43,1279.99,1058.4,70.94,168.91,44.24,18.13,P045,EQ046
2025-09-15 09:20:00,13884.46,585.69,3.62,23.64,3.71,1283.75,1028.32,60.12,206.36,49.88,25.09,P048,EQ004
2025-09-15 09:30:00,16570.99,599.69,3.42,24.98,3.41,1242.38,1001.37,61.46,221.8,56.43,25.12,P009,EQ011
2025-09-15 09:40:00,13427.18,607.28,3.41,27.42,3.54,1264.56,1016.16,62.65,223.01,48.5,21.55,P011,EQ018
2025-09-15 09:50:00,14272.43,605.83,3.6,23.92,3.25,1256.6,1030.27,52.4,206.11,49.84,34.78,P032,EQ025
2025-09-15 10:00:00,14446.82,567.98,3.88,23.97,3.36,1254.98,1066.65,46.39,196.12,56.02,14.5,P006,EQ032
2025-09-15 10:10:00,15919.29,521.8,3.73,25.23,3.48,1270.9,1051.61,52.7,222.48,51.21,14.0,P037,EQ039
2025-09-15 10:20:00,14040.04,600.18,3.36,26.74,3.31,1252.16,1066.19,61.03,206.83,53.19,12.95,P025,EQ046
2025-09-15 10:30:00,14296.38,629.67,3.45,26.76,3.19,1268.64,1042.81,50.44,196.8,46.91,15.56,P042,EQ004
2025-09-15 10:40:00,15568.07,618.97,3.44,26.37,3.67,1236.32,1088.85,65.36,233.76,48.41,11.19,P050,EQ011
2025-09-15 10:50:00,15157.93,660.42,3.46,26.02,3.58,1235.09,1080.44,62.79,189.53,52.31,24.08,P028,EQ018
2025-09-15 11:00:00,15084.66,566.86,3.78,26.56,3.69,1231.95,1015.21,63.09,174.36,48.43,11.49,P028,EQ025
2025-09-15 11:10:00,12593.38,569.9,4.06,25.13,3.29,1250.41,1010.72,56.7,173.95,52.6,27.96,P029,EQ032
2025-09-15 11:20:00,15642.49,636.7,3.58,26.15,3.74,1262.64,1032.18,57.38,216.84,47.07,19.88,P022,EQ039
2025-09-15 11:30:00,17891.71,610.34,3.6,26.49,3.67,1242.17,991.18,67.66,196.44,47.24,30.6,P030,EQ046
2025-09-15 11:40:00,14181.89,559.58,3.44,25.29,3.26,1270.29,1063.42,70.45,172.86,54.82,31.58,P036,EQ004
2025-09-15 11:50:00,14827.29,639.55,3.62,25.47,3.82,1261.86,1065.61,62.94,216.85,46.96,26.11,P023,EQ011
2025-09-15 12:00:00,15985.38,592.43,3.37,24.34,3.56,1251.07,1021.55,56.81,202.47,46.2,34.43,P038,EQ018
2025-09-15 12:10:00,15007.52,669.06,3.82,22.55,3.53,1281.02,1084.1,66.47,202.68,58.78,22.23,P040,EQ025
2025-09-15 12:20:00,13439.68,521.41,3.62,24.49,3.3,1235.67,1056.16,69.65,202.96,49.53,28.72,P038,EQ032
2025-09-15 12:30:00,15838.08,583.4,3.32,24.76,3.48,1279.63,1047.49,63.76,198.08,48.7,19.34,P029,EQ039
2025-09-15 12:40:00,15761.21,555.62,3.6,25.86,3.71,1225.69,1055.64,59.47,198.44,51.23,28.07,P033,EQ046
2025-09-15 12:50:00,16490.52,624.69,3.38,29.05,3.48,1282.7,1014.27,61.6,183.94,45.91,31.48,P028,EQ004
2025-09-15 13:00:00,17097.27,629.26,3.8,24.95,3.47,1275.67,1067.99,49.92,225.83,42.47,17.53,P001,EQ011
2025-09-15 13:10:00,14587.37,613.18,3.9,26.77,3.56,1239.4,1088.16,63.86,232.49,49.71,20.47,P032,EQ018
2025-09-15 13:20:00,14392.57,609.51,3.47,25.85,3.6,1283.58,1055.2,58.64,200.1,51.8,34.84,P049,EQ025
2025-09-15 13:30:00,14775.71,574.62,3.66,24.61,3.34,1258.92,1061.89,61.38,209.45,44.44,20.32,P002,EQ032
2025-09-15 13:40:00,15079.07,608.54,3.93,24.13,3.56,1279.52,1057.75,52.49,172.18,39.75,14.24,P035,EQ039
2025-09-15 13:50:00,14795.65,566.54,3.52,24.2,3.67,1270.82,1028.67,71.8,193.01,47.84,10.26,P046,EQ046
2025-09-15 14:00:00,16360.51,626.33,3.48,25.13,3.77,1251.71,1063.34,66.09,204.15,57.82,33.06,P037,EQ004
2025-09-15 14:10:00,12432.02,526.51,3.53,23.82,3.55,1243.85,1091.41,58.01,213.01,47.38,34.0,P011,EQ011
2025-09-15 14:20:00,13500.88,592.91,3.47,23.79,3.35,1233.18,1058.7,53.3,194.75,57.53,24.88,P011,EQ018
2025-09-15 14:30:00,14537.68,593.06,3.36,23.79,3.3,1261.03,1057.89,55.52,194.54,50.07,14.65,P005,EQ025
2025-09-15 14:40:00,15730.19,584.42,3.56,24.13,3.76,1243.81,1038.15,62.67,190.45,49.58,32.6,P050,EQ032
2025-09-15 14:50:00,13194.55,600.37,3.6,24.73,3.64,1270.41,1071.74,69.11,218.27,53.13,30.63,P020,EQ039
2025-09-15 15:00:00,14214.19,561.0,3.53,23.67,3.64,1232.11,1059.78,60.73,177.91,44.58,32.05,P016,EQ046
2025-09-15 15:10:00,16471.16,596.8,4.07,24.99,3.7,1221.3,1076.53,59.59,206.92,47.19,25.49,P018,EQ004
2025-09-15 15:20:00,14956.62,563.34,3.78,25.0,3.73,1280.56,1046.39,58.23,192.14,52.84,16.48,P037,EQ011
2025-09-15 15:30:00,14438.71,550.91,3.43,25.51,3.52,1259.93,1039.87,61.82,196.42,49.6,32.85,P038,EQ018
2025-09-15 15:40:00,15475.44,609.34,3.74,25.1,3.44,1254.6,1024.43,62.81,175.05,53.47,15.63,P011,EQ025
2025-09-15 15:50:00,14758.43,636.04,3.3,23.89,3.48,1222.62,1066.93,64.18,196.62,48.59,18.71,P013,EQ032
2025-09-15 16:00:00,14440.93,631.65,3.72,25.86,3.56,1266.68,1030.0,58.74,204.17,58.15,16.18,P012,EQ039
2025-09-15 16:10:00,15919.06,569.95,3.56,25.36,3.95,1234.46,1020.02,65.31,207.69,50.87,10.16,P011,EQ046
2025-09-15 16:20:00,15024.93,624.88,3.35,23.5,3.35,1239.21,1040.66,60.64,189.61,46.81,16.12,P005,EQ004
2025-09-15 16:30:00,14981.62,548.58,3.51,24.93,3.58,1244.31,1039.19,65.12,201.83,49.35,11.02,P024,EQ011
2025-09-15 16:40:00,13631.13,545.91,3.5,27.02,3.78,1269.68,1056.54,56.93,202.45,49.3,32.65,P022,EQ018
2025-09-15 16:50:00,16128.61,558.92,3.42,24.46,3.53,1263.79,1078.85,54.21,220.61,57.5,18.6,P004,EQ025
2025-09-15 17:00:00,15920.86,644.88,3.79,25.98,3.65,1253.18,1072.5,61.57,194.89,59.23,12.84,P047,EQ032
2025-09-15 17:10:00,13111.04,604.01,3.86,24.62,3.47,1239.93,1027.55,65.88,209.25,55.8,15.66,P022,EQ039
2025-09-15 17:20:00,14946.57,641.89,3.62,25.25,3.45,1230.98,1010.36,61.02,186.52,54.24,17.09,P046,EQ046
2025-09-15 17:30:00,15195.49,571.98,3.65,23.21,3.44,1231.69,1056.25,55.01,212.18,58.85,27.07,P003,EQ004
2025-09-15 17:40:00,14090.66,583.4,3.58,25.16,3.56,1229.3,1044.18,63.37,211.41,53.31,15.65,P026,EQ011
2025-09-15 17:50:00,14605.52,556.79,3.68,24.1,3.98,1224.92,1101.74,64.63,193.32,40.02,24.52,P036,EQ018
2025-09-15 18:00:00,14792.5,541.43,3.3,26.77,3.59,1229.41,1066.02,63.31,216.36,49.14,30.21,P019,EQ025
2025-09-15 18:10:00,17052.56,561.0,3.51,26.38,3.44,1232.33,1001.83,54.35,208.96,51.66,27.38,P014,EQ032
2025-09-15 18:20:00,16080.46,618.68,3.63,23.04,3.74,1247.22,1037.74,52.9,185.82,47.51,25.59,P049,EQ039
2025-09-15 18:30:00,15130.77,593.79,3.56,24.23,3.58,1292.76,973.58,57.44,213.8,44.67,29.39,P013,EQ046
2025-09-15 18:40:00,14909.8,610.27,3.45,25.61,3.49,1223.97,1066.36,56.42,163.12,49.01,31.88,P019,EQ004
2025-09-15 18:50:00,15274.87,637.16,3.47,26.34,3.53,1266.3,1048.26,71.72,213.53,50.26,31.25,P026,EQ011
2025-09-15 19:00:00,15108.32,631.91,3.15,24.19,3.43,1258.07,1050.06,61.59,196.23,48.04,32.98,P038,EQ018
2025-09-15 19:10:00,16990.41,578.6,3.17,25.04,3.68,1208.33,1027.57,55.74,174.66,43.51,20.67,P001,EQ025
2025-09-15 19:20:00,14277.19,600.22,3.49,26.31,3.55,1248.71,1009.5,57.61,186.67,49.89,30.3,P002,EQ032
2025-09-15 19:30:00,15813.38,558.0,3.39,25.36,3.61,1305.02,1002.48,62.96,191.92,52.52,18.67,P048,EQ039
2025-09-15 19:40:00,15873.93,572.92,3.56,23.12,3.72,1263.75,1054.21,62.44,210.18,53.05,28.51,P042,EQ046
2025-09-15 19:50:00,16101.82,565.78,3.67,25.13,3.64,1251.29,1018.82,58.62,210.42,49.25,15.76,P009,EQ004
2025-09-15 20:00:00,14037.6,634.95,3.31,25.38,3.86,1204.53,1083.48,61.82,207.98,48.41,30.79,P018,EQ011
2025-09-15 20:10:00,13225.61,596.65,3.91,25.05,3.44,1280.39,1067.11,58.54,202.0,43.62,28.82,P006,EQ018
2025-09-15 20:20:00,14201.04,582.23,3.86,24.72,3.63,1254.23,1005.11,62.97,199.24,50.42,14.04,P038,EQ025
2025-09-15 20:30:00,15944.1,636.89,3.3,24.75,3.47,1255.16,1061.45,67.97,195.75,51.28,11.44,P050,EQ032
2025-09-15 20:40:00,16185.84,602.16,3.32,25.58,3.56,1249.27,1036.82,61.25,183.23,48.96,18.33,P039,EQ039
2025-09-15 20:50:00,15273.31,572.53,3.56,24.29,3.31,1265.33,1017.76,54.97,184.17,49.31,19.82,P040,EQ046
2025-09-15 21:00:00,14807.14,579.96,3.05,27.0,2.93,1233.32,1065.43,54.29,166.13,58.33,25.03,P009,EQ004
2025-09-15 21:10:00,14491.12,599.95,3.73,25.21,3.63,1243.86,1010.23,65.93,199.62,44.45,33.78,P008,EQ011
2025-09-15 21:20:00,15283.11,582.13,3.55,25.3,3.76,1285.11,1052.04,56.05,205.15,46.73,13.57,P032,EQ018
2025-09-15 21:30:00,15411.77,567.08,3.41,25.39,3.28,1219.07,1061.74,58.87,188.8,48.97,20.04,P005,EQ025
2025-09-15 21:40:00,14572.55,580.03,3.74,24.43,3.3,1261.11,1066.59,56.9,219.02,51.1,22.03,P020,EQ032
2025-09-15 21:50:00,14450.92,639.17,3.34,24.43,3.73,1269.66,1060.66,57.91,220.94,39.71,24.7,P018,EQ039
2025-09-15 22:00:00,14261.85,625.8,3.92,25.81,3.69,1241.38,1092.31,67.72,200.57,50.58,14.0,P001,EQ046
2025-09-15 22:10:00,15530.05,634.29,3.57,22.7,3.41,1264.41,1066.28,58.04,200.57,44.97,19.6,P039,EQ004
2025-09-15 22:20:00,16900.58,615.44,3.4,23.3,3.3,1252.77,1079.0,58.01,237.49,43.61,29.37,P018,EQ011
2025-09-15 22:30:00,15267.81,568.18,3.37,24.39,3.33,1253.44,1090.41,57.79,206.2,54.04,26.02,P037,EQ018
2025-09-15 22:40:00,15141.59,586.55,3.39,25.18,3.29,1267.42,1053.95,59.67,209.79,57.51,15.08,P029,EQ025
2025-09-15 22:50:00,14836.88,608.42,3.57,25.59,3.68,1261.12,1099.12,55.06,190.02,52.46,18.55,P007,EQ032
2025-09-15 23:00:00,15388.34,632.1,3.72,24.1,3.4,1252.89,1056.57,55.85,202.79,44.19,24.65,P012,EQ039
2025-09-15 23:10:00,14519.32,581.62,3.29,25.64,3.64,1233.68,1031.46,58.4,224.32,57.37,19.89,P005,EQ046
2025-09-15 23:20:00,14537.32,643.53,3.82,24.23,3.43,1225.51,1090.34,53.18,203.48,44.65,27.57,P007,EQ004
2025-09-15 23:30:00,14095.01,631.96,3.53,26.63,3.34,1277.75,1046.63,64.71,223.01,47.52,22.04,P015,EQ011
2025-09-15 23:40:00,16847.31,638.21,3.62,24.48,3.41,1247.46,1049.46,61.28,191.03,58.48,28.06,P009,EQ018
2025-09-15 23:50:00,13415.34,582.23,3.46,24.57,3.43,1216.99,979.43,64.35,201.54,54.68,33.6,P018,EQ025
2025-09-16 00:00:00,15463.31,510.64,3.33,24.06,3.48,1260.11,1017.8,61.26,213.62,46.32,21.84,P010,EQ032
2025-09-16 00:10:00,14638.62,587.38,3.59,25.58,3.14,1245.54,1092.52,62.59,196.19,53.6,26.69,P033,EQ039
2025-09-16 00:20:00,15303.88,599.89,2.98,25.44,3.44,1238.95,1018.41,62.06,197.68,48.53,25.74,P026,EQ046
2025-09-16 00:30:00,16024.36,650.15,3.53,26.2,3.27,1228.71,1017.04,55.43,175.69,45.23,16.3,P007,EQ004
2025-09-16 00:40:00,15320.5,609.21,3.54,24.79,3.4,1282.88,1089.57,53.1,224.64,51.15,32.43,P010,EQ011
2025-09-16 00:50:00,17067.86,595.01,3.8,26.26,3.19,1250.69,1038.26,64.72,195.66,46.11,27.53,P040,EQ018
2025-09-16 01:00:00,15497.35,616.92,3.59,23.58,3.63,1286.14,1070.42,69.36,193.04,50.17,20.64,P029,EQ025
2025-09-16 01:10:00,17055.37,569.42,3.47,24.51,3.29,1272.46,1066.62,62.39,204.79,49.71,30.22,P015,EQ032
2025-09-16 01:20:00,14039.41,601.22,3.29,24.02,3.71,1254.19,1010.48,73.02,194.74,58.97,10.66,P037,EQ039
2025-09-16 01:30:00,16074.1,536.09,3.83,26.16,3.49,1215.25,1052.59,63.61,210.95,49.4,24.83,P043,EQ046
2025-09-16 01:40:00,14249.21,615.16,3.63,23.76,3.43,1275.53,1051.09,64.36,211.35,42.6,28.55,P035,EQ004
2025-09-16 01:50:00,14375.06,537.53,3.52,25.38,3.17,1285.92,1081.42,56.84,204.94,41.88,32.56,P021,EQ011
2025-09-16 02:00:00,14752.44,626.48,3.83,25.59,3.7,1220.61,1049.44,69.48,211.57,53.23,31.86,P018,EQ018
2025-09-16 02:10:00,15121.31,566.28,3.36,25.25,3.58,1228.24,1057.34,62.14,209.31,59.73,11.53,P011,EQ025
2025-09-16 02:20:00,14564.97,589.66,3.71,27.29,3.12,1249.73,1069.02,58.01,192.67,45.42,27.63,P005,EQ032
2025-09-16 02:30:00,13530.64,618.23,3.52,25.06,3.81,1238.19,1052.28,57.81,199.71,40.24,18.85,P015,EQ039
2025-09-16 02:40:00,14731.3,618.73,3.83,24.51,3.34,1239.67,1087.34,63.24,218.59,43.69,31.5,P023,EQ046
2025-09-16 02:50:00,14307.52,624.91,3.45,24.96,3.44,1252.13,1053.97,56.81,177.89,52.56,10.25,P007,EQ004
2025-09-16 03:00:00,18289.59,557.84,3.63,25.25,3.28,1278.45,1042.97,62.16,207.44,53.69,16.77,P047,EQ011
2025-09-16 03:10:00,14097.48,584.13,3.58,24.25,3.44,1259.27,1030.53,60.38,215.05,49.72,29.3,P007,EQ018
2025-09-16 03:20:00,15431.04,569.14,3.47,24.09,3.62,1242.89,1005.33,56.13,208.87,53.9,24.55,P007,EQ025
2025-09-16 03:30:00,15449.03,572.89,3.78,24.56,3.45,1257.82,1019.76,60.96,197.82,56.13,17.49,P043,EQ032
2025-09-16 03:40:00,14571.5,627.05,3.67,24.88,3.36,1224.98,1036.92,60.85,189.61,57.85,31.03,P034,EQ039
2025-09-16 03:50:00,16254.07,613.37,3.32,26.82,3.66,1210.46,1053.09,54.64,212.18,41.02,31.28,P032,EQ046
2025-09-16 04:00:00,14181.8,562.25,3.55,25.64,3.42,1266.58,1059.72,65.44,188.48,42.21,32.93,P030,EQ004
2025-09-16 04:10:00,14332.2,646.06,3.47,26.14,3.53,1233.68,1043.32,50.94,225.96,54.13,25.94,P017,EQ011
2025-09-16 04:20:00,15048.73,600.91,3.43,26.11,3.54,1267.23,1058.13,55.41,216.17,63.05,21.65,P009,EQ018
2025-09-16 04:30:00,15083.97,608.87,3.84,26.42,3.55,1237.99,1051.93,56.37,213.46,43.43,19.36,P048,EQ025
2025-09-16 04:40:00,15853.13,600.36,3.62,23.76,2.88,1259.34,1089.29,50.75,203.57,57.02,16.28,P009,EQ032
2025-09-16 04:50:00,17032.64,621.78,3.38,24.96,3.56,1247.4,1045.76,56.52,188.55,38.94,13.83,P006,EQ039
2025-09-16 05:00:00,15596.95,597.11,3.06,24.24,3.44,1256.77,1102.77,61.25,198.92,49.38,22.54,P016,EQ046
2025-09-16 05:10:00,13722.61,596.53,3.72,23.92,3.37,1260.82,1047.23,54.65,183.59,53.64,27.7,P017,EQ004
2025-09-16 05:20:00,14542.63,609.92,3.27,25.41,3.4,1248.25,1029.71,57.38,228.45,50.31,25.71,P044,EQ011
2025-09-16 05:30:00,13710.56,585.95,3.68,24.08,3.63,1232.71,992.98,61.24,196.11,43.59,18.03,P035,EQ018
2025-09-16 05:40:00,16501.21,564.16,3.32,27.15,3.43,1225.08,1056.72,56.58,209.46,43.25,29.78,P038,EQ025
2025-09-16 05:50:00,14315.51,587.37,3.37,25.67,3.6,1252.37,1063.55,56.67,180.95,53.84,14.51,P001,EQ032
2025-09-16 06:00:00,14777.82,605.73,3.22,25.11,3.64,1233.88,992.5,56.88,196.78,47.79,17.56,P035,EQ039
2025-09-16 06:10:00,14776.71,600.03,3.51,24.7,3.49,1293.9,1026.9,62.29,223.13,46.44,22.08,P003,EQ046
2025-09-16 06:20:00,15236.19,653.26,3.67,24.08,3.33,1261.28,1032.08,56.3,196.9,43.57,20.79,P041,EQ004
2025-09-16 06:30:00,14811.84,536.53,3.21,24.28,3.76,1265.6,987.87,57.1,193.88,39.5,19.56,P037,EQ011
2025-09-16 06:40:00,16255.52,561.75,3.61,25.79,3.72,1269.18,1039.68,68.35,203.7,45.99,14.96,P014,EQ018
2025-09-16 06:50:00,14683.9,608.48,3.34,25.83,3.44,1219.29,1031.62,53.43,180.44,58.09,32.02,P049,EQ025
2025-09-16 07:00:00,15187.35,564.34,3.58,25.42,3.42,1251.88,1088.93,50.12,187.05,55.91,14.25,P038,EQ032
2025-09-16 07:10:00,14272.98,544.38,3.77,25.18,3.52,1272.66,1039.49,52.93,180.28,44.22,34.65,P028,EQ039
2025-09-16 07:20:00,15588.36,624.4,3.8,24.94,3.58,1277.43,1037.47,65.47,203.11,50.33,18.86,P023,EQ046
2025-09-16 07:30:00,17256.95,612.02,3.49,25.59,3.11,1261.87,1081.07,63.25,195.63,59.12,31.82,P004,EQ004
2025-09-16 07:40:00,16021.12,574.24,3.25,25.16,3.8,1279.09,1055.59,69.38,198.9,59.03,14.15,P030,EQ011
2025-09-16 07:50:00,15891.56,582.72,3.33,25.12,3.51,1283.6,1028.93,57.07,187.55,64.59,27.91,P043,EQ018
2025-09-16 08:00:00,16387.04,585.5,3.46,23.68,3.14,1228.77,1060.68,55.04,232.96,41.9,17.25,P028,EQ025
2025-09-16 08:10:00,14295.31,616.37,3.84,24.49,3.47,1270.95,1024.2,55.06,212.67,52.45,16.87,P034,EQ032
2025-09-16 08:20:00,14068.63,590.3,3.38,25.92,3.62,1212.27,1068.55,64.93,204.1,48.15,18.34,P033,EQ039
2025-09-16 08:30:00,12692.98,608.06,3.06,26.06,3.31,1278.67,1055.1,60.59,190.45,48.3,29.64,P023,EQ046
2025-09-16 08:40:00,15682.27,526.08,3.48,24.33,3.36,1269.08,1101.75,60.19,238.71,54.43,28.38,P034,EQ004
2025-09-16 08:50:00,16184.44,632.9,3.26,23.07,3.51,1267.45,1110.43,67.75,196.81,58.73,14.8,P048,EQ011
2025-09-16 09:00:00,16062.36,559.22,3.5,24.49,3.63,1257.61,1024.4,58.96,214.67,53.57,23.54,P050,EQ018
2025-09-16 09:10:00,15135.79,573.12,3.55,26.84,3.33,1260.41,1073.42,59.1,166.71,47.79,18.02,P028,EQ025
2025-09-16 09:20:00,16848.05,628.62,3.18,24.7,3.59,1221.45,1092.82,67.45,199.48,50.87,27.77,P031,EQ032
2025-09-16 09:30:00,15802.87,606.16,3.15,25.54,3.43,1241.66,1086.15,54.82,197.88,45.11,13.37,P012,EQ039
2025-09-16 09:40:00,14746.07,631.99,3.24,26.4,3.63,1229.16,1036.36,60.91,193.68,59.51,10.45,P033,EQ046
2025-09-16 09:50:00,13252.25,607.33,3.96,24.09,3.41,1224.44,1026.91,52.59,203.84,52.65,16.65,P031,EQ004
2025-09-16 10:00:00,12839.46,613.79,3.68,25.82,3.52,1245.5,1072.23,63.65,205.34,49.09,13.13,P038,EQ011
2025-09-16 10:10:00,15832.15,609.6,3.67,24.97,3.29,1256.44,1098.7,62.24,215.26,46.77,29.47,P024,EQ018
2025-09-16 10:20:00,15101.09,631.03,3.44,25.99,3.75,1251.05,1039.91,61.37,214.39,39.02,17.63,P014,EQ025
2025-09-16 10:30:00,15389.55,598.61,3.11,26.05,3.58,1238.38,1006.17,61.96,228.42,39.2,31.56,P041,EQ032
2025-09-16 10:40:00,14785.51,603.31,3.44,24.28,3.52,1250.42,1045.42,62.31,227.94,56.98,31.87,P048,EQ039
2025-09-16 10:50:00,13205.11,584.78,3.87,25.68,3.37,1262.93,1032.72,65.86,206.71,48.95,19.33,P038,EQ046
2025-09-16 11:00:00,15814.11,614.69,3.36,24.61,3.6,1261.01,1044.04,59.16,207.9,47.25,19.79,P036,EQ004
2025-09-16 11:10:00,15897.31,581.39,3.37,25.31,3.18,1294.19,1038.89,57.7,207.49,46.65,13.98,P012,EQ011
2025-09-16 11:20:00,15717.04,623.7,3.59,23.69,3.34,1241.45,1050.28,57.49,224.0,45.33,31.74,P001,EQ018
2025-09-16 11:30:00,15611.8,615.71,3.56,24.36,3.48,1247.35,1103.83,64.46,183.44,47.0,28.87,P035,EQ025
2025-09-16 11:40:00,14509.07,623.69,3.36,25.62,3.4,1248.3,1053.15,59.67,211.23,47.99,14.58,P047,EQ032
2025-09-16 11:50:00,16535.77,601.36,3.38,25.32,3.76,1277.99,1020.84,62.59,193.99,58.57,29.9,P041,EQ039
2025-09-16 12:00:00,15081.66,631.46,3.31,25.33,3.38,1255.89,1066.64,59.81,217.21,43.3,20.14,P049,EQ046
2025-09-16 12:10:00,13976.85,598.25,3.51,25.63,3.32,1243.08,1077.17,57.9,197.05,58.0,32.07,P020,EQ004
2025-09-16 12:20:00,14811.46,569.08,3.56,25.39,3.34,1237.0,1045.99,62.05,183.51,50.21,21.18,P036,EQ011
2025-09-16 12:30:00,14617.22,622.13,3.33,26.73,3.58,1274.58,985.52,57.46,182.28,50.0,20.28,P038,EQ018
2025-09-16 12:40:00,13775.21,598.17,3.37,25.3,3.55,1245.31,1061.58,67.73,195.16,46.79,29.01,P012,EQ025
2025-09-16 12:50:00,14887.69,627.61,3.12,24.26,3.34,1260.59,1087.6,64.08,227.73,55.59,26.15,P006,EQ032
2025-09-16 13:00:00,15633.47,601.99,3.67,23.32,3.53,1231.64,1025.92,49.86,203.34,40.5,31.28,P011,EQ039
2025-09-16 13:10:00,13875.02,599.26,3.58,25.29,3.59,1245.03,1030.45,60.57,189.18,50.99,29.82,P016,EQ046
2025-09-16 13:20:00,14671.19,617.32,3.23,23.34,3.67,1211.9,1098.2,50.48,226.0,50.8,33.05,P006,EQ004
2025-09-16 13:30:00,14894.97,597.97,3.24,25.19,3.64,1247.78,1043.72,55.34,196.89,50.49,17.19,P037,EQ011
2025-09-16 13:40:00,15676.42,567.01,3.6,25.47,3.6,1216.21,1085.51,60.17,214.16,44.98,14.38,P001,EQ018
2025-09-16 13:50:00,15397.68,608.82,3.53,25.67,3.85,1259.94,1092.15,62.1,202.88,52.41,29.7,P039,EQ025
2025-09-16 14:00:00,16042.98,600.7,3.58,26.09,3.89,1226.46,934.1,59.54,220.58,46.4,27.55,P027,EQ032
2025-09-16 14:10:00,13864.12,562.95,3.3,25.07,3.64,1237.93,1039.86,65.66,209.17,44.13,19.86,P045,EQ039
2025-09-16 14:20:00,14390.54,593.7,3.52,25.06,3.75,1281.45,1042.66,70.01,214.11,58.76,21.08,P009,EQ046
2025-09-16 14:30:00,14315.13,563.03,3.27,24.02,3.63,1231.47,1081.6,57.23,194.74,53.73,20.25,P001,EQ004
2025-09-16 14:40:00,12688.76,566.19,3.77,25.13,3.19,1260.33,1010.41,57.62,183.14,54.94,16.56,P022,EQ011
2025-09-16 14:50:00,15382.49,553.81,3.44,24.77,3.54,1291.28,1038.79,58.1,193.9,53.49,30.7,P004,EQ018
2025-09-16 15:00:00,13415.04,590.96,3.63,25.65,3.62,1261.31,1069.66,64.37,176.15,51.59,34.07,P024,EQ025
2025-09-16 15:10:00,15031.4,571.1,3.92,24.23,3.46,1228.55,1025.9,64.61,214.71,54.97,20.76,P012,EQ032
2025-09-16 15:20:00,14763.25,599.38,3.77,25.76,3.34,1246.72,1050.0,65.02,197.6,43.56,11.67,P019,EQ039
2025-09-16 15:30:00,14114.92,550.62,3.74,24.75,3.86,1279.54,1057.38,58.46,197.92,42.63,26.18,P002,EQ046
2025-09-16 15:40:00,15542.93,577.17,3.33,24.63,3.38,1259.97,1070.22,63.09,209.05,60.84,27.93,P040,EQ004
2025-09-16 15:50:00,13807.87,556.53,3.81,23.87,3.97,1272.52,1087.29,61.85,167.23,53.29,11.87,P048,EQ011
2025-09-16 16:00:00,16625.85,552.02,3.63,24.95,3.23,1246.99,1028.54,61.49,194.4,41.35,29.01,P037,EQ018
2025-09-16 16:10:00,13896.71,583.9,3.33,23.28,3.25,1258.16,1031.71,65.2,211.04,51.72,15.49,P024,EQ025
2025-09-16 16:20:00,15814.17,601.28,3.2,27.82,3.57,1270.8,1048.58,54.81,169.05,44.65,29.08,P035,EQ032
2025-09-16 16:30:00,15592.07,597.07,3.81,26.36,3.54,1232.12,1050.13,59.74,197.9,51.66,25.48,P009,EQ039
2025-09-16 16:40:00,14735.69,572.05,3.22,24.02,3.37,1288.1,1045.36,67.11,190.61,52.34,14.01,P030,EQ046
2025-09-16 16:50:00,15309.43,604.51,3.29,24.02,3.56,1249.92,1043.41,56.48,206.04,59.18,12.34,P038,EQ004
2025-09-16 17:00:00,13207.42,595.19,3.58,25.31,3.54,1208.13,1072.89,45.15,193.6,36.61,15.55,P001,EQ011
2025-09-16 17:10:00,14925.68,560.78,3.41,25.58,3.65,1256.31,1088.8,60.52,211.06,56.13,27.37,P027,EQ018
2025-09-16 17:20:00,14306.94,627.51,3.54,24.61,3.69,1241.67,1062.25,53.76,181.4,40.54,34.13,P034,EQ025
2025-09-16 17:30:00,14706.54,590.66,3.52,25.07,3.66,1295.38,1032.73,54.67,249.55,55.99,13.59,P032,EQ032
2025-09-16 17:40:00,14926.24,590.65,3.42,23.76,3.47,1263.71,1118.66,58.63,194.89,57.57,26.48,P021,EQ039
2025-09-16 17:50:00,14235.25,625.75,3.69,24.34,3.55,1241.98,1065.14,68.65,196.98,51.76,20.0,P026,EQ046
2025-09-16 18:00:00,13140.21,584.89,3.26,24.69,3.27,1273.69,1060.36,60.31,210.84,54.53,12.77,P044,EQ004
2025-09-16 18:10:00,14792.34,600.25,3.52,24.55,3.11,1225.93,1026.64,60.33,214.2,57.61,28.71,P004,EQ011
2025-09-16 18:20:00,14576.11,606.36,3.45,25.47,3.8,1233.49,1042.08,57.82,218.79,47.0,21.85,P028,EQ018
2025-09-16 18:30:00,14925.84,608.08,3.28,24.85,3.38,1244.24,1084.46,61.45,194.12,61.82,31.76,P026,EQ025
2025-09-16 18:40:00,14939.55,539.51,3.53,25.45,3.87,1226.5,1054.96,56.69,216.01,48.3,17.03,P046,EQ032
2025-09-16 18:50:00,14205.86,607.8,3.84,25.26,3.4,1271.91,1106.41,69.68,206.7,55.8,23.14,P023,EQ039
2025-09-16 19:00:00,15798.54,595.99,3.22,24.56,3.25,1261.74,1005.17,66.22,188.4,58.34,10.26,P037,EQ046
2025-09-16 19:10:00,15601.93,629.4,3.85,24.9,3.89,1261.85,1072.64,64.57,188.88,40.92,18.14,P030,EQ004
2025-09-16 19:20:00,13518.07,592.46,3.6,25.13,3.5,1236.18,1028.26,62.53,218.2,46.01,14.34,P018,EQ011
2025-09-16 19:30:00,15376.31,603.1,3.65,25.17,3.36,1248.04,1053.18,59.2,197.74,46.73,20.59,P029,EQ018
2025-09-16 19:40:00,13934.37,559.45,3.72,24.99,3.3,1279.98,1103.08,59.61,197.87,47.09,30.65,P043,EQ025
2025-09-16 19:50:00,13996.8,612.8,3.18,26.6,3.58,1236.56,1083.91,66.95,202.36,51.5,13.67,P015,EQ032
2025-09-16 20:00:00,15316.31,657.57,3.39,25.34,3.29,1238.02,993.14,71.59,208.23,57.65,26.83,P014,EQ039
2025-09-16 20:10:00,16785.37,641.9,3.49,25.39,3.1,1234.56,1087.24,62.0,175.7,53.18,34.58,P013,EQ046
2025-09-16 20:20:00,13377.82,587.78,3.33,23.72,3.52,1272.51,1039.45,57.58,197.87,55.58,29.66,P008,EQ004
2025-09-16 20:30:00,16741.12,600.5,3.27,25.29,3.7,1231.35,1013.43,63.3,192.69,52.55,10.31,P040,EQ011
2025-09-16 20:40:00,15418.05,606.02,3.38,25.41,3.5,1255.03,1054.0,61.11,207.32,42.08,16.47,P046,EQ018
2025-09-16 20:50:00,15065.63,602.86,3.32,23.44,3.69,1255.09,1056.22,60.39,204.07,51.38,12.33,P028,EQ025
2025-09-16 21:00:00,17687.96,552.75,3.46,25.18,3.49,1267.75,1076.71,60.91,187.19,44.37,17.49,P013,EQ032
2025-09-16 21:10:00,14527.91,600.9,3.04,25.76,3.06,1271.81,1038.74,55.12,210.86,48.68,27.89,P025,EQ039
2025-09-16 21:20:00,14562.16,571.97,3.38,25.5,3.6,1239.19,1075.62,52.93,219.86,46.64,18.72,P019,EQ046
2025-09-16 21:30:00,15815.67,660.92,3.36,25.23,3.14,1258.05,1100.56,53.9,209.43,41.68,12.91,P048,EQ004
2025-09-16 21:40:00,16264.2,540.3,3.36,22.24,3.51,1233.42,1094.19,53.85,186.29,51.92,14.92,P012,EQ011
2025-09-16 21:50:00,15065.23,591.19,3.51,26.0,3.5,1270.52,1073.11,62.56,209.92,49.99,21.6,P043,EQ018
2025-09-16 22:00:00,13827.06,600.33,3.43,25.66,3.41,1206.46,1044.75,60.19,206.99,59.71,32.37,P034,EQ025
2025-09-16 22:10:00,15992.24,591.2,3.32,25.74,3.69,1260.75,1043.83,56.28,226.48,43.66,19.05,P027,EQ032
2025-09-16 22:20:00,15902.41,620.7,3.49,26.34,3.51,1259.6,1065.53,66.22,200.13,39.19,32.36,P049,EQ039
2025-09-16 22:30:00,14490.5,597.93,3.65,26.25,3.47,1238.75,1045.23,58.19,232.65,53.2,10.79,P045,EQ046
2025-09-16 22:40:00,14912.59,568.53,3.35,25.86,3.83,1259.01,1033.17,52.85,185.29,52.7,15.21,P017,EQ004
2025-09-16 22:50:00,14291.12,598.94,3.12,25.48,3.65,1251.23,1064.68,62.64,199.28,50.36,25.11,P012,EQ011
2025-09-16 23:00:00,16675.47,579.53,3.43,24.45,3.55,1259.61,1053.21,65.57,163.63,45.31,25.59,P003,EQ018
2025-09-16 23:10:00,12858.95,624.19,3.33,25.95,3.31,1248.93,1041.36,60.74,193.47,52.16,30.47,P028,EQ025
2025-09-16 23:20:00,13789.76,608.33,3.43,26.76,3.53,1270.12,1071.04,56.9,208.85,54.31,30.22,P031,EQ032
2025-09-16 23:30:00,13230.08,634.39,3.5,24.68,3.47,1213.06,1021.11,66.53,210.44,50.52,18.19,P022,EQ039
2025-09-16 23:40:00,17460.75,598.56,3.67,24.6,3.15,1270.49,1048.72,54.74,178.36,56.51,12.5,P036,EQ046
2025-09-16 23:50:00,15798.77,554.18,3.45,25.71,3.69,1253.34,1067.62,61.52,181.22,55.78,21.03,P006,EQ004
2025-09-17 00:00:00,15483.78,594.83,3.44,25.15,3.63,1226.95,1044.23,56.75,216.61,48.82,30.9,P032,EQ011
2025-09-17 00:10:00,13563.41,628.36,3.54,24.75,3.83,1251.39,1046.54,59.57,212.28,59.9,25.49,P037,EQ018
2025-09-17 00:20:00,16434.45,595.69,3.26,26.04,3.35,1271.01,1099.75,55.87,203.4,45.12,14.72,P020,EQ025
2025-09-17 00:30:00,14830.7,619.83,3.69,24.94,3.36,1222.79,1092.07,66.17,196.58,49.46,27.43,P003,EQ032
2025-09-17 00:40:00,14580.63,573.33,3.17,24.95,3.49,1282.32,1005.11,61.0,186.57,41.62,32.06,P019,EQ039
2025-09-17 00:50:00,15331.34,620.25,3.6,24.46,3.75,1250.9,1060.4,65.13,166.56,58.93,24.01,P029,EQ046
2025-09-17 01:00:00,14480.0,630.08,3.33,23.42,3.51,1270.82,1083.46,60.6,191.93,48.62,17.69,P050,EQ004
2025-09-17 01:10:00,14625.78,560.89,3.54,25.28,3.5,1254.21,1048.54,55.85,208.88,45.54,16.68,P050,EQ011
2025-09-17 01:20:00,14195.6,626.75,3.51,26.84,3.57,1227.78,1045.06,63.43,201.15,51.07,22.41,P015,EQ018
2025-09-17 01:30:00,14814.9,598.01,3.25,25.34,3.27,1239.89,1092.87,62.23,208.05,44.41,16.72,P028,EQ025
2025-09-17 01:40:00,13831.04,581.98,3.38,24.47,3.56,1259.27,1053.02,52.89,206.52,45.3,29.52,P013,EQ032
2025-09-17 01:50:00,17588.98,607.21,3.52,25.07,3.55,1233.41,1074.99,63.7,208.01,48.7,22.52,P025,EQ039
2025-09-17 02:00:00,14172.2,580.25,3.31,25.79,3.55,1257.53,1026.51,58.98,187.82,59.31,24.31,P029,EQ046
2025-09-17 02:10:00,13868.25,556.12,3.66,25.31,3.35,1245.34,1001.72,56.3,205.73,50.82,24.26,P001,EQ004
2025-09-17 02:20:00,13620.93,589.23,3.53,26.94,3.77,1203.35,1042.69,58.45,207.33,54.3,14.14,P019,EQ011
2025-09-17 02:30:00,16439.79,633.92,3.17,25.67,3.56,1233.34,1058.89,61.39,186.56,46.83,29.32,P024,EQ018
2025-09-17 02:40:00,15149.63,579.75,3.53,25.43,3.32,1225.7,1086.18,56.25,168.9,53.85,28.63,P025,EQ025
2025-09-17 02:50:00,14143.52,607.47,3.48,26.74,3.52,1250.96,1063.68,62.42,207.89,51.52,31.05,P009,EQ032
2025-09-17 03:00:00,12814.15,635.59,3.37,25.8,3.32,1238.33,1006.6,54.31,206.19,54.53,20.45,P037,EQ039
2025-09-17 03:10:00,14180.52,564.4,3.24,23.25,2.99,1282.38,1042.75,61.98,174.03,50.65,11.04,P045,EQ046
2025-09-17 03:20:00,14950.46,599.43,3.54,25.64,3.68,1275.03,1085.5,55.42,188.17,54.99,21.69,P013,EQ004
2025-09-17 03:30:00,15382.2,639.84,3.6,25.57,3.6,1214.29,1079.98,56.48,224.56,56.46,22.89,P047,EQ011
2025-09-17 03:40:00,16201.81,642.01,3.62,24.59,3.27,1234.95,1065.01,57.61,186.16,42.42,27.65,P005,EQ018
2025-09-17 03:50:00,13282.56,592.33,3.4,25.83,3.32,1268.79,1060.79,62.72,208.89,48.15,26.32,P001,EQ025
2025-09-17 04:00:00,14708.66,612.88,3.88,25.83,3.61,1229.41,1036.99,62.31,204.08,47.11,24.89,P015,EQ032
2025-09-17 04:10:00,14663.1,555.6,3.99,22.44,3.23,1241.76,1009.35,56.76,194.21,49.79,22.52,P022,EQ039
2025-09-17 04:20:00,15363.47,594.66,3.07,27.28,3.34,1251.25,1000.6,66.39,196.11,53.81,25.65,P021,EQ046
2025-09-17 04:30:00,14019.84,622.9,3.41,25.63,3.6,1256.61,1045.22,56.9,202.26,53.85,22.04,P018,EQ004
2025-09-17 04:40:00,14438.7,538.61,3.41,26.24,3.73,1241.38,1027.39,57.68,188.23,51.3,14.36,P026,EQ011
2025-09-17 04:50:00,13914.84,590.4,3.61,25.03,3.29,1274.86,1059.33,61.66,182.11,45.65,28.15,P016,EQ018
2025-09-17 05:00:00,15407.48,579.19,3.26,23.38,3.24,1244.03,1055.19,62.0,186.59,51.6,18.03,P038,EQ025
2025-09-17 05:10:00,14421.19,649.17,3.34,25.13,3.53,1223.06,1080.54,60.29,203.17,52.48,25.09,P003,EQ032
2025-09-17 05:20:00,15006.02,560.89,3.51,26.19,3.59,1255.6,1029.27,57.34,190.67,47.6,24.54,P015,EQ039
2025-09-17 05:30:00,16976.02,624.11,3.24,24.81,3.41,1262.19,1038.46,59.57,213.22,39.55,21.92,P005,EQ046
2025-09-17 05:40:00,15622.68,613.55,3.36,25.39,3.47,1252.92,1007.81,70.37,194.06,52.24,16.55,P028,EQ004
2025-09-17 05:50:00,17562.49,598.23,3.91,24.32,3.22,1259.46,1046.71,56.87,182.52,40.94,11.25,P032,EQ011
2025-09-17 06:00:00,16363.17,567.2,3.37,25.55,3.89,1254.1,1013.45,61.24,206.94,48.21,31.16,P041,EQ018
2025-09-17 06:10:00,14193.26,581.48,3.78,24.16,3.28,1267.87,1048.76,61.84,181.73,43.37,20.26,P007,EQ025
2025-09-17 06:20:00,15441.97,588.5,3.3,27.07,3.36,1278.59,1062.43,66.08,190.95,46.1,17.34,P030,EQ032
2025-09-17 06:30:00,14723.25,577.07,3.87,25.05,3.48,1251.94,1093.51,59.68,214.22,45.95,22.63,P034,EQ039
2025-09-17 06:40:00,15588.94,605.19,3.56,25.5,3.53,1227.96,997.87,55.53,192.9,49.78,16.55,P014,EQ046
2025-09-17 06:50:00,15524.17,589.06,3.57,23.96,3.26,1278.46,1005.14,66.89,217.77,48.72,21.43,P026,EQ004
2025-09-17 07:00:00,14004.01,530.1,3.46,24.65,3.47,1256.65,1039.07,50.49,172.53,50.64,28.19,P006,EQ011
2025-09-17 07:10:00,15483.47,597.91,3.4,24.92,3.38,1238.08,1067.11,53.81,203.18,51.86,23.56,P029,EQ018
2025-09-17 07:20:00,15745.3,556.49,3.75,24.26,3.58,1275.59,1048.75,59.78,194.37,56.7,31.08,P023,EQ025
2025-09-17 07:30:00,14289.68,526.75,3.56,25.34,3.31,1251.5,1118.43,60.66,209.58,52.6,31.96,P017,EQ032
2025-09-17 07:40:00,15521.9,658.13,3.36,24.46,3.62,1267.43,1023.19,60.5,193.75,53.03,32.4,P030,EQ039
2025-09-17 07:50:00,15056.33,593.08,3.18,25.54,3.36,1288.84,1059.77,64.22,185.38,52.06,13.28,P025,EQ046
2025-09-17 08:00:00,15361.8,588.15,3.48,25.08,3.85,1259.78,1071.92,58.66,183.03,45.09,28.88,P026,EQ004
2025-09-17 08:10:00,14979.81,597.05,3.54,24.74,3.44,1243.94,1030.21,62.3,184.18,51.49,23.84,P005,EQ011
2025-09-17 08:20:00,12589.98,617.68,3.46,27.16,3.31,1229.61,1068.97,58.46,182.91,43.29,19.19,P020,EQ018
2025-09-17 08:30:00,13596.29,585.23,3.11,25.14,3.72,1240.09,1034.64,63.77,202.66,48.94,32.06,P006,EQ025
2025-09-17 08:40:00,15409.77,622.38,3.22,23.31,3.47,1261.52,1055.93,57.75,211.2,47.84,22.99,P034,EQ032
2025-09-17 08:50:00,15472.68,563.01,3.78,25.39,3.67,1278.11,1016.78,64.58,211.97,44.29,28.66,P037,EQ039
2025-09-17 09:00:00,14785.68,562.92,3.21,24.25,3.89,1277.13,1069.04,65.05,209.25,57.72,10.84,P004,EQ046
2025-09-17 09:10:00,12567.13,570.8,3.71,23.75,3.77,1213.45,1003.91,55.26,202.26,53.34,13.73,P031,EQ004
2025-09-17 09:20:00,15325.38,600.78,3.44,25.4,3.82,1236.3,981.5,57.78,181.14,47.53,33.11,P011,EQ011
2025-09-17 09:30:00,14950.38,608.3,3.43,24.01,3.6,1237.59,1037.11,61.17,203.72,49.61,24.42,P008,EQ018
2025-09-17 09:40:00,13988.32,614.52,3.62,24.32,3.13,1253.08,1076.34,61.91,187.32,46.27,10.28,P034,EQ025
2025-09-17 09:50:00,14617.75,596.13,3.56,24.07,3.53,1233.68,1017.15,59.95,186.94,60.36,17.7,P003,EQ032
2025-09-17 10:00:00,13618.58,566.12,3.45,24.89,3.34,1238.47,1001.3,61.0,224.98,45.12,27.44,P042,EQ039
2025-09-17 10:10:00,15819.96,607.74,3.08,24.66,3.59,1252.58,1044.17,63.45,218.25,47.04,31.03,P036,EQ046
2025-09-17 10:20:00,14665.68,609.64,3.61,23.74,3.76,1250.59,1074.65,58.33,182.9,51.65,19.63,P019,EQ004
2025-09-17 10:30:00,15511.41,581.03,3.62,25.92,3.58,1282.87,1071.86,57.28,193.25,52.58,34.41,P024,EQ011
2025-09-17 10:40:00,15374.7,593.59,3.44,23.03,3.37,1252.39,1052.73,52.71,201.15,46.33,20.3,P028,EQ018
2025-09-17 10:50:00,15233.66,606.98,3.95,25.99,3.62,1250.42,1066.9,61.85,205.39,54.18,10.83,P003,EQ025
2025-09-17 11:00:00,14810.51,614.85,3.57,23.63,3.53,1235.4,1025.12,60.9,170.18,42.15,15.7,P016,EQ032
2025-09-17 11:10:00,16654.01,632.94,3.78,22.87,3.75,1256.35,1025.68,61.89,179.47,53.24,21.11,P028,EQ039
2025-09-17 11:20:00,15923.33,591.64,3.45,24.27,3.32,1270.1,1031.69,60.39,187.7,47.46,24.8,P016,EQ046
2025-09-17 11:30:00,14416.93,586.01,3.55,24.18,3.71,1228.8,1033.66,64.93,190.78,41.09,15.28,P026,EQ004
2025-09-17 11:40:00,14323.67,549.43,3.71,24.19,3.22,1250.74,1037.29,69.88,184.69,50.99,22.08,P029,EQ011
2025-09-17 11:50:00,13974.86,592.13,3.76,23.36,3.54,1251.01,1078.19,63.28,205.71,44.61,26.65,P002,EQ018
2025-09-17 12:00:00,16310.01,592.06,3.24,25.07,3.46,1248.29,1016.01,68.0,195.0,54.41,30.44,P031,EQ025
2025-09-17 12:10:00,15320.13,595.67,3.12,24.22,3.51,1240.82,1016.18,54.44,194.8,44.15,27.52,P008,EQ032
2025-09-17 12:20:00,14732.15,637.97,3.59,24.08,3.62,1255.29,1033.43,58.85,200.95,50.81,23.7,P009,EQ039
2025-09-17 12:30:00,13212.85,627.77,3.5,25.47,3.64,1239.81,1064.21,64.27,198.58,54.08,14.58,P012,EQ046
2025-09-17 12:40:00,14148.08,582.77,3.56,26.39,3.46,1271.43,1015.41,52.35,221.55,44.86,20.52,P031,EQ004
2025-09-17 12:50:00,16405.49,603.47,3.39,25.38,3.72,1237.69,1061.34,66.91,191.62,48.42,32.78,P042,EQ011
2025-09-17 13:00:00,14985.81,544.11,3.43,25.62,3.65,1231.89,1000.85,66.34,199.05,55.05,17.03,P006,EQ018
2025-09-17 13:10:00,14554.54,619.7,3.66,25.88,3.34,1271.18,1076.69,61.97,204.17,54.84,25.36,P050,EQ025
2025-09-17 13:20:00,16540.73,589.7,3.63,25.81,3.77,1241.19,1015.13,51.15,213.19,56.58,22.8,P033,EQ032
2025-09-17 13:30:00,15488.09,590.72,3.93,25.75,3.15,1256.91,1043.49,64.78,198.98,57.06,26.18,P028,EQ039
2025-09-17 13:40:00,15193.27,620.14,3.58,24.69,3.97,1242.59,1057.02,55.07,181.54,64.44,18.23,P033,EQ046
2025-09-17 13:50:00,15851.42,585.12,3.48,26.29,3.66,1246.96,1068.77,52.11,214.49,52.92,29.0,P044,EQ004
2025-09-17 14:00:00,15925.34,595.84,3.42,25.21,3.59,1261.28,1048.83,57.15,201.34,48.2,24.94,P003,EQ011
2025-09-17 14:10:00,15070.03,605.03,3.21,24.92,3.53,1247.54,1044.73,63.95,208.94,49.89,19.68,P049,EQ018
2025-09-17 14:20:00,14313.37,627.88,3.42,25.08,3.17,1262.45,1048.27,62.98,208.16,48.26,15.13,P027,EQ025
2025-09-17 14:30:00,15823.97,669.86,3.65,26.7,3.46,1274.39,1038.9,52.46,187.17,53.92,15.11,P044,EQ032
2025-09-17 14:40:00,14565.0,579.14,3.51,23.61,3.78,1286.99,1043.01,54.78,230.85,42.81,30.33,P045,EQ039
2025-09-17 14:50:00,15526.43,541.84,3.24,26.6,3.23,1254.15,1035.33,60.57,197.97,50.87,22.88,P040,EQ046
2025-09-17 15:00:00,14850.85,665.22,3.34,23.76,3.45,1240.48,1035.72,59.46,202.96,44.63,31.71,P033,EQ004
2025-09-17 15:10:00,14045.22,592.5,3.07,26.09,3.28,1281.28,1069.34,63.47,206.15,46.02,28.9,P026,EQ011
2025-09-17 15:20:00,16089.16,630.94,3.55,25.71,3.67,1240.05,1036.58,67.53,192.86,46.46,10.6,P021,EQ018
2025-09-17 15:30:00,15397.71,566.72,3.46,26.2,3.57,1268.46,1057.63,64.16,176.18,46.47,29.97,P041,EQ025
2025-09-17 15:40:00,14047.27,553.47,3.2,24.13,3.75,1270.1,1016.07,57.03,192.61,54.96,18.07,P002,EQ032
2025-09-17 15:50:00,15473.13,570.77,3.7,25.62,3.42,1277.42,1021.0,52.8,196.62,54.61,31.1,P041,EQ039
2025-09-17 16:00:00,15369.58,592.79,3.49,25.23,3.48,1262.42,1071.65,66.16,207.43,49.61,17.57,P009,EQ046
2025-09-17 16:10:00,15885.63,598.78,3.43,26.93,3.25,1229.5,1030.1,54.19,184.61,53.81,13.47,P008,EQ004
2025-09-17 16:20:00,16589.79,593.19,3.23,25.36,3.31,1245.15,1048.43,61.83,198.03,50.98,27.36,P004,EQ011
2025-09-17 16:30:00,14538.03,630.6,3.47,24.29,3.42,1252.47,1020.34,50.96,203.18,49.81,16.56,P036,EQ018
2025-09-17 16:40:00,14624.86,623.88,3.35,24.54,3.7,1275.29,1076.27,57.89,211.34,51.43,20.56,P045,EQ025
2025-09-17 16:50:00,15047.06,578.54,3.72,24.39,3.68,1242.72,1040.84,61.14,209.13,49.71,29.12,P035,EQ032
2025-09-17 17:00:00,15967.49,637.85,3.8,24.52,3.35,1226.78,1071.53,61.32,201.8,57.97,31.61,P044,EQ039
2025-09-17 17:10:00,15764.95,632.66,3.83,26.57,3.38,1243.89,1039.6,69.26,191.09,48.73,28.08,P002,EQ046
2025-09-17 17:20:00,13813.22,565.13,3.2,24.22,3.47,1267.66,1076.66,53.41,178.36,50.89,20.18,P014,EQ004
2025-09-17 17:30:00,14581.99,579.32,3.3,24.71,3.47,1268.09,998.41,64.12,224.09,52.6,14.67,P004,EQ011
2025-09-17 17:40:00,15722.65,597.61,3.62,23.64,3.78,1273.23,1074.2,56.14,183.97,54.92,29.06,P026,EQ018
2025-09-17 17:50:00,15112.17,564.47,3.75,25.18,3.35,1206.24,1083.04,48.41,193.76,52.49,29.08,P037,EQ025
2025-09-17 18:00:00,15768.47,570.07,3.35,25.99,3.28,1244.82,1040.31,62.36,205.83,52.03,33.27,P044,EQ032
2025-09-17 18:10:00,17106.61,600.44,3.21,25.74,3.7,1252.6,1001.88,57.45,202.02,47.54,32.41,P001,EQ039
2025-09-17 18:20:00,15730.37,616.06,3.56,24.55,3.57,1261.85,1078.95,60.58,210.39,60.37,21.86,P038,EQ046
2025-09-17 18:30:00,14425.99,531.49,3.66,23.79,3.47,1232.47,1036.38,60.75,204.05,43.32,24.53,P050,EQ004
2025-09-17 18:40:00,14827.34,602.34,3.57,25.14,3.37,1238.84,1019.73,59.41,199.01,53.85,30.92,P040,EQ011
2025-09-17 18:50:00,13829.28,660.12,3.73,25.28,3.39,1240.87,1059.0,66.51,195.66,41.27,12.0,P037,EQ018
2025-09-17 19:00:00,13986.91,621.55,3.3,23.99,3.42,1239.78,1059.9,57.94,176.25,49.51,30.41,P011,EQ025
2025-09-17 19:10:00,13801.05,628.38,3.43,25.53,3.47,1268.09,1076.15,63.35,177.56,52.37,22.26,P036,EQ032
2025-09-17 19:20:00,14666.94,610.42,3.38,25.32,3.48,1241.45,1068.04,54.92,173.63,47.73,13.85,P045,EQ039
2025-09-17 19:30:00,15039.61,594.98,3.57,25.59,3.43,1273.26,1042.9,59.89,198.11,54.95,18.07,P050,EQ046
2025-09-17 19:40:00,14848.72,596.09,3.39,25.96,3.53,1253.27,1048.86,60.34,190.25,58.17,15.1,P015,EQ004
2025-09-17 19:50:00,14392.08,599.52,3.53,26.74,3.28,1246.95,1014.91,56.74,214.09,48.29,21.59,P030,EQ011
2025-09-17 20:00:00,13998.08,577.85,3.68,24.76,3.48,1254.23,1016.27,70.89,189.71,59.01,28.44,P001,EQ018
2025-09-17 20:10:00,14264.84,606.48,3.27,25.54,3.41,1255.02,1061.0,65.86,202.33,48.04,23.35,P020,EQ025
2025-09-17 20:20:00,15772.37,651.83,3.67,25.64,3.55,1240.01,1073.99,56.04,187.69,49.94,25.27,P011,EQ032
2025-09-17 20:30:00,17773.37,617.96,3.6,24.64,3.17,1224.34,1035.92,50.48,206.55,53.51,20.13,P019,EQ039
2025-09-17 20:40:00,16435.62,643.2,3.68,24.96,3.97,1250.04,1032.9,62.34,188.77,58.51,13.94,P014,EQ046
2025-09-17 20:50:00,16019.64,639.76,3.56,26.61,3.72,1280.44,1101.23,59.84,182.03,56.35,27.95,P038,EQ004
2025-09-17 21:00:00,13377.32,630.8,3.51,28.1,3.36,1233.21,971.4,55.32,215.82,54.82,23.39,P043,EQ011
2025-09-17 21:10:00,16197.48,610.27,3.43,26.29,3.49,1234.26,1052.11,55.41,204.3,46.62,15.86,P006,EQ018
2025-09-17 21:20:00,14598.87,574.83,3.65,25.02,3.38,1282.1,1060.19,56.17,195.23,49.67,26.86,P016,EQ025
2025-09-17 21:30:00,14303.49,623.76,3.71,25.72,3.39,1237.0,983.58,52.09,198.61,43.66,33.94,P020,EQ032
2025-09-17 21:40:00,14770.5,560.68,3.33,23.09,3.73,1274.34,1074.3,52.65,201.33,46.21,27.18,P041,EQ039
2025-09-17 21:50:00,14730.54,619.37,3.46,24.5,3.15,1239.31,1112.01,58.22,196.04,50.48,25.04,P002,EQ046
2025-09-17 22:00:00,13452.96,571.26,3.52,24.73,3.58,1273.47,1074.55,67.08,232.47,53.18,12.82,P023,EQ004
2025-09-17 22:10:00,14509.28,556.48,3.43,25.36,3.22,1256.16,1062.46,63.82,195.85,50.84,29.38,P040,EQ011
2025-09-17 22:20:00,13783.15,601.26,3.6,24.08,3.78,1228.83,1111.16,57.61,200.53,43.02,34.46,P029,EQ018
2025-09-17 22:30:00,13778.71,617.6,3.66,26.34,3.52,1242.66,1073.7,60.41,214.35,46.87,10.67,P025,EQ025
2025-09-17 22:40:00,15695.71,568.75,3.62,23.93,3.28,1231.09,1045.29,54.45,201.39,54.59,24.97,P005,EQ032
2025-09-17 22:50:00,16076.92,590.18,3.49,27.25,3.32,1223.98,1084.39,57.09,206.75,56.54,25.42,P035,EQ039
2025-09-17 23:00:00,13607.92,625.22,3.46,25.3,4.03,1268.33,1098.33,62.24,195.67,45.39,20.98,P001,EQ046
2025-09-17 23:10:00,14499.39,564.66,3.64,24.42,3.83,1249.87,965.84,49.69,221.22,49.28,19.2,P039,EQ004
2025-09-17 23:20:00,16176.12,614.41,3.64,25.67,3.47,1250.17,1103.15,65.41,211.41,49.32,23.26,P018,EQ011
2025-09-17 23:30:00,17382.89,582.99,3.15,24.68,3.45,1244.89,1059.42,58.05,193.74,49.15,15.8,P033,EQ018
2025-09-17 23:40:00,14101.11,633.27,3.46,26.83,3.33,1235.88,1042.16,59.42,213.36,53.46,28.56,P018,EQ025
2025-09-17 23:50:00,13133.39,604.38,3.38,24.91,3.59,1238.83,1049.41,59.7,222.25,42.61,26.47,P016,EQ032
2025-09-18 00:00:00,17625.08,608.15,3.25,25.28,3.6,1262.79,1078.06,55.42,203.91,49.13,30.29,P045,EQ039
2025-09-18 00:10:00,14461.89,548.72,3.59,24.01,3.73,1242.21,1040.34,59.81,215.64,57.43,13.67,P045,EQ046
2025-09-18 00:20:00,15539.94,631.79,3.46,25.16,3.49,1261.14,1057.32,64.99,211.64,58.77,26.96,P048,EQ004
2025-09-18 00:30:00,15939.38,612.11,3.44,23.86,3.35,1249.84,1011.81,64.77,203.24,49.25,11.88,P047,EQ011
2025-09-18 00:40:00,13506.34,610.02,3.5,24.89,3.44,1229.52,985.87,54.58,198.56,51.86,23.47,P027,EQ018
2025-09-18 00:50:00,12758.62,558.16,3.37,25.12,3.38,1247.49,1016.74,62.77,226.91,38.43,21.79,P001,EQ025
2025-09-18 01:00:00,16612.46,559.36,3.29,24.32,3.27,1237.18,1082.99,64.77,217.7,52.93,19.66,P025,EQ032
2025-09-18 01:10:00,13562.35,552.9,3.61,25.24,3.61,1234.34,1032.19,68.08,213.37,57.9,33.85,P018,EQ039
2025-09-18 01:20:00,16494.57,559.65,3.58,25.16,3.42,1314.54,1023.3,67.27,209.68,44.92,26.58,P044,EQ046
2025-09-18 01:30:00,14163.0,579.27,3.28,24.23,3.71,1269.86,1033.73,64.37,215.91,42.98,12.85,P042,EQ004
2025-09-18 01:40:00,15911.6,639.09,3.5,25.87,3.45,1239.63,997.94,53.38,207.19,44.84,23.19,P049,EQ011
2025-09-18 01:50:00,13890.75,555.66,2.91,23.86,3.89,1292.12,1027.53,69.76,206.77,47.05,28.97,P004,EQ018
2025-09-18 02:00:00,14005.79,569.78,3.58,25.46,3.4,1253.14,1047.08,62.12,203.52,57.75,12.57,P042,EQ025
2025-09-18 02:10:00,15406.61,632.68,3.64,24.77,3.28,1233.58,1114.67,66.64,194.39,49.52,31.27,P050,EQ032
2025-09-18 02:20:00,14489.46,602.77,3.54,24.28,3.82,1237.35,1020.88,54.7,169.39,43.15,24.52,P047,EQ039
2025-09-18 02:30:00,14250.47,615.34,3.41,24.84,2.79,1224.14,1159.25,58.11,235.06,50.87,26.45,P042,EQ046
2025-09-18 02:40:00,15051.38,612.05,3.73,26.03,3.47,1221.89,1080.72,50.7,223.48,51.83,22.78,P022,EQ004
2025-09-18 02:50:00,15592.25,571.99,3.37,26.68,3.38,1255.49,1103.2,66.68,207.31,51.59,10.04,P029,EQ011
2025-09-18 03:00:00,14708.63,625.61,3.53,25.94,3.47,1266.26,1126.22,56.13,178.2,51.29,29.37,P008,EQ018
2025-09-18 03:10:00,14749.71,655.95,3.51,25.3,3.62,1264.77,1075.25,60.52,223.2,57.65,21.9,P039,EQ025
2025-09-18 03:20:00,14559.49,584.78,3.45,22.94,3.67,1219.01,1007.63,56.94,181.81,46.38,34.43,P027,EQ032
2025-09-18 03:30:00,16257.79,593.28,3.54,23.13,3.59,1256.96,990.24,62.14,201.14,46.56,25.77,P003,EQ039
2025-09-18 03:40:00,16589.91,637.03,3.36,24.43,3.74,1298.25,1067.37,63.72,177.36,49.57,21.16,P004,EQ046
2025-09-18 03:50:00,13912.7,621.55,3.52,23.43,3.6,1248.12,1025.8,66.35,210.07,46.34,15.09,P033,EQ004
2025-09-18 04:00:00,15047.62,550.5,3.4,25.57,3.52,1230.57,1048.94,72.98,185.01,47.71,25.73,P003,EQ011
2025-09-18 04:10:00,13691.38,568.38,3.49,25.22,3.36,1220.61,1097.03,61.9,177.75,54.53,22.94,P005,EQ018
2025-09-18 04:20:00,16465.38,684.77,3.95,25.16,3.65,1261.86,1061.4,52.5,198.56,55.67,21.36,P026,EQ025
2025-09-18 04:30:00,13330.89,643.59,3.64,23.48,3.54,1243.29,1036.55,62.21,235.27,47.18,13.76,P011,EQ032
2025-09-18 04:40:00,14063.72,615.88,3.47,24.95,3.38,1215.62,1042.19,57.33,187.02,56.57,25.02,P027,EQ039
2025-09-18 04:50:00,13628.72,566.22,3.52,24.6,3.6,1244.68,1057.35,60.54,197.95,49.87,23.76,P042,EQ046
2025-09-18 05:00:00,15812.57,609.95,3.66,24.31,3.6,1248.88,1036.03,54.24,168.73,44.83,31.75,P019,EQ004
2025-09-18 05:10:00,15368.88,564.26,3.41,25.79,3.57,1271.35,1087.4,56.71,210.29,52.61,30.82,P034,EQ011
2025-09-18 05:20:00,15571.35,578.57,3.69,26.45,3.43,1219.56,1046.86,59.81,223.97,46.48,18.16,P002,EQ018
2025-09-18 05:30:00,14674.34,620.92,3.57,26.9,3.52,1268.07,1037.93,69.81,205.09,59.83,26.51,P002,EQ025
2025-09-18 05:40:00,14350.53,624.4,3.84,25.21,3.62,1228.71,1029.57,59.1,180.7,55.7,21.44,P034,EQ032
2025-09-18 05:50:00,14726.6,616.35,3.46,23.75,3.7,1249.25,1047.12,61.0,204.42,54.68,22.69,P038,EQ039
2025-09-18 06:00:00,14438.67,611.31,3.19,25.4,3.39,1231.77,1079.83,64.71,188.7,40.61,34.15,P037,EQ046
2025-09-18 06:10:00,15639.11,590.11,3.27,26.39,3.66,1234.15,1070.38,56.27,206.01,47.38,14.6,P042,EQ004
2025-09-18 06:20:00,15253.51,620.14,3.52,24.68,3.13,1239.09,1036.47,51.52,194.6,38.4,21.67,P018,EQ011
2025-09-18 06:30:00,15567.39,621.98,3.6,25.82,3.24,1265.87,1025.79,63.89,196.08,46.87,12.22,P027,EQ018
2025-09-18 06:40:00,14043.61,554.54,3.43,24.98,3.5,1268.53,1057.05,56.33,202.01,52.03,23.5,P028,EQ025
2025-09-18 06:50:00,15107.86,580.19,3.49,23.39,3.75,1280.14,1069.55,52.75,184.93,49.57,33.43,P044,EQ032
2025-09-18 07:00:00,15454.0,657.77,3.63,25.19,3.48,1262.37,1021.91,59.92,206.09,51.82,12.81,P039,EQ039
2025-09-18 07:10:00,15419.92,587.71,3.58,25.47,3.8,1188.92,1103.37,66.57,198.62,52.03,32.11,P025,EQ046
2025-09-18 07:20:00,15802.1,597.66,3.44,26.01,3.58,1262.56,1072.24,61.41,208.46,49.38,31.46,P011,EQ004
2025-09-18 07:30:00,14497.02,547.48,3.32,25.94,3.22,1294.54,1035.84,62.23,211.36,50.43,30.0,P026,EQ011
2025-09-18 07:40:00,15628.02,583.9,3.46,25.34,3.41,1218.81,1080.43,60.33,217.84,52.98,19.8,P001,EQ018
2025-09-18 07:50:00,15216.69,585.41,3.35,25.73,3.44,1234.09,1102.15,61.62,206.01,49.48,23.94,P034,EQ025
2025-09-18 08:00:00,13884.77,575.25,3.31,23.77,3.46,1256.26,1070.56,67.85,187.17,52.51,13.34,P002,EQ032
2025-09-18 08:10:00,13870.3,604.32,3.57,26.08,3.57,1252.18,1075.82,53.62,200.68,53.68,16.0,P008,EQ039
2025-09-18 08:20:00,16246.23,593.48,3.36,23.97,3.51,1259.48,1020.11,60.75,226.7,34.22,21.41,P041,EQ046
2025-09-18 08:30:00,14255.88,626.91,3.59,24.76,3.48,1271.62,1049.92,60.75,227.28,47.26,28.94,P012,EQ004
2025-09-18 08:40:00,15284.2,614.78,3.11,25.23,3.46,1234.1,1060.01,53.89,197.6,62.5,34.86,P027,EQ011
2025-09-18 08:50:00,13011.63,558.01,3.4,25.33,3.03,1260.57,1004.65,67.23,205.68,52.68,14.87,P017,EQ018
2025-09-18 09:00:00,15919.48,597.25,3.39,24.23,3.38,1214.39,1055.59,60.08,190.36,52.06,17.02,P014,EQ025
2025-09-18 09:10:00,14645.38,597.39,3.71,24.49,3.19,1284.41,1031.28,63.4,193.31,59.43,18.15,P039,EQ032
2025-09-18 09:20:00,16028.46,574.7,3.48,27.68,3.43,1274.6,1051.94,58.03,206.64,46.93,19.54,P042,EQ039
2025-09-18 09:30:00,14132.97,604.41,3.6,25.76,3.58,1226.09,999.46,58.86,191.93,60.13,14.6,P017,EQ046
2025-09-18 09:40:00,14192.62,604.07,3.44,24.38,3.66,1251.29,1074.9,56.38,206.49,43.41,18.35,P034,EQ004
2025-09-18 09:50:00,14291.48,644.09,3.56,26.06,3.57,1245.78,1066.64,60.86,189.25,49.34,27.01,P032,EQ011
2025-09-18 10:00:00,15021.07,559.04,3.42,25.28,3.63,1254.07,1015.29,53.55,235.84,52.81,32.5,P006,EQ018
2025-09-18 10:10:00,14728.93,610.68,3.36,25.9,3.67,1257.4,1075.3,45.91,221.45,47.19,14.47,P048,EQ025
2025-09-18 10:20:00,15174.88,587.56,3.9,25.17,3.45,1248.19,1019.45,61.87,193.34,53.75,28.66,P043,EQ032
2025-09-18 10:30:00,14147.16,627.1,3.11,26.49,3.6,1238.91,1055.9,53.22,215.84,54.37,33.26,P010,EQ039
2025-09-18 10:40:00,14931.72,548.06,3.39,23.69,3.61,1260.15,1009.53,57.72,209.16,39.98,17.46,P043,EQ046
2025-09-18 10:50:00,14735.31,614.5,3.28,23.74,3.36,1249.67,1063.8,66.86,207.58,52.72,31.92,P014,EQ004
2025-09-18 11:00:00,17186.41,610.64,3.54,23.1,3.92,1252.76,1047.9,70.16,203.12,48.04,20.2,P002,EQ011
2025-09-18 11:10:00,13919.08,612.0,3.73,25.99,3.63,1291.35,1051.2,56.61,178.17,49.68,24.64,P010,EQ018
2025-09-18 11:20:00,15110.88,631.7,3.84,25.28,3.28,1254.82,1075.46,57.95,205.67,48.05,33.92,P030,EQ025
2025-09-18 11:30:00,14245.12,586.51,3.56,25.22,3.71,1234.02,1050.78,53.17,200.4,47.92,19.11,P001,EQ032
2025-09-18 11:40:00,15503.73,619.24,3.34,25.11,3.59,1289.96,1107.41,56.14,184.48,47.54,14.57,P018,EQ039
2025-09-18 11:50:00,12487.7,604.9,3.59,24.27,3.5,1220.79,1036.23,54.12,217.15,49.27,24.25,P026,EQ046
2025-09-18 12:00:00,15274.26,548.47,3.51,25.59,3.42,1262.9,1045.39,66.02,195.99,46.26,30.57,P046,EQ004
2025-09-18 12:10:00,15018.34,643.55,3.51,24.99,3.42,1236.77,966.41,70.98,213.45,54.0,11.47,P040,EQ011
2025-09-18 12:20:00,13210.19,624.53,3.58,26.05,3.52,1275.2,1021.46,59.26,200.65,45.42,19.42,P049,EQ018
2025-09-18 12:30:00,14032.07,587.18,3.8,24.59,3.51,1292.03,992.63,60.05,206.44,40.53,21.22,P009,EQ025
2025-09-18 12:40:00,13194.67,571.7,3.26,24.82,3.72,1237.41,1071.61,58.49,206.65,53.74,32.96,P019,EQ032
2025-09-18 12:50:00,14921.03,575.02,3.51,24.74,3.56,1230.77,1063.79,59.47,218.77,49.58,16.06,P021,EQ039
2025-09-18 13:00:00,15550.12,556.38,3.44,25.53,3.51,1234.75,1046.88,58.13,199.57,56.24,13.32,P049,EQ046
2025-09-18 13:10:00,15280.08,611.88,3.38,24.33,3.49,1264.44,1061.15,59.59,204.44,49.33,32.28,P020,EQ004
2025-09-18 13:20:00,16151.28,657.47,3.66,24.16,3.61,1278.49,1065.58,57.55,204.51,45.21,11.05,P023,EQ011
2025-09-18 13:30:00,13456.23,628.89,3.13,25.16,3.47,1254.15,1079.54,57.97,220.43,51.3,15.56,P049,EQ018
2025-09-18 13:40:00,13767.11,634.1,3.43,24.64,3.75,1233.59,1069.33,58.0,187.32,35.06,20.62,P033,EQ025
2025-09-18 13:50:00,14208.61,588.88,3.71,24.68,3.7,1259.06,1073.59,52.92,193.96,54.9,28.85,P045,EQ032
2025-09-18 14:00:00,13621.28,626.49,3.65,23.77,3.3,1236.38,1084.6,58.32,179.3,46.17,23.32,P029,EQ039
2025-09-18 14:10:00,14457.82,589.83,3.6,23.52,3.76,1251.08,1015.71,61.63,198.99,45.73,29.74,P050,EQ046
2025-09-18 14:20:00,14786.7,580.74,3.6,25.07,3.61,1240.6,1076.7,62.04,196.5,49.8,33.54,P044,EQ004
2025-09-18 14:30:00,15734.22,607.61,3.25,24.65,3.78,1272.03,1043.88,59.65,207.64,43.43,10.41,P016,EQ011
2025-09-18 14:40:00,14016.69,628.6,3.46,25.51,3.51,1243.0,1034.18,58.08,198.95,51.62,31.84,P045,EQ018
2025-09-18 14:50:00,15487.23,581.04,3.56,23.75,3.59,1254.15,1011.91,61.89,231.82,45.17,16.8,P033,EQ025
2025-09-18 15:00:00,16313.13,604.76,3.31,26.21,3.73,1261.88,1069.35,56.49,212.01,48.81,23.67,P008,EQ032
2025-09-18 15:10:00,14195.82,601.99,3.39,23.62,3.37,1225.79,1024.56,61.53,217.04,50.73,18.81,P046,EQ039
2025-09-18 15:20:00,16041.94,572.21,3.27,24.36,3.35,1236.78,1075.39,56.47,189.85,59.24,24.25,P032,EQ046
2025-09-18 15:30:00,14882.17,673.85,3.24,24.94,3.88,1279.22,1069.38,70.05,186.14,55.6,16.22,P024,EQ004
2025-09-18 15:40:00,16101.37,600.8,3.41,26.45,3.26,1244.07,1057.67,60.58,208.9,51.54,16.91,P046,EQ011
2025-09-18 15:50:00,16725.94,587.03,3.46,24.38,3.49,1235.35,1015.04,69.57,206.14,48.19,20.0,P010,EQ018
2025-09-18 16:00:00,16020.5,592.25,3.68,25.77,3.43,1241.91,1014.44,62.01,187.34,52.91,34.98,P009,EQ025
2025-09-18 16:10:00,15736.69,590.55,3.38,25.0,3.7,1284.77,1067.0,53.84,210.09,42.33,15.77,P003,EQ032
2025-09-18 16:20:00,15340.98,640.17,3.53,24.56,3.12,1247.91,1075.8,54.71,178.05,43.08,19.53,P030,EQ039
2025-09-18 16:30:00,15257.94,593.95,3.44,23.76,3.62,1277.16,1062.48,54.27,177.47,48.31,25.11,P040,EQ046
2025-09-18 16:40:00,13517.47,628.15,3.28,24.44,3.51,1241.87,988.3,61.38,198.69,46.12,34.25,P027,EQ004
2025-09-18 16:50:00,14139.3,643.22,3.47,25.76,3.66,1232.17,1055.11,64.2,208.21,46.26,17.09,P005,EQ011
2025-09-18 17:00:00,14574.92,634.56,3.58,25.01,3.44,1280.59,1081.3,61.03,179.36,55.9,13.23,P038,EQ018
2025-09-18 17:10:00,14746.43,591.4,3.65,25.75,3.75,1260.91,1043.67,59.84,221.62,50.27,17.76,P032,EQ025
2025-09-18 17:20:00,15799.16,627.71,3.3,24.01,3.76,1256.14,1035.89,57.59,200.58,56.33,34.19,P043,EQ032
2025-09-18 17:30:00,13688.71,589.15,3.44,25.42,3.48,1279.01,1064.51,59.2,204.58,50.21,32.63,P009,EQ039
2025-09-18 17:40:00,14117.16,650.8,3.43,25.15,3.65,1229.58,1040.24,60.33,197.78,51.44,28.71,P017,EQ046
2025-09-18 17:50:00,15634.36,585.09,3.39,25.36,3.61,1253.81,1037.05,69.21,229.71,51.87,14.65,P034,EQ004
2025-09-18 18:00:00,13911.48,571.92,3.41,25.52,3.33,1242.85,1075.25,60.4,205.1,53.1,19.67,P011,EQ011
2025-09-18 18:10:00,15995.3,601.65,3.64,24.77,3.55,1238.7,1034.08,57.92,202.6,48.54,34.03,P037,EQ018
2025-09-18 18:20:00,15492.1,560.72,3.58,24.48,3.36,1262.13,1009.73,64.79,221.98,52.62,25.5,P001,EQ025
2025-09-18 18:30:00,14771.31,591.08,3.65,25.17,3.35,1250.77,1026.33,65.91,184.03,55.29,19.6,P026,EQ032
2025-09-18 18:40:00,14934.45,584.16,3.51,24.96,3.71,1228.17,1027.26,61.99,193.6,50.4,11.82,P030,EQ039
2025-09-18 18:50:00,16992.79,623.86,3.82,25.21,3.51,1202.82,1067.27,57.14,213.69,56.99,33.72,P037,EQ046
2025-09-18 19:00:00,15164.62,557.7,3.49,25.35,3.61,1255.26,1061.16,65.06,206.28,47.47,24.59,P012,EQ004
2025-09-18 19:10:00,14983.38,671.25,3.63,23.93,3.21,1246.87,1060.8,55.74,199.21,36.81,14.73,P023,EQ011
2025-09-18 19:20:00,15230.29,586.85,3.5,24.22,3.74,1219.09,1042.02,55.71,206.63,57.27,19.42,P038,EQ018
2025-09-18 19:30:00,15112.59,590.56,3.5,23.17,3.7,1232.19,1031.87,59.0,188.43,53.3,32.72,P039,EQ025
2025-09-18 19:40:00,14150.71,621.96,3.82,25.21,3.5,1291.0,1032.21,61.38,190.08,53.56,26.43,P010,EQ032
2025-09-18 19:50:00,14225.1,568.03,3.64,26.64,3.48,1293.71,1001.08,66.08,216.17,47.26,24.7,P048,EQ039
2025-09-18 20:00:00,13852.14,643.67,3.51,24.63,3.61,1247.79,1034.08,53.69,180.16,48.93,25.08,P047,EQ046
2025-09-18 20:10:00,15444.01,595.71,3.57,25.29,3.1,1276.61,1040.82,53.63,220.14,44.32,23.7,P014,EQ004
2025-09-18 20:20:00,15960.81,560.73,3.43,26.5,3.72,1219.4,1040.53,49.51,219.19,50.44,18.02,P036,EQ011
2025-09-18 20:30:00,12724.53,580.09,3.37,23.4,3.61,1255.18,1050.69,57.47,208.3,62.19,28.37,P026,EQ018
2025-09-18 20:40:00,15177.48,642.25,3.63,26.25,3.33,1265.69,1053.57,66.53,192.18,43.7,23.9,P030,EQ025
2025-09-18 20:50:00,13372.52,624.4,3.51,24.74,3.59,1308.11,1047.52,61.97,216.12,36.87,27.75,P029,EQ032
2025-09-18 21:00:00,14976.38,579.55,3.48,24.86,3.6,1278.87,1104.95,60.75,186.36,52.65,25.27,P024,EQ039
2025-09-18 21:10:00,15258.39,566.95,3.74,22.95,3.54,1223.1,1102.69,61.06,229.19,48.63,32.91,P028,EQ046
2025-09-18 21:20:00,15842.75,627.13,3.53,23.04,3.71,1234.42,1060.38,68.76,208.31,46.89,10.31,P008,EQ004
2025-09-18 21:30:00,17004.68,609.98,3.73,25.26,3.88,1268.06,1055.74,51.45,185.24,46.78,16.18,P034,EQ011
2025-09-18 21:40:00,15032.73,547.78,3.19,24.8,3.49,1240.04,1028.3,63.43,189.25,52.4,14.32,P034,EQ018
2025-09-18 21:50:00,17273.67,589.25,3.64,27.34,3.62,1223.67,1120.43,66.78,222.59,47.01,33.69,P017,EQ025
2025-09-18 22:00:00,16488.76,587.94,3.91,26.24,3.29,1235.2,1015.35,65.58,197.04,56.86,32.38,P016,EQ032
2025-09-18 22:10:00,14766.53,639.35,3.52,25.31,3.47,1259.42,1063.09,70.35,203.97,40.02,12.39,P013,EQ039
2025-09-18 22:20:00,14618.77,639.5,3.67,22.69,3.45,1235.7,1044.76,58.68,182.02,53.83,25.08,P048,EQ046
2025-09-18 22:30:00,16932.29,618.68,3.4,25.36,3.52,1267.16,1059.62,50.99,209.16,44.98,14.74,P049,EQ004
2025-09-18 22:40:00,14890.56,569.65,3.54,25.47,3.24,1246.01,1049.27,66.9,197.95,47.04,24.99,P010,EQ011
2025-09-18 22:50:00,15025.7,642.58,3.52,26.41,3.34,1281.02,1056.89,55.7,196.41,57.25,34.78,P026,EQ018
2025-09-18 23:00:00,14396.49,557.5,3.54,24.77,3.77,1238.49,1048.14,56.85,207.88,56.8,10.25,P001,EQ025
2025-09-18 23:10:00,15094.38,660.59,3.56,24.49,3.44,1275.59,1062.13,55.05,193.28,55.43,32.42,P019,EQ032
2025-09-18 23:20:00,17167.92,636.0,3.5,26.29,3.45,1260.73,1046.55,46.53,203.83,48.65,17.44,P042,EQ039
2025-09-18 23:30:00,14561.03,574.76,3.39,25.07,3.66,1198.69,1008.91,70.44,231.48,41.69,34.47,P045,EQ046
2025-09-18 23:40:00,13982.48,602.02,3.86,25.52,3.37,1301.01,1077.72,58.87,219.12,43.26,21.66,P026,EQ004
2025-09-18 23:50:00,15031.36,601.66,3.45,23.81,3.7,1247.47,1074.4,65.33,189.55,49.32,13.67,P040,EQ011
2025-09-19 00:00:00,15902.84,594.04,3.06,23.7,3.25,1246.21,1043.33,63.58,187.59,50.93,28.11,P005,EQ018
2025-09-19 00:10:00,14133.72,580.04,3.75,25.49,3.5,1226.0,1063.61,62.4,235.61,51.19,33.91,P020,EQ025
2025-09-19 00:20:00,16660.86,632.36,3.67,24.12,3.47,1274.2,1073.58,60.53,199.35,52.89,28.53,P043,EQ032
2025-09-19 00:30:00,15833.7,564.54,3.64,25.47,3.66,1224.06,994.21,56.2,196.14,41.03,15.67,P003,EQ039
2025-09-19 00:40:00,13943.02,624.02,3.37,26.0,3.71,1247.46,1036.33,50.82,221.66,54.13,31.77,P047,EQ046
2025-09-19 00:50:00,15547.98,621.61,3.35,24.43,3.3,1244.29,1033.18,71.8,215.24,43.08,33.39,P005,EQ004
2025-09-19 01:00:00,14979.64,594.26,3.74,21.85,3.58,1211.51,1058.11,66.89,212.94,49.02,15.44,P008,EQ011
2025-09-19 01:10:00,15497.55,620.36,3.52,24.02,3.03,1262.56,1059.85,65.76,201.18,48.05,10.42,P034,EQ018
2025-09-19 01:20:00,16084.58,517.3,3.39,23.25,3.53,1236.28,1059.17,62.04,227.25,39.69,30.29,P032,EQ025
2025-09-19 01:30:00,13849.07,596.79,3.52,27.18,3.56,1203.84,1034.37,66.11,204.36,40.89,18.03,P041,EQ032
2025-09-19 01:40:00,16003.06,593.62,3.35,25.05,3.78,1264.0,1070.37,67.8,188.41,49.28,31.09,P031,EQ039
2025-09-19 01:50:00,14747.64,560.9,3.65,24.62,3.75,1289.82,1094.54,58.75,227.48,47.71,13.31,P038,EQ046
2025-09-19 02:00:00,15791.32,595.44,3.3,25.05,3.31,1245.91,1076.74,65.28,191.89,52.12,25.32,P028,EQ004
2025-09-19 02:10:00,16400.89,609.48,3.35,25.49,3.65,1255.44,1026.02,63.11,211.38,51.26,26.11,P043,EQ011
2025-09-19 02:20:00,14513.6,586.26,3.42,24.53,3.21,1241.86,1026.41,60.18,202.03,49.31,19.59,P011,EQ018
2025-09-19 02:30:00,16030.02,588.04,3.33,24.63,3.53,1232.28,1048.91,59.4,218.56,49.25,28.56,P043,EQ025
2025-09-19 02:40:00,15456.2,634.95,3.49,25.24,3.27,1258.42,1041.11,62.92,223.16,48.33,33.5,P009,EQ032
2025-09-19 02:50:00,13755.12,612.03,3.4,25.82,3.31,1239.24,1069.09,58.71,179.82,43.55,17.42,P001,EQ039
2025-09-19 03:00:00,14323.59,570.95,3.6,24.34,3.44,1249.31,1049.08,60.96,180.67,50.49,18.24,P046,EQ046
2025-09-19 03:10:00,14410.48,565.71,3.22,24.52,3.66,1261.09,1077.79,55.84,205.16,48.25,26.22,P004,EQ004
2025-09-19 03:20:00,15101.37,655.83,3.64,24.69,3.15,1254.3,1081.51,68.59,201.64,47.05,22.96,P015,EQ011
2025-09-19 03:30:00,14657.28,598.24,3.45,23.89,4.02,1232.3,1125.06,68.47,210.89,52.6,18.42,P015,EQ018
2025-09-19 03:40:00,17108.79,592.17,3.36,25.26,3.59,1265.34,1061.03,58.58,203.83,43.9,10.77,P032,EQ025
2025-09-19 03:50:00,14546.22,592.91,3.36,24.19,3.37,1234.42,1056.27,50.83,187.9,43.25,34.83,P028,EQ032
2025-09-19 04:00:00,15086.27,606.22,3.4,25.37,3.75,1298.52,1113.63,64.04,208.42,48.96,25.22,P007,EQ039
2025-09-19 04:10:00,13762.11,571.83,3.58,22.91,3.69,1265.6,1056.09,63.19,223.06,58.59,25.56,P017,EQ046
2025-09-19 04:20:00,17655.35,555.86,3.41,23.02,3.35,1256.3,1025.35,55.37,202.43,53.07,23.97,P040,EQ004
2025-09-19 04:30:00,16349.06,621.25,3.66,24.64,3.34,1219.8,1037.47,58.71,181.53,51.47,20.02,P037,EQ011
2025-09-19 04:40:00,15309.11,597.89,3.6,24.47,3.82,1201.45,1021.3,62.19,206.37,52.98,33.5,P050,EQ018
2025-09-19 04:50:00,14580.18,650.58,3.15,25.0,3.65,1253.44,1005.38,53.26,199.18,53.25,23.63,P003,EQ025
2025-09-19 05:00:00,15306.9,606.99,3.45,25.57,3.5,1229.26,1040.1,61.16,189.24,52.46,26.23,P024,EQ032
2025-09-19 05:10:00,15206.4,561.58,3.64,25.85,3.41,1251.05,1050.27,73.61,190.92,46.94,20.06,P009,EQ039
2025-09-19 05:20:00,14354.7,626.31,3.66,26.27,3.67,1225.86,1029.39,65.3,198.37,39.15,31.98,P006,EQ046
2025-09-19 05:30:00,14666.63,624.47,3.76,25.28,3.33,1251.47,1054.05,54.77,215.54,48.78,21.85,P024,EQ004
2025-09-19 05:40:00,15291.48,620.13,3.49,24.4,3.34,1278.85,983.14,62.17,231.59,57.33,16.15,P001,EQ011
2025-09-19 05:50:00,13335.17,593.16,3.52,23.69,3.62,1274.54,1090.64,61.54,197.0,49.54,21.21,P027,EQ018
2025-09-19 06:00:00,13744.36,595.06,3.17,25.98,3.53,1246.48,1078.55,60.81,197.86,50.03,20.23,P034,EQ025
2025-09-19 06:10:00,14427.95,656.6,3.28,23.63,3.43,1292.56,1076.53,54.27,201.0,43.03,20.77,P022,EQ032
2025-09-19 06:20:00,16299.72,662.27,3.42,27.06,3.36,1258.45,1067.65,60.56,214.34,42.18,34.45,P010,EQ039
2025-09-19 06:30:00,14762.04,624.44,3.24,24.23,2.95,1263.98,1090.48,62.23,222.21,43.11,28.94,P042,EQ046
2025-09-19 06:40:00,15692.11,554.07,3.28,22.99,3.53,1283.03,1077.5,60.76,225.3,50.99,32.88,P042,EQ004
2025-09-19 06:50:00,14914.66,611.06,3.37,25.29,3.19,1249.02,1011.19,56.64,215.08,46.39,34.09,P019,EQ011
2025-09-19 07:00:00,15630.07,582.43,3.54,25.76,3.44,1252.96,1061.67,54.03,198.84,43.6,31.24,P001,EQ018
2025-09-19 07:10:00,15691.81,636.0,3.39,24.51,3.35,1290.24,1024.76,64.19,219.31,43.81,17.74,P020,EQ025
2025-09-19 07:20:00,13391.3,570.06,3.53,25.2,3.54,1244.78,1039.33,62.89,194.64,52.72,22.27,P008,EQ032
2025-09-19 07:30:00,14879.47,625.11,3.71,25.22,3.55,1240.89,1065.63,60.72,204.09,55.43,27.77,P021,EQ039
2025-09-19 07:40:00,15862.26,597.45,3.66,24.85,3.38,1246.27,1026.44,55.23,200.98,48.9,15.64,P005,EQ046
2025-09-19 07:50:00,16521.83,638.6,3.63,22.98,3.6,1262.05,1035.02,64.79,196.12,47.29,26.42,P031,EQ004
2025-09-19 08:00:00,15080.29,637.81,3.52,24.24,3.41,1240.75,1083.1,64.86,207.51,52.0,26.51,P021,EQ011
2025-09-19 08:10:00,15738.48,582.97,3.43,24.41,3.67,1231.21,1040.47,53.23,212.94,50.44,31.26,P007,EQ018
2025-09-19 08:20:00,14446.81,598.14,3.6,24.91,3.44,1254.67,1018.25,59.85,204.37,52.35,10.32,P032,EQ025
2025-09-19 08:30:00,16557.0,554.52,3.28,24.91,3.7,1261.73,999.94,57.39,201.12,44.73,22.25,P013,EQ032
2025-09-19 08:40:00,15909.57,592.2,3.42,23.31,3.55,1261.4,985.15,63.78,205.22,46.42,26.06,P005,EQ039
2025-09-19 08:50:00,14948.29,598.16,3.26,25.71,3.54,1252.51,1029.2,57.8,185.62,46.48,22.41,P023,EQ046
2025-09-19 09:00:00,14022.32,602.34,3.61,24.95,3.37,1234.83,1014.74,65.83,178.59,48.66,11.55,P027,EQ004
2025-09-19 09:10:00,16950.21,614.44,3.45,24.37,3.18,1274.53,1043.22,62.1,166.22,59.09,12.15,P037,EQ011
2025-09-19 09:20:00,15192.7,636.95,3.49,24.79,3.44,1248.1,1034.37,64.99,201.92,52.45,29.04,P012,EQ018
2025-09-19 09:30:00,14899.09,596.82,3.37,26.13,3.23,1260.58,1037.49,59.72,214.85,50.21,34.15,P010,EQ025
2025-09-19 09:40:00,15913.21,600.98,3.61,24.33,3.25,1258.26,1018.62,63.75,189.03,48.95,27.38,P040,EQ032
2025-09-19 09:50:00,14432.48,603.35,3.73,24.8,3.74,1259.58,1023.43,58.14,211.76,61.04,28.61,P038,EQ039
2025-09-19 10:00:00,14016.98,597.25,3.56,25.79,3.47,1259.94,1015.1,64.29,197.93,53.08,24.94,P005,EQ046
2025-09-19 10:10:00,14812.86,599.35,3.51,26.11,3.29,1262.33,1055.9,54.41,205.82,48.94,24.77,P034,EQ004
2025-09-19 10:20:00,14792.55,592.93,3.5,25.2,3.4,1251.72,1034.65,55.55,220.46,46.86,22.11,P014,EQ011
2025-09-19 10:30:00,15349.47,585.19,3.43,23.66,3.65,1260.99,1066.48,65.6,178.55,57.18,21.49,P013,EQ018
2025-09-19 10:40:00,13360.25,639.24,3.44,25.16,3.46,1263.16,1073.76,60.33,184.56,45.12,17.46,P012,EQ025
2025-09-19 10:50:00,15061.96,574.95,3.67,25.27,3.23,1273.01,1004.81,62.47,209.55,43.22,30.26,P020,EQ032
2025-09-19 11:00:00,13771.29,597.37,3.72,25.69,3.41,1201.2,1028.75,60.25,209.98,46.4,16.88,P029,EQ039
2025-09-19 11:10:00,15293.62,580.91,3.65,23.3,3.45,1244.08,1023.49,59.2,212.42,45.74,17.17,P039,EQ046
2025-09-19 11:20:00,13661.52,649.19,3.79,26.23,3.79,1265.45,1031.56,70.01,217.26,46.59,10.0,P018,EQ004
2025-09-19 11:30:00,16569.57,615.3,3.16,25.05,3.65,1209.44,1033.35,55.28,186.24,55.44,22.33,P002,EQ011
2025-09-19 11:40:00,16264.63,592.26,3.29,24.38,3.48,1243.04,1057.12,48.09,204.07,49.83,21.1,P035,EQ018
2025-09-19 11:50:00,15607.9,571.97,3.64,24.51,3.65,1227.65,1065.6,65.67,167.39,46.87,20.4,P009,EQ025
2025-09-19 12:00:00,13108.11,601.51,3.26,26.15,3.71,1235.1,1061.57,51.96,198.19,48.86,29.36,P021,EQ032
2025-09-19 12:10:00,15746.74,540.08,3.22,24.68,3.42,1226.93,978.2,58.06,211.67,49.35,34.66,P001,EQ039
2025-09-19 12:20:00,14043.11,573.15,3.47,25.41,3.51,1226.69,1043.41,56.37,185.85,53.7,27.3,P031,EQ046
2025-09-19 12:30:00,14398.43,598.37,3.77,25.81,3.37,1270.89,1030.7,63.52,179.79,53.05,20.34,P005,EQ004
2025-09-19 12:40:00,18924.97,603.41,3.42,23.19,3.84,1241.52,1045.45,63.89,200.56,52.5,29.43,P039,EQ011
2025-09-19 12:50:00,15976.72,608.03,3.59,25.82,3.49,1283.72,1070.92,55.22,187.36,62.28,11.78,P031,EQ018
2025-09-19 13:00:00,16083.91,538.0,3.62,25.19,3.51,1280.28,1053.19,54.92,201.02,47.42,25.75,P045,EQ025
2025-09-19 13:10:00,15833.13,580.09,3.24,26.41,3.57,1224.77,1029.08,63.34,200.45,46.36,23.93,P050,EQ032
2025-09-19 13:20:00,14351.9,517.5,3.7,27.49,3.39,1217.2,972.45,62.09,211.12,54.61,34.37,P006,EQ039
2025-09-19 13:30:00,15786.7,613.97,3.29,24.88,3.54,1263.65,1100.62,60.27,197.4,46.48,22.08,P016,EQ046
2025-09-19 13:40:00,15131.45,656.48,3.74,25.89,3.47,1203.38,1017.04,60.62,166.51,53.26,34.03,P011,EQ004
2025-09-19 13:50:00,16543.83,597.4,3.72,24.48,3.21,1264.75,1077.3,65.43,192.72,46.85,31.6,P038,EQ011
2025-09-19 14:00:00,15731.2,560.91,3.13,24.77,3.67,1227.91,1098.04,62.67,191.33,52.25,18.68,P018,EQ018
2025-09-19 14:10:00,15036.1,619.66,3.66,27.01,3.75,1231.55,1081.82,56.43,202.05,36.39,18.79,P013,EQ025
2025-09-19 14:20:00,14076.74,591.08,3.69,25.37,3.42,1256.53,1023.84,61.16,204.3,46.84,34.29,P003,EQ032
2025-09-19 14:30:00,14669.43,656.16,3.48,26.9,3.68,1279.52,1008.52,63.91,200.25,44.65,25.13,P005,EQ039
2025-09-19 14:40:00,14581.92,567.86,3.62,25.74,3.58,1247.41,990.79,54.54,186.73,44.6,23.96,P023,EQ046
2025-09-19 14:50:00,13002.14,591.09,3.74,25.38,3.57,1231.92,1057.24,58.63,183.45,42.14,22.72,P023,EQ004
2025-09-19 15:00:00,14564.06,577.63,3.19,24.4,3.47,1267.68,1027.75,58.91,205.94,47.13,18.66,P048,EQ011
2025-09-19 15:10:00,14859.2,648.67,3.41,25.37,3.77,1212.69,1109.64,56.13,184.62,43.44,11.98,P048,EQ018
2025-09-19 15:20:00,14597.32,595.87,3.75,25.39,3.02,1255.67,1045.75,57.11,208.9,39.11,30.19,P021,EQ025
2025-09-19 15:30:00,13298.54,625.5,3.76,26.27,3.33,1248.85,1037.98,60.59,220.12,57.53,32.38,P029,EQ032
2025-09-19 15:40:00,14399.51,594.75,3.42,23.87,3.21,1196.69,1065.47,63.99,190.0,53.5,16.51,P046,EQ039
2025-09-19 15:50:00,15282.95,583.42,3.52,23.63,3.51,1228.47,1032.36,56.12,192.3,50.84,30.02,P026,EQ046
2025-09-19 16:00:00,16283.27,578.29,3.69,23.71,3.13,1248.94,1072.14,62.19,224.45,50.96,26.73,P016,EQ004
2025-09-19 16:10:00,13121.06,572.01,3.79,25.21,3.69,1213.14,1057.83,60.62,181.24,49.41,25.06,P008,EQ011
2025-09-19 16:20:00,15114.32,607.84,3.49,25.37,3.58,1269.65,1065.62,58.36,196.84,42.38,33.05,P004,EQ018
2025-09-19 16:30:00,16394.22,582.73,3.46,23.88,3.64,1244.18,1120.58,57.93,209.37,53.33,26.17,P031,EQ025
2025-09-19 16:40:00,15621.9,648.53,3.4,25.88,3.71,1257.54,1039.96,53.64,189.13,50.02,10.07,P019,EQ032
2025-09-19 16:50:00,15860.89,607.59,3.39,26.27,3.6,1229.8,1058.07,59.85,213.76,44.55,10.28,P016,EQ039
2025-09-19 17:00:00,15514.33,613.0,3.61,24.37,3.55,1248.84,1005.93,55.38,212.93,47.23,32.31,P001,EQ046
2025-09-19 17:10:00,13465.04,608.86,3.34,24.03,3.54,1257.32,1088.46,66.97,203.32,48.03,27.92,P021,EQ004
2025-09-19 17:20:00,15342.63,609.65,3.84,24.8,3.47,1256.67,1030.36,59.5,200.6,46.49,32.32,P008,EQ011
2025-09-19 17:30:00,15264.52,539.62,3.28,23.36,3.47,1255.98,992.32,58.34,223.46,45.98,23.49,P002,EQ018
2025-09-19 17:40:00,14243.24,574.14,3.41,25.18,3.6,1273.45,1033.34,65.73,186.15,55.35,34.86,P016,EQ025
2025-09-19 17:50:00,15791.3,536.91,3.16,26.16,3.34,1238.13,1067.86,55.72,202.53,53.07,25.11,P046,EQ032
2025-09-19 18:00:00,15969.3,609.13,3.64,25.37,3.54,1272.14,1037.72,68.04,202.63,52.63,23.65,P012,EQ039
2025-09-19 18:10:00,12579.34,594.41,3.63,25.03,3.46,1225.88,996.71,56.74,182.52,52.75,12.04,P035,EQ046
2025-09-19 18:20:00,15416.25,615.39,3.58,25.64,3.4,1223.99,1016.33,61.91,209.94,49.64,10.6,P014,EQ004
2025-09-19 18:30:00,14879.6,557.29,3.17,24.16,3.34,1237.38,1042.15,66.05,210.28,44.89,24.71,P026,EQ011
2025-09-19 18:40:00,12830.07,582.31,3.49,26.71,3.57,1216.57,1089.37,54.99,212.23,48.63,29.22,P050,EQ018
2025-09-19 18:50:00,14158.91,618.44,3.62,26.64,3.04,1230.43,1051.57,65.8,203.47,41.31,33.49,P047,EQ025
2025-09-19 19:00:00,15477.73,618.69,3.37,25.16,3.11,1249.77,1065.88,62.67,212.59,52.18,11.0,P033,EQ032
2025-09-19 19:10:00,14216.75,584.63,3.61,25.53,3.63,1286.76,1058.73,59.71,155.13,55.04,19.29,P035,EQ039
2025-09-19 19:20:00,15288.58,636.04,3.16,23.56,3.65,1258.75,1123.47,69.57,182.39,50.37,23.87,P044,EQ046
2025-09-19 19:30:00,15509.69,580.3,3.41,23.73,3.1,1233.2,1077.89,59.26,234.86,53.77,33.71,P041,EQ004
2025-09-19 19:40:00,14425.77,576.58,3.31,24.61,3.22,1263.87,1068.25,66.4,195.6,65.06,34.3,P048,EQ011
2025-09-19 19:50:00,14207.25,591.18,3.67,23.98,3.71,1221.59,1061.19,58.24,199.0,47.7,10.53,P029,EQ018
2025-09-19 20:00:00,13419.3,598.62,3.3,23.67,3.52,1230.74,1002.11,55.28,196.82,56.59,23.35,P001,EQ025
2025-09-19 20:10:00,17633.57,627.2,3.82,23.74,3.63,1278.98,1025.37,61.72,184.08,47.42,13.79,P021,EQ032
2025-09-19 20:20:00,13874.9,607.6,3.32,24.46,3.48,1229.95,1037.63,53.74,186.11,45.74,13.94,P045,EQ039
2025-09-19 20:30:00,14146.5,623.29,3.58,25.83,3.53,1246.9,1062.45,56.0,144.38,43.36,18.45,P025,EQ046
2025-09-19 20:40:00,16201.8,614.34,3.72,26.29,3.39,1240.7,1033.69,58.52,202.1,43.27,17.06,P028,EQ004
2025-09-19 20:50:00,14754.04,604.44,3.48,23.93,3.29,1268.83,1096.36,67.32,218.19,47.69,27.73,P014,EQ011
2025-09-19 21:00:00,14740.78,643.84,3.17,24.93,3.39,1271.62,1106.65,54.71,207.66,43.41,31.67,P047,EQ018
2025-09-19 21:10:00,16165.96,601.58,3.47,27.3,3.26,1269.9,984.75,59.5,219.54,57.13,15.92,P047,EQ025
2025-09-19 21:20:00,15428.1,630.54,3.61,26.3,3.79,1284.98,981.6,57.39,196.9,49.5,20.44,P013,EQ032
2025-09-19 21:30:00,15926.89,629.28,3.4,25.17,3.55,1255.91,1063.95,63.26,202.18,48.65,11.39,P013,EQ039
2025-09-19 21:40:00,13623.34,561.66,3.56,25.47,3.85,1274.12,1060.39,65.27,213.77,54.39,25.12,P030,EQ046
2025-09-19 21:50:00,13597.83,583.88,3.55,24.05,3.79,1256.12,1041.95,61.6,168.33,58.33,17.5,P002,EQ004
2025-09-19 22:00:00,16065.59,598.08,3.81,24.31,3.25,1222.95,1014.99,63.38,184.57,41.4,22.58,P033,EQ011
2025-09-19 22:10:00,13747.65,573.14,3.78,24.3,3.58,1255.36,1041.07,55.57,211.93,53.83,32.5,P049,EQ018
2025-09-19 22:20:00,14260.75,678.53,3.44,23.72,3.61,1294.77,1068.44,66.53,190.15,50.36,29.22,P028,EQ025
2025-09-19 22:30:00,13350.44,570.06,3.77,24.58,3.72,1244.28,1093.49,68.6,218.84,55.28,22.18,P033,EQ032
2025-09-19 22:40:00,14269.89,557.3,3.45,24.24,3.12,1249.37,968.53,53.47,206.3,48.23,28.0,P039,EQ039
2025-09-19 22:50:00,14337.46,583.05,3.63,26.39,3.6,1273.72,1065.57,67.34,207.65,51.2,23.96,P003,EQ046
2025-09-19 23:00:00,15915.95,659.02,3.16,26.08,3.52,1269.33,1078.35,53.66,196.09,47.58,24.91,P003,EQ004
2025-09-19 23:10:00,15859.56,626.2,3.85,24.84,3.75,1269.04,1084.43,55.88,207.48,52.54,34.48,P046,EQ011
2025-09-19 23:20:00,16566.72,597.12,3.53,25.93,3.37,1269.92,1068.18,56.38,198.82,49.57,12.94,P045,EQ018
2025-09-19 23:30:00,14793.61,639.53,3.44,24.65,3.38,1255.0,1092.86,63.08,210.9,57.11,25.38,P035,EQ025
2025-09-19 23:40:00,17369.27,654.42,3.47,23.71,3.23,1230.19,1027.65,69.22,185.21,41.79,30.98,P045,EQ032
2025-09-19 23:50:00,14894.88,583.46,3.53,24.82,3.8,1244.52,1062.37,51.7,198.26,58.31,25.73,P019,EQ039
2025-09-20 00:00:00,14508.88,665.77,3.78,25.36,3.39,1226.85,1049.42,58.26,222.8,41.36,31.64,P006,EQ046
2025-09-20 00:10:00,14495.2,551.55,3.95,23.45,3.35,1236.16,1023.07,55.68,213.52,54.73,12.3,P044,EQ004
2025-09-20 00:20:00,16312.51,591.51,3.07,25.32,3.13,1260.12,1077.53,56.78,174.08,57.42,31.4,P010,EQ011
2025-09-20 00:30:00,14676.33,603.7,3.44,24.73,3.57,1235.25,1061.23,56.44,195.44,48.15,30.27,P025,EQ018
2025-09-20 00:40:00,15523.25,611.19,3.3,24.81,3.32,1281.44,1068.56,63.11,212.59,37.55,12.51,P022,EQ025
2025-09-20 00:50:00,15938.37,633.96,3.27,24.67,3.24,1231.09,1048.31,57.84,215.7,52.6,23.43,P036,EQ032
2025-09-20 01:00:00,13117.73,561.57,3.27,24.56,3.5,1284.07,1006.31,52.32,203.62,49.56,18.46,P004,EQ039
2025-09-20 01:10:00,16831.32,564.72,3.68,24.77,3.59,1252.19,1043.2,54.77,201.21,48.01,18.57,P026,EQ046
2025-09-20 01:20:00,15326.42,591.67,3.5,23.91,3.5,1219.43,1074.6,57.91,190.58,54.95,16.02,P043,EQ004
2025-09-20 01:30:00,14346.9,602.27,3.77,24.55,3.55,1249.66,1105.85,50.69,181.14,44.58,12.98,P039,EQ011
2025-09-20 01:40:00,14513.6,550.7,3.57,25.6,3.12,1239.14,1093.27,60.84,210.87,50.32,26.4,P003,EQ018
2025-09-20 01:50:00,14182.98,575.31,3.45,26.12,3.74,1254.99,1062.31,61.4,194.64,43.94,17.38,P030,EQ025
2025-09-20 02:00:00,15028.79,617.21,3.48,24.66,3.34,1271.26,1076.66,66.42,215.67,56.09,29.97,P044,EQ032
2025-09-20 02:10:00,12626.15,583.36,3.52,26.34,3.56,1288.1,1050.18,59.77,188.95,46.12,34.69,P010,EQ039
2025-09-20 02:20:00,15444.5,647.0,3.7,25.76,3.85,1251.42,1018.86,63.54,209.03,48.27,10.45,P015,EQ046
2025-09-20 02:30:00,14303.84,559.67,3.59,24.17,3.56,1231.95,1031.34,65.21,174.14,53.76,25.02,P031,EQ004
2025-09-20 02:40:00,15765.11,591.12,3.46,25.45,3.46,1249.64,1061.63,53.5,215.11,42.27,26.95,P031,EQ011
2025-09-20 02:50:00,14257.09,622.34,3.5,26.93,3.57,1254.42,1034.02,60.11,216.6,55.73,21.94,P018,EQ018
2025-09-20 03:00:00,15239.48,622.03,3.16,25.44,3.0,1266.54,1058.35,62.91,226.16,42.45,19.08,P018,EQ025
2025-09-20 03:10:00,13587.99,581.7,3.36,25.17,3.68,1262.31,1054.23,59.51,188.03,45.83,17.41,P047,EQ032
2025-09-20 03:20:00,15243.72,588.39,3.35,25.18,3.44,1259.92,1047.99,58.69,179.25,51.52,27.46,P004,EQ039
2025-09-20 03:30:00,13231.75,594.55,3.17,24.15,3.68,1267.2,1036.0,59.99,210.59,50.64,31.59,P044,EQ046
2025-09-20 03:40:00,17198.73,609.0,3.55,22.11,3.15,1244.02,1039.47,64.83,228.29,40.64,32.29,P050,EQ004
2025-09-20 03:50:00,14845.25,606.54,3.5,26.44,3.66,1246.32,1069.04,50.77,235.44,41.66,13.44,P041,EQ011
2025-09-20 04:00:00,16288.61,594.44,3.24,24.64,3.36,1270.35,1039.25,59.07,220.43,55.45,32.39,P006,EQ018
2025-09-20 04:10:00,14430.97,607.27,3.73,24.12,3.74,1236.33,1062.02,58.47,182.9,43.18,21.09,P005,EQ025
2025-09-20 04:20:00,16557.97,625.04,3.34,25.55,3.51,1259.02,1021.2,64.43,209.92,57.51,17.23,P048,EQ032
2025-09-20 04:30:00,15463.24,534.01,3.28,25.29,3.4,1269.69,1035.41,67.98,199.25,54.13,11.84,P040,EQ039
2025-09-20 04:40:00,16820.65,576.02,3.35,23.4,3.51,1243.32,975.34,60.81,231.63,51.01,24.31,P047,EQ046
2025-09-20 04:50:00,14715.26,626.7,3.51,23.18,3.23,1245.25,1055.81,56.75,202.28,50.93,16.1,P018,EQ004
2025-09-20 05:00:00,15385.72,550.0,3.7,25.04,3.53,1241.28,1054.47,53.25,209.71,45.59,20.53,P032,EQ011
2025-09-20 05:10:00,15609.88,564.77,3.71,24.11,3.01,1241.97,1038.3,63.58,218.77,59.11,30.1,P027,EQ018
2025-09-20 05:20:00,16397.26,627.52,3.4,24.51,3.89,1248.7,1032.98,68.0,227.7,41.9,13.31,P027,EQ025
2025-09-20 05:30:00,14493.04,551.67,3.7,26.15,3.5,1251.51,1057.14,57.8,199.85,43.18,14.5,P021,EQ032
2025-09-20 05:40:00,14196.72,571.07,3.22,22.96,3.8,1236.26,1029.16,67.56,214.8,47.65,27.58,P037,EQ039
2025-09-20 05:50:00,15468.75,544.79,3.68,25.0,3.62,1256.12,1008.21,63.26,192.73,48.63,19.4,P001,EQ046
2025-09-20 06:00:00,15321.18,652.55,3.37,23.94,3.52,1267.46,1080.55,57.34,205.75,50.11,19.08,P001,EQ004
2025-09-20 06:10:00,14508.22,586.94,3.51,25.56,3.68,1262.04,1044.43,53.49,199.56,55.76,13.45,P025,EQ011
2025-09-20 06:20:00,13583.45,608.68,3.36,25.02,3.4,1261.29,1068.88,60.08,175.49,50.34,11.84,P035,EQ018
2025-09-20 06:30:00,16147.2,621.63,3.1,25.58,3.49,1250.13,1036.3,64.09,191.73,46.98,17.53,P009,EQ025
2025-09-20 06:40:00,14404.48,606.91,3.32,24.94,3.78,1274.71,1065.75,60.89,194.97,45.37,19.35,P036,EQ032
2025-09-20 06:50:00,15460.96,573.49,3.5,27.12,3.59,1266.15,1084.59,64.5,201.08,57.39,32.68,P001,EQ039
2025-09-20 07:00:00,14736.64,573.16,3.63,26.04,3.64,1248.45,1029.81,65.43,209.32,45.32,15.4,P025,EQ046
2025-09-20 07:10:00,16811.52,588.17,3.4,24.49,3.35,1256.5,1053.49,70.46,162.25,47.89,22.92,P004,EQ004
2025-09-20 07:20:00,14034.99,620.54,3.71,23.01,3.74,1261.7,1088.63,61.49,197.27,53.81,18.27,P004,EQ011
2025-09-20 07:30:00,15511.27,549.89,3.61,26.02,3.6,1247.06,1067.07,53.98,205.06,54.3,19.83,P003,EQ018
2025-09-20 07:40:00,14053.93,571.45,3.54,25.12,3.64,1222.06,1089.53,67.68,174.36,48.66,19.91,P016,EQ025
2025-09-20 07:50:00,15471.59,575.96,3.15,26.48,3.73,1280.29,1018.74,53.25,199.66,50.1,20.85,P001,EQ032
2025-09-20 08:00:00,14213.04,637.91,3.43,25.11,3.47,1230.04,987.18,67.81,194.06,49.73,19.27,P009,EQ039
2025-09-20 08:10:00,14281.47,586.59,3.53,24.78,3.56,1232.61,1093.36,55.28,213.79,42.65,28.27,P042,EQ046
2025-09-20 08:20:00,17065.43,612.55,3.4,26.65,3.64,1239.74,1100.59,68.52,188.51,53.65,12.19,P041,EQ004
2025-09-20 08:30:00,16055.21,561.45,3.72,24.61,3.61,1268.0,1024.39,53.96,200.85,44.86,20.72,P001,EQ011
2025-09-20 08:40:00,14033.03,508.99,3.3,24.96,3.39,1281.52,996.53,58.54,201.72,48.33,25.6,P038,EQ018
2025-09-20 08:50:00,15350.63,617.8,3.8,23.0,3.43,1227.4,1023.46,62.89,193.16,56.78,13.02,P014,EQ025
2025-09-20 09:00:00,16248.77,616.12,3.23,26.71,3.36,1260.05,1024.49,50.62,207.52,45.54,24.67,P038,EQ032
2025-09-20 09:10:00,15163.86,645.42,3.38,24.64,3.77,1252.06,1073.0,56.6,197.94,56.36,12.96,P011,EQ039
2025-09-20 09:20:00,14349.04,621.98,3.51,24.71,3.41,1227.06,1099.4,66.72,193.54,52.48,11.47,P048,EQ046
2025-09-20 09:30:00,16795.24,603.49,3.74,24.53,3.52,1267.81,1035.63,55.66,198.43,63.05,15.93,P002,EQ004
2025-09-20 09:40:00,17352.24,623.48,3.51,25.48,3.57,1271.22,1032.71,64.63,220.05,53.59,13.58,P009,EQ011
2025-09-20 09:50:00,14292.84,516.0,3.32,24.86,3.51,1259.59,1033.0,58.87,236.74,46.8,10.58,P017,EQ018
2025-09-20 10:00:00,14520.49,650.27,3.41,27.13,3.59,1227.82,1073.36,63.19,191.65,55.44,18.47,P045,EQ025
2025-09-20 10:10:00,12291.98,620.33,3.54,24.05,3.64,1234.17,1061.96,59.52,204.15,53.27,15.0,P030,EQ032
2025-09-20 10:20:00,13726.13,586.43,3.47,25.0,3.38,1239.8,1100.7,55.8,203.81,46.92,28.92,P037,EQ039
2025-09-20 10:30:00,15271.57,579.52,3.38,24.82,3.32,1235.94,1006.75,60.8,217.64,51.55,21.69,P039,EQ046
2025-09-20 10:40:00,13810.62,584.62,3.43,24.93,3.33,1251.91,1037.02,63.97,201.9,43.04,19.17,P008,EQ004
2025-09-20 10:50:00,14557.92,606.48,3.49,23.38,3.51,1281.23,1077.75,61.6,195.98,51.96,24.36,P012,EQ011
2025-09-20 11:00:00,14132.01,565.16,3.73,24.33,3.27,1233.72,1010.47,56.47,212.85,57.51,34.23,P003,EQ018
2025-09-20 11:10:00,16914.16,622.1,3.22,23.91,3.6,1263.1,1051.8,60.19,190.06,57.7,11.24,P046,EQ025
2025-09-20 11:20:00,13705.64,575.36,3.46,23.66,3.52,1263.02,1055.73,58.69,192.1,54.37,23.34,P003,EQ032
2025-09-20 11:30:00,15346.94,575.21,3.08,24.42,3.66,1279.81,1073.98,53.81,179.69,44.45,13.33,P030,EQ039
2025-09-20 11:40:00,13653.97,595.71,3.53,26.81,3.51,1239.35,992.59,49.69,188.14,45.85,18.72,P032,EQ046
2025-09-20 11:50:00,16676.92,576.84,3.82,24.4,3.64,1225.33,1024.83,63.65,216.85,45.59,33.36,P043,EQ004
2025-09-20 12:00:00,15626.69,622.27,3.72,24.78,3.24,1238.43,1066.3,54.7,193.1,52.25,18.04,P018,EQ011
2025-09-20 12:10:00,15010.41,639.34,3.75,26.83,3.34,1270.46,1040.42,61.23,174.3,47.01,34.54,P038,EQ018
2025-09-20 12:20:00,14329.24,597.43,3.46,23.54,3.44,1238.73,1052.98,62.65,210.56,50.66,33.8,P003,EQ025
2025-09-20 12:30:00,13587.69,617.55,3.75,24.45,3.27,1262.61,1033.05,60.34,203.9,39.29,17.98,P048,EQ032
2025-09-20 12:40:00,14347.93,547.93,3.22,25.19,3.45,1240.77,1014.53,54.19,215.57,49.78,23.92,P039,EQ039
2025-09-20 12:50:00,14989.97,563.79,3.69,25.33,3.57,1235.4,1044.24,60.5,177.29,43.84,17.04,P019,EQ046
2025-09-20 13:00:00,13763.1,638.92,3.48,27.17,3.74,1244.79,1054.13,62.85,187.9,53.9,33.14,P015,EQ004
2025-09-20 13:10:00,15843.89,628.65,3.45,26.36,3.41,1256.64,975.61,60.96,203.67,40.18,22.84,P008,EQ011
2025-09-20 13:20:00,13071.28,589.19,3.49,24.45,3.63,1246.06,1066.08,53.35,154.29,55.83,23.94,P041,EQ018
2025-09-20 13:30:00,13173.69,552.93,3.22,24.56,3.72,1255.23,1067.14,70.99,216.01,50.88,24.03,P046,EQ025
2025-09-20 13:40:00,14661.37,623.45,3.75,23.58,3.54,1239.66,1002.3,56.81,215.63,46.25,23.7,P025,EQ032
2025-09-20 13:50:00,14388.25,647.25,3.61,26.55,3.83,1258.86,1064.21,63.47,171.45,49.95,18.7,P023,EQ039
2025-09-20 14:00:00,15290.36,629.79,3.53,25.61,3.35,1276.27,1105.97,62.09,202.68,53.64,23.23,P019,EQ046
2025-09-20 14:10:00,14871.74,580.92,3.58,26.0,3.57,1220.63,1033.52,60.42,224.3,52.98,32.16,P019,EQ004
2025-09-20 14:20:00,14191.4,565.21,3.32,26.44,3.99,1249.75,1077.22,56.9,186.61,47.62,29.05,P026,EQ011
2025-09-20 14:30:00,13560.08,562.64,3.33,24.83,3.32,1255.94,1060.49,62.79,187.91,51.7,34.51,P011,EQ018
2025-09-20 14:40:00,15696.17,554.44,3.3,24.64,3.84,1222.96,1051.02,56.45,195.77,47.24,31.67,P039,EQ025
2025-09-20 14:50:00,13487.33,625.98,3.47,24.49,3.33,1249.88,1010.02,60.06,200.5,41.69,29.86,P024,EQ032
2025-09-20 15:00:00,15181.14,605.76,3.15,25.17,3.4,1219.06,1032.62,61.18,266.09,50.54,13.74,P032,EQ039
2025-09-20 15:10:00,15312.2,656.15,3.34,25.72,3.07,1226.48,1052.76,62.72,201.78,51.64,25.41,P004,EQ046
2025-09-20 15:20:00,15653.48,543.68,3.8,26.0,3.45,1237.2,1054.52,64.59,196.92,56.01,17.87,P027,EQ004
2025-09-20 15:30:00,13038.62,540.78,3.41,24.81,3.49,1258.15,1008.33,60.72,185.57,54.05,19.5,P016,EQ011
2025-09-20 15:40:00,13091.14,630.34,3.14,26.44,3.51,1263.21,1087.03,69.94,195.37,52.3,34.24,P027,EQ018
2025-09-20 15:50:00,13438.56,554.3,3.32,24.36,3.48,1263.07,1055.28,51.09,197.63,56.55,12.56,P027,EQ025
2025-09-20 16:00:00,14819.7,596.07,3.62,23.82,4.15,1253.09,1039.62,54.74,173.1,41.51,31.01,P020,EQ032
2025-09-20 16:10:00,15904.28,579.13,3.22,24.57,3.82,1234.93,1069.69,64.83,214.01,46.01,23.54,P002,EQ039
2025-09-20 16:20:00,15603.58,585.0,3.72,26.71,3.25,1247.06,1035.88,68.21,182.87,50.56,21.19,P019,EQ046
2025-09-20 16:30:00,14442.96,553.86,3.28,24.5,3.59,1259.9,1049.86,62.97,190.49,47.03,21.22,P041,EQ004
2025-09-20 16:40:00,14979.68,605.18,3.47,26.35,3.62,1264.3,1097.31,64.42,172.32,37.41,13.86,P027,EQ011
2025-09-20 16:50:00,12542.83,581.36,3.55,23.42,3.35,1237.13,1100.64,58.85,204.14,52.65,32.54,P026,EQ018
2025-09-20 17:00:00,14250.12,559.36,3.9,23.23,3.67,1246.34,1081.98,61.32,218.77,42.09,10.4,P013,EQ025
2025-09-20 17:10:00,15433.17,600.89,3.51,23.47,3.56,1256.24,1043.4,51.8,216.87,47.15,18.83,P005,EQ032
2025-09-20 17:20:00,15543.8,594.48,3.45,24.46,3.12,1257.05,1129.37,62.79,194.57,50.88,19.15,P024,EQ039
2025-09-20 17:30:00,13640.6,579.62,3.47,25.08,3.47,1257.65,1009.92,64.52,190.93,47.67,10.68,P024,EQ046
2025-09-20 17:40:00,16214.84,618.89,3.08,24.22,3.37,1264.51,1036.45,60.05,194.48,46.26,33.87,P044,EQ004
2025-09-20 17:50:00,16157.79,633.31,3.63,24.79,3.62,1235.78,1006.7,53.9,209.68,53.21,10.11,P029,EQ011
2025-09-20 18:00:00,14641.32,550.35,3.46,25.54,3.19,1227.41,1034.92,67.46,201.47,45.77,15.76,P047,EQ018
2025-09-20 18:10:00,15100.12,601.56,3.56,25.28,3.25,1250.91,1027.92,59.83,196.18,53.86,25.87,P006,EQ025
2025-09-20 18:20:00,13738.94,561.87,3.6,23.84,3.64,1229.18,1060.36,60.99,191.49,54.11,20.58,P007,EQ032
2025-09-20 18:30:00,15568.57,661.33,3.42,24.3,3.69,1216.93,1039.33,60.73,227.8,45.08,17.9,P004,EQ039
2025-09-20 18:40:00,13316.26,642.49,3.58,24.85,3.59,1247.26,1002.11,69.7,207.55,51.86,18.67,P029,EQ046
2025-09-20 18:50:00,14857.5,604.91,4.14,25.43,3.15,1248.89,1046.26,58.72,219.21,46.18,24.3,P024,EQ004
2025-09-20 19:00:00,14666.57,593.85,3.34,24.6,3.64,1250.18,1040.91,66.09,203.55,51.71,13.22,P017,EQ011
2025-09-20 19:10:00,15332.56,566.46,3.58,24.17,3.26,1267.18,1050.9,56.58,203.62,58.31,17.56,P014,EQ018
2025-09-20 19:20:00,16376.44,565.64,3.81,22.84,3.65,1257.98,1079.02,60.88,180.27,44.54,16.13,P021,EQ025
2025-09-20 19:30:00,16209.79,635.81,3.72,25.16,3.48,1221.9,1091.47,68.64,192.51,52.07,17.69,P037,EQ032
2025-09-20 19:40:00,14960.03,598.97,3.65,24.51,3.31,1233.53,1112.18,62.84,204.52,41.51,16.63,P046,EQ039
2025-09-20 19:50:00,16150.0,604.26,3.6,24.83,3.4,1236.94,1098.1,51.32,203.95,45.92,19.38,P017,EQ046
2025-09-20 20:00:00,16643.83,623.98,3.5,23.69,3.67,1235.21,1046.04,56.54,206.12,55.71,28.3,P024,EQ004
2025-09-20 20:10:00,14962.4,595.14,3.52,23.57,3.46,1235.08,1109.15,56.51,175.48,53.69,15.34,P044,EQ011
2025-09-20 20:20:00,13839.77,646.38,3.28,24.44,3.09,1287.71,1105.94,71.7,203.66,54.62,30.29,P045,EQ018
2025-09-20 20:30:00,14088.82,584.0,3.48,24.85,3.39,1255.46,1063.14,52.48,201.95,49.25,33.47,P030,EQ025
2025-09-20 20:40:00,12464.58,626.46,3.55,25.34,3.73,1242.11,1034.7,58.72,198.78,50.9,24.59,P021,EQ032
2025-09-20 20:50:00,17105.1,582.3,4.02,24.55,3.65,1242.02,1072.85,60.43,218.03,41.32,28.07,P008,EQ039
2025-09-20 21:00:00,14792.49,575.22,3.45,23.83,3.91,1285.87,1038.15,65.16,231.29,51.72,24.32,P048,EQ046
2025-09-20 21:10:00,15916.37,641.23,3.48,23.75,3.6,1187.55,1015.56,62.79,213.52,55.31,12.0,P042,EQ004
2025-09-20 21:20:00,15180.2,610.06,3.66,23.32,3.46,1269.97,1068.22,65.77,182.05,54.01,33.31,P041,EQ011
2025-09-20 21:30:00,13972.26,590.39,3.57,24.07,3.57,1258.84,1029.72,64.26,204.85,52.07,24.39,P026,EQ018
2025-09-20 21:40:00,15974.43,634.61,3.48,24.35,3.36,1235.77,1002.95,64.63,195.9,48.31,20.87,P048,EQ025
2025-09-20 21:50:00,15310.07,599.29,3.73,25.55,3.33,1222.48,1065.65,55.93,205.36,46.62,33.42,P046,EQ032
2025-09-20 22:00:00,15606.59,639.92,3.37,25.66,3.56,1270.26,1068.98,68.33,202.55,45.1,20.12,P014,EQ039
2025-09-20 22:10:00,15736.68,633.24,3.78,24.51,3.42,1248.57,1029.26,55.25,183.98,42.81,20.74,P025,EQ046
2025-09-20 22:20:00,13277.83,601.43,3.63,25.88,3.54,1253.22,995.64,60.74,180.91,42.2,32.13,P036,EQ004
2025-09-20 22:30:00,15118.67,574.17,3.46,26.24,3.36,1254.63,1049.04,62.29,209.72,51.18,15.88,P021,EQ011
2025-09-20 22:40:00,14806.85,614.92,3.56,24.33,3.62,1246.61,1045.31,61.56,196.92,47.21,27.84,P032,EQ018
2025-09-20 22:50:00,14315.95,617.96,3.55,25.16,3.63,1241.83,1032.0,57.73,238.41,56.66,16.6,P043,EQ025
2025-09-20 23:00:00,17085.82,645.04,3.61,24.93,3.63,1261.21,1077.06,59.7,209.69,56.63,23.99,P026,EQ032
2025-09-20 23:10:00,15113.59,639.51,3.27,24.51,3.68,1189.32,1022.85,52.05,199.03,58.22,23.67,P001,EQ039
2025-09-20 23:20:00,14736.02,609.05,3.46,25.13,3.11,1225.41,1018.39,50.16,209.48,47.62,19.36,P030,EQ046
2025-09-20 23:30:00,14549.08,603.97,3.45,24.21,3.53,1246.77,1046.54,56.46,199.87,53.21,11.23,P012,EQ004
2025-09-20 23:40:00,15465.63,583.54,3.51,24.42,3.39,1237.99,1067.5,67.65,208.66,53.51,34.26,P048,EQ011
2025-09-20 23:50:00,16523.6,620.97,3.77,24.56,3.45,1251.38,1026.89,56.54,170.93,45.86,27.35,P031,EQ018
2025-09-21 00:00:00,15191.78,608.7,3.44,25.35,3.91,1243.75,1053.55,65.03,187.1,49.49,30.03,P006,EQ025
2025-09-21 00:10:00,14079.38,608.56,3.02,25.74,3.37,1246.55,1072.99,58.01,242.43,50.39,23.55,P016,EQ032
2025-09-21 00:20:00,13654.63,593.01,3.59,25.41,3.54,1255.16,1076.2,69.41,223.37,48.78,31.39,P042,EQ039
2025-09-21 00:30:00,14543.07,584.99,3.42,24.2,3.59,1242.49,1019.77,60.9,220.06,49.6,12.51,P012,EQ046
2025-09-21 00:40:00,14203.99,594.81,3.29,22.77,3.56,1256.86,1074.46,57.55,194.69,48.4,14.1,P039,EQ004
2025-09-21 00:50:00,14421.98,613.74,3.43,25.13,3.29,1250.39,1070.28,52.18,214.23,51.74,19.0,P032,EQ011
2025-09-21 01:00:00,13487.23,613.12,3.47,24.54,3.42,1250.18,1084.5,59.48,212.71,48.67,16.05,P013,EQ018
2025-09-21 01:10:00,13970.22,576.82,3.45,25.18,3.43,1242.88,1073.13,58.25,211.05,43.45,31.26,P010,EQ025
2025-09-21 01:20:00,14960.09,560.93,3.48,25.02,3.34,1243.21,1069.19,55.3,203.33,50.54,27.26,P039,EQ032
2025-09-21 01:30:00,14565.19,634.04,3.33,25.48,3.37,1219.8,1051.93,69.17,190.7,56.03,27.47,P014,EQ039
2025-09-21 01:40:00,15167.93,565.12,3.53,25.44,3.53,1213.75,1061.79,60.26,207.09,49.5,29.65,P009,EQ046
2025-09-21 01:50:00,13013.16,601.11,3.59,25.26,3.5,1241.0,1031.83,66.04,195.35,56.8,15.26,P026,EQ004
2025-09-21 02:00:00,15403.38,617.66,3.49,23.71,3.76,1269.15,1036.57,61.56,202.31,55.76,17.23,P003,EQ011
2025-09-21 02:10:00,12920.91,618.96,3.26,26.47,3.76,1236.73,1055.65,57.49,201.55,56.5,14.65,P036,EQ018
2025-09-21 02:20:00,14959.74,535.44,4.05,24.35,4.13,1257.1,1060.97,53.36,196.6,52.59,33.04,P021,EQ025
2025-09-21 02:30:00,15446.59,620.55,3.44,24.35,3.52,1201.29,1067.2,69.5,212.09,47.8,16.0,P011,EQ032
2025-09-21 02:40:00,15337.58,606.54,3.64,24.44,3.84,1259.83,1035.39,50.31,203.77,49.67,30.39,P030,EQ039
2025-09-21 02:50:00,14553.32,556.99,3.19,25.95,3.42,1255.15,1076.0,59.03,206.77,51.11,19.4,P038,EQ046
2025-09-21 03:00:00,14824.14,580.99,3.57,25.77,3.3,1249.42,1043.41,60.18,191.91,46.19,26.32,P017,EQ004
2025-09-21 03:10:00,17040.93,587.31,3.61,23.05,3.43,1260.3,1049.94,57.93,218.34,46.49,14.13,P031,EQ011
2025-09-21 03:20:00,16133.53,573.48,3.57,23.11,3.72,1256.96,1043.22,53.39,186.71,53.25,32.96,P040,EQ018
2025-09-21 03:30:00,14689.3,576.82,3.73,25.38,3.64,1263.45,1028.8,57.92,208.81,39.93,33.33,P011,EQ025
2025-09-21 03:40:00,13927.49,645.71,3.53,24.84,3.67,1213.39,1071.04,52.1,184.94,51.25,15.6,P035,EQ032
2025-09-21 03:50:00,14679.42,624.38,3.4,24.48,3.32,1268.26,1078.09,54.72,230.83,60.75,31.69,P042,EQ039
2025-09-21 04:00:00,14069.21,656.19,3.07,24.7,3.58,1285.33,1055.44,65.14,219.39,51.95,13.52,P009,EQ046
2025-09-21 04:10:00,15784.69,621.68,3.5,22.8,3.36,1282.2,1097.25,61.96,232.26,53.4,15.96,P012,EQ004
2025-09-21 04:20:00,16691.42,610.9,3.57,23.78,3.35,1252.52,1018.71,46.11,191.01,51.88,10.54,P007,EQ011
2025-09-21 04:30:00,13740.33,643.89,3.59,25.93,3.87,1265.87,998.32,60.54,202.61,54.55,16.28,P001,EQ018
2025-09-21 04:40:00,15656.45,641.86,3.7,26.06,3.1,1266.2,1023.59,62.27,194.68,51.03,11.63,P040,EQ025
2025-09-21 04:50:00,14583.82,579.42,3.18,25.11,3.29,1243.62,1065.97,54.89,208.6,47.34,14.72,P049,EQ032
2025-09-21 05:00:00,13574.96,656.94,3.41,24.03,3.53,1241.14,1039.07,58.32,173.28,58.34,29.96,P034,EQ039
2025-09-21 05:10:00,13877.55,536.68,3.49,25.85,3.71,1247.25,1096.0,56.35,203.22,48.3,16.97,P009,EQ046
2025-09-21 05:20:00,15746.25,631.05,3.25,25.76,3.8,1237.37,1041.43,56.37,203.1,49.92,15.31,P020,EQ004
2025-09-21 05:30:00,16098.73,637.04,3.05,22.96,3.44,1260.02,1048.21,65.75,188.22,56.04,22.37,P005,EQ011
2025-09-21 05:40:00,14331.73,627.67,3.79,24.73,3.52,1259.03,997.57,59.46,194.15,53.64,25.12,P034,EQ018
2025-09-21 05:50:00,14113.61,603.26,3.32,25.58,3.54,1263.59,1045.03,62.23,193.93,50.3,13.73,P039,EQ025
2025-09-21 06:00:00,12978.09,631.08,3.44,26.06,3.38,1232.76,1048.72,57.02,208.29,52.45,10.23,P044,EQ032
2025-09-21 06:10:00,15903.8,579.79,3.49,22.58,3.56,1240.11,1088.65,57.86,183.1,47.06,22.08,P021,EQ039
2025-09-21 06:20:00,15199.06,604.86,3.41,26.11,3.92,1264.33,1004.21,55.23,201.54,49.71,31.55,P022,EQ046
2025-09-21 06:30:00,15025.85,612.57,3.92,24.47,3.3,1220.23,1062.09,70.61,173.47,50.06,31.07,P045,EQ004
2025-09-21 06:40:00,14429.36,637.91,3.46,26.23,3.45,1242.54,1007.98,61.64,214.22,59.14,18.55,P025,EQ011
2025-09-21 06:50:00,14662.19,599.28,3.68,23.64,3.3,1217.54,1047.51,67.89,191.4,43.9,11.44,P029,EQ018
2025-09-21 07:00:00,13782.72,608.91,3.15,24.86,3.62,1255.62,1049.97,66.86,223.87,48.62,18.09,P037,EQ025
2025-09-21 07:10:00,14242.79,591.46,3.22,26.44,3.47,1217.05,1040.44,60.93,190.96,53.4,27.24,P040,EQ032
2025-09-21 07:20:00,16601.2,583.18,3.6,22.82,3.41,1217.24,1039.39,58.39,196.42,53.7,11.74,P036,EQ039
2025-09-21 07:30:00,14393.91,603.55,3.74,24.07,3.45,1234.79,1044.03,70.3,197.53,53.79,33.98,P008,EQ046
2025-09-21 07:40:00,14093.97,616.77,3.52,24.47,3.45,1269.5,1023.05,60.51,180.45,49.63,10.74,P046,EQ004
2025-09-21 07:50:00,16755.37,652.74,3.62,22.95,3.73,1247.17,1016.05,59.48,207.1,52.53,30.81,P019,EQ011
2025-09-21 08:00:00,15168.92,588.11,3.42,25.55,3.5,1212.14,1056.7,55.35,195.87,38.24,34.62,P014,EQ018
2025-09-21 08:10:00,14357.54,602.64,3.38,24.81,3.54,1239.36,1034.63,45.42,191.88,47.61,26.84,P012,EQ025
2025-09-21 08:20:00,15114.56,656.17,3.42,24.53,3.25,1274.03,1064.48,59.91,193.39,43.05,29.34,P028,EQ032
2025-09-21 08:30:00,16501.37,597.09,3.47,24.97,3.17,1256.46,1025.52,60.43,205.84,51.94,34.82,P047,EQ039
2025-09-21 08:40:00,15034.16,593.26,3.47,23.47,3.45,1281.63,1042.59,59.13,171.64,57.32,29.48,P009,EQ046
2025-09-21 08:50:00,16202.4,615.94,3.55,26.4,3.61,1239.7,1053.08,61.67,203.85,45.13,22.32,P030,EQ004
2025-09-21 09:00:00,14976.9,602.71,3.35,25.65,3.61,1299.68,1015.66,56.18,205.55,50.17,21.67,P014,EQ011
2025-09-21 09:10:00,15598.43,577.22,3.43,22.99,3.55,1281.05,1072.66,56.76,198.75,46.0,33.48,P027,EQ018
2025-09-21 09:20:00,17123.15,558.85,3.52,23.68,3.47,1218.28,1109.65,58.61,217.62,40.69,32.17,P033,EQ025
2025-09-21 09:30:00,13976.81,616.92,3.36,24.8,3.38,1237.77,1020.74,53.84,204.05,49.16,27.5,P003,EQ032
2025-09-21 09:40:00,14937.47,586.26,3.22,26.0,3.82,1243.34,1046.35,56.8,177.07,48.9,33.87,P026,EQ039
2025-09-21 09:50:00,15542.74,606.82,3.67,25.84,3.67,1256.62,1060.8,59.7,175.93,45.07,33.21,P047,EQ046
2025-09-21 10:00:00,14167.45,618.2,3.41,25.32,3.57,1254.9,1070.32,45.62,231.79,45.16,21.95,P029,EQ004
2025-09-21 10:10:00,16590.37,620.06,3.41,25.29,3.48,1256.12,1059.63,66.08,190.83,54.68,10.09,P036,EQ011
2025-09-21 10:20:00,15459.31,598.24,3.37,26.29,3.76,1268.94,1052.25,55.19,225.39,46.74,19.04,P016,EQ018
2025-09-21 10:30:00,17583.8,566.94,3.32,24.78,3.69,1246.29,1092.18,62.15,219.0,50.95,19.46,P003,EQ025
2025-09-21 10:40:00,13772.44,605.86,3.13,24.93,3.29,1248.57,1076.18,75.51,218.17,46.74,18.38,P021,EQ032
2025-09-21 10:50:00,13514.82,600.28,3.61,25.66,3.48,1247.49,1093.2,60.89,187.9,48.66,14.24,P033,EQ039
2025-09-21 11:00:00,14898.23,596.18,3.68,23.63,3.42,1246.02,1068.99,65.46,211.32,51.28,29.9,P009,EQ046
2025-09-21 11:10:00,14687.11,596.15,3.55,24.5,3.58,1209.63,1051.97,58.61,204.43,47.09,25.75,P006,EQ004
2025-09-21 11:20:00,13366.76,637.64,3.4,24.74,3.7,1225.72,1042.5,63.77,200.14,50.21,28.2,P003,EQ011
2025-09-21 11:30:00,14626.43,621.47,3.48,25.81,3.51,1208.18,1068.47,64.39,183.44,44.4,26.01,P046,EQ018
2025-09-21 11:40:00,15461.25,566.01,3.61,26.23,3.55,1260.21,1079.45,70.16,207.6,49.4,17.44,P004,EQ025
2025-09-21 11:50:00,14743.97,578.36,3.55,24.55,3.49,1258.36,1045.33,61.02,207.99,54.93,13.31,P032,EQ032
2025-09-21 12:00:00,14715.49,619.04,3.86,23.65,3.5,1262.0,1123.46,61.38,182.59,54.16,16.76,P044,EQ039
2025-09-21 12:10:00,15594.52,601.45,3.7,25.83,3.84,1249.51,1027.33,65.29,200.6,55.77,26.2,P028,EQ046
2025-09-21 12:20:00,15264.62,579.23,3.7,26.22,3.6,1239.13,1086.89,61.47,194.99,45.31,21.83,P049,EQ004
2025-09-21 12:30:00,14780.58,607.13,3.79,26.7,3.35,1266.65,1098.66,52.78,207.56,49.88,19.17,P011,EQ011
2025-09-21 12:40:00,15626.73,633.22,3.37,22.4,3.48,1240.57,1053.76,61.05,188.75,50.52,20.7,P027,EQ018
2025-09-21 12:50:00,16574.28,562.64,3.45,24.83,3.54,1254.19,1111.71,66.29,192.99,45.28,13.44,P037,EQ025
2025-09-21 13:00:00,14597.59,570.01,3.61,24.32,3.4,1223.65,1018.55,56.8,161.28,51.0,33.15,P028,EQ032
2025-09-21 13:10:00,14136.45,609.82,3.47,25.46,3.32,1232.89,1068.04,61.44,215.77,53.66,30.76,P001,EQ039
2025-09-21 13:20:00,16638.57,607.53,3.74,25.84,3.8,1240.98,1028.54,71.4,222.52,35.9,31.07,P016,EQ046
2025-09-21 13:30:00,13191.02,627.68,3.83,25.23,3.6,1234.08,1076.24,65.66,212.26,54.59,27.66,P013,EQ004
2025-09-21 13:40:00,13628.91,648.44,3.39,23.76,3.54,1239.86,1019.6,55.82,201.13,50.95,30.12,P043,EQ011
2025-09-21 13:50:00,14513.86,634.24,3.77,22.41,3.87,1278.67,1043.17,57.27,202.07,54.13,34.55,P041,EQ018
2025-09-21 14:00:00,13828.32,637.16,3.57,25.5,3.65,1255.76,1043.82,63.01,198.19,50.87,31.17,P026,EQ025
2025-09-21 14:10:00,14447.82,601.55,3.46,24.86,3.78,1237.33,1011.33,62.45,199.68,56.14,32.08,P017,EQ032
2025-09-21 14:20:00,13188.5,641.87,3.68,26.54,3.7,1233.68,1054.84,57.73,187.49,45.32,33.65,P047,EQ039
2025-09-21 14:30:00,14797.26,584.1,3.65,23.54,3.66,1256.7,1057.03,61.81,203.3,53.06,11.77,P037,EQ046
2025-09-21 14:40:00,13835.01,546.71,3.41,24.51,3.27,1257.62,1015.39,57.0,211.71,55.81,21.2,P021,EQ004
2025-09-21 14:50:00,13757.58,579.76,3.86,24.24,3.67,1246.62,1060.76,64.34,216.0,56.24,24.88,P042,EQ011
2025-09-21 15:00:00,15401.42,584.59,3.64,24.02,3.33,1278.4,1006.75,55.33,189.36,44.46,24.65,P007,EQ018
2025-09-21 15:10:00,14971.35,637.95,3.38,25.22,3.35,1215.9,1073.08,57.55,218.53,39.49,23.07,P014,EQ025
2025-09-21 15:20:00,15321.08,553.74,3.56,24.98,3.07,1251.97,1076.44,58.5,233.81,47.15,34.52,P045,EQ032
2025-09-21 15:30:00,14763.41,616.4,3.35,24.92,3.64,1260.17,1024.55,66.91,157.03,47.92,29.25,P044,EQ039
2025-09-21 15:40:00,15332.21,637.45,3.4,26.64,3.81,1236.18,999.12,67.81,224.87,59.91,22.11,P037,EQ046
2025-09-21 15:50:00,15245.45,512.97,3.53,25.01,3.1,1241.88,1111.89,61.22,182.63,47.86,30.97,P046,EQ004
2025-09-21 16:00:00,14553.51,594.49,3.67,23.25,3.75,1240.03,1039.46,63.12,222.96,48.57,16.94,P039,EQ011
2025-09-21 16:10:00,13805.24,576.58,3.27,25.66,3.54,1249.29,1076.1,64.55,209.74,57.2,29.74,P017,EQ018
2025-09-21 16:20:00,14910.3,648.3,3.41,23.39,3.76,1314.79,1099.48,63.89,210.12,49.25,24.97,P046,EQ025
2025-09-21 16:30:00,13484.61,598.09,3.24,24.49,3.67,1246.45,1040.09,51.76,221.03,55.34,22.65,P003,EQ032
2025-09-21 16:40:00,16180.54,534.8,3.84,24.33,3.47,1271.98,1022.08,51.33,210.32,50.03,24.73,P040,EQ039
2025-09-21 16:50:00,15295.08,566.16,3.33,23.96,3.55,1302.65,1053.35,57.56,221.52,54.03,32.22,P021,EQ046
2025-09-21 17:00:00,15000.19,646.87,3.53,25.03,3.22,1246.72,1065.47,65.83,204.88,48.73,10.36,P019,EQ004
2025-09-21 17:10:00,14644.87,600.49,3.47,23.37,3.6,1245.62,1067.26,58.28,218.79,53.27,24.93,P043,EQ011
2025-09-21 17:20:00,13123.04,620.08,3.68,25.09,3.71,1279.53,1025.97,56.62,197.81,47.58,15.19,P027,EQ018
2025-09-21 17:30:00,14458.16,579.95,3.58,25.1,3.26,1241.73,1000.47,66.1,177.4,51.76,29.38,P028,EQ025
2025-09-21 17:40:00,14537.9,586.88,3.92,25.47,3.28,1230.31,1055.16,59.78,232.46,58.71,17.41,P009,EQ032
2025-09-21 17:50:00,13781.62,604.0,3.26,24.79,3.47,1276.63,988.34,60.65,195.73,54.04,13.29,P015,EQ039
2025-09-21 18:00:00,15241.73,595.19,3.44,25.09,3.47,1263.97,1077.86,62.53,167.38,48.82,34.38,P017,EQ046
2025-09-21 18:10:00,13682.75,686.94,3.02,25.45,3.5,1224.13,1060.8,65.05,225.76,52.98,32.33,P007,EQ004
2025-09-21 18:20:00,14567.87,564.45,3.47,26.02,3.52,1291.92,1047.2,64.14,181.14,57.49,13.27,P011,EQ011
2025-09-21 18:30:00,14020.84,553.87,3.63,25.08,3.35,1254.71,1054.76,53.05,176.25,51.37,27.97,P038,EQ018
2025-09-21 18:40:00,16786.49,602.41,3.33,23.77,3.9,1238.26,1125.4,56.46,220.77,45.78,27.6,P035,EQ025
2025-09-21 18:50:00,14578.63,671.96,3.58,23.92,3.37,1224.72,1069.2,60.82,190.68,54.07,30.14,P005,EQ032
2025-09-21 19:00:00,15374.1,621.15,3.73,23.88,3.41,1254.04,1000.39,56.6,171.92,49.9,26.51,P007,EQ039
2025-09-21 19:10:00,14487.95,612.15,3.52,26.91,3.13,1226.83,1036.05,71.46,199.65,54.04,18.24,P019,EQ046
2025-09-21 19:20:00,13720.75,620.39,3.57,24.44,3.52,1208.08,1054.48,58.94,184.28,57.08,24.06,P022,EQ004
2025-09-21 19:30:00,15863.57,595.58,3.42,24.22,3.8,1262.43,1014.06,54.04,167.97,49.07,15.7,P002,EQ011
2025-09-21 19:40:00,14094.81,600.48,3.12,24.86,3.91,1277.28,1041.36,58.16,180.14,47.11,10.1,P005,EQ018
2025-09-21 19:50:00,14876.36,554.76,3.55,25.45,3.39,1262.49,1011.26,59.49,170.67,55.27,14.56,P029,EQ025
2025-09-21 20:00:00,13915.09,567.27,3.24,24.58,3.71,1266.15,1051.04,60.63,222.56,43.86,20.92,P045,EQ032
2025-09-21 20:10:00,15739.99,604.39,3.5,24.27,3.35,1291.35,1043.81,67.18,174.14,45.62,34.69,P011,EQ039
2025-09-21 20:20:00,16136.29,585.76,3.52,23.7,3.23,1282.73,1134.34,60.63,190.29,47.01,13.44,P013,EQ046
2025-09-21 20:30:00,15052.59,554.38,3.82,25.87,3.56,1275.53,1021.47,67.59,193.93,58.72,30.42,P034,EQ004
2025-09-21 20:40:00,15892.66,556.87,3.58,23.86,3.23,1219.52,1050.34,59.03,190.35,50.74,27.58,P020,EQ011
2025-09-21 20:50:00,15051.68,561.49,3.83,25.8,3.43,1244.57,1036.52,55.24,168.69,55.65,33.48,P020,EQ018
2025-09-21 21:00:00,14034.32,593.81,3.71,25.83,3.68,1249.94,1035.53,63.58,186.7,49.49,14.32,P041,EQ025
2025-09-21 21:10:00,15221.08,615.36,3.45,26.37,3.26,1257.26,1060.47,53.25,202.35,52.02,14.04,P026,EQ032
2025-09-21 21:20:00,14458.95,594.95,3.54,24.32,3.6,1271.64,1064.8,54.64,154.89,54.42,27.88,P048,EQ039
2025-09-21 21:30:00,15031.53,632.86,3.8,26.08,3.42,1247.67,1086.14,62.84,224.21,48.62,22.6,P032,EQ046
2025-09-21 21:40:00,15309.41,598.71,3.87,24.05,3.52,1244.23,1096.32,55.37,199.21,48.04,11.61,P033,EQ004
2025-09-21 21:50:00,15702.45,566.8,3.45,23.78,3.69,1276.75,1031.07,59.34,213.7,56.33,29.36,P034,EQ011
2025-09-21 22:00:00,14432.59,608.76,3.52,23.92,3.47,1286.5,1088.38,54.6,190.28,56.8,13.53,P009,EQ018
2025-09-21 22:10:00,13621.11,616.07,3.27,26.9,3.45,1253.72,1047.15,47.9,196.28,55.58,15.13,P034,EQ025
2025-09-21 22:20:00,15196.39,603.38,3.45,25.09,3.46,1265.78,1032.66,63.27,217.77,48.66,26.07,P042,EQ032
2025-09-21 22:30:00,14934.52,598.84,3.46,24.98,3.57,1264.29,1018.82,61.5,202.21,44.04,22.08,P022,EQ039
2025-09-21 22:40:00,13608.39,558.69,3.67,24.36,3.37,1281.58,1041.93,56.85,199.38,46.53,26.43,P019,EQ046
2025-09-21 22:50:00,16886.48,602.11,3.99,24.41,3.48,1231.53,1083.29,60.39,203.8,51.1,11.68,P034,EQ004
2025-09-21 23:00:00,15763.22,594.82,3.68,24.21,3.82,1255.05,1057.39,56.6,211.11,50.25,11.24,P045,EQ011
2025-09-21 23:10:00,14245.23,596.42,3.61,22.56,3.54,1249.63,1020.31,60.28,193.17,53.68,11.93,P047,EQ018
2025-09-21 23:20:00,14960.34,605.85,3.62,25.28,3.19,1229.83,1061.72,61.96,159.31,49.19,15.0,P047,EQ025
2025-09-21 23:30:00,15073.98,630.24,3.68,25.17,3.2,1249.05,1008.1,48.95,235.38,53.11,16.39,P042,EQ032
2025-09-21 23:40:00,14465.82,586.64,3.38,25.26,3.37,1274.41,988.21,63.89,174.56,55.13,19.25,P020,EQ039
2025-09-21 23:50:00,15029.59,672.25,3.41,25.28,3.7,1285.67,1075.22,64.41,194.81,56.73,21.69,P037,EQ046
2025-09-22 00:00:00,15002.86,621.23,3.65,25.88,3.69,1253.67,1003.36,67.97,171.36,51.79,24.99,P018,EQ004
2025-09-22 00:10:00,14723.76,629.23,3.55,27.03,3.28,1228.29,1110.8,60.18,231.18,43.58,19.79,P049,EQ011
2025-09-22 00:20:00,13563.03,619.76,3.38,25.2,3.44,1276.4,1051.97,66.22,196.88,45.79,26.99,P033,EQ018
2025-09-22 00:30:00,15408.08,628.84,3.55,24.66,3.41,1235.9,1015.25,48.82,228.54,49.57,20.71,P029,EQ025
2025-09-22 00:40:00,13756.88,609.58,3.63,23.21,3.06,1218.96,1086.02,58.83,181.79,49.32,25.59,P037,EQ032
2025-09-22 00:50:00,13312.73,597.18,3.56,26.16,3.42,1219.59,1086.14,63.63,204.77,40.97,29.38,P025,EQ039
2025-09-22 01:00:00,17425.5,555.47,3.6,24.75,3.59,1274.72,1103.29,61.36,206.03,41.35,14.82,P044,EQ046
2025-09-22 01:10:00,14814.6,525.57,3.59,25.9,3.73,1241.05,1043.81,60.67,193.97,54.29,23.54,P001,EQ004
2025-09-22 01:20:00,14208.38,608.43,4.01,23.74,3.54,1272.13,1121.72,64.91,202.91,46.33,31.41,P029,EQ011
2025-09-22 01:30:00,15950.44,619.16,3.58,26.08,3.7,1263.63,1063.94,50.14,185.81,56.54,13.85,P026,EQ018
2025-09-22 01:40:00,15455.52,617.31,3.78,25.46,3.46,1266.32,1063.92,67.55,190.91,51.18,30.1,P004,EQ025
2025-09-22 01:50:00,13454.3,563.14,3.45,26.17,3.25,1242.01,1065.24,47.95,210.87,41.3,30.99,P004,EQ032
2025-09-22 02:00:00,16079.64,548.71,3.41,24.41,3.66,1244.61,1038.38,54.17,190.03,54.2,24.35,P010,EQ039
2025-09-22 02:10:00,14611.57,629.13,3.51,24.37,3.75,1270.88,999.79,62.42,214.31,48.77,20.43,P025,EQ046
2025-09-22 02:20:00,15111.21,658.82,3.35,26.14,3.55,1240.74,1047.13,54.76,207.68,45.19,20.02,P001,EQ004
2025-09-22 02:30:00,15444.35,621.86,3.2,25.49,3.48,1254.69,1064.33,65.17,200.05,44.92,12.47,P021,EQ011
2025-09-22 02:40:00,13528.74,560.96,3.14,25.71,3.55,1264.99,1047.93,57.45,188.0,57.84,18.91,P021,EQ018
2025-09-22 02:50:00,14476.3,592.66,3.23,25.18,3.69,1242.92,1139.96,57.85,181.51,53.54,28.31,P044,EQ025
2025-09-22 03:00:00,15296.17,634.17,3.47,24.87,3.48,1273.08,1055.19,62.74,195.84,45.0,22.66,P018,EQ032
2025-09-22 03:10:00,15004.78,585.76,3.28,24.19,3.18,1293.01,1062.71,58.48,197.46,55.27,18.26,P043,EQ039
2025-09-22 03:20:00,15616.41,602.39,3.45,24.72,3.57,1294.32,1105.69,56.55,208.97,51.53,33.17,P026,EQ046
2025-09-22 03:30:00,14545.46,614.69,3.4,24.56,3.7,1263.28,1007.54,56.82,196.62,45.7,18.06,P049,EQ004
2025-09-22 03:40:00,14389.56,599.61,3.54,24.69,3.48,1237.54,1108.83,57.84,181.17,42.94,28.97,P032,EQ011
2025-09-22 03:50:00,14612.39,601.57,3.59,24.29,3.77,1230.16,1011.76,54.83,189.89,51.17,18.8,P012,EQ018
2025-09-22 04:00:00,16321.09,556.26,3.25,24.73,3.26,1267.42,1005.34,57.34,176.87,42.82,16.37,P028,EQ025
2025-09-22 04:10:00,16060.65,639.08,3.55,26.74,3.38,1285.7,1027.55,56.57,189.0,52.08,16.86,P001,EQ032
2025-09-22 04:20:00,16137.48,575.85,3.68,25.1,3.5,1254.19,1022.28,55.9,180.22,45.78,11.31,P034,EQ039
2025-09-22 04:30:00,15464.03,547.33,3.54,25.12,3.59,1222.43,1050.62,47.05,186.98,54.3,21.16,P034,EQ046
2025-09-22 04:40:00,13421.46,612.66,3.71,23.89,3.21,1241.2,1058.36,57.61,185.53,38.76,29.67,P027,EQ004
2025-09-22 04:50:00,13360.38,536.47,3.52,26.09,3.27,1255.96,1023.04,54.86,186.02,52.9,30.21,P009,EQ011
2025-09-22 05:00:00,16197.81,576.62,3.88,24.45,3.07,1244.01,1115.41,61.0,222.18,50.01,17.28,P004,EQ018
2025-09-22 05:10:00,14285.39,569.55,3.52,26.9,3.73,1265.24,1055.98,59.6,192.61,47.14,18.94,P027,EQ025
2025-09-22 05:20:00,13700.73,647.95,3.68,26.01,3.57,1219.36,1084.19,49.34,212.76,43.29,19.57,P017,EQ032
2025-09-22 05:30:00,15913.76,535.52,3.71,24.75,3.48,1238.91,1017.96,56.44,198.31,51.22,18.13,P010,EQ039
2025-09-22 05:40:00,13058.12,564.85,3.54,23.55,3.29,1246.73,1088.17,62.46,163.16,53.78,14.38,P017,EQ046
2025-09-22 05:50:00,16187.04,539.1,3.83,25.6,3.69,1225.94,996.03,51.13,202.33,48.91,31.54,P017,EQ004
2025-09-22 06:00:00,14838.81,648.33,3.34,25.7,3.29,1289.79,1004.48,59.41,172.58,50.88,11.72,P033,EQ011
2025-09-22 06:10:00,14573.98,608.1,3.42,24.61,3.47,1260.5,1077.0,55.64,211.07,52.73,24.72,P031,EQ018
2025-09-22 06:20:00,15448.37,649.62,3.47,26.26,3.14,1239.57,1085.08,66.13,187.55,46.82,33.32,P001,EQ025
2025-09-22 06:30:00,14460.67,587.49,3.41,24.57,3.18,1244.73,1047.75,62.52,183.65,40.49,13.59,P013,EQ032
2025-09-22 06:40:00,16673.59,607.17,3.8,24.85,3.57,1258.57,1035.15,63.85,200.83,51.93,15.04,P027,EQ039
2025-09-22 06:50:00,15149.45,577.88,3.69,25.38,3.79,1272.0,1037.35,56.06,200.18,51.66,32.8,P028,EQ046
2025-09-22 07:00:00,16203.05,541.83,3.31,24.55,3.43,1243.39,1024.18,53.32,198.17,41.01,10.42,P050,EQ004
2025-09-22 07:10:00,14399.24,622.97,3.8,25.79,3.53,1256.35,1036.89,63.53,206.91,51.68,15.83,P021,EQ011
2025-09-22 07:20:00,16718.1,629.06,3.39,25.35,3.65,1249.7,1064.44,58.4,195.1,45.37,30.51,P003,EQ018
2025-09-22 07:30:00,13104.31,598.73,3.54,25.44,2.96,1209.65,1074.32,56.92,212.54,53.19,28.25,P029,EQ025
2025-09-22 07:40:00,14251.78,586.22,3.74,24.51,3.2,1211.82,1021.08,55.89,208.62,52.48,10.5,P016,EQ032
2025-09-22 07:50:00,14783.28,622.35,3.32,25.18,3.61,1240.14,1048.54,58.15,188.72,40.29,20.21,P003,EQ039
2025-09-22 08:00:00,15151.97,683.04,3.54,23.46,3.34,1241.17,1057.22,71.66,172.6,50.25,32.05,P020,EQ046
2025-09-22 08:10:00,14263.46,544.52,3.54,24.71,3.48,1221.54,1022.38,58.16,192.15,38.16,30.25,P018,EQ004
2025-09-22 08:20:00,14803.79,607.33,3.45,26.3,3.36,1200.74,1083.92,70.13,180.03,51.23,13.85,P014,EQ011
2025-09-22 08:30:00,14566.24,599.71,3.49,27.52,3.91,1235.4,1021.44,61.96,202.06,48.34,22.82,P027,EQ018
2025-09-22 08:40:00,15445.84,665.87,3.53,25.99,3.35,1275.74,1036.15,55.78,197.38,60.83,11.52,P003,EQ025
2025-09-22 08:50:00,14300.21,592.0,3.62,24.93,3.41,1272.39,1031.94,61.42,206.08,42.79,29.93,P022,EQ032
2025-09-22 09:00:00,15417.54,581.37,3.55,22.62,3.61,1228.66,1060.05,61.48,217.59,58.53,28.28,P035,EQ039
2025-09-22 09:10:00,15539.53,571.39,3.46,24.36,3.31,1293.68,1056.85,61.04,212.4,48.68,25.29,P035,EQ046
2025-09-22 09:20:00,15057.76,582.88,3.6,24.7,3.55,1248.01,1032.7,53.26,213.21,42.15,15.58,P039,EQ004
2025-09-22 09:30:00,16394.34,602.06,3.43,25.2,3.74,1246.81,1077.51,56.56,191.03,48.78,29.42,P018,EQ011
2025-09-22 09:40:00,13669.72,575.74,3.05,25.49,3.42,1245.58,1098.37,63.8,169.96,50.47,28.67,P014,EQ018
2025-09-22 09:50:00,16388.23,634.55,3.69,23.72,3.43,1218.24,1053.87,52.09,189.2,47.49,16.73,P038,EQ025
2025-09-22 10:00:00,15054.32,621.45,3.28,24.82,3.24,1250.66,1112.64,61.0,216.5,56.88,10.3,P050,EQ032
2025-09-22 10:10:00,14220.29,622.13,3.86,23.83,3.76,1255.82,1030.36,56.42,203.53,50.3,20.83,P005,EQ039
2025-09-22 10:20:00,15520.8,554.14,3.67,26.7,3.52,1239.67,1073.05,59.99,211.16,46.87,30.59,P031,EQ046
2025-09-22 10:30:00,15267.49,575.72,3.7,25.92,3.38,1209.77,1143.68,66.15,206.07,48.76,24.91,P037,EQ004
2025-09-22 10:40:00,15629.31,595.71,3.31,23.28,3.26,1244.64,1032.99,59.02,214.28,51.16,31.94,P009,EQ011
2025-09-22 10:50:00,15186.01,569.7,3.32,24.75,3.34,1264.68,1074.05,58.75,195.29,50.56,31.02,P022,EQ018
2025-09-22 11:00:00,14747.02,604.54,3.56,25.19,3.58,1238.4,1093.17,60.17,193.65,51.88,34.75,P036,EQ025
2025-09-22 11:10:00,15342.91,588.3,3.55,23.02,3.5,1258.51,1027.9,56.67,200.67,44.94,16.72,P014,EQ032
2025-09-22 11:20:00,16343.89,632.01,3.17,24.02,3.54,1208.91,1069.44,61.42,219.09,48.99,19.06,P040,EQ039
2025-09-22 11:30:00,14887.72,585.1,3.59,23.92,3.46,1241.12,1026.93,58.42,193.65,43.88,16.76,P001,EQ046
2025-09-22 11:40:00,15318.69,610.08,3.1,24.53,3.53,1277.47,1054.26,52.83,199.53,48.27,17.47,P003,EQ004
2025-09-22 11:50:00,13074.45,589.56,3.48,24.22,3.37,1252.25,1027.62,56.9,183.39,45.66,21.6,P023,EQ011
2025-09-22 12:00:00,14222.21,605.45,3.5,25.37,3.43,1222.38,1093.27,63.09,181.68,51.04,28.84,P025,EQ018
2025-09-22 12:10:00,15792.38,577.3,3.84,23.21,3.46,1232.27,1077.05,67.16,222.9,41.01,28.79,P032,EQ025
2025-09-22 12:20:00,14832.68,604.72,3.1,24.9,3.55,1263.35,1003.99,54.34,194.87,46.21,17.48,P033,EQ032
2025-09-22 12:30:00,17188.93,618.27,3.63,25.3,3.59,1232.59,1040.26,60.75,191.02,54.27,34.34,P001,EQ039
2025-09-22 12:40:00,13561.97,580.09,3.71,22.98,3.23,1232.04,1072.95,56.79,191.74,42.69,24.33,P032,EQ046
2025-09-22 12:50:00,13712.31,654.37,3.53,24.15,3.81,1243.64,1101.19,51.13,234.06,52.44,26.01,P015,EQ004
2025-09-22 13:00:00,13673.52,599.13,3.57,24.55,3.26,1260.47,1066.88,61.47,205.38,53.48,24.33,P044,EQ011
2025-09-22 13:10:00,13965.76,612.51,3.75,26.02,3.43,1249.22,1047.86,60.53,206.75,44.2,10.47,P022,EQ018
2025-09-22 13:20:00,15083.61,576.78,3.82,25.04,3.42,1253.95,1036.5,57.99,191.95,49.74,24.61,P041,EQ025
2025-09-22 13:30:00,15884.93,610.94,3.55,25.95,3.56,1268.43,1035.89,58.03,196.79,53.23,29.03,P003,EQ032
2025-09-22 13:40:00,14513.49,609.64,3.51,25.23,3.72,1254.78,1073.84,56.58,169.65,44.67,13.51,P028,EQ039
2025-09-22 13:50:00,15602.21,602.53,3.42,24.04,3.04,1262.91,1048.49,60.92,200.37,41.46,10.03,P046,EQ046
2025-09-22 14:00:00,15829.79,615.82,3.52,25.63,3.65,1288.01,1099.5,65.08,194.91,43.2,25.42,P018,EQ004
2025-09-22 14:10:00,15763.07,569.92,3.6,25.26,3.55,1246.81,1058.19,61.66,199.11,50.83,13.68,P003,EQ011
2025-09-22 14:20:00,15104.56,576.24,3.49,25.58,3.43,1255.69,1005.2,64.12,235.11,47.77,30.04,P006,EQ018
2025-09-22 14:30:00,15084.15,650.21,3.33,27.1,3.34,1240.16,1084.98,62.74,198.72,55.22,18.84,P034,EQ025
2025-09-22 14:40:00,16500.07,602.08,3.65,27.02,3.58,1267.71,1024.59,59.11,228.62,44.91,25.01,P049,EQ032
2025-09-22 14:50:00,16358.41,596.11,3.51,23.63,3.46,1212.84,1036.5,59.86,193.52,40.94,13.5,P034,EQ039
2025-09-22 15:00:00,16491.42,556.4,3.75,24.96,3.49,1231.12,1048.88,68.32,195.13,47.76,17.01,P002,EQ046
2025-09-22 15:10:00,15516.88,613.62,3.38,24.1,3.6,1202.47,1094.3,62.7,195.75,50.03,21.72,P020,EQ004
2025-09-22 15:20:00,15003.04,569.88,3.19,26.15,3.97,1274.76,1052.6,60.05,208.78,43.78,13.84,P015,EQ011
2025-09-22 15:30:00,14798.14,607.79,3.72,25.27,3.35,1269.41,1033.49,56.44,191.72,49.4,12.41,P048,EQ018
2025-09-22 15:40:00,16002.81,583.12,3.99,24.59,3.55,1227.88,1050.4,59.18,203.59,50.23,21.0,P030,EQ025
2025-09-22 15:50:00,13671.28,582.61,3.4,24.27,3.18,1273.76,1022.0,65.13,212.49,48.34,21.78,P035,EQ032
2025-09-22 16:00:00,15175.79,595.03,3.37,25.8,3.59,1217.73,1013.2,63.72,209.14,50.68,20.92,P024,EQ039
2025-09-22 16:10:00,15764.04,575.21,3.6,25.07,3.36,1286.35,1041.23,50.29,209.04,47.16,25.24,P008,EQ046
2025-09-22 16:20:00,15276.73,584.65,3.51,23.84,3.33,1270.29,1029.0,55.15,202.21,52.95,26.41,P005,EQ004
2025-09-22 16:30:00,14631.65,608.03,3.43,25.77,3.68,1214.43,1001.98,65.9,202.37,49.86,22.84,P028,EQ011
2025-09-22 16:40:00,14927.59,599.33,3.65,24.37,3.72,1248.47,1052.56,54.9,219.57,55.04,28.45,P044,EQ018
2025-09-22 16:50:00,15171.95,592.36,3.24,24.79,3.36,1247.64,1020.51,54.07,185.86,45.82,23.07,P011,EQ025
2025-09-22 17:00:00,15360.11,594.95,3.47,24.3,3.46,1284.87,1053.6,63.09,201.01,56.44,15.04,P033,EQ032
2025-09-22 17:10:00,14770.27,622.65,3.75,24.08,3.68,1244.42,981.05,59.15,215.85,44.82,23.05,P047,EQ039
2025-09-22 17:20:00,15066.96,598.0,3.31,24.03,3.92,1251.24,1051.74,63.37,198.84,40.82,13.23,P039,EQ046
2025-09-22 17:30:00,15153.87,609.84,3.66,23.64,3.39,1251.39,1045.83,52.63,205.59,54.2,18.0,P042,EQ004
2025-09-22 17:40:00,14266.93,595.81,3.45,23.5,3.53,1268.5,1087.42,55.92,201.49,53.31,23.0,P026,EQ011
2025-09-22 17:50:00,14094.91,605.11,3.95,24.91,3.19,1277.38,1072.73,67.56,190.28,41.91,27.41,P018,EQ018
2025-09-22 18:00:00,15618.84,563.18,3.15,26.24,3.44,1251.29,999.64,61.73,182.36,53.79,12.65,P027,EQ025
2025-09-22 18:10:00,13804.21,600.1,3.51,24.45,3.41,1238.65,1045.41,67.71,190.11,50.1,13.98,P042,EQ032
2025-09-22 18:20:00,15670.22,597.48,3.84,25.87,3.53,1258.71,1072.29,51.27,168.41,44.9,29.16,P011,EQ039
2025-09-22 18:30:00,15243.13,582.47,3.42,23.09,3.21,1239.74,1033.14,55.42,174.12,44.36,34.28,P028,EQ046
2025-09-22 18:40:00,15722.63,637.97,3.21,23.78,3.51,1237.15,987.53,58.76,199.34,49.51,10.78,P042,EQ004
2025-09-22 18:50:00,16271.58,590.22,3.66,23.38,3.69,1209.87,1038.71,60.55,203.2,42.79,19.01,P036,EQ011
2025-09-22 19:00:00,14139.82,559.87,3.49,25.38,3.12,1266.91,1079.99,52.54,185.71,50.83,19.42,P040,EQ018
2025-09-22 19:10:00,13116.69,594.71,3.6,24.55,3.52,1233.01,1024.55,59.96,224.77,52.95,28.92,P011,EQ025
2025-09-22 19:20:00,15709.92,621.0,3.77,24.85,3.52,1247.92,1074.69,59.6,197.09,54.1,21.48,P031,EQ032
2025-09-22 19:30:00,14625.92,654.87,3.5,25.56,3.43,1252.94,1117.27,61.41,168.59,51.39,17.31,P034,EQ039
2025-09-22 19:40:00,13455.8,604.05,3.52,24.67,3.58,1225.14,1071.14,70.65,226.27,55.68,15.24,P029,EQ046
2025-09-22 19:50:00,15089.42,611.12,3.76,25.24,3.72,1238.99,1051.01,62.18,210.07,50.39,14.81,P001,EQ004
2025-09-22 20:00:00,14360.52,582.1,3.2,27.01,3.42,1263.19,1054.31,62.55,217.22,48.58,19.6,P012,EQ011
2025-09-22 20:10:00,16446.53,616.98,3.47,25.31,3.38,1258.92,1056.43,54.2,204.78,46.37,31.09,P014,EQ018
2025-09-22 20:20:00,13104.61,582.41,3.78,26.76,3.75,1259.9,1112.66,50.21,171.14,51.87,26.43,P042,EQ025
2025-09-22 20:30:00,13583.54,607.52,3.63,25.77,3.59,1256.33,1023.97,55.9,197.77,47.48,32.87,P006,EQ032
2025-09-22 20:40:00,14986.17,614.68,3.52,26.21,3.58,1238.52,1045.64,56.95,209.74,52.39,19.29,P034,EQ039
2025-09-22 20:50:00,14441.05,548.31,3.42,25.55,3.42,1276.38,1030.23,52.77,204.01,46.43,33.08,P049,EQ046
2025-09-22 21:00:00,15897.96,571.23,3.27,24.94,3.27,1266.32,1049.68,62.59,176.71,44.51,12.26,P035,EQ004
2025-09-22 21:10:00,14886.64,648.34,3.64,23.93,3.59,1243.57,1059.52,62.09,174.56,58.51,22.52,P019,EQ011
2025-09-22 21:20:00,14274.41,614.01,3.47,25.54,3.43,1268.59,1076.5,66.85,188.66,47.35,29.47,P025,EQ018
2025-09-22 21:30:00,13121.12,641.04,3.53,24.69,3.67,1259.41,1057.68,59.35,204.83,53.59,30.58,P022,EQ025
2025-09-22 21:40:00,13900.3,653.44,3.62,25.27,3.64,1294.41,985.67,57.34,207.7,56.01,24.08,P027,EQ032
2025-09-22 21:50:00,14416.88,594.18,3.48,25.63,3.33,1244.51,1020.64,57.4,215.15,55.45,25.57,P038,EQ039
2025-09-22 22:00:00,14269.13,612.61,3.76,24.25,3.7,1219.44,1064.23,56.74,190.93,45.8,30.9,P027,EQ046
2025-09-22 22:10:00,15641.35,578.45,3.86,24.72,3.52,1247.49,1013.44,56.12,196.78,53.66,33.2,P016,EQ004
2025-09-22 22:20:00,15254.44,583.53,3.27,24.56,3.7,1241.81,1055.83,74.97,217.9,45.7,13.34,P047,EQ011
2025-09-22 22:30:00,16645.9,650.1,3.61,24.36,3.31,1230.12,1013.86,53.85,200.36,47.49,13.61,P042,EQ018
2025-09-22 22:40:00,14325.89,651.14,3.78,25.37,3.52,1259.47,1036.34,65.51,187.07,49.26,21.84,P029,EQ025
2025-09-22 22:50:00,15837.16,583.01,3.65,24.9,3.42,1224.35,981.47,51.31,204.45,54.49,25.62,P038,EQ032
2025-09-22 23:00:00,13596.56,561.45,3.51,25.58,3.3,1248.52,1057.94,54.12,202.92,43.65,10.67,P010,EQ039
2025-09-22 23:10:00,14210.52,621.6,3.71,26.37,3.64,1219.16,1077.64,57.56,203.98,52.83,32.1,P015,EQ046
2025-09-22 23:20:00,14309.83,549.79,3.6,23.44,3.53,1246.04,1014.38,59.81,190.34,47.62,21.79,P037,EQ004
2025-09-22 23:30:00,15760.8,665.04,3.54,25.06,3.36,1235.78,1083.21,65.63,184.25,49.89,11.42,P046,EQ011
2025-09-22 23:40:00,13904.07,674.45,3.39,25.16,3.1,1244.22,1005.38,59.55,191.85,51.88,30.31,P049,EQ018
2025-09-22 23:50:00,15180.33,604.06,3.51,24.07,3.45,1249.96,1064.34,62.85,191.88,46.1,34.46,P021,EQ025
2025-09-23 00:00:00,15509.36,621.96,3.25,27.45,3.66,1296.5,1065.41,67.1,189.2,54.09,30.6,P046,EQ032
2025-09-23 00:10:00,14556.55,634.72,3.55,25.04,3.56,1231.17,1104.74,69.75,195.87,46.62,23.55,P041,EQ039
2025-09-23 00:20:00,15273.7,665.01,3.73,24.33,3.56,1231.81,1067.83,59.31,197.28,55.88,21.2,P043,EQ046
2025-09-23 00:30:00,13761.18,591.27,3.54,25.24,3.21,1224.72,1071.79,57.56,188.01,49.27,32.21,P018,EQ004
2025-09-23 00:40:00,16201.19,607.82,3.66,24.67,3.66,1242.89,1011.23,59.3,188.08,50.1,30.25,P029,EQ011
2025-09-23 00:50:00,16886.41,550.85,3.88,25.17,3.51,1272.49,1032.52,44.32,192.36,41.25,24.52,P046,EQ018
2025-09-23 01:00:00,15374.84,575.43,3.78,25.02,3.77,1244.23,1057.54,58.44,194.7,52.04,16.49,P041,EQ025
2025-09-23 01:10:00,15045.76,586.59,3.53,24.72,3.61,1245.57,1072.97,57.37,175.24,51.78,29.78,P027,EQ032
2025-09-23 01:20:00,14142.94,588.71,3.66,24.97,3.45,1252.74,1001.61,54.89,190.75,47.07,22.41,P021,EQ039
2025-09-23 01:30:00,13414.03,622.78,3.53,23.99,3.48,1256.34,1028.93,55.1,181.3,52.27,15.06,P034,EQ046
2025-09-23 01:40:00,14977.23,628.68,3.89,24.44,3.43,1228.66,1031.5,62.35,185.62,47.48,11.93,P035,EQ004
2025-09-23 01:50:00,15151.0,614.55,3.42,23.76,3.71,1238.83,1108.61,48.45,185.76,59.07,23.52,P044,EQ011
2025-09-23 02:00:00,14396.78,577.77,3.66,23.98,3.32,1266.16,1038.23,66.03,201.05,51.46,10.99,P029,EQ018
2025-09-23 02:10:00,15667.01,603.01,3.36,27.24,3.11,1246.86,1019.93,55.84,202.17,48.3,28.72,P030,EQ025
2025-09-23 02:20:00,14736.39,598.07,3.41,25.45,3.21,1251.75,1070.86,54.0,193.87,49.16,22.85,P023,EQ032
2025-09-23 02:30:00,16601.04,498.27,3.28,24.76,3.77,1280.13,1048.97,65.48,202.08,45.55,24.58,P021,EQ039
2025-09-23 02:40:00,13943.72,594.75,3.67,23.57,3.47,1295.35,1079.97,62.83,174.06,53.06,22.35,P004,EQ046
2025-09-23 02:50:00,15679.51,557.23,3.18,24.5,3.34,1223.47,1058.83,63.78,200.12,46.7,23.95,P020,EQ004
2025-09-23 03:00:00,15807.58,600.2,3.59,25.64,3.52,1248.77,1037.27,57.65,205.53,51.05,19.24,P039,EQ011
2025-09-23 03:10:00,16580.93,544.88,3.88,23.59,3.55,1257.21,1028.66,60.13,178.26,49.72,29.05,P041,EQ018
2025-09-23 03:20:00,15444.15,618.27,3.36,25.04,3.4,1256.42,1013.78,59.62,173.84,38.64,19.77,P026,EQ025
2025-09-23 03:30:00,15537.47,567.17,3.6,25.14,3.48,1217.51,1079.67,63.53,184.74,44.2,30.67,P014,EQ032
2025-09-23 03:40:00,15588.78,603.56,3.32,24.46,3.5,1265.87,1091.24,60.68,220.44,51.12,22.64,P036,EQ039
2025-09-23 03:50:00,15156.56,575.99,4.03,24.46,3.82,1246.74,1068.12,64.94,212.19,47.4,22.79,P027,EQ046
2025-09-23 04:00:00,14730.34,546.64,3.27,23.18,3.57,1261.4,1006.84,65.3,195.79,46.57,15.13,P002,EQ004
2025-09-23 04:10:00,14294.14,613.84,3.57,25.95,3.51,1281.2,1090.37,60.73,198.09,48.17,31.53,P002,EQ011
2025-09-23 04:20:00,14793.06,598.74,3.89,24.68,3.73,1235.52,1099.85,57.41,180.71,50.75,27.13,P026,EQ018
2025-09-23 04:30:00,15492.53,543.8,3.55,25.88,3.52,1222.78,1063.75,61.76,211.59,48.92,11.98,P016,EQ025
2025-09-23 04:40:00,16232.73,625.12,3.81,24.21,3.56,1233.07,1106.59,60.64,184.15,41.24,24.84,P044,EQ032
2025-09-23 04:50:00,15027.16,609.1,3.61,23.79,3.38,1236.58,1047.32,62.81,204.44,49.26,12.72,P008,EQ039
2025-09-23 05:00:00,16485.81,571.25,3.33,24.85,3.19,1280.78,1012.9,66.97,168.91,52.54,33.39,P043,EQ046
2025-09-23 05:10:00,14705.95,586.25,3.71,24.84,3.59,1293.29,1055.07,57.65,196.34,46.04,25.07,P041,EQ004
2025-09-23 05:20:00,15274.91,583.94,3.61,27.32,3.73,1288.47,993.3,61.91,195.73,55.04,31.24,P048,EQ011
2025-09-23 05:30:00,14093.01,625.41,3.25,25.66,3.99,1253.19,1010.63,65.31,200.07,45.82,12.21,P035,EQ018
2025-09-23 05:40:00,16111.1,563.0,3.8,23.43,3.37,1233.72,1030.04,53.25,200.13,54.45,12.49,P037,EQ025
2025-09-23 05:50:00,13936.99,573.05,3.42,23.42,3.51,1270.55,1003.71,57.99,209.34,45.44,26.18,P035,EQ032
2025-09-23 06:00:00,13986.09,608.15,3.91,24.59,3.68,1259.21,1074.9,60.37,192.81,51.58,23.07,P025,EQ039
2025-09-23 06:10:00,14442.09,615.34,3.41,26.35,3.75,1270.11,1015.37,54.26,213.16,49.16,31.18,P049,EQ046
2025-09-23 06:20:00,14854.39,588.24,3.33,24.65,3.4,1224.48,1066.74,63.59,222.18,47.6,12.46,P050,EQ004
2025-09-23 06:30:00,14740.66,561.94,3.51,25.46,3.54,1227.2,1060.97,64.91,222.08,49.44,13.35,P002,EQ011
2025-09-23 06:40:00,15343.18,584.5,3.64,24.39,3.59,1201.17,1049.86,58.97,202.81,49.05,26.22,P032,EQ018
2025-09-23 06:50:00,14006.42,606.67,3.75,24.31,3.23,1247.96,1052.01,68.82,186.99,44.89,10.18,P026,EQ025
2025-09-23 07:00:00,14637.05,647.33,3.44,22.67,3.39,1224.49,1032.63,58.4,197.19,54.93,19.7,P049,EQ032
2025-09-23 07:10:00,14794.91,615.66,3.47,25.23,3.61,1231.5,1057.2,56.7,179.79,41.31,31.25,P039,EQ039
2025-09-23 07:20:00,13098.64,573.19,3.57,24.91,3.53,1273.37,1048.57,65.57,209.77,47.11,10.92,P008,EQ046
2025-09-23 07:30:00,13013.93,587.37,3.14,25.63,3.6,1268.45,1045.0,60.49,195.23,57.29,11.18,P038,EQ004
2025-09-23 07:40:00,14388.16,609.43,3.65,26.14,3.54,1231.89,1038.14,62.71,200.97,58.92,13.3,P031,EQ011
2025-09-23 07:50:00,15385.99,584.64,3.44,25.39,3.42,1268.99,1043.41,52.55,217.11,45.05,29.48,P038,EQ018
2025-09-23 08:00:00,15077.34,597.86,3.72,24.63,3.79,1226.82,1062.06,65.06,206.15,45.82,23.87,P025,EQ025
2025-09-23 08:10:00,14576.7,611.71,3.54,24.13,3.25,1247.92,1065.31,67.49,205.39,49.64,23.83,P015,EQ032
2025-09-23 08:20:00,12507.58,585.83,3.8,26.77,3.41,1284.03,1052.05,48.71,206.94,56.15,15.6,P046,EQ039
2025-09-23 08:30:00,14260.65,609.29,3.8,23.07,3.82,1219.28,1092.07,59.63,190.7,53.1,22.78,P028,EQ046
2025-09-23 08:40:00,15201.31,557.36,3.67,25.72,3.57,1244.56,1006.12,57.11,225.02,53.54,26.53,P039,EQ004
2025-09-23 08:50:00,15823.58,627.54,3.69,25.4,3.62,1257.71,1030.81,58.62,216.55,54.19,32.55,P003,EQ011
2025-09-23 09:00:00,16817.83,556.15,3.55,25.37,3.73,1216.39,1035.23,55.92,205.33,51.48,16.07,P021,EQ018
2025-09-23 09:10:00,15353.88,582.1,3.56,24.35,3.26,1229.72,1062.56,64.01,159.87,47.18,11.11,P032,EQ025
2025-09-23 09:20:00,14362.12,585.39,3.71,24.82,3.46,1246.14,1070.72,64.43,185.95,50.7,18.2,P033,EQ032
2025-09-23 09:30:00,13431.37,562.13,3.46,23.84,3.62,1259.26,1061.53,65.47,203.55,61.73,25.35,P034,EQ039
2025-09-23 09:40:00,14949.98,598.58,3.44,26.42,3.41,1273.25,1056.24,56.41,199.65,46.48,29.57,P015,EQ046
2025-09-23 09:50:00,15213.09,594.24,3.45,24.26,3.62,1276.52,1031.79,65.04,207.48,47.26,34.91,P013,EQ004
2025-09-23 10:00:00,16165.67,609.07,3.31,23.93,3.23,1205.01,1019.1,63.31,208.64,43.85,18.46,P045,EQ011
2025-09-23 10:10:00,14852.23,590.05,3.5,22.32,3.29,1230.26,1089.8,58.48,196.66,51.52,21.15,P032,EQ018
2025-09-23 10:20:00,14198.07,623.07,3.5,25.93,3.45,1245.62,1026.47,67.11,182.32,46.78,21.06,P048,EQ025
2025-09-23 10:30:00,15142.16,604.01,3.23,23.8,3.5,1235.92,995.82,51.96,196.65,44.27,12.54,P011,EQ032
2025-09-23 10:40:00,14634.74,593.9,3.39,26.03,3.32,1264.67,1069.06,58.08,233.35,48.59,31.0,P043,EQ039
2025-09-23 10:50:00,16547.85,625.68,3.57,26.3,3.55,1233.73,1051.26,62.51,200.26,50.13,32.47,P014,EQ046
2025-09-23 11:00:00,15302.12,577.99,3.6,25.46,3.69,1251.7,1067.52,59.71,200.87,52.24,12.5,P022,EQ004
2025-09-23 11:10:00,13555.94,635.55,3.41,24.84,3.13,1233.4,1052.56,61.24,201.98,44.27,18.51,P003,EQ011
2025-09-23 11:20:00,14030.92,563.72,3.37,23.64,3.04,1228.54,1029.64,57.45,210.95,49.46,27.03,P050,EQ018
2025-09-23 11:30:00,14292.92,570.95,3.61,24.96,3.37,1267.77,1038.36,62.41,233.78,56.32,17.96,P044,EQ025
2025-09-23 11:40:00,13848.05,575.22,3.4,23.89,3.12,1273.93,1031.01,50.19,195.7,55.07,32.63,P023,EQ032
2025-09-23 11:50:00,14123.34,533.38,3.51,23.85,3.6,1255.21,1021.18,65.29,184.77,52.95,13.17,P006,EQ039
2025-09-23 12:00:00,15732.58,555.36,3.59,24.2,3.14,1243.84,1031.66,55.71,203.45,47.85,23.12,P040,EQ046
2025-09-23 12:10:00,13845.39,629.8,3.95,21.94,3.56,1234.52,1045.43,67.3,181.79,50.91,25.09,P048,EQ004
2025-09-23 12:20:00,16818.63,592.8,3.4,25.3,3.7,1259.88,1016.77,59.53,232.42,49.13,15.57,P018,EQ011
2025-09-23 12:30:00,14470.28,597.98,3.24,26.25,3.06,1223.83,1042.53,59.19,196.21,50.05,27.77,P018,EQ018
2025-09-23 12:40:00,15696.14,668.16,3.12,25.11,3.36,1243.72,1108.18,57.9,189.33,46.26,16.59,P020,EQ025
2025-09-23 12:50:00,14749.52,613.16,3.17,25.76,3.38,1237.07,1043.75,61.06,228.51,49.08,19.19,P033,EQ032
2025-09-23 13:00:00,14982.66,596.69,3.41,24.78,3.51,1233.12,1022.79,54.93,207.12,50.7,23.43,P007,EQ039
2025-09-23 13:10:00,17035.05,649.32,3.35,24.25,3.32,1243.9,1042.22,58.38,218.97,46.93,34.3,P020,EQ046
2025-09-23 13:20:00,14591.25,528.76,3.28,27.4,3.6,1253.59,1049.81,62.64,177.54,60.22,11.6,P031,EQ004
2025-09-23 13:30:00,14146.46,598.29,3.53,24.21,3.49,1221.49,1021.14,59.74,194.56,55.5,33.77,P042,EQ011
2025-09-23 13:40:00,14541.72,614.85,3.44,23.57,3.49,1254.6,1031.42,63.81,204.09,43.69,32.99,P007,EQ018
2025-09-23 13:50:00,17721.99,597.1,3.39,24.71,3.39,1223.96,1025.97,53.33,178.58,51.38,28.81,P015,EQ025
2025-09-23 14:00:00,13593.22,615.31,3.65,24.16,3.42,1254.47,1059.45,51.14,188.52,64.24,34.44,P021,EQ032
2025-09-23 14:10:00,14132.22,662.87,3.4,23.51,3.44,1268.17,1022.58,48.57,215.48,44.44,31.27,P013,EQ039
2025-09-23 14:20:00,13694.15,576.73,3.48,24.08,3.16,1253.92,1053.64,64.07,211.85,55.83,20.01,P029,EQ046
2025-09-23 14:30:00,15857.6,600.69,3.45,24.71,4.23,1265.49,1086.97,46.87,202.84,52.2,12.85,P041,EQ004
2025-09-23 14:40:00,12459.21,574.18,3.46,25.66,3.65,1219.16,1049.97,57.19,182.65,46.63,28.75,P050,EQ011
2025-09-23 14:50:00,14131.19,588.59,3.58,24.56,3.62,1260.76,1039.31,53.15,212.28,57.98,23.35,P005,EQ018
2025-09-23 15:00:00,15286.71,603.84,3.6,25.66,3.82,1264.15,1026.99,56.72,202.38,42.11,28.59,P038,EQ025
2025-09-23 15:10:00,14689.13,597.97,3.48,25.7,3.61,1253.09,1082.05,56.63,216.22,50.74,25.97,P029,EQ032
2025-09-23 15:20:00,14996.97,628.44,3.21,25.49,3.68,1270.39,1072.82,57.96,207.17,52.89,25.45,P035,EQ039
2025-09-23 15:30:00,15532.29,604.91,3.28,23.78,3.92,1253.5,1028.24,62.85,203.69,51.79,11.34,P010,EQ046
2025-09-23 15:40:00,15499.78,620.51,3.41,24.49,3.21,1212.44,1058.56,59.39,204.55,39.85,15.8,P020,EQ004
2025-09-23 15:50:00,14354.78,647.35,3.57,26.78,3.49,1249.52,1056.09,61.74,186.88,38.91,30.11,P041,EQ011
2025-09-23 16:00:00,15535.54,612.84,3.73,24.5,3.45,1239.71,1037.29,57.71,182.57,51.2,16.68,P028,EQ018
2025-09-23 16:10:00,14378.17,605.76,3.54,24.05,3.74,1271.57,1048.03,61.15,211.29,47.73,22.81,P017,EQ025
2025-09-23 16:20:00,16617.33,605.98,3.62,25.37,3.52,1243.05,1062.38,44.35,193.18,43.67,20.3,P031,EQ032
2025-09-23 16:30:00,15002.13,599.09,3.48,26.69,3.64,1239.5,1073.11,56.51,223.15,50.03,24.36,P019,EQ039
2025-09-23 16:40:00,16068.4,605.55,3.23,26.11,3.51,1255.97,1048.66,58.99,170.51,60.44,10.62,P049,EQ046
2025-09-23 16:50:00,13295.26,595.36,3.21,24.07,3.45,1226.8,1040.78,59.1,192.98,50.84,34.74,P050,EQ004
2025-09-23 17:00:00,15040.34,589.08,3.82,24.05,3.46,1238.85,1054.4,56.15,197.91,55.92,20.58,P028,EQ011
2025-09-23 17:10:00,16962.43,601.78,3.19,25.21,3.34,1221.17,1021.67,51.2,212.85,50.95,33.84,P002,EQ018
2025-09-23 17:20:00,13892.39,565.01,3.58,25.0,3.56,1255.54,1057.73,65.85,190.17,48.0,11.66,P014,EQ025
2025-09-23 17:30:00,15553.94,603.69,3.66,24.34,3.72,1261.89,1066.87,58.47,209.05,50.67,33.44,P040,EQ032
2025-09-23 17:40:00,14744.09,559.14,3.15,26.12,3.12,1244.45,973.08,58.95,194.62,48.85,17.98,P014,EQ039
2025-09-23 17:50:00,16153.42,595.5,3.64,24.24,3.77,1270.95,1077.1,60.29,213.51,47.49,28.96,P033,EQ046
2025-09-23 18:00:00,16376.85,550.82,3.52,23.39,3.5,1267.17,1016.7,63.09,185.29,56.17,26.55,P008,EQ004
2025-09-23 18:10:00,15683.94,586.1,3.51,26.43,3.69,1247.58,1016.67,49.51,216.93,47.95,18.88,P032,EQ011
2025-09-23 18:20:00,15258.19,582.93,3.42,24.41,3.58,1229.35,1056.94,56.16,219.22,39.39,19.15,P046,EQ018
2025-09-23 18:30:00,15321.41,622.39,3.6,25.07,3.55,1212.91,1011.34,66.24,209.68,49.46,32.92,P039,EQ025
2025-09-23 18:40:00,14110.85,563.99,3.28,25.23,3.51,1266.01,1017.79,60.62,208.45,54.18,32.75,P043,EQ032
2025-09-23 18:50:00,14595.56,596.7,3.32,24.14,3.87,1249.82,1003.55,56.95,182.76,53.99,13.68,P029,EQ039
2025-09-23 19:00:00,14268.18,611.61,3.69,25.69,3.69,1206.76,1020.13,59.08,211.18,37.91,15.84,P033,EQ046
2025-09-23 19:10:00,17000.55,595.42,3.63,24.58,3.84,1229.7,1050.21,62.66,206.4,50.88,19.84,P036,EQ004
2025-09-23 19:20:00,14115.2,537.24,3.57,25.8,3.25,1230.15,1055.63,68.24,218.19,41.42,29.35,P014,EQ011
2025-09-23 19:30:00,14844.44,583.78,3.4,23.84,3.65,1268.61,1031.01,61.95,225.75,51.24,27.77,P009,EQ018
2025-09-23 19:40:00,15920.56,528.02,3.6,24.74,3.31,1245.96,1091.05,56.61,170.57,49.98,24.12,P006,EQ025
2025-09-23 19:50:00,15019.63,606.36,3.42,24.61,3.2,1222.45,1028.48,62.01,183.35,49.72,18.29,P024,EQ032
2025-09-23 20:00:00,14751.89,565.27,3.4,25.79,3.79,1239.84,1010.81,58.76,184.42,52.65,33.04,P043,EQ039
2025-09-23 20:10:00,14655.92,625.47,3.72,24.47,3.71,1266.77,1080.57,61.09,206.32,48.17,17.61,P011,EQ046
2025-09-23 20:20:00,15530.96,542.64,3.59,26.7,3.4,1267.38,1087.36,62.72,182.9,55.68,34.9,P015,EQ004
2025-09-23 20:30:00,14149.68,566.11,3.48,25.81,3.6,1272.38,1025.01,55.81,188.26,53.49,15.67,P020,EQ011
2025-09-23 20:40:00,12145.34,632.34,3.48,25.66,3.01,1234.62,1056.14,56.88,188.89,50.96,12.26,P048,EQ018
2025-09-23 20:50:00,15040.78,638.18,3.54,27.08,3.46,1268.93,1026.79,65.88,182.8,43.6,19.32,P036,EQ025
2025-09-23 21:00:00,15801.77,688.55,3.42,25.85,3.34,1280.23,1027.98,66.2,202.65,54.12,18.67,P048,EQ032
2025-09-23 21:10:00,15581.83,581.75,3.55,24.37,3.4,1262.16,1058.94,66.94,216.65,52.42,16.36,P016,EQ039
2025-09-23 21:20:00,13620.72,627.76,3.67,24.0,3.4,1233.34,1097.4,64.26,197.48,46.23,24.58,P025,EQ046
2025-09-23 21:30:00,14978.27,617.88,3.63,26.8,3.86,1245.73,1068.96,68.08,180.71,52.97,10.6,P030,EQ004
2025-09-23 21:40:00,13807.73,621.33,3.35,25.3,3.27,1238.9,1032.72,59.75,197.16,47.3,32.76,P020,EQ011
2025-09-23 21:50:00,15534.28,563.28,3.34,25.08,3.79,1237.98,1119.38,63.66,222.56,44.25,17.29,P025,EQ018
2025-09-23 22:00:00,13106.2,646.72,3.48,23.3,3.04,1217.27,1073.09,62.9,195.74,51.06,31.16,P046,EQ025
2025-09-23 22:10:00,15483.2,561.74,3.65,22.06,3.8,1241.61,1050.35,70.39,216.17,48.71,16.37,P012,EQ032
2025-09-23 22:20:00,14447.27,623.84,3.55,24.87,3.46,1222.41,1057.65,57.93,213.7,56.22,28.18,P023,EQ039
2025-09-23 22:30:00,12860.71,561.06,3.47,25.27,3.38,1270.14,1025.37,55.79,214.49,40.83,28.58,P037,EQ046
2025-09-23 22:40:00,15128.71,582.41,3.33,25.43,3.65,1274.76,1108.88,55.22,191.21,52.8,18.92,P019,EQ004
2025-09-23 22:50:00,15191.38,581.16,3.72,25.44,3.85,1220.97,1025.58,67.87,212.89,49.97,26.26,P041,EQ011
2025-09-23 23:00:00,14001.58,626.6,3.43,24.86,3.34,1247.86,1043.69,61.95,200.27,52.06,22.18,P048,EQ018
2025-09-23 23:10:00,14934.66,567.18,3.94,26.25,3.77,1254.25,1055.74,58.49,194.88,47.66,33.3,P040,EQ025
2025-09-23 23:20:00,15995.88,575.15,3.45,24.08,3.66,1229.13,1049.88,62.77,189.86,49.73,12.87,P005,EQ032
2025-09-23 23:30:00,15675.17,621.79,3.51,24.06,3.48,1263.17,1090.11,53.99,211.23,57.28,21.05,P022,EQ039
2025-09-23 23:40:00,15382.38,618.66,3.77,25.15,3.75,1251.12,1064.63,72.8,179.16,48.61,10.33,P011,EQ046
2025-09-23 23:50:00,15703.35,575.88,3.18,25.77,3.28,1251.09,1051.35,61.04,193.69,53.25,32.44,P005,EQ004
2025-09-24 00:00:00,15119.87,677.94,3.62,23.64,3.41,1248.12,1076.16,59.29,231.97,47.82,22.84,P007,EQ011
2025-09-24 00:10:00,14165.76,617.39,3.83,23.39,4.0,1274.02,1062.26,61.99,175.47,57.16,20.11,P036,EQ018
2025-09-24 00:20:00,13701.33,605.17,3.57,24.7,3.63,1273.47,1070.87,60.34,215.52,49.15,11.8,P019,EQ025
2025-09-24 00:30:00,15255.29,630.91,4.0,25.78,3.82,1208.73,1048.29,68.06,196.33,50.95,32.28,P007,EQ032
2025-09-24 00:40:00,15720.14,605.5,3.35,24.02,3.29,1253.97,1060.37,59.99,212.04,51.13,15.7,P049,EQ039
2025-09-24 00:50:00,14061.69,556.67,3.46,24.44,3.52,1263.93,1095.27,49.58,206.88,57.11,17.5,P018,EQ046
2025-09-24 01:00:00,15196.64,532.99,3.57,25.1,3.45,1274.0,1026.59,60.92,199.77,66.79,26.69,P025,EQ004
2025-09-24 01:10:00,13685.28,568.66,3.89,23.92,3.42,1233.23,1098.39,51.73,211.28,56.21,27.48,P004,EQ011
2025-09-24 01:20:00,13847.32,646.26,3.44,24.96,3.13,1263.83,1067.18,51.27,226.2,55.51,27.63,P017,EQ018
2025-09-24 01:30:00,14169.12,578.96,3.35,23.91,3.91,1219.36,1038.58,56.23,187.62,41.76,30.43,P014,EQ025
2025-09-24 01:40:00,14867.57,572.76,3.58,25.38,3.86,1287.92,1097.71,65.87,206.51,51.85,27.35,P029,EQ032
2025-09-24 01:50:00,13824.34,579.35,3.46,24.92,3.76,1237.54,1058.09,60.36,191.89,51.02,17.2,P048,EQ039
2025-09-24 02:00:00,13084.36,617.19,3.31,25.71,3.23,1254.71,1046.6,61.93,178.48,48.45,34.91,P038,EQ046
2025-09-24 02:10:00,15264.99,588.56,3.66,24.15,3.3,1234.21,1029.25,60.2,221.45,53.96,30.26,P009,EQ004
2025-09-24 02:20:00,15861.44,610.84,3.75,24.93,3.8,1239.59,1095.6,57.94,165.22,60.84,23.4,P019,EQ011
2025-09-24 02:30:00,14270.35,622.82,3.71,24.79,3.79,1245.96,1040.79,60.45,207.61,53.33,26.61,P016,EQ018
2025-09-24 02:40:00,16264.94,588.05,3.62,24.85,4.23,1241.32,1061.58,61.36,200.22,53.93,34.28,P050,EQ025
2025-09-24 02:50:00,15322.42,642.16,3.86,25.24,3.38,1253.11,1081.37,60.18,211.46,50.01,33.36,P010,EQ032
2025-09-24 03:00:00,14999.95,578.59,3.4,26.37,3.37,1216.81,1049.12,65.21,203.04,45.68,20.62,P041,EQ039
2025-09-24 03:10:00,14375.3,571.02,3.45,23.32,3.49,1214.79,1046.24,58.89,189.87,50.45,18.7,P048,EQ046
2025-09-24 03:20:00,14942.62,649.36,3.34,25.61,3.33,1238.56,1009.19,54.9,226.05,52.02,10.74,P047,EQ004
2025-09-24 03:30:00,14794.84,612.88,3.19,25.41,3.25,1273.21,1018.85,51.32,204.14,51.47,26.15,P025,EQ011
2025-09-24 03:40:00,14200.95,621.97,3.28,25.53,3.71,1255.58,1050.38,62.47,225.65,56.1,27.68,P012,EQ018
2025-09-24 03:50:00,14301.04,564.0,3.85,23.89,3.7,1252.47,1061.19,64.59,190.78,49.88,12.91,P013,EQ025
2025-09-24 04:00:00,14717.4,589.41,3.31,23.62,3.76,1257.13,1047.06,63.25,232.18,48.89,20.39,P029,EQ032
2025-09-24 04:10:00,13848.13,628.04,3.61,24.71,3.58,1254.44,1089.7,62.57,199.89,46.19,21.49,P039,EQ039
2025-09-24 04:20:00,15259.74,625.56,3.51,24.11,3.56,1232.29,1035.59,62.15,186.7,49.11,28.66,P027,EQ046
2025-09-24 04:30:00,16193.38,645.18,3.54,24.57,3.52,1274.74,1038.72,61.91,187.59,47.24,20.35,P005,EQ004
2025-09-24 04:40:00,15837.26,600.43,3.35,25.72,3.76,1240.41,1048.75,57.55,185.31,42.44,10.04,P021,EQ011
2025-09-24 04:50:00,14310.18,596.4,3.6,25.25,3.59,1254.35,1045.01,67.63,203.7,51.89,28.67,P016,EQ018
2025-09-24 05:00:00,15380.67,663.21,3.51,24.52,3.1,1248.03,1020.3,65.92,201.86,59.19,16.95,P003,EQ025
2025-09-24 05:10:00,16761.49,621.34,3.49,26.49,3.37,1271.82,1049.19,65.44,196.48,50.55,13.36,P009,EQ032
2025-09-24 05:20:00,15017.39,576.95,3.83,24.82,3.42,1274.14,997.01,61.03,177.3,51.76,13.34,P045,EQ039
2025-09-24 05:30:00,15186.2,634.89,3.43,25.39,3.74,1283.4,1067.25,56.14,218.55,50.05,34.47,P018,EQ046
2025-09-24 05:40:00,14863.93,626.66,3.55,25.0,3.82,1245.4,1071.93,59.55,177.02,46.06,25.34,P035,EQ004
2025-09-24 05:50:00,14984.51,632.71,3.52,23.72,3.28,1231.16,1089.96,66.2,200.8,48.06,10.99,P014,EQ011
2025-09-24 06:00:00,14874.23,613.53,3.89,25.81,3.23,1264.59,1042.45,59.55,191.75,45.24,28.13,P028,EQ018
2025-09-24 06:10:00,15276.97,535.56,3.73,24.6,3.57,1261.97,1007.06,45.73,189.62,51.89,23.84,P027,EQ025
2025-09-24 06:20:00,14034.58,624.01,3.68,24.52,3.39,1250.19,1059.09,53.39,220.84,47.18,22.21,P040,EQ032
2025-09-24 06:30:00,14378.25,581.99,3.53,26.68,3.47,1273.42,1082.32,64.93,220.16,46.17,28.51,P007,EQ039
2025-09-24 06:40:00,14519.1,546.7,3.46,25.71,3.84,1288.5,1080.56,59.87,234.34,47.23,21.86,P029,EQ046
2025-09-24 06:50:00,14821.46,624.97,3.6,24.47,3.5,1243.41,1047.35,61.07,222.85,45.79,25.36,P021,EQ004
2025-09-24 07:00:00,15071.17,595.56,3.64,25.47,3.55,1234.34,1047.53,63.66,196.26,50.18,13.74,P020,EQ011
2025-09-24 07:10:00,15839.78,615.41,3.62,25.1,3.56,1268.11,1075.94,70.76,210.46,57.75,16.9,P026,EQ018
2025-09-24 07:20:00,15657.15,558.57,3.42,25.29,3.35,1249.08,1033.41,73.89,176.82,53.45,13.01,P019,EQ025
2025-09-24 07:30:00,14742.32,636.08,3.67,25.67,3.38,1268.69,1038.55,53.66,195.44,58.09,10.67,P011,EQ032
2025-09-24 07:40:00,13993.8,605.87,3.51,26.8,3.43,1218.3,1065.25,53.57,215.21,54.08,15.28,P050,EQ039
2025-09-24 07:50:00,15161.67,606.11,3.37,23.28,3.49,1219.25,1036.27,64.82,206.42,58.27,31.46,P005,EQ046
2025-09-24 08:00:00,15276.29,577.7,3.4,23.82,3.67,1233.19,1045.55,61.71,201.8,50.5,21.45,P026,EQ004
2025-09-24 08:10:00,14127.5,577.87,3.36,27.1,3.2,1223.52,1048.9,55.19,200.14,43.45,32.7,P028,EQ011
2025-09-24 08:20:00,15848.04,592.39,2.97,25.46,3.78,1250.4,1102.64,69.99,198.52,45.87,32.04,P009,EQ018
2025-09-24 08:30:00,15758.81,585.98,3.38,26.01,3.05,1268.21,1056.72,59.28,189.88,51.79,31.71,P025,EQ025
2025-09-24 08:40:00,17365.45,562.28,3.58,25.07,3.27,1241.79,1007.59,58.81,197.41,50.76,30.34,P008,EQ032
2025-09-24 08:50:00,16086.38,582.97,3.9,24.12,3.59,1221.21,1039.02,57.18,203.98,53.68,23.74,P016,EQ039
2025-09-24 09:00:00,15485.35,570.01,3.59,26.25,3.21,1243.37,1043.35,60.92,191.68,53.56,22.24,P009,EQ046
2025-09-24 09:10:00,15399.8,633.85,3.61,25.12,3.88,1242.02,1030.08,51.25,217.39,40.74,19.49,P005,EQ004
2025-09-24 09:20:00,15667.31,537.16,3.39,25.13,3.24,1262.61,1043.26,59.07,192.85,45.36,24.19,P049,EQ011
2025-09-24 09:30:00,16182.57,594.89,3.73,25.37,3.57,1260.49,1070.74,58.09,168.24,42.86,18.92,P042,EQ018
2025-09-24 09:40:00,16641.04,558.06,3.48,23.63,3.83,1270.34,1013.35,59.01,206.9,48.13,19.53,P040,EQ025
2025-09-24 09:50:00,13601.92,590.75,3.76,25.81,3.55,1235.81,1106.86,61.14,193.58,47.86,25.84,P023,EQ032
2025-09-24 10:00:00,14559.39,617.4,3.73,23.93,3.64,1285.52,1065.53,61.78,172.84,43.37,24.57,P011,EQ039
2025-09-24 10:10:00,13852.18,535.13,3.47,25.07,3.57,1230.93,1038.72,60.11,208.14,45.78,25.98,P032,EQ046
2025-09-24 10:20:00,15271.47,610.87,3.65,24.92,3.38,1251.79,1089.76,60.47,192.7,48.3,27.13,P025,EQ004
2025-09-24 10:30:00,13901.97,608.02,3.61,25.27,3.34,1245.57,1052.4,72.09,234.51,60.7,31.27,P017,EQ011
2025-09-24 10:40:00,16318.56,563.72,3.28,25.49,3.5,1234.99,1021.72,64.25,178.81,45.96,30.3,P020,EQ018
2025-09-24 10:50:00,15214.76,609.43,3.57,25.06,3.48,1276.19,1098.74,52.7,172.32,49.46,25.2,P002,EQ025
2025-09-24 11:00:00,14687.86,585.92,3.27,26.63,3.59,1224.51,1047.29,56.18,208.88,51.14,15.41,P036,EQ032
2025-09-24 11:10:00,14989.72,641.63,3.38,24.46,3.79,1271.28,1071.5,52.57,221.23,50.75,18.08,P012,EQ039
2025-09-24 11:20:00,15122.21,633.41,3.57,24.69,3.57,1252.74,1029.52,68.41,215.81,57.76,28.57,P022,EQ046
2025-09-24 11:30:00,16398.4,640.48,3.34,25.17,3.29,1241.28,1052.92,55.44,168.98,50.75,18.58,P047,EQ004
2025-09-24 11:40:00,13634.65,640.67,3.36,25.64,3.47,1255.88,1027.9,57.33,196.92,50.62,28.05,P014,EQ011
2025-09-24 11:50:00,14618.58,617.51,3.65,25.67,3.45,1263.32,1059.35,55.04,198.82,50.05,30.79,P018,EQ018
2025-09-24 12:00:00,14226.82,622.81,3.62,23.8,3.54,1224.63,1017.07,56.01,186.18,55.52,29.49,P044,EQ025
2025-09-24 12:10:00,15729.13,603.89,3.67,24.68,3.75,1250.04,1034.73,61.97,186.7,48.36,16.4,P036,EQ032
2025-09-24 12:20:00,13395.6,626.43,3.62,24.5,3.49,1231.65,1048.64,53.77,207.71,48.02,19.98,P010,EQ039
2025-09-24 12:30:00,13539.73,590.88,3.92,23.91,3.09,1270.99,1057.77,68.23,153.63,52.87,14.51,P035,EQ046
2025-09-24 12:40:00,14547.35,619.08,3.55,24.49,3.64,1266.42,1114.81,63.84,183.7,50.3,15.72,P001,EQ004
2025-09-24 12:50:00,14257.82,606.84,3.78,24.35,3.43,1275.39,1042.62,63.22,194.39,59.54,17.52,P049,EQ011
2025-09-24 13:00:00,14329.1,638.33,3.54,24.61,3.44,1242.8,1072.76,49.93,180.4,52.91,16.03,P015,EQ018
2025-09-24 13:10:00,15002.05,568.03,3.48,25.0,3.54,1294.66,1077.49,59.47,214.5,56.78,11.65,P024,EQ025
2025-09-24 13:20:00,15597.53,584.43,3.67,26.52,3.32,1225.61,1002.54,54.17,186.2,47.85,16.9,P047,EQ032
2025-09-24 13:30:00,16517.39,580.53,3.4,25.96,3.81,1247.67,1072.81,55.52,204.35,40.85,28.47,P006,EQ039
2025-09-24 13:40:00,15769.21,609.67,3.39,25.67,3.61,1254.65,1061.37,56.26,183.88,57.26,19.34,P031,EQ046
2025-09-24 13:50:00,15240.8,598.2,3.7,26.76,3.45,1248.81,1090.95,55.88,216.91,44.4,17.31,P013,EQ004
2025-09-24 14:00:00,14942.83,609.57,3.32,23.41,3.51,1277.88,1053.6,61.28,188.27,48.69,13.72,P006,EQ011
2025-09-24 14:10:00,15537.99,593.43,3.53,25.57,3.14,1238.05,1055.53,51.65,218.35,56.23,12.86,P045,EQ018
2025-09-24 14:20:00,16224.08,600.52,3.33,24.24,3.44,1207.15,1046.26,57.41,201.18,42.93,29.54,P030,EQ025
2025-09-24 14:30:00,16170.71,594.46,3.36,26.0,3.57,1264.41,1101.25,61.16,172.16,47.2,23.15,P030,EQ032
2025-09-24 14:40:00,14802.54,594.76,3.6,24.04,3.32,1234.0,995.25,63.47,180.69,48.42,24.74,P021,EQ039
2025-09-24 14:50:00,13941.65,578.01,3.45,26.17,3.47,1242.76,1044.3,62.97,196.14,55.55,15.34,P009,EQ046
2025-09-24 15:00:00,15684.75,587.71,3.63,24.18,3.76,1246.78,1003.73,58.36,195.97,46.59,31.87,P001,EQ004
2025-09-24 15:10:00,16406.77,578.32,3.47,24.82,3.07,1274.51,1078.06,54.51,211.17,56.4,17.24,P038,EQ011
2025-09-24 15:20:00,16719.41,568.31,3.47,24.94,3.13,1233.2,1034.23,61.91,179.75,47.91,18.06,P016,EQ018
2025-09-24 15:30:00,15075.44,595.03,3.47,23.84,3.39,1268.88,1024.9,63.41,145.75,57.06,21.02,P042,EQ025
2025-09-24 15:40:00,16197.96,626.73,3.69,25.48,3.15,1208.79,986.7,66.25,187.08,45.02,20.89,P007,EQ032
2025-09-24 15:50:00,15517.75,564.61,3.71,26.52,3.44,1250.13,1073.49,58.44,182.62,47.91,22.85,P004,EQ039
2025-09-24 16:00:00,13692.99,642.34,3.75,23.81,3.72,1246.9,1038.17,52.79,209.07,56.11,27.46,P024,EQ046
2025-09-24 16:10:00,15717.71,581.19,3.7,25.11,3.42,1250.11,1044.35,51.08,201.95,52.98,22.55,P004,EQ004
2025-09-24 16:20:00,15231.71,590.91,3.87,23.5,3.65,1225.68,1024.47,61.29,186.8,46.88,12.5,P045,EQ011
2025-09-24 16:30:00,15842.19,573.82,3.43,25.02,3.57,1242.18,1082.88,56.35,176.2,59.92,23.4,P016,EQ018
2025-09-24 16:40:00,16333.35,636.25,3.98,24.74,3.46,1254.2,1047.91,53.86,208.45,45.73,12.14,P014,EQ025
2025-09-24 16:50:00,16181.17,581.57,3.57,25.08,3.51,1262.28,1077.29,63.72,186.76,46.98,24.56,P021,EQ032
2025-09-24 17:00:00,16360.38,635.85,3.74,24.67,4.05,1240.68,1088.81,59.83,179.09,47.32,12.3,P005,EQ039
2025-09-24 17:10:00,13339.32,597.19,3.61,25.1,3.79,1227.65,1020.61,66.57,192.49,60.2,16.25,P028,EQ046
2025-09-24 17:20:00,13952.94,663.88,3.56,26.39,3.6,1225.48,1065.8,59.19,203.61,49.85,22.03,P027,EQ004
2025-09-24 17:30:00,15634.95,618.53,3.72,25.92,3.31,1250.4,1043.0,58.18,227.98,51.34,14.27,P007,EQ011
2025-09-24 17:40:00,15092.05,586.04,3.42,25.37,3.39,1224.45,1075.9,58.08,205.57,39.19,33.63,P001,EQ018
2025-09-24 17:50:00,16171.92,570.27,3.44,26.79,3.88,1255.99,1044.06,48.72,197.96,50.27,22.15,P036,EQ025
2025-09-24 18:00:00,16172.39,622.91,3.76,24.39,3.7,1244.53,1010.78,59.69,181.05,48.88,11.94,P030,EQ032
2025-09-24 18:10:00,15750.39,652.41,3.35,27.55,3.69,1230.56,1040.49,71.11,196.69,51.75,12.43,P040,EQ039
2025-09-24 18:20:00,15237.75,604.15,3.56,22.72,3.49,1228.31,1083.23,57.4,173.21,49.33,26.78,P041,EQ046
2025-09-24 18:30:00,14559.28,613.17,3.17,25.99,3.4,1234.84,1052.87,60.98,196.67,42.29,23.11,P028,EQ004
2025-09-24 18:40:00,15834.51,594.93,3.55,24.35,3.39,1271.33,1061.63,64.18,187.91,45.98,17.53,P022,EQ011
2025-09-24 18:50:00,14132.28,582.36,3.04,25.03,3.6,1262.12,1066.34,59.45,168.44,53.26,29.02,P004,EQ018
2025-09-24 19:00:00,14122.15,625.94,3.66,24.22,3.5,1274.11,1025.98,61.17,206.18,48.34,20.16,P036,EQ025
2025-09-24 19:10:00,15822.67,642.96,3.65,23.75,3.63,1242.87,1049.33,59.3,211.76,44.67,26.29,P001,EQ032
2025-09-24 19:20:00,15176.25,643.85,3.61,23.85,3.08,1263.15,1091.7,50.04,198.79,52.76,13.57,P028,EQ039
2025-09-24 19:30:00,14425.12,633.33,3.42,26.01,3.19,1242.91,1056.92,50.72,163.75,54.29,30.55,P043,EQ046
2025-09-24 19:40:00,14614.31,596.76,3.7,24.96,3.68,1216.91,1048.31,55.45,207.26,51.23,14.95,P047,EQ004
2025-09-24 19:50:00,15322.3,657.25,3.42,22.3,3.21,1243.07,1091.36,60.59,205.9,49.16,11.8,P017,EQ011
2025-09-24 20:00:00,14412.71,604.84,3.52,24.59,3.7,1241.62,1089.61,60.17,183.35,51.5,14.48,P048,EQ018
2025-09-24 20:10:00,14649.57,618.76,3.6,23.63,3.39,1249.4,1018.48,57.3,202.03,51.02,14.9,P026,EQ025
2025-09-24 20:20:00,13798.9,591.64,3.43,24.31,3.48,1229.14,1058.23,55.04,220.2,48.3,10.83,P012,EQ032
2025-09-24 20:30:00,14331.46,527.37,3.57,24.56,3.67,1212.46,1063.7,59.19,189.29,51.84,14.88,P012,EQ039
2025-09-24 20:40:00,14249.37,657.18,3.95,25.92,3.49,1235.54,1059.65,58.23,200.21,47.35,33.97,P028,EQ046
2025-09-24 20:50:00,16094.77,615.72,3.29,23.39,3.52,1249.71,1072.43,60.2,199.44,55.21,31.86,P042,EQ004
2025-09-24 21:00:00,15511.47,596.31,3.1,24.65,3.22,1266.35,1027.8,62.63,209.97,47.0,27.28,P022,EQ011
2025-09-24 21:10:00,14096.91,607.0,3.49,25.0,3.75,1250.88,1024.74,65.2,181.06,49.73,32.75,P002,EQ018
2025-09-24 21:20:00,14745.9,587.65,3.89,25.43,3.25,1243.67,1065.63,58.81,199.2,53.63,26.88,P009,EQ025
2025-09-24 21:30:00,14547.35,598.79,3.53,22.95,3.85,1228.0,1051.25,57.73,205.35,43.98,14.2,P048,EQ032
2025-09-24 21:40:00,16466.0,593.78,3.32,25.3,3.64,1245.96,1014.15,56.28,202.51,53.57,12.39,P019,EQ039
2025-09-24 21:50:00,17356.33,623.51,3.68,25.22,3.3,1283.62,1070.07,56.51,208.52,52.87,29.71,P002,EQ046
2025-09-24 22:00:00,13656.77,622.7,3.6,25.99,3.22,1247.2,1051.58,63.19,195.97,43.48,20.09,P031,EQ004
2025-09-24 22:10:00,13972.96,662.68,3.52,25.22,3.35,1230.45,1055.44,59.27,198.36,50.16,10.92,P021,EQ011
2025-09-24 22:20:00,16747.47,546.67,3.46,25.84,3.44,1262.21,1081.03,61.62,225.28,52.16,11.88,P021,EQ018
2025-09-24 22:30:00,16705.19,555.66,3.8,25.22,3.63,1226.95,1085.06,57.03,193.11,51.48,28.46,P037,EQ025
2025-09-24 22:40:00,14142.32,603.89,3.41,24.81,3.84,1274.93,1110.99,56.51,192.54,51.66,13.54,P007,EQ032
2025-09-24 22:50:00,14685.53,659.34,3.47,25.07,3.48,1256.04,1102.82,66.41,208.07,48.56,34.58,P026,EQ039
2025-09-24 23:00:00,16598.16,666.6,3.4,25.46,3.47,1230.6,1072.94,65.93,214.62,43.76,20.61,P016,EQ046
2025-09-24 23:10:00,16395.11,581.8,3.65,25.29,3.48,1243.14,1084.87,62.61,209.79,38.4,15.15,P048,EQ004
2025-09-24 23:20:00,13732.86,632.09,3.56,26.4,3.74,1278.04,1077.21,51.92,228.04,47.71,22.98,P009,EQ011
2025-09-24 23:30:00,14255.9,565.63,3.33,23.87,3.26,1233.56,1022.69,65.24,217.73,48.56,13.39,P009,EQ018
2025-09-24 23:40:00,13727.81,583.16,3.28,26.44,3.75,1231.3,1037.32,54.49,192.63,52.11,16.95,P003,EQ025
2025-09-24 23:50:00,14874.92,606.53,3.64,24.98,3.51,1255.6,1029.56,60.07,190.49,58.5,34.78,P015,EQ032
2025-09-25 00:00:00,16348.83,548.52,3.55,23.76,3.44,1235.59,1068.07,69.32,201.32,46.7,31.73,P038,EQ039
2025-09-25 00:10:00,13134.26,586.01,3.22,26.54,3.48,1263.33,1054.23,62.18,208.4,41.63,13.26,P043,EQ046
2025-09-25 00:20:00,14231.79,671.27,3.75,24.4,3.62,1255.62,1094.34,63.32,187.75,56.54,14.4,P024,EQ004
2025-09-25 00:30:00,14853.01,595.72,3.64,23.96,3.52,1226.97,1032.11,57.61,190.52,44.43,19.44,P042,EQ011
2025-09-25 00:40:00,15448.53,606.73,3.38,25.3,3.38,1279.56,1083.23,64.05,218.5,58.43,10.69,P043,EQ018
2025-09-25 00:50:00,13778.01,588.81,3.58,25.42,3.58,1259.96,1070.47,63.89,190.2,53.43,28.48,P049,EQ025
2025-09-25 01:00:00,14523.85,578.67,3.31,24.4,3.12,1248.59,1035.68,54.83,189.47,60.4,11.16,P005,EQ032
2025-09-25 01:10:00,16406.48,609.56,3.6,25.21,3.43,1261.39,1128.8,57.51,202.92,54.96,12.85,P014,EQ039
2025-09-25 01:20:00,12650.47,603.63,3.75,26.19,3.65,1249.94,1020.09,59.38,199.6,52.54,16.4,P020,EQ046
2025-09-25 01:30:00,14256.47,559.43,3.52,24.25,3.8,1256.15,1023.15,54.66,216.56,42.84,15.23,P037,EQ004
2025-09-25 01:40:00,14562.39,536.38,3.62,25.12,3.46,1232.3,1056.88,64.25,217.55,52.57,12.53,P015,EQ011
2025-09-25 01:50:00,14947.94,596.93,3.6,25.33,3.61,1228.82,1020.05,56.19,218.3,46.93,26.04,P024,EQ018
2025-09-25 02:00:00,13729.8,594.69,3.69,25.31,3.13,1253.7,1067.36,69.64,199.65,56.55,14.54,P025,EQ025
2025-09-25 02:10:00,16152.49,590.28,3.61,24.85,3.55,1212.24,1043.93,54.41,181.9,56.64,33.88,P008,EQ032
2025-09-25 02:20:00,13910.43,610.49,3.66,24.68,4.01,1210.26,1062.59,59.13,212.73,45.69,29.92,P011,EQ039
2025-09-25 02:30:00,15464.65,571.69,3.64,24.13,3.65,1246.1,1049.06,55.54,205.99,51.99,16.08,P039,EQ046
2025-09-25 02:40:00,15153.98,637.54,3.33,23.66,3.79,1215.89,1043.35,54.02,197.27,62.27,16.35,P027,EQ004
2025-09-25 02:50:00,15361.62,532.83,3.31,23.32,3.14,1240.52,1052.38,59.55,204.16,53.84,26.98,P022,EQ011
2025-09-25 03:00:00,15259.28,555.94,3.33,24.99,3.19,1260.98,994.11,63.88,217.34,49.72,13.16,P020,EQ018
2025-09-25 03:10:00,15287.57,608.79,3.65,25.0,3.32,1239.53,1058.36,69.45,181.26,52.87,14.64,P026,EQ025
2025-09-25 03:20:00,17480.07,609.8,3.53,25.01,3.57,1236.98,1065.34,56.14,217.69,60.03,17.46,P020,EQ032
2025-09-25 03:30:00,14953.91,607.73,3.5,25.53,3.55,1292.17,1069.07,69.98,180.13,52.12,25.24,P028,EQ039
2025-09-25 03:40:00,13492.41,614.69,3.34,26.94,3.79,1258.86,998.2,48.16,196.32,40.82,29.83,P012,EQ046
2025-09-25 03:50:00,16874.75,576.72,3.67,24.74,3.61,1261.25,1025.27,61.15,239.9,49.47,16.59,P033,EQ004
2025-09-25 04:00:00,14652.33,604.73,3.19,24.88,3.48,1260.21,1089.2,60.9,213.28,52.83,20.75,P013,EQ011
2025-09-25 04:10:00,14770.63,610.25,3.57,23.9,3.4,1234.52,1044.66,58.67,200.26,52.9,16.69,P048,EQ018
2025-09-25 04:20:00,15571.61,585.51,3.55,24.76,3.63,1276.58,1010.64,57.64,203.79,49.16,11.36,P038,EQ025
2025-09-25 04:30:00,15221.11,625.77,3.27,24.2,3.33,1240.91,1097.64,65.54,203.17,49.46,33.77,P016,EQ032
2025-09-25 04:40:00,15213.65,603.96,3.94,26.24,3.6,1279.86,1056.05,68.09,209.06,54.49,20.93,P030,EQ039
2025-09-25 04:50:00,13885.81,570.89,3.36,25.27,2.84,1251.59,1022.38,56.47,195.97,52.44,25.92,P031,EQ046
2025-09-25 05:00:00,15182.95,597.47,3.81,24.76,4.01,1261.2,1028.38,59.45,198.66,59.7,25.63,P016,EQ004
2025-09-25 05:10:00,13900.12,607.26,3.51,23.43,3.73,1252.3,1027.25,58.11,191.18,55.97,16.92,P037,EQ011
2025-09-25 05:20:00,15117.61,600.04,3.39,22.65,3.65,1240.57,1076.43,71.82,212.76,47.42,23.75,P041,EQ018
2025-09-25 05:30:00,13545.19,640.21,3.49,23.94,3.64,1206.34,1070.65,59.96,213.13,50.39,19.01,P040,EQ025
2025-09-25 05:40:00,14288.97,581.55,3.35,23.86,3.38,1249.85,1035.25,66.77,196.02,52.57,21.8,P015,EQ032
2025-09-25 05:50:00,15386.48,602.54,3.49,23.34,3.77,1226.29,1031.16,55.34,172.06,46.34,18.91,P050,EQ039
2025-09-25 06:00:00,15849.09,589.9,3.31,24.16,3.32,1225.81,1032.76,61.96,190.96,49.75,12.3,P045,EQ046
2025-09-25 06:10:00,15306.28,561.28,3.35,24.06,3.2,1262.14,1048.99,67.26,192.77,60.2,14.44,P025,EQ004
2025-09-25 06:20:00,15512.21,512.33,3.82,23.36,3.65,1265.79,1042.01,66.7,205.1,44.9,34.55,P026,EQ011
2025-09-25 06:30:00,14087.61,628.68,3.58,24.37,3.4,1263.99,978.18,55.72,193.18,49.04,19.27,P022,EQ018
2025-09-25 06:40:00,14608.88,595.71,3.25,26.19,3.27,1241.06,1036.77,59.28,197.02,48.46,24.07,P005,EQ025
2025-09-25 06:50:00,15004.06,554.86,3.37,25.01,3.18,1251.67,1026.07,56.09,219.73,45.41,16.69,P049,EQ032
2025-09-25 07:00:00,16035.63,622.84,3.74,24.49,3.7,1225.86,1097.03,57.98,182.37,46.72,32.43,P011,EQ039
2025-09-25 07:10:00,16142.21,662.48,3.47,25.48,3.47,1254.17,1004.86,64.15,172.82,53.27,19.24,P016,EQ046
2025-09-25 07:20:00,14266.67,617.55,3.55,25.5,3.58,1259.72,985.54,56.58,203.79,48.59,31.81,P033,EQ004
2025-09-25 07:30:00,16791.23,575.42,3.46,24.27,3.59,1225.2,1093.88,57.73,207.11,46.26,11.51,P027,EQ011
2025-09-25 07:40:00,14976.05,625.25,3.62,25.71,3.53,1258.42,1092.19,60.18,212.29,53.08,20.41,P007,EQ018
2025-09-25 07:50:00,16251.04,583.87,3.43,26.35,3.5,1295.77,1065.22,57.61,193.18,47.77,16.67,P024,EQ025
2025-09-25 08:00:00,15668.62,542.68,3.53,25.79,3.7,1246.78,1073.83,48.46,189.89,46.46,15.48,P026,EQ032
2025-09-25 08:10:00,15349.3,597.78,3.55,26.25,3.46,1251.1,1022.88,57.02,190.9,44.21,31.22,P045,EQ039
2025-09-25 08:20:00,14366.61,607.81,3.27,25.63,3.37,1263.04,1031.85,62.77,188.98,54.65,19.27,P019,EQ046
2025-09-25 08:30:00,16145.01,570.54,3.45,24.98,3.45,1269.11,1087.65,56.27,211.24,47.31,31.95,P050,EQ004
2025-09-25 08:40:00,15503.96,604.78,3.58,24.8,3.43,1239.72,1078.37,59.83,195.69,54.63,34.81,P018,EQ011
2025-09-25 08:50:00,15020.49,594.51,3.37,26.15,3.44,1271.98,1034.63,61.44,216.21,41.17,33.1,P026,EQ018
2025-09-25 09:00:00,15439.98,690.11,3.54,25.75,3.84,1258.85,1074.31,62.88,198.13,54.42,20.86,P021,EQ025
2025-09-25 09:10:00,14486.59,587.28,3.4,25.7,3.57,1240.16,1081.37,62.62,215.53,44.98,26.67,P022,EQ032
2025-09-25 09:20:00,15684.54,596.75,3.65,23.29,3.43,1210.15,1073.82,56.84,189.54,56.47,15.21,P038,EQ039
2025-09-25 09:30:00,13383.28,615.03,3.16,22.77,3.48,1254.01,1007.11,56.86,217.07,54.73,27.47,P045,EQ046
2025-09-25 09:40:00,14875.21,597.48,3.56,25.24,3.71,1235.29,1049.21,59.46,207.45,48.22,33.15,P009,EQ004
2025-09-25 09:50:00,14728.92,600.76,3.47,24.87,3.28,1261.88,1025.81,66.04,182.04,44.84,29.05,P050,EQ011
2025-09-25 10:00:00,14852.64,617.57,3.21,24.35,3.27,1273.71,1060.84,61.66,220.2,45.57,24.41,P022,EQ018
2025-09-25 10:10:00,14757.49,655.32,3.44,24.33,3.74,1259.06,1039.16,59.68,201.31,54.89,28.7,P010,EQ025
2025-09-25 10:20:00,15131.25,556.45,3.19,25.75,3.35,1238.93,1003.51,57.87,208.83,49.6,17.24,P046,EQ032
2025-09-25 10:30:00,14953.58,581.1,3.32,24.01,3.37,1244.73,1056.38,57.6,182.14,50.26,28.87,P025,EQ039
2025-09-25 10:40:00,15151.27,574.77,3.63,25.33,3.69,1240.44,1102.74,62.38,208.28,56.98,22.35,P038,EQ046
2025-09-25 10:50:00,16817.61,614.9,3.2,26.21,3.32,1211.94,1050.07,58.63,204.89,43.35,13.77,P007,EQ004
2025-09-25 11:00:00,15243.54,576.27,3.51,25.14,3.43,1250.27,1042.62,61.41,172.03,52.21,18.47,P006,EQ011
2025-09-25 11:10:00,14344.99,600.03,3.35,25.87,3.65,1253.38,1032.53,59.47,199.6,52.5,13.92,P030,EQ018
2025-09-25 11:20:00,14861.55,622.78,3.55,24.55,3.75,1219.13,1065.95,69.66,197.27,50.0,31.59,P045,EQ025
2025-09-25 11:30:00,12839.71,588.68,3.15,22.86,3.06,1253.98,1072.46,60.21,185.81,58.07,33.35,P013,EQ032
2025-09-25 11:40:00,13908.35,614.85,3.17,25.09,3.47,1253.56,1014.56,68.62,192.77,47.54,28.62,P036,EQ039
2025-09-25 11:50:00,16374.08,602.87,3.59,24.34,3.67,1259.83,1056.47,66.9,205.3,46.75,33.28,P021,EQ046
2025-09-25 12:00:00,13592.33,628.34,3.22,23.79,3.55,1245.54,1036.62,61.36,194.46,56.55,16.79,P043,EQ004
2025-09-25 12:10:00,14451.77,567.59,3.31,23.97,2.98,1241.39,1051.25,63.65,189.24,52.51,17.17,P036,EQ011
2025-09-25 12:20:00,14507.72,587.2,3.16,25.16,3.64,1248.93,1067.57,61.04,167.31,44.11,18.21,P048,EQ018
2025-09-25 12:30:00,15013.93,623.06,3.56,25.44,3.67,1235.8,1029.68,67.91,204.56,47.44,20.73,P043,EQ025
2025-09-25 12:40:00,14450.59,583.54,3.32,24.05,3.6,1229.1,1049.09,58.24,191.17,53.69,24.44,P027,EQ032
2025-09-25 12:50:00,15226.24,582.69,3.56,24.74,3.46,1267.33,1085.11,66.21,187.16,49.12,29.62,P026,EQ039
2025-09-25 13:00:00,14950.79,614.59,3.96,25.5,3.46,1260.85,1043.69,55.91,208.31,47.26,28.27,P010,EQ046
2025-09-25 13:10:00,15795.11,592.33,3.51,25.68,3.58,1274.32,1061.42,63.16,182.66,49.28,17.4,P031,EQ004
2025-09-25 13:20:00,13497.29,610.04,3.32,25.1,3.63,1236.95,1079.08,55.23,223.16,47.43,24.76,P016,EQ011
2025-09-25 13:30:00,14594.66,583.89,3.25,22.78,3.54,1232.93,1042.85,64.18,209.79,44.1,25.4,P049,EQ018
2025-09-25 13:40:00,14442.57,570.51,3.51,25.08,3.6,1243.56,1050.44,56.26,183.12,52.27,32.24,P035,EQ025
2025-09-25 13:50:00,16463.65,603.48,3.5,25.28,3.62,1232.71,1025.68,52.4,193.91,54.72,29.68,P005,EQ032
2025-09-25 14:00:00,16194.56,599.31,3.44,24.55,3.58,1228.22,1011.45,57.46,199.15,48.57,20.38,P023,EQ039
2025-09-25 14:10:00,15033.24,579.18,3.75,24.93,3.27,1222.0,1023.22,65.24,208.48,49.87,31.51,P044,EQ046
2025-09-25 14:20:00,15640.21,637.48,3.54,27.5,3.22,1234.46,1017.71,68.79,187.05,45.52,33.66,P006,EQ004
2025-09-25 14:30:00,14914.83,613.72,3.51,25.2,3.14,1262.03,1044.22,65.44,222.04,54.24,12.54,P033,EQ011
2025-09-25 14:40:00,15144.42,558.54,3.45,23.03,3.37,1241.99,1028.63,68.42,214.34,45.81,26.39,P045,EQ018
2025-09-25 14:50:00,15912.42,649.3,3.63,25.99,4.0,1252.76,1044.25,67.53,177.21,50.94,21.55,P002,EQ025
2025-09-25 15:00:00,13717.97,595.49,3.48,26.79,3.17,1284.02,1029.24,58.59,176.36,46.23,16.12,P032,EQ032
2025-09-25 15:10:00,15830.77,600.92,3.62,25.0,3.24,1236.45,1030.9,65.88,191.69,58.09,30.16,P031,EQ039
2025-09-25 15:20:00,15068.01,551.54,3.21,24.67,3.27,1236.4,1015.67,58.87,191.86,61.25,13.27,P004,EQ046
2025-09-25 15:30:00,15928.03,629.22,3.54,24.28,3.59,1237.02,1075.86,61.19,190.28,52.71,21.79,P011,EQ004
2025-09-25 15:40:00,14381.72,601.2,3.81,23.9,3.34,1224.95,1043.35,60.68,199.26,47.16,29.38,P050,EQ011
2025-09-25 15:50:00,15809.61,565.68,3.8,24.99,3.52,1238.23,1093.63,67.71,237.3,59.15,10.1,P007,EQ018
2025-09-25 16:00:00,13867.7,615.36,3.17,24.18,3.82,1234.33,1029.96,58.07,207.98,60.21,16.85,P040,EQ025
2025-09-25 16:10:00,15338.13,616.23,3.51,25.11,3.8,1250.81,1054.88,66.06,212.78,48.51,20.59,P031,EQ032
2025-09-25 16:20:00,14890.95,646.66,3.33,25.35,3.42,1272.33,1052.31,55.29,196.89,44.23,33.97,P046,EQ039
2025-09-25 16:30:00,16648.43,601.14,3.56,24.45,3.81,1222.13,1017.66,61.03,226.75,48.0,10.48,P009,EQ046
2025-09-25 16:40:00,13949.26,608.29,3.55,25.69,3.4,1275.7,1026.03,62.71,215.63,55.12,19.66,P018,EQ004
2025-09-25 16:50:00,15281.44,596.63,3.65,25.09,3.56,1237.74,1032.76,58.75,208.55,59.22,24.35,P008,EQ011
2025-09-25 17:00:00,15575.82,644.57,3.75,25.18,3.67,1244.59,1047.15,55.51,200.91,43.37,13.3,P008,EQ018
2025-09-25 17:10:00,14702.34,639.61,3.68,25.37,3.32,1219.61,1046.0,62.71,223.89,55.94,34.48,P026,EQ025
2025-09-25 17:20:00,17272.35,557.86,3.51,26.05,3.26,1268.46,1083.1,65.17,205.55,44.78,29.59,P038,EQ032
2025-09-25 17:30:00,13118.03,624.83,3.15,26.88,3.48,1271.56,1055.65,61.12,194.94,58.18,29.21,P050,EQ039
2025-09-25 17:40:00,16520.54,593.68,3.18,26.03,3.61,1251.84,1069.72,56.52,190.88,47.28,21.05,P012,EQ046
2025-09-25 17:50:00,17044.7,602.74,3.86,24.02,3.33,1245.92,1049.37,64.56,206.61,39.99,18.08,P018,EQ004
2025-09-25 18:00:00,16150.19,652.4,3.66,24.77,3.86,1249.95,1057.39,54.19,220.58,59.06,30.96,P048,EQ011
2025-09-25 18:10:00,16634.3,598.37,3.45,24.27,3.42,1254.61,1050.93,56.56,221.29,47.71,24.45,P041,EQ018
2025-09-25 18:20:00,16034.4,606.75,3.5,26.9,3.14,1266.75,1012.6,58.2,186.3,54.11,14.11,P045,EQ025
2025-09-25 18:30:00,16332.55,608.26,3.43,25.49,3.32,1244.95,1066.16,59.55,204.18,40.76,17.41,P049,EQ032
2025-09-25 18:40:00,13399.57,612.05,3.34,24.17,3.56,1245.09,1046.91,59.81,190.12,42.91,20.14,P013,EQ039
2025-09-25 18:50:00,15205.93,590.58,3.34,26.01,3.62,1220.33,1007.46,49.89,195.0,49.04,24.95,P030,EQ046
2025-09-25 19:00:00,16211.0,562.57,3.68,25.36,3.61,1257.05,1024.55,64.58,186.92,60.6,13.47,P038,EQ004
2025-09-25 19:10:00,15554.16,611.08,3.13,24.64,3.25,1255.44,1028.98,60.76,209.07,46.85,31.51,P038,EQ011
2025-09-25 19:20:00,15698.85,567.42,3.37,23.69,3.7,1245.63,1008.79,58.96,217.07,49.06,25.77,P020,EQ018
2025-09-25 19:30:00,14475.79,610.48,3.71,24.84,3.04,1260.08,1006.13,62.89,193.16,52.35,10.28,P026,EQ025
2025-09-25 19:40:00,15868.61,579.55,3.53,26.45,3.62,1242.91,1058.49,53.93,201.64,49.36,30.52,P017,EQ032
2025-09-25 19:50:00,15599.58,637.67,3.49,23.5,3.61,1238.91,1024.08,52.72,208.43,44.54,22.64,P043,EQ039
2025-09-25 20:00:00,13892.75,651.71,3.27,26.09,3.41,1261.32,1075.69,60.89,187.31,51.7,12.0,P043,EQ046
2025-09-25 20:10:00,15350.23,590.39,3.64,23.34,3.54,1247.63,1074.27,55.64,215.32,56.45,12.75,P042,EQ004
2025-09-25 20:20:00,15243.53,581.62,3.56,25.22,3.55,1251.28,1025.6,56.33,215.44,57.88,20.34,P025,EQ011
2025-09-25 20:30:00,14551.69,586.48,3.67,25.33,3.52,1262.52,1106.6,60.85,188.51,37.37,27.97,P037,EQ018
2025-09-25 20:40:00,14652.42,620.27,3.36,25.97,3.74,1243.28,1102.78,61.17,201.27,59.22,21.5,P040,EQ025
2025-09-25 20:50:00,14605.23,593.46,3.52,23.98,3.47,1239.44,1033.06,65.09,233.69,53.48,20.25,P044,EQ032
2025-09-25 21:00:00,14953.05,590.93,3.57,24.06,3.45,1248.79,1069.2,56.67,178.52,44.27,10.64,P044,EQ039
2025-09-25 21:10:00,13471.9,569.3,3.18,24.44,3.36,1238.08,1057.78,52.46,210.46,46.73,32.23,P015,EQ046
2025-09-25 21:20:00,15790.66,548.05,3.97,25.75,3.62,1270.2,1080.67,52.83,211.18,60.03,15.46,P015,EQ004
2025-09-25 21:30:00,15607.76,621.2,3.46,26.38,3.56,1228.02,1030.81,53.13,200.58,53.38,25.0,P003,EQ011
2025-09-25 21:40:00,13611.43,623.46,3.65,24.4,3.38,1257.27,1056.01,54.52,183.72,50.1,12.62,P025,EQ018
2025-09-25 21:50:00,13226.37,636.07,3.63,26.18,3.77,1278.63,1010.19,61.59,191.02,50.23,12.69,P023,EQ025
2025-09-25 22:00:00,14481.85,605.13,3.25,25.24,3.44,1268.94,1041.42,62.97,207.69,50.95,29.63,P037,EQ032
2025-09-25 22:10:00,14993.56,609.19,3.49,24.08,3.14,1304.37,1033.19,61.31,195.43,51.48,10.69,P026,EQ039
2025-09-25 22:20:00,16390.04,547.65,3.41,23.92,3.18,1269.42,1053.46,62.15,193.58,50.72,29.4,P016,EQ046
2025-09-25 22:30:00,14231.49,650.67,3.47,23.78,3.68,1222.73,1017.49,58.01,184.34,51.55,24.19,P018,EQ004
2025-09-25 22:40:00,14483.05,565.37,3.48,25.31,3.77,1295.97,1088.2,63.29,206.66,50.53,28.28,P003,EQ011
2025-09-25 22:50:00,13058.26,588.11,3.46,25.99,3.65,1254.35,1041.7,63.24,194.56,50.94,29.04,P006,EQ018
2025-09-25 23:00:00,14548.42,663.69,3.35,22.86,3.51,1242.42,1036.63,49.44,213.27,54.53,14.87,P015,EQ025
2025-09-25 23:10:00,16869.54,589.57,3.0,25.76,3.38,1263.79,1017.39,61.3,157.79,46.39,16.8,P018,EQ032
2025-09-25 23:20:00,15446.93,627.62,3.81,22.75,3.44,1247.49,1035.18,58.53,202.87,46.41,15.39,P043,EQ039
2025-09-25 23:30:00,15631.16,607.32,3.52,23.85,3.6,1238.19,1015.5,60.24,215.79,55.32,20.48,P031,EQ046
2025-09-25 23:40:00,15091.66,644.81,3.86,25.03,3.55,1241.59,1068.97,54.64,183.51,49.1,26.42,P014,EQ004
2025-09-25 23:50:00,14889.66,594.4,3.42,25.53,3.81,1259.01,1057.65,56.95,178.26,52.5,33.92,P018,EQ011
2025-09-26 00:00:00,13511.96,582.83,3.35,23.05,3.6,1224.16,1064.87,56.61,186.78,43.04,23.34,P007,EQ018
2025-09-26 00:10:00,15702.99,588.7,3.44,25.82,3.65,1215.51,1061.7,65.57,220.38,49.08,17.04,P037,EQ025
2025-09-26 00:20:00,13777.82,611.0,3.54,27.7,3.28,1241.54,1063.26,54.45,216.79,52.95,23.64,P045,EQ032
2025-09-26 00:30:00,15363.2,557.49,3.58,25.39,3.69,1233.47,1006.63,59.94,185.53,56.24,16.63,P047,EQ039
2025-09-26 00:40:00,13728.97,603.83,3.71,25.01,3.51,1244.73,1024.09,62.01,181.92,40.85,11.55,P005,EQ046
2025-09-26 00:50:00,13565.47,557.98,3.04,23.81,3.31,1233.57,1056.12,48.65,189.15,44.35,31.62,P032,EQ004
2025-09-26 01:00:00,13698.65,609.34,3.39,25.3,3.67,1216.34,1051.45,62.35,171.53,46.83,25.01,P003,EQ011
2025-09-26 01:10:00,15659.69,663.36,3.36,25.69,3.54,1286.44,1051.47,53.36,195.07,52.78,11.85,P017,EQ018
2025-09-26 01:20:00,14033.21,601.01,3.99,23.48,3.66,1278.23,1063.08,61.48,222.88,52.77,32.72,P006,EQ025
2025-09-26 01:30:00,15126.2,642.57,3.38,24.27,3.25,1234.2,1066.25,63.08,173.26,54.06,12.59,P001,EQ032
2025-09-26 01:40:00,13640.32,678.68,3.46,25.25,3.31,1248.24,1019.44,57.84,233.26,48.93,34.38,P038,EQ039
2025-09-26 01:50:00,15630.12,636.24,3.75,24.78,3.55,1216.35,1083.57,54.16,215.38,62.75,26.36,P038,EQ046
2025-09-26 02:00:00,14722.08,599.15,3.39,26.25,3.21,1242.61,1036.41,68.35,185.76,48.25,26.57,P006,EQ004
2025-09-26 02:10:00,16326.27,557.41,3.62,24.15,3.47,1239.96,1076.96,59.24,198.47,51.08,29.29,P004,EQ011
2025-09-26 02:20:00,16541.41,581.9,3.41,24.38,3.34,1273.88,995.68,57.66,210.62,54.63,31.21,P042,EQ018
2025-09-26 02:30:00,15351.43,629.71,3.64,24.42,3.34,1274.15,1027.5,61.58,202.28,47.84,32.47,P011,EQ025
2025-09-26 02:40:00,15812.99,578.82,3.14,25.03,3.95,1256.85,1035.31,67.5,206.73,43.76,32.34,P003,EQ032
2025-09-26 02:50:00,14260.51,648.18,3.14,26.13,3.77,1218.18,1006.19,63.78,219.1,36.93,13.76,P036,EQ039
2025-09-26 03:00:00,14788.43,592.51,3.28,25.06,3.63,1275.87,1033.58,62.69,188.81,36.33,30.77,P027,EQ046
2025-09-26 03:10:00,15598.87,565.15,3.56,25.43,3.28,1251.16,1015.26,56.84,205.59,46.58,31.33,P008,EQ004
2025-09-26 03:20:00,15160.41,627.6,3.38,25.48,3.18,1271.94,1119.16,61.37,194.22,56.09,20.1,P035,EQ011
2025-09-26 03:30:00,14509.61,650.36,3.58,22.3,3.17,1255.64,1096.26,62.46,211.76,57.29,34.98,P048,EQ018
2025-09-26 03:40:00,14564.96,616.51,3.47,25.77,3.56,1273.02,1055.0,61.55,175.82,51.27,34.12,P040,EQ025
2025-09-26 03:50:00,13801.62,615.83,3.53,26.15,3.36,1262.11,1016.34,58.02,181.82,53.92,25.06,P016,EQ032
2025-09-26 04:00:00,15222.65,568.16,3.64,23.92,3.5,1224.57,1115.65,59.49,211.86,42.7,17.3,P008,EQ039
2025-09-26 04:10:00,15851.41,569.84,3.65,23.81,3.68,1304.23,958.69,68.29,195.55,51.2,33.87,P050,EQ046
2025-09-26 04:20:00,15981.27,578.57,3.73,24.01,3.41,1268.33,1070.15,51.91,211.14,41.68,15.01,P033,EQ004
2025-09-26 04:30:00,15030.8,652.93,3.81,25.45,3.01,1255.25,1086.14,55.32,199.17,52.69,32.38,P022,EQ011
2025-09-26 04:40:00,14836.25,600.34,3.39,26.44,3.61,1225.78,1057.98,50.54,199.5,54.39,17.56,P017,EQ018
2025-09-26 04:50:00,15054.33,598.3,2.93,24.75,3.66,1288.4,1096.32,60.66,202.16,44.51,32.2,P004,EQ025
2025-09-26 05:00:00,13688.71,554.64,3.85,25.2,3.45,1266.92,1027.35,59.52,215.46,57.72,15.24,P013,EQ032
2025-09-26 05:10:00,15626.35,595.86,3.47,25.13,3.07,1241.66,1041.52,61.59,190.67,57.59,11.87,P004,EQ039
2025-09-26 05:20:00,13844.1,567.02,3.91,24.5,3.4,1214.72,1010.92,59.56,175.14,47.94,27.38,P037,EQ046
2025-09-26 05:30:00,15265.48,567.72,3.34,23.75,3.76,1247.84,1039.55,63.35,179.75,61.43,34.61,P007,EQ004
2025-09-26 05:40:00,14416.54,628.71,3.41,26.33,3.65,1213.14,1035.79,62.22,210.32,46.15,22.14,P038,EQ011
2025-09-26 05:50:00,14998.37,626.96,3.67,25.43,3.3,1250.48,1044.67,59.4,209.2,41.47,12.49,P035,EQ018
2025-09-26 06:00:00,15258.88,537.65,3.75,25.27,3.34,1204.92,999.36,65.86,225.21,55.31,19.55,P006,EQ025
2025-09-26 06:10:00,13710.47,614.45,3.45,24.5,3.35,1284.67,1024.92,56.75,216.11,48.53,18.1,P031,EQ032
2025-09-26 06:20:00,14061.32,596.83,3.55,24.86,3.4,1237.04,1067.34,52.68,203.08,50.11,12.47,P045,EQ039
2025-09-26 06:30:00,16711.6,572.74,3.27,25.21,3.37,1257.25,1047.04,56.89,187.66,47.83,32.09,P032,EQ046
2025-09-26 06:40:00,15178.78,636.76,3.67,26.92,3.47,1263.28,1066.76,50.52,203.0,54.41,12.9,P009,EQ004
2025-09-26 06:50:00,15551.77,636.38,3.78,26.96,3.59,1248.65,1055.31,62.22,193.58,54.32,29.57,P007,EQ011
2025-09-26 07:00:00,15072.01,615.58,3.3,24.25,3.47,1245.47,1022.07,55.84,206.82,56.62,24.57,P020,EQ018
2025-09-26 07:10:00,15667.45,588.11,4.07,25.95,3.61,1260.97,1053.03,67.49,190.75,49.01,33.16,P002,EQ025
2025-09-26 07:20:00,13791.59,584.13,3.48,25.59,3.31,1240.96,1108.94,64.36,226.45,54.14,34.91,P020,EQ032
2025-09-26 07:30:00,14947.65,541.05,3.54,25.05,3.44,1247.61,1120.92,63.72,195.75,54.51,32.66,P043,EQ039
2025-09-26 07:40:00,13556.75,610.09,3.29,25.48,3.34,1232.57,1058.53,65.95,191.82,56.94,31.69,P011,EQ046
2025-09-26 07:50:00,14871.04,607.37,3.48,26.77,3.27,1276.47,989.64,57.4,194.28,50.45,34.27,P034,EQ004
2025-09-26 08:00:00,13467.76,613.53,3.7,25.27,3.47,1247.6,1003.9,65.2,204.95,50.86,23.89,P042,EQ011
2025-09-26 08:10:00,14464.55,551.61,3.39,24.49,3.54,1236.03,1056.58,60.25,203.57,46.34,12.21,P006,EQ018
2025-09-26 08:20:00,15299.84,560.37,3.47,24.51,3.47,1284.5,1038.43,62.94,192.41,49.32,12.98,P035,EQ025
2025-09-26 08:30:00,15372.42,586.68,3.34,24.16,3.27,1238.53,1066.23,60.1,200.27,47.51,21.48,P041,EQ032
2025-09-26 08:40:00,16413.64,592.51,3.35,26.49,3.44,1228.65,1090.41,62.87,192.74,48.95,17.48,P009,EQ039
2025-09-26 08:50:00,14057.57,624.61,3.56,24.5,3.64,1227.36,1056.66,56.62,187.76,42.23,32.72,P045,EQ046
2025-09-26 09:00:00,12999.09,560.65,3.69,25.7,3.85,1239.0,988.34,64.81,203.15,58.28,11.88,P039,EQ004
2025-09-26 09:10:00,16300.56,610.39,3.48,25.22,3.1,1254.34,994.55,65.52,202.8,51.06,15.33,P028,EQ011
2025-09-26 09:20:00,14140.51,657.5,3.77,23.1,3.43,1236.39,1023.5,67.41,217.48,38.26,21.91,P033,EQ018
2025-09-26 09:30:00,15426.58,600.35,3.63,24.81,3.49,1261.62,1065.73,54.75,197.61,52.46,19.21,P025,EQ025
2025-09-26 09:40:00,14417.37,600.05,3.63,26.17,3.72,1296.13,1059.86,62.83,157.16,49.83,17.36,P028,EQ032
2025-09-26 09:50:00,14284.24,551.32,3.54,24.91,3.77,1254.99,1042.14,59.23,179.75,56.27,14.69,P005,EQ039
2025-09-26 10:00:00,14467.49,559.69,3.43,23.94,3.14,1275.14,1103.65,57.04,206.08,48.07,15.97,P006,EQ046
2025-09-26 10:10:00,15356.78,616.55,3.35,24.14,3.58,1225.96,1067.98,54.39,218.4,51.02,10.94,P041,EQ004
2025-09-26 10:20:00,14673.56,586.85,3.49,26.18,3.65,1250.82,1051.47,64.61,189.17,49.4,22.48,P040,EQ011
2025-09-26 10:30:00,14929.39,555.99,3.54,25.56,3.7,1244.15,1072.51,58.51,205.43,52.79,34.27,P043,EQ018
2025-09-26 10:40:00,14113.43,615.22,3.33,24.73,3.17,1258.38,1090.93,55.02,179.05,46.17,34.65,P008,EQ025
2025-09-26 10:50:00,15835.27,582.81,3.59,24.3,3.41,1248.64,994.19,65.94,220.59,49.11,29.56,P019,EQ032
2025-09-26 11:00:00,15975.61,550.32,3.63,24.22,3.7,1286.03,1093.47,66.59,224.2,52.65,14.23,P042,EQ039
2025-09-26 11:10:00,13076.02,639.97,3.65,25.47,3.39,1254.71,1071.27,55.34,225.97,43.53,13.79,P023,EQ046
2025-09-26 11:20:00,15547.43,591.87,3.37,24.6,3.33,1288.42,1027.44,72.14,193.75,51.48,17.1,P004,EQ004
2025-09-26 11:30:00,16580.07,631.33,3.24,25.47,3.6,1255.38,1001.98,61.71,194.74,52.23,11.9,P016,EQ011
2025-09-26 11:40:00,15214.47,585.24,3.35,24.83,3.68,1294.18,1046.92,56.35,197.31,53.83,12.06,P022,EQ018
2025-09-26 11:50:00,14466.33,595.88,3.53,27.01,3.65,1256.5,1077.33,63.29,218.44,51.86,15.44,P004,EQ025
2025-09-26 12:00:00,14574.01,572.09,3.69,25.14,3.71,1242.6,1071.7,65.81,219.05,46.79,20.27,P043,EQ032
2025-09-26 12:10:00,13050.62,580.82,3.86,25.51,3.42,1230.34,1049.62,51.24,207.9,50.92,20.83,P043,EQ039
2025-09-26 12:20:00,14767.46,559.88,3.86,24.13,3.68,1240.47,1076.3,63.99,186.45,50.24,14.64,P005,EQ046
2025-09-26 12:30:00,14830.84,624.16,3.62,25.04,3.38,1262.49,1049.25,61.95,224.43,52.18,20.16,P017,EQ004
2025-09-26 12:40:00,15954.29,564.84,3.76,26.42,3.2,1262.29,1043.2,58.03,187.36,60.96,30.35,P022,EQ011
2025-09-26 12:50:00,13496.49,617.75,3.24,27.65,3.79,1250.39,1030.21,68.05,217.93,49.96,14.18,P021,EQ018
2025-09-26 13:00:00,15488.65,553.9,3.55,26.02,3.65,1202.09,1083.05,61.15,193.12,47.89,14.39,P042,EQ025
2025-09-26 13:10:00,14871.86,580.53,3.67,25.32,3.65,1248.69,1048.68,60.13,176.62,45.3,22.42,P020,EQ032
2025-09-26 13:20:00,15778.22,614.59,3.16,23.86,4.06,1233.26,1070.88,62.65,213.4,51.61,32.34,P001,EQ039
2025-09-26 13:30:00,12844.08,629.39,3.55,26.04,3.39,1247.66,1061.97,58.76,181.96,53.34,13.47,P024,EQ046
2025-09-26 13:40:00,17006.05,596.66,3.42,25.53,3.61,1276.69,1029.87,62.65,192.37,51.03,17.07,P047,EQ004
2025-09-26 13:50:00,14373.49,638.32,3.52,24.11,3.59,1280.67,1010.06,66.0,170.44,56.28,30.22,P046,EQ011
2025-09-26 14:00:00,14948.56,653.89,3.77,24.79,3.28,1250.51,1075.51,65.97,175.74,51.86,21.66,P035,EQ018
2025-09-26 14:10:00,17015.08,621.33,3.59,25.31,3.56,1292.53,1119.84,62.63,227.81,52.87,24.93,P040,EQ025
2025-09-26 14:20:00,16474.67,603.96,3.29,22.62,3.48,1263.6,1100.94,65.74,214.59,56.95,16.9,P034,EQ032
2025-09-26 14:30:00,14376.32,609.39,3.56,24.32,3.52,1239.4,1016.4,55.75,191.05,53.82,32.87,P023,EQ039
2025-09-26 14:40:00,13831.88,579.92,3.13,25.29,3.67,1223.66,1021.65,56.01,175.99,43.59,20.65,P039,EQ046
2025-09-26 14:50:00,17182.7,589.81,3.44,24.36,3.29,1229.47,1059.53,70.01,190.03,55.16,17.06,P037,EQ004
2025-09-26 15:00:00,13522.38,606.01,3.39,25.57,3.32,1247.31,1032.6,57.02,204.78,48.69,34.55,P039,EQ011
2025-09-26 15:10:00,14456.54,641.52,3.86,24.31,3.43,1268.95,1044.82,56.95,189.02,48.09,15.52,P004,EQ018
2025-09-26 15:20:00,12549.92,612.74,3.25,24.77,3.54,1210.5,982.22,59.03,149.63,52.94,10.77,P007,EQ025
2025-09-26 15:30:00,15950.52,579.17,3.07,24.63,3.4,1278.12,1061.86,61.01,223.82,49.68,24.77,P041,EQ032
2025-09-26 15:40:00,14857.13,608.91,3.3,24.03,3.35,1254.87,1104.44,63.94,204.43,61.58,27.52,P022,EQ039
2025-09-26 15:50:00,15314.19,590.67,3.4,24.41,3.52,1251.42,1079.66,65.43,206.26,57.85,20.82,P023,EQ046
2025-09-26 16:00:00,14839.73,657.33,3.39,25.37,3.57,1284.79,1085.53,73.5,214.62,43.99,33.48,P026,EQ004
2025-09-26 16:10:00,15475.16,645.28,3.18,24.37,3.5,1263.56,1015.61,59.61,192.09,55.03,15.21,P024,EQ011
2025-09-26 16:20:00,13945.72,612.05,3.74,24.75,3.61,1253.63,1028.95,59.01,223.81,56.18,29.46,P019,EQ018
2025-09-26 16:30:00,16564.7,584.15,3.31,26.68,3.82,1251.08,1029.75,60.42,196.41,47.52,32.16,P012,EQ025
2025-09-26 16:40:00,14918.28,597.22,4.07,25.52,3.48,1263.21,1059.94,53.23,192.41,54.03,21.21,P047,EQ032
2025-09-26 16:50:00,13823.46,596.34,3.4,24.84,3.75,1255.67,1046.87,62.78,206.6,42.03,12.16,P010,EQ039
2025-09-26 17:00:00,16309.9,571.17,3.68,26.71,3.77,1241.58,1060.16,50.5,201.52,48.61,19.74,P009,EQ046
2025-09-26 17:10:00,15839.27,616.63,3.28,25.56,3.05,1250.7,1106.29,59.58,185.06,45.96,29.01,P024,EQ004
2025-09-26 17:20:00,14896.57,541.03,3.64,24.19,3.34,1254.9,1017.46,57.37,207.03,48.95,20.13,P002,EQ011
2025-09-26 17:30:00,14892.52,627.61,3.35,25.81,3.42,1235.21,1038.37,53.4,195.84,49.04,16.47,P001,EQ018
2025-09-26 17:40:00,15416.02,527.39,3.58,23.35,3.2,1260.81,1083.03,66.44,194.51,41.87,21.91,P043,EQ025
2025-09-26 17:50:00,15762.3,621.46,3.6,26.29,3.64,1249.7,1079.91,61.58,200.29,57.14,11.07,P019,EQ032
2025-09-26 18:00:00,15744.37,570.43,3.71,22.81,3.39,1221.57,1094.73,67.24,179.99,50.77,31.48,P042,EQ039
2025-09-26 18:10:00,15295.26,625.93,3.47,25.23,3.45,1245.23,983.27,55.27,204.2,40.34,33.02,P008,EQ046
2025-09-26 18:20:00,14727.69,589.86,3.7,25.93,3.39,1240.33,1048.21,56.35,215.53,48.48,30.97,P001,EQ004
2025-09-26 18:30:00,14008.77,624.74,3.4,25.22,3.46,1252.52,1024.06,68.33,202.71,50.79,34.67,P025,EQ011
2025-09-26 18:40:00,15381.56,600.68,3.65,25.62,3.64,1233.63,1034.92,59.13,212.83,44.49,22.73,P027,EQ018
2025-09-26 18:50:00,15789.92,565.28,3.6,25.39,3.73,1235.73,997.32,61.54,232.05,52.77,31.53,P017,EQ025
2025-09-26 19:00:00,14546.42,558.92,3.46,24.43,3.76,1254.43,1083.36,66.54,213.22,51.96,11.01,P045,EQ032
2025-09-26 19:10:00,13792.87,601.03,3.4,24.6,3.58,1238.66,1067.15,62.34,209.65,52.05,22.8,P050,EQ039
2025-09-26 19:20:00,16529.13,608.37,3.56,24.44,3.49,1257.4,1035.8,65.62,222.98,60.94,30.2,P001,EQ046
2025-09-26 19:30:00,15751.95,635.77,3.33,24.17,3.85,1198.24,1027.7,57.95,231.46,53.52,10.09,P041,EQ004
2025-09-26 19:40:00,13396.81,569.83,3.26,25.69,3.72,1303.94,1066.94,59.96,218.41,49.44,34.51,P027,EQ011
2025-09-26 19:50:00,13570.61,608.62,3.45,24.73,3.38,1242.63,1117.19,52.29,191.81,48.42,20.23,P039,EQ018
2025-09-26 20:00:00,14409.37,601.84,3.49,24.62,3.33,1262.61,1046.09,58.76,204.27,48.95,11.47,P018,EQ025
2025-09-26 20:10:00,14483.5,610.49,3.76,25.18,3.28,1245.85,1060.5,65.33,185.44,46.82,34.71,P049,EQ032
2025-09-26 20:20:00,14560.35,618.57,3.32,24.21,3.51,1265.88,1053.33,59.28,208.7,44.82,12.51,P009,EQ039
2025-09-26 20:30:00,13092.59,594.28,3.22,25.5,3.55,1252.38,1015.66,62.59,195.92,53.86,23.41,P001,EQ046
2025-09-26 20:40:00,15285.96,632.7,3.68,25.48,3.78,1287.3,1021.21,64.82,218.69,51.76,21.79,P011,EQ004
2025-09-26 20:50:00,14128.5,641.6,3.27,25.22,3.28,1244.56,1029.76,53.82,218.86,42.06,14.8,P047,EQ011
2025-09-26 21:00:00,16225.3,570.05,3.44,23.45,3.54,1240.21,1064.7,62.89,226.56,56.94,12.78,P023,EQ018
2025-09-26 21:10:00,14542.91,577.98,3.43,23.87,3.48,1247.01,1041.65,60.77,193.88,52.27,31.75,P043,EQ025
2025-09-26 21:20:00,14038.1,616.98,3.33,24.68,3.77,1244.22,1011.85,58.78,207.3,52.0,14.03,P015,EQ032
2025-09-26 21:30:00,14701.49,559.79,3.62,26.09,3.84,1244.92,1042.61,57.88,203.45,51.84,13.57,P010,EQ039
2025-09-26 21:40:00,12754.27,574.29,3.37,26.4,3.54,1240.04,1044.17,61.38,216.19,51.38,14.52,P036,EQ046
2025-09-26 21:50:00,15682.76,589.72,3.75,25.65,3.44,1255.78,1035.25,64.22,211.09,47.63,13.88,P001,EQ004
2025-09-26 22:00:00,16690.12,605.4,3.48,26.73,3.3,1266.26,1027.17,63.19,224.21,49.49,23.4,P031,EQ011
2025-09-26 22:10:00,15157.12,584.07,3.74,23.51,3.93,1260.9,1107.05,63.26,204.32,59.82,18.17,P010,EQ018
2025-09-26 22:20:00,16122.18,655.66,3.83,26.02,3.54,1281.18,1050.24,64.31,175.26,50.42,23.15,P023,EQ025
2025-09-26 22:30:00,15807.45,563.3,3.96,24.28,3.31,1276.49,1070.18,73.15,168.71,49.93,35.0,P038,EQ032
2025-09-26 22:40:00,15214.15,672.52,3.05,26.04,3.66,1253.75,1006.99,54.09,222.88,57.91,24.89,P003,EQ039
2025-09-26 22:50:00,15759.77,582.16,3.49,24.28,3.69,1269.95,1019.64,62.05,211.91,46.17,10.03,P006,EQ046
2025-09-26 23:00:00,14366.19,547.69,3.26,23.46,3.57,1200.98,1098.9,62.52,209.42,36.97,10.98,P049,EQ004
2025-09-26 23:10:00,15920.18,614.8,3.26,25.65,3.44,1256.11,1030.93,56.14,222.53,50.58,23.86,P029,EQ011
2025-09-26 23:20:00,14945.48,550.1,3.68,26.4,3.27,1222.36,1066.35,55.41,210.36,47.89,25.13,P008,EQ018
2025-09-26 23:30:00,14906.13,585.55,3.62,25.0,3.39,1229.79,1057.45,65.94,210.39,45.43,15.7,P007,EQ025
2025-09-26 23:40:00,14352.34,661.32,3.92,23.72,3.52,1251.61,1076.78,60.92,162.3,54.01,27.61,P016,EQ032
2025-09-26 23:50:00,14728.88,588.48,3.46,24.75,3.56,1257.82,1032.79,62.71,202.59,54.48,18.68,P002,EQ039
2025-09-27 00:00:00,16227.02,587.43,3.58,22.91,3.59,1268.06,1048.41,59.57,181.23,53.63,30.65,P050,EQ046
2025-09-27 00:10:00,15007.38,594.06,3.37,24.34,3.66,1266.9,1107.62,58.95,196.87,50.25,17.86,P021,EQ004
2025-09-27 00:20:00,13669.94,557.24,3.48,24.54,3.18,1252.43,1076.64,49.39,170.07,51.76,34.18,P029,EQ011
2025-09-27 00:30:00,15696.34,623.99,3.56,23.42,3.77,1238.67,1077.4,57.86,219.2,48.95,33.19,P011,EQ018
2025-09-27 00:40:00,13810.26,610.47,3.98,26.43,3.76,1249.83,1038.35,72.54,202.23,58.26,29.15,P034,EQ025
2025-09-27 00:50:00,14285.75,575.32,4.11,24.11,2.94,1215.03,1072.32,54.17,197.16,48.3,24.8,P001,EQ032
2025-09-27 01:00:00,16287.02,589.71,3.45,24.78,3.41,1230.21,1036.96,63.86,191.63,53.4,29.79,P028,EQ039
2025-09-27 01:10:00,15467.69,561.57,3.45,25.85,3.56,1244.51,1030.75,61.69,181.31,46.38,17.23,P041,EQ046
2025-09-27 01:20:00,14199.95,574.55,3.2,25.79,3.41,1287.39,1111.28,60.85,212.67,56.8,27.51,P043,EQ004
2025-09-27 01:30:00,15665.84,583.21,3.47,25.67,3.46,1248.77,1023.04,60.9,232.73,50.76,18.98,P032,EQ011
2025-09-27 01:40:00,16040.13,621.07,3.62,22.87,3.17,1226.75,1055.06,54.27,197.65,51.38,23.91,P003,EQ018
2025-09-27 01:50:00,12345.97,586.82,3.47,25.16,3.19,1284.16,990.37,56.52,192.83,56.48,24.97,P030,EQ025
2025-09-27 02:00:00,14783.88,592.72,3.75,22.89,3.28,1278.96,1067.18,49.62,156.06,53.21,23.1,P002,EQ032
2025-09-27 02:10:00,16120.05,651.83,3.74,24.53,3.66,1291.13,1108.65,59.67,225.95,52.37,13.19,P035,EQ039
2025-09-27 02:20:00,14288.2,597.41,3.43,23.69,3.21,1253.53,1082.78,65.4,182.22,46.87,10.43,P005,EQ046
2025-09-27 02:30:00,13531.59,563.38,3.33,25.54,3.46,1253.8,1033.03,51.52,177.51,46.18,10.59,P020,EQ004
2025-09-27 02:40:00,14863.52,646.33,3.52,26.26,3.5,1247.52,1057.76,59.6,194.43,40.58,12.56,P019,EQ011
2025-09-27 02:50:00,15890.47,584.17,3.95,26.44,3.8,1230.96,1055.21,65.49,194.87,52.47,32.75,P046,EQ018
2025-09-27 03:00:00,15480.41,591.44,3.33,25.15,3.44,1245.92,1043.16,65.68,199.4,47.93,33.58,P016,EQ025
2025-09-27 03:10:00,15830.83,601.72,3.65,25.15,3.47,1270.34,1052.62,61.6,209.09,42.72,17.53,P040,EQ032
2025-09-27 03:20:00,13996.37,627.36,3.66,24.69,3.74,1256.22,1055.65,59.27,217.77,56.86,18.32,P049,EQ039
2025-09-27 03:30:00,13096.72,563.82,3.56,26.82,3.39,1235.82,1039.22,64.98,187.23,49.33,13.16,P049,EQ046
2025-09-27 03:40:00,13371.26,630.29,3.63,24.44,3.3,1284.07,956.0,59.66,194.55,35.98,22.76,P007,EQ004
2025-09-27 03:50:00,14828.26,600.33,3.59,25.81,3.45,1253.36,1055.69,55.86,213.09,48.79,33.25,P017,EQ011
2025-09-27 04:00:00,13483.01,584.35,3.69,24.79,3.68,1262.41,1060.8,57.98,217.16,52.66,17.2,P036,EQ018
2025-09-27 04:10:00,14778.53,557.99,3.61,26.38,3.37,1251.72,1043.11,57.79,212.17,49.87,20.25,P030,EQ025
2025-09-27 04:20:00,14869.29,598.27,3.64,23.46,3.67,1197.33,1052.89,58.25,216.73,49.46,17.2,P041,EQ032
2025-09-27 04:30:00,13049.3,626.42,3.61,25.87,3.61,1241.38,1035.41,57.5,190.38,49.47,13.22,P003,EQ039
2025-09-27 04:40:00,14069.17,587.94,3.75,26.49,3.28,1246.2,1068.82,68.59,208.02,44.99,14.38,P042,EQ046
2025-09-27 04:50:00,15132.55,611.14,3.9,24.87,3.99,1242.19,1015.53,51.96,196.09,51.41,22.75,P036,EQ004
2025-09-27 05:00:00,15538.82,564.82,3.59,25.43,3.72,1246.76,1129.3,68.27,210.86,59.88,33.16,P015,EQ011
2025-09-27 05:10:00,13786.68,595.45,3.53,24.57,3.19,1237.58,1041.52,69.35,187.73,51.13,10.56,P015,EQ018
2025-09-27 05:20:00,14000.79,627.51,3.37,24.92,3.05,1249.44,1069.55,60.19,197.85,50.71,28.9,P032,EQ025
2025-09-27 05:30:00,14953.51,600.98,3.26,25.24,3.39,1233.12,1063.68,63.04,192.98,43.44,34.53,P036,EQ032
2025-09-27 05:40:00,15512.55,600.98,3.31,26.61,3.2,1284.91,1078.02,67.09,232.09,51.62,26.06,P002,EQ039
2025-09-27 05:50:00,16684.23,597.95,3.31,23.41,3.67,1239.03,1074.97,64.79,181.16,50.11,26.84,P015,EQ046
2025-09-27 06:00:00,16801.6,604.43,3.59,25.46,2.94,1255.15,1093.21,71.91,198.46,52.8,21.62,P038,EQ004
2025-09-27 06:10:00,15547.14,640.24,3.36,25.48,3.3,1237.79,1046.3,56.49,208.12,44.9,29.33,P043,EQ011
2025-09-27 06:20:00,16841.7,627.83,3.31,24.38,3.63,1268.93,994.16,59.4,179.48,44.92,13.65,P015,EQ018
2025-09-27 06:30:00,16580.85,596.74,3.6,26.75,3.81,1236.32,1059.13,68.09,185.42,47.72,30.6,P040,EQ025
2025-09-27 06:40:00,16346.34,536.65,3.59,24.68,3.28,1227.57,1011.27,66.78,202.33,50.26,28.13,P046,EQ032
2025-09-27 06:50:00,15007.13,560.13,3.49,25.1,3.66,1247.34,1079.56,58.5,226.36,48.25,21.12,P016,EQ039
2025-09-27 07:00:00,15000.69,587.83,3.58,26.07,3.38,1239.3,1050.77,68.14,192.34,50.64,30.55,P026,EQ046
2025-09-27 07:10:00,15108.86,674.29,3.55,24.37,3.45,1208.52,995.19,65.2,206.27,49.97,24.91,P001,EQ004
2025-09-27 07:20:00,16682.67,618.56,3.3,25.39,3.59,1286.24,1039.2,59.96,191.3,48.59,17.97,P022,EQ011
2025-09-27 07:30:00,14198.72,667.51,3.71,24.19,3.56,1257.05,1013.47,54.46,163.94,49.85,23.81,P023,EQ018
2025-09-27 07:40:00,13154.48,599.05,3.27,25.02,3.79,1252.31,1065.56,57.83,191.89,52.8,32.87,P024,EQ025
2025-09-27 07:50:00,15625.03,601.54,3.3,25.66,3.45,1217.74,1069.09,62.51,195.97,45.65,24.81,P020,EQ032
2025-09-27 08:00:00,14818.53,597.99,3.65,21.81,3.15,1256.0,1014.99,62.66,209.14,42.65,27.45,P002,EQ039
2025-09-27 08:10:00,14382.64,604.18,3.35,26.81,3.49,1228.36,1022.9,60.18,180.96,55.72,23.62,P018,EQ046
2025-09-27 08:20:00,15289.14,583.07,3.78,24.66,3.44,1219.86,1040.81,56.93,189.53,59.96,14.66,P048,EQ004
2025-09-27 08:30:00,14896.73,548.04,3.68,25.93,3.95,1230.84,1041.16,66.46,192.94,54.98,10.02,P027,EQ011
2025-09-27 08:40:00,15567.1,591.12,3.32,24.61,3.39,1266.67,1007.56,57.74,178.79,44.68,25.07,P028,EQ018
2025-09-27 08:50:00,15492.57,550.25,3.84,24.19,3.72,1225.25,1038.66,52.72,216.63,53.43,24.16,P004,EQ025
2025-09-27 09:00:00,15772.49,563.0,3.64,24.42,3.65,1246.35,1027.37,59.51,167.44,48.33,27.24,P023,EQ032
2025-09-27 09:10:00,15142.45,592.19,3.59,25.95,3.51,1263.84,1033.94,68.26,215.82,42.21,32.35,P034,EQ039
2025-09-27 09:20:00,15711.89,593.29,3.69,23.93,3.85,1223.0,1013.22,56.84,171.95,48.75,25.19,P035,EQ046
2025-09-27 09:30:00,14653.3,566.37,3.24,24.73,3.79,1264.27,1045.13,65.9,204.26,45.69,20.73,P025,EQ004
2025-09-27 09:40:00,15671.24,567.87,3.73,25.49,3.65,1217.61,1050.47,64.47,214.89,40.25,11.67,P004,EQ011
2025-09-27 09:50:00,14934.95,643.65,3.54,25.62,3.33,1218.21,1065.84,57.84,190.61,51.62,19.71,P027,EQ018
2025-09-27 10:00:00,14015.55,548.53,3.28,24.97,3.55,1254.06,1023.93,63.83,177.1,59.64,21.49,P015,EQ025
2025-09-27 10:10:00,15695.28,592.0,3.28,25.28,3.75,1253.98,1080.82,62.62,201.03,46.57,21.31,P018,EQ032
2025-09-27 10:20:00,16589.84,613.05,3.82,24.55,3.75,1246.62,1045.91,56.97,197.79,43.56,19.28,P003,EQ039
2025-09-27 10:30:00,14874.73,542.63,3.58,26.22,3.37,1240.94,991.79,64.37,161.29,50.86,12.07,P021,EQ046
2025-09-27 10:40:00,15554.74,640.13,3.43,26.09,3.29,1271.61,1061.16,62.36,201.57,44.56,13.6,P027,EQ004
2025-09-27 10:50:00,15135.57,591.47,3.35,24.73,3.51,1251.18,1090.71,59.53,211.26,46.31,12.33,P015,EQ011
2025-09-27 11:00:00,13343.55,599.98,3.52,26.4,3.6,1245.0,1077.59,53.22,213.69,38.3,20.46,P036,EQ018
2025-09-27 11:10:00,15641.09,606.15,3.48,23.22,3.47,1250.79,1055.33,58.57,198.65,45.44,11.73,P038,EQ025
2025-09-27 11:20:00,14761.7,660.04,3.32,22.74,3.45,1262.28,1109.28,68.52,200.17,48.8,32.47,P004,EQ032
2025-09-27 11:30:00,13747.78,601.09,3.2,25.71,3.54,1247.43,1055.43,60.47,186.82,52.62,13.5,P015,EQ039
2025-09-27 11:40:00,14669.62,568.55,3.65,24.86,3.68,1228.63,1043.25,58.87,197.75,48.16,25.88,P033,EQ046
2025-09-27 11:50:00,12810.33,602.04,3.39,25.12,3.88,1243.16,1111.33,63.16,185.94,50.86,17.01,P031,EQ004
2025-09-27 12:00:00,16996.15,632.71,3.66,25.45,3.43,1243.11,1044.84,62.74,220.12,56.36,28.07,P040,EQ011
2025-09-27 12:10:00,14724.73,585.39,3.57,26.08,3.59,1263.85,1058.35,65.74,200.64,47.08,25.34,P041,EQ018
2025-09-27 12:20:00,15957.59,664.12,3.71,24.4,3.2,1262.92,1036.95,56.8,218.06,55.8,25.32,P026,EQ025
2025-09-27 12:30:00,13760.57,613.08,3.54,23.64,3.72,1239.48,1043.45,62.23,179.25,51.47,17.39,P020,EQ032
2025-09-27 12:40:00,15336.54,614.07,3.36,23.61,3.56,1261.35,1058.37,63.65,205.7,48.29,21.5,P032,EQ039
2025-09-27 12:50:00,15820.96,647.23,3.55,25.5,3.92,1257.81,1078.74,61.21,208.46,56.49,31.49,P012,EQ046
2025-09-27 13:00:00,13298.78,594.18,3.5,24.34,3.8,1233.32,1035.15,61.2,236.91,58.48,18.08,P001,EQ004
2025-09-27 13:10:00,14901.78,628.24,3.36,24.61,3.63,1231.03,1048.72,65.34,220.19,48.08,23.29,P044,EQ011
2025-09-27 13:20:00,13776.53,564.91,3.26,25.64,3.44,1242.19,1051.76,65.61,211.09,50.18,14.6,P048,EQ018
2025-09-27 13:30:00,16333.9,539.96,3.52,24.0,3.6,1248.63,1023.44,50.0,218.24,39.14,13.52,P017,EQ025
2025-09-27 13:40:00,15006.8,590.34,3.61,24.83,3.87,1237.87,1109.78,60.99,210.46,53.2,14.35,P020,EQ032
2025-09-27 13:50:00,14334.57,581.18,3.44,25.71,3.47,1218.85,1043.35,54.75,205.53,56.18,22.81,P050,EQ039
2025-09-27 14:00:00,15555.81,618.16,3.5,24.01,3.36,1240.1,999.33,55.04,202.66,46.35,10.8,P006,EQ046
2025-09-27 14:10:00,14151.07,556.51,3.49,23.42,3.17,1209.13,1101.17,56.91,178.75,48.95,21.36,P009,EQ004
2025-09-27 14:20:00,16454.78,598.73,3.41,26.53,3.5,1225.68,1012.61,60.16,216.54,46.68,17.7,P047,EQ011
2025-09-27 14:30:00,15152.26,603.76,3.68,25.93,3.87,1273.35,1032.52,57.41,169.11,66.14,18.27,P016,EQ018
2025-09-27 14:40:00,14490.99,645.25,3.43,22.92,3.53,1265.17,1037.0,58.58,190.21,55.19,33.56,P026,EQ025
2025-09-27 14:50:00,16304.51,626.31,3.49,24.41,3.39,1255.0,1064.21,60.5,201.82,46.23,25.01,P021,EQ032
2025-09-27 15:00:00,15762.64,633.33,3.39,23.77,3.74,1251.27,1041.97,50.49,175.55,51.67,23.36,P021,EQ039
2025-09-27 15:10:00,13743.78,657.05,3.41,24.02,3.36,1276.56,985.53,56.66,200.26,57.01,21.46,P038,EQ046
2025-09-27 15:20:00,13931.99,620.78,3.58,26.78,3.54,1259.42,1059.41,58.56,210.49,60.01,33.2,P025,EQ004
2025-09-27 15:30:00,14790.98,632.4,3.58,24.11,3.43,1255.04,1065.27,55.9,207.22,52.57,14.35,P032,EQ011
2025-09-27 15:40:00,14843.62,590.59,3.44,23.15,2.97,1239.44,987.34,67.46,235.94,51.99,24.08,P025,EQ018
2025-09-27 15:50:00,16529.09,592.15,3.54,25.77,3.88,1221.81,1059.02,57.79,211.8,54.71,10.37,P018,EQ025
2025-09-27 16:00:00,16065.17,648.87,3.25,25.01,3.39,1268.03,1030.52,62.5,186.6,45.94,14.11,P029,EQ032
2025-09-27 16:10:00,13947.85,605.69,3.74,27.03,3.39,1284.3,1051.7,52.6,174.99,44.01,11.54,P049,EQ039
2025-09-27 16:20:00,15853.72,509.95,3.5,24.07,3.42,1232.01,1072.2,62.14,207.92,47.88,15.32,P043,EQ046
2025-09-27 16:30:00,16036.38,680.58,3.66,26.23,3.67,1258.21,1070.99,59.99,191.4,59.03,13.61,P022,EQ004
2025-09-27 16:40:00,14879.06,587.79,3.8,26.56,3.78,1230.09,1092.27,54.53,212.74,56.02,26.89,P019,EQ011
2025-09-27 16:50:00,16542.55,605.26,3.24,25.34,3.29,1244.66,1042.84,58.49,179.23,50.85,18.97,P015,EQ018
2025-09-27 17:00:00,15426.33,623.01,3.17,23.92,3.25,1246.59,1011.05,49.78,212.52,54.41,31.21,P021,EQ025
2025-09-27 17:10:00,13803.27,635.86,3.41,24.73,3.51,1230.19,1066.51,57.6,184.14,58.44,26.0,P009,EQ032
2025-09-27 17:20:00,14547.55,626.35,3.57,24.64,3.35,1240.0,1008.73,55.22,210.23,53.37,23.13,P015,EQ039
2025-09-27 17:30:00,15459.06,637.15,3.59,26.09,3.56,1232.57,1070.27,59.9,196.3,52.73,11.15,P002,EQ046
2025-09-27 17:40:00,15180.64,630.87,3.45,25.32,3.54,1243.63,1091.08,63.41,212.36,53.44,32.79,P009,EQ004
2025-09-27 17:50:00,14910.79,584.54,3.55,24.92,3.57,1259.4,1072.49,54.49,222.84,44.88,25.13,P026,EQ011
2025-09-27 18:00:00,14731.13,625.42,3.34,24.12,3.64,1225.94,1088.31,61.76,187.97,52.1,14.6,P045,EQ018
2025-09-27 18:10:00,14706.38,616.16,3.37,24.93,3.85,1258.17,1078.13,59.63,184.29,47.33,25.43,P006,EQ025
2025-09-27 18:20:00,15467.96,641.68,3.58,26.64,3.68,1239.96,978.26,68.12,188.35,51.32,21.07,P007,EQ032
2025-09-27 18:30:00,14707.33,526.73,3.25,25.73,3.47,1229.07,1011.39,53.01,211.82,49.25,22.13,P011,EQ039
2025-09-27 18:40:00,13679.35,642.98,3.39,24.41,3.45,1258.48,990.21,53.03,202.66,46.42,25.01,P009,EQ046
2025-09-27 18:50:00,15397.2,651.74,3.48,24.4,3.38,1281.91,1071.34,59.79,201.27,52.86,10.66,P006,EQ004
2025-09-27 19:00:00,15975.12,598.68,3.61,24.89,3.24,1227.7,1058.89,60.79,232.12,49.37,20.18,P035,EQ011
2025-09-27 19:10:00,16465.59,584.85,3.66,24.87,3.71,1244.49,1076.89,59.0,207.03,54.79,33.19,P012,EQ018
2025-09-27 19:20:00,13830.33,595.33,3.7,25.97,3.5,1259.26,1000.57,74.19,197.77,45.03,32.63,P023,EQ025
2025-09-27 19:30:00,15424.72,600.06,3.5,23.63,3.39,1267.24,1083.59,61.78,209.89,47.21,27.11,P038,EQ032
2025-09-27 19:40:00,14560.29,541.76,3.48,24.43,3.68,1259.68,998.57,68.54,194.93,55.48,14.4,P026,EQ039
2025-09-27 19:50:00,14590.36,575.89,3.49,23.43,3.52,1239.62,1055.42,45.63,200.41,57.68,19.56,P014,EQ046
2025-09-27 20:00:00,15711.76,550.81,3.5,24.86,3.57,1241.76,1068.78,61.54,189.61,46.2,21.87,P001,EQ004
2025-09-27 20:10:00,15551.04,587.29,3.58,24.91,3.75,1261.39,1074.22,60.16,179.99,51.82,19.91,P009,EQ011
2025-09-27 20:20:00,14503.93,660.61,3.34,25.23,3.75,1237.49,1032.87,58.66,202.0,53.01,30.49,P049,EQ018
2025-09-27 20:30:00,13601.5,607.09,3.7,26.05,3.68,1262.11,1037.45,54.6,189.96,51.63,10.83,P014,EQ025
2025-09-27 20:40:00,14080.97,595.51,3.73,25.41,3.22,1270.15,1067.05,61.37,209.54,54.44,13.03,P015,EQ032
2025-09-27 20:50:00,13933.15,596.86,3.66,27.15,3.14,1250.29,1032.57,66.06,217.49,50.38,24.66,P033,EQ039
2025-09-27 21:00:00,16405.8,669.6,3.4,24.37,3.51,1270.76,1047.02,56.46,192.62,44.68,11.13,P035,EQ046
2025-09-27 21:10:00,15540.91,602.43,3.32,25.42,3.69,1274.16,1024.35,58.01,175.67,56.41,29.51,P023,EQ004
2025-09-27 21:20:00,14970.53,618.29,3.5,25.59,3.45,1244.26,1061.63,58.12,184.8,50.94,10.19,P010,EQ011
2025-09-27 21:30:00,15523.9,606.03,3.44,26.11,3.47,1234.99,1064.68,51.83,185.3,46.74,11.13,P007,EQ018
2025-09-27 21:40:00,13447.74,561.89,3.23,23.55,3.36,1245.92,1101.67,51.44,189.75,45.8,26.79,P004,EQ025
2025-09-27 21:50:00,14769.35,601.6,3.39,25.23,3.55,1215.61,1072.39,61.6,232.71,46.78,12.66,P016,EQ032
2025-09-27 22:00:00,14451.05,636.8,3.3,25.04,3.39,1274.15,1074.78,66.48,211.37,44.89,26.07,P014,EQ039
2025-09-27 22:10:00,14234.1,587.88,3.64,23.89,3.8,1239.98,1031.31,64.24,207.43,50.61,19.34,P015,EQ046
2025-09-27 22:20:00,15043.84,598.07,3.61,23.56,3.22,1280.28,1023.35,61.85,189.2,53.56,22.24,P032,EQ004
2025-09-27 22:30:00,14774.28,638.59,3.25,26.83,3.1,1247.94,1065.54,64.48,208.24,36.23,12.12,P004,EQ011
2025-09-27 22:40:00,16258.1,602.93,2.92,26.48,3.23,1262.31,1074.81,58.33,211.76,56.84,10.05,P042,EQ018
2025-09-27 22:50:00,14809.03,568.41,3.46,26.03,3.49,1232.38,1029.04,57.14,195.95,42.42,10.54,P046,EQ025
2025-09-27 23:00:00,15312.88,646.94,3.42,24.83,3.45,1328.16,1110.74,59.39,205.87,49.27,24.54,P022,EQ032
2025-09-27 23:10:00,13896.07,570.35,3.41,23.96,3.94,1226.77,1044.18,59.79,185.06,55.81,20.76,P025,EQ039
2025-09-27 23:20:00,14309.9,627.56,3.32,24.88,3.56,1238.65,1061.33,52.63,190.57,48.45,13.66,P022,EQ046
2025-09-27 23:30:00,15350.04,636.82,3.78,25.26,3.32,1216.52,1057.12,63.49,217.52,50.81,19.41,P046,EQ004
2025-09-27 23:40:00,15741.32,586.16,3.46,25.23,3.41,1213.41,1071.89,62.74,188.46,52.61,26.93,P045,EQ011
2025-09-27 23:50:00,14317.94,580.23,3.67,25.42,3.74,1236.4,1004.46,57.39,190.04,47.26,22.31,P033,EQ018
2025-09-28 00:00:00,16026.81,616.5,3.34,24.73,3.54,1247.52,1039.77,56.33,222.56,48.16,28.5,P023,EQ025
2025-09-28 00:10:00,15686.96,643.55,3.61,25.36,3.37,1259.33,1065.54,66.79,185.0,38.35,34.25,P020,EQ032
2025-09-28 00:20:00,14700.75,670.13,3.4,25.7,3.72,1296.13,994.92,54.93,195.71,53.32,10.06,P029,EQ039
2025-09-28 00:30:00,14870.15,579.37,3.55,24.13,3.17,1255.8,1038.91,64.69,189.31,57.01,24.48,P040,EQ046
2025-09-28 00:40:00,17225.93,620.06,3.56,22.83,3.49,1235.75,1017.37,60.7,205.06,50.41,30.3,P010,EQ004
2025-09-28 00:50:00,14658.16,591.19,3.28,25.72,3.64,1228.37,1033.2,46.71,198.6,53.2,15.67,P019,EQ011
2025-09-28 01:00:00,15091.98,589.07,3.4,25.59,3.55,1270.96,1073.47,63.92,226.25,52.99,29.85,P023,EQ018
2025-09-28 01:10:00,14742.81,593.47,3.37,24.39,3.76,1238.61,1060.32,52.16,187.82,52.06,28.17,P014,EQ025
2025-09-28 01:20:00,15271.18,560.59,3.54,23.88,3.76,1262.2,1055.44,59.35,198.66,51.61,13.42,P015,EQ032
2025-09-28 01:30:00,16117.92,535.42,3.5,23.59,3.15,1237.02,1089.0,65.38,205.41,50.45,12.07,P025,EQ039
2025-09-28 01:40:00,17311.78,576.26,3.41,25.49,3.53,1216.99,1071.81,57.52,215.9,48.75,26.27,P030,EQ046
2025-09-28 01:50:00,13922.47,624.23,2.9,24.1,3.15,1259.31,1061.84,57.88,194.04,45.56,21.64,P035,EQ004
2025-09-28 02:00:00,16267.46,586.83,3.51,26.16,3.56,1243.75,1022.32,55.35,186.18,49.6,29.21,P019,EQ011
2025-09-28 02:10:00,15646.38,593.96,3.52,24.77,3.44,1244.01,1053.86,61.56,223.41,47.84,18.29,P019,EQ018
2025-09-28 02:20:00,13525.25,550.74,3.65,24.45,3.52,1290.67,1052.76,62.54,197.46,44.74,21.03,P019,EQ025
2025-09-28 02:30:00,15064.98,597.37,3.43,24.45,3.8,1256.06,1012.29,57.06,180.1,56.01,30.95,P029,EQ032
2025-09-28 02:40:00,14287.16,615.08,3.44,25.73,3.33,1290.61,1030.86,57.86,217.33,48.17,10.32,P048,EQ039
2025-09-28 02:50:00,13042.83,648.7,3.64,25.23,3.67,1249.56,1077.2,62.73,200.87,57.86,12.96,P019,EQ046
2025-09-28 03:00:00,15236.48,589.03,3.58,25.35,3.39,1224.94,1051.05,60.85,181.71,44.45,33.62,P023,EQ004
2025-09-28 03:10:00,14724.78,575.19,3.61,24.08,3.36,1248.45,1017.49,57.48,204.91,51.14,14.9,P040,EQ011
2025-09-28 03:20:00,16424.43,603.54,3.51,23.15,3.61,1213.79,1058.59,54.85,183.71,50.93,27.48,P007,EQ018
2025-09-28 03:30:00,15251.09,584.05,3.62,25.11,3.41,1257.01,1099.36,61.67,191.37,48.86,33.0,P043,EQ025
2025-09-28 03:40:00,16955.01,602.07,3.82,25.68,3.73,1250.63,1017.47,58.81,211.42,47.31,21.28,P032,EQ032
2025-09-28 03:50:00,14508.3,600.68,3.41,26.45,3.6,1270.36,1033.99,56.3,180.26,50.35,20.7,P027,EQ039
2025-09-28 04:00:00,16141.35,635.56,3.43,25.28,3.37,1254.76,1041.34,54.09,178.9,51.06,27.79,P022,EQ046
2025-09-28 04:10:00,12536.73,539.31,3.67,25.55,3.19,1253.14,1019.31,53.35,218.79,47.38,11.46,P012,EQ004
2025-09-28 04:20:00,12594.03,602.54,3.42,24.4,3.46,1281.21,1038.7,68.98,179.15,55.42,26.47,P042,EQ011
2025-09-28 04:30:00,16734.58,597.05,4.01,25.74,3.32,1259.83,1038.51,56.75,184.54,53.42,32.41,P027,EQ018
2025-09-28 04:40:00,13678.51,565.25,3.37,25.1,3.67,1306.55,1031.96,63.28,180.54,48.49,11.67,P002,EQ025
2025-09-28 04:50:00,14360.41,566.01,3.42,26.19,3.54,1245.63,1056.2,52.39,186.38,57.71,29.59,P011,EQ032
2025-09-28 05:00:00,16049.41,627.15,3.66,24.65,3.72,1244.78,936.52,65.04,184.7,43.98,23.84,P045,EQ039
2025-09-28 05:10:00,15866.44,593.07,3.5,24.4,3.6,1248.54,1010.49,57.53,205.51,50.32,26.2,P031,EQ046
2025-09-28 05:20:00,17103.39,669.86,3.86,26.84,3.86,1241.62,1003.26,58.8,189.13,51.58,23.69,P027,EQ004
2025-09-28 05:30:00,13045.84,590.29,3.4,26.03,3.46,1238.78,1050.41,70.16,196.72,39.5,26.55,P047,EQ011
2025-09-28 05:40:00,15647.2,585.41,3.45,25.09,3.3,1244.55,1058.99,51.82,210.98,54.44,25.62,P010,EQ018
2025-09-28 05:50:00,15773.98,584.7,3.64,25.49,3.57,1259.68,1007.7,59.58,225.79,43.9,13.3,P005,EQ025
2025-09-28 06:00:00,13884.33,607.37,3.85,26.06,3.89,1260.32,1017.24,62.19,185.24,54.2,26.88,P026,EQ032
2025-09-28 06:10:00,14209.95,591.43,3.05,24.66,3.62,1263.83,1099.33,55.76,212.8,49.62,21.96,P036,EQ039
2025-09-28 06:20:00,14925.74,639.2,3.43,25.6,3.46,1270.85,1073.74,53.79,203.07,59.98,26.99,P029,EQ046
2025-09-28 06:30:00,14305.6,591.37,3.54,26.2,3.63,1294.97,1015.6,52.41,184.12,49.92,10.6,P041,EQ004
2025-09-28 06:40:00,13235.44,573.43,3.35,24.54,3.34,1268.6,1073.46,58.9,176.8,43.89,30.65,P041,EQ011
2025-09-28 06:50:00,14934.61,610.27,3.72,24.82,3.61,1247.26,1045.55,58.95,216.77,44.77,20.69,P022,EQ018
2025-09-28 07:00:00,15071.52,597.82,3.44,24.43,3.6,1270.67,1048.53,62.02,209.12,43.56,16.15,P010,EQ025
2025-09-28 07:10:00,14608.08,600.76,3.64,24.51,3.68,1254.7,968.5,62.24,194.56,47.69,14.96,P032,EQ032
2025-09-28 07:20:00,13152.75,616.83,3.87,25.43,3.53,1234.89,1061.73,63.27,219.41,51.2,13.08,P023,EQ039
2025-09-28 07:30:00,13850.99,605.32,3.6,25.71,3.57,1237.03,1038.73,63.31,189.7,51.1,24.64,P005,EQ046
2025-09-28 07:40:00,14585.04,599.95,3.56,24.49,3.69,1268.92,987.53,58.06,199.7,50.39,31.73,P025,EQ004
2025-09-28 07:50:00,15659.27,608.87,3.76,23.0,2.97,1255.52,1073.93,52.59,231.61,47.6,30.47,P034,EQ011
2025-09-28 08:00:00,14329.36,563.7,3.83,24.22,3.51,1267.0,1065.15,56.03,244.25,51.45,28.01,P042,EQ018
2025-09-28 08:10:00,15438.31,601.02,3.55,24.11,3.72,1231.98,988.87,57.56,183.89,41.75,22.82,P027,EQ025
2025-09-28 08:20:00,16510.62,594.87,3.32,25.0,3.56,1244.12,997.24,61.56,202.3,50.16,15.52,P032,EQ032
2025-09-28 08:30:00,16664.16,565.12,3.13,25.71,3.54,1261.2,995.32,62.32,207.65,50.16,12.09,P019,EQ039
2025-09-28 08:40:00,17452.26,599.76,3.58,25.21,3.46,1239.55,1088.07,64.04,194.88,44.46,31.15,P039,EQ046
2025-09-28 08:50:00,15860.2,617.88,3.42,23.51,3.47,1229.45,1012.43,64.38,188.13,49.52,17.79,P002,EQ004
2025-09-28 09:00:00,15547.96,602.18,3.55,24.02,3.53,1259.44,1001.25,54.11,193.24,48.08,11.0,P048,EQ011
2025-09-28 09:10:00,14366.88,596.56,3.58,25.33,3.83,1290.85,1051.3,64.81,205.19,52.7,16.12,P022,EQ018
2025-09-28 09:20:00,15401.7,586.71,3.71,23.12,3.62,1255.62,1070.41,61.07,204.97,52.39,29.32,P016,EQ025
2025-09-28 09:30:00,14363.74,533.31,3.88,24.99,3.85,1307.35,1054.51,53.41,199.76,49.9,24.24,P035,EQ032
2025-09-28 09:40:00,14915.17,577.18,3.17,24.36,3.66,1220.38,1119.75,56.78,191.75,51.07,24.11,P045,EQ039
2025-09-28 09:50:00,15385.67,525.18,3.32,25.26,3.3,1270.13,1063.01,56.72,210.4,52.51,13.71,P016,EQ046
2025-09-28 10:00:00,15642.26,617.61,3.7,24.38,3.38,1281.23,1025.61,62.46,184.87,41.05,27.58,P005,EQ004
2025-09-28 10:10:00,14203.77,559.48,3.27,24.73,3.4,1255.94,1103.95,56.99,212.35,48.82,15.18,P017,EQ011
2025-09-28 10:20:00,15236.83,640.92,3.26,24.68,3.26,1236.34,1104.46,61.67,188.75,45.2,20.93,P039,EQ018
2025-09-28 10:30:00,15034.09,693.92,3.46,24.75,3.46,1245.32,1035.33,62.74,199.81,48.03,26.47,P033,EQ025
2025-09-28 10:40:00,13335.88,557.82,3.56,23.7,3.67,1239.9,1117.65,62.76,176.92,48.9,31.29,P025,EQ032
2025-09-28 10:50:00,14880.65,619.45,3.25,24.41,3.6,1251.07,1080.31,53.16,202.9,54.78,25.32,P009,EQ039
2025-09-28 11:00:00,13097.33,585.57,3.51,24.65,3.3,1260.02,1046.18,54.19,172.56,51.56,34.27,P049,EQ046
2025-09-28 11:10:00,14866.18,572.27,3.4,24.95,3.26,1244.51,1077.66,59.46,205.44,55.46,34.11,P046,EQ004
2025-09-28 11:20:00,15291.4,606.16,3.32,25.61,3.69,1221.7,1066.63,66.97,189.57,53.03,16.45,P032,EQ011
2025-09-28 11:30:00,15107.39,600.01,3.62,24.92,3.6,1238.82,1105.11,55.45,210.97,50.79,26.48,P013,EQ018
2025-09-28 11:40:00,15155.08,630.0,3.92,23.63,3.37,1267.1,1025.73,56.03,194.01,50.25,30.04,P032,EQ025
2025-09-28 11:50:00,15832.12,582.45,3.66,24.75,3.47,1217.8,1006.67,64.96,197.41,50.0,20.32,P037,EQ032
2025-09-28 12:00:00,15951.1,622.64,3.41,26.52,3.45,1237.58,1070.01,61.03,240.63,51.9,11.79,P022,EQ039
2025-09-28 12:10:00,15706.36,602.28,3.24,25.38,3.5,1265.87,1083.13,57.69,213.47,45.74,32.39,P034,EQ046
2025-09-28 12:20:00,15738.74,631.8,3.54,24.7,3.64,1276.3,1049.37,65.92,200.14,45.64,13.49,P007,EQ004
2025-09-28 12:30:00,13772.41,587.9,3.57,25.39,3.69,1259.17,1081.2,56.11,176.41,49.09,12.46,P018,EQ011
2025-09-28 12:40:00,16434.22,590.92,3.54,24.41,3.46,1238.12,1074.62,53.12,202.55,51.95,26.68,P002,EQ018
2025-09-28 12:50:00,15666.82,631.45,3.52,23.81,3.19,1208.41,1117.78,64.16,188.42,42.33,30.36,P023,EQ025
2025-09-28 13:00:00,15880.86,632.22,3.6,24.92,3.33,1257.5,1066.99,59.66,199.05,38.64,14.09,P028,EQ032
2025-09-28 13:10:00,14363.07,665.54,3.17,24.95,3.51,1211.16,1032.13,59.91,204.69,53.76,19.82,P012,EQ039
2025-09-28 13:20:00,14395.17,627.23,3.49,24.57,3.4,1268.47,1059.86,68.36,199.84,50.89,20.78,P015,EQ046
2025-09-28 13:30:00,13754.69,606.37,3.38,23.86,3.37,1223.63,1082.01,57.9,210.75,48.74,31.79,P024,EQ004
2025-09-28 13:40:00,15435.99,586.09,3.5,24.95,3.2,1265.15,1075.88,54.14,207.79,47.72,11.59,P010,EQ011
2025-09-28 13:50:00,14280.53,558.22,3.65,24.15,3.26,1231.35,1094.33,57.31,188.33,58.21,22.2,P018,EQ018
2025-09-28 14:00:00,14135.48,592.98,3.13,26.26,3.6,1239.62,1047.73,61.16,213.69,54.6,17.9,P023,EQ025
2025-09-28 14:10:00,15978.53,676.72,3.61,23.45,3.69,1256.54,1075.96,59.52,175.7,54.91,15.52,P016,EQ032
2025-09-28 14:20:00,14803.29,636.35,3.76,23.59,3.2,1236.41,1062.37,53.37,202.08,48.79,22.23,P024,EQ039
2025-09-28 14:30:00,14753.01,593.22,3.62,24.24,3.55,1239.44,968.41,63.11,186.72,47.96,26.82,P021,EQ046
2025-09-28 14:40:00,14501.67,607.86,3.43,27.49,3.4,1254.45,1034.32,49.46,228.47,56.63,33.26,P025,EQ004
2025-09-28 14:50:00,16029.87,597.97,3.34,24.14,3.62,1231.24,1070.24,62.96,177.29,47.77,25.34,P027,EQ011
2025-09-28 15:00:00,16654.42,596.59,3.4,23.71,3.57,1227.53,1017.21,58.86,186.84,48.67,16.5,P029,EQ018
2025-09-28 15:10:00,15306.96,623.46,3.65,23.93,3.66,1222.97,1097.9,64.65,209.45,49.3,22.78,P038,EQ025
2025-09-28 15:20:00,15480.43,636.37,3.65,26.49,3.62,1235.21,1048.98,62.95,198.88,46.14,20.65,P011,EQ032
2025-09-28 15:30:00,12592.79,624.83,3.62,24.07,3.78,1244.76,1115.64,57.04,233.89,65.18,16.97,P037,EQ039
2025-09-28 15:40:00,16947.37,643.19,3.34,23.61,3.47,1233.28,1042.8,49.91,212.66,53.88,17.2,P024,EQ046
2025-09-28 15:50:00,14441.92,601.34,3.4,24.32,3.34,1265.65,1077.18,50.22,210.46,51.76,30.76,P002,EQ004
2025-09-28 16:00:00,16520.44,620.04,3.8,23.6,3.47,1231.72,1072.18,58.48,191.85,55.06,17.67,P041,EQ011
2025-09-28 16:10:00,15999.49,529.33,3.45,25.18,3.61,1254.65,1002.14,65.14,239.53,56.67,13.45,P001,EQ018
2025-09-28 16:20:00,15305.78,643.23,3.85,25.18,3.53,1219.56,1044.56,68.76,211.08,56.07,33.96,P038,EQ025
2025-09-28 16:30:00,15584.81,609.89,3.64,25.64,3.43,1267.76,999.47,59.93,173.15,48.62,13.24,P037,EQ032
2025-09-28 16:40:00,14209.42,603.81,3.42,25.67,3.77,1295.75,1064.29,63.35,187.1,48.58,20.47,P025,EQ039
2025-09-28 16:50:00,15611.93,645.03,3.08,24.76,3.25,1264.51,1073.68,60.24,191.79,52.49,23.35,P022,EQ046
2025-09-28 17:00:00,15290.49,588.76,3.14,24.42,3.3,1248.32,1108.29,51.47,227.28,47.43,31.47,P010,EQ004
2025-09-28 17:10:00,14703.51,557.53,3.4,25.01,3.51,1238.16,1028.41,54.6,197.36,49.67,30.46,P004,EQ011
2025-09-28 17:20:00,15121.18,646.99,3.28,23.91,3.3,1240.22,1042.97,58.0,210.06,43.16,31.66,P050,EQ018
2025-09-28 17:30:00,15461.3,623.2,3.4,24.49,3.51,1244.85,1039.17,64.18,212.77,45.15,13.16,P029,EQ025
2025-09-28 17:40:00,14254.16,552.1,3.49,24.5,3.13,1244.35,1058.15,58.17,205.22,50.06,31.9,P046,EQ032
2025-09-28 17:50:00,14694.58,574.16,3.34,26.45,3.28,1246.73,1110.47,50.97,217.84,54.79,22.3,P039,EQ039
2025-09-28 18:00:00,15012.58,585.69,3.97,24.26,3.18,1202.62,1001.38,50.89,200.88,40.04,33.62,P048,EQ046
2025-09-28 18:10:00,14391.34,606.1,3.53,24.95,3.67,1216.4,1072.72,56.95,193.18,47.76,17.99,P002,EQ004
2025-09-28 18:20:00,15011.81,597.87,3.72,24.77,3.65,1238.22,987.72,65.47,219.46,45.84,25.35,P038,EQ011
2025-09-28 18:30:00,15498.01,641.87,3.2,24.11,3.34,1289.52,1066.16,60.34,193.88,51.83,29.44,P017,EQ018
2025-09-28 18:40:00,14356.09,628.15,3.54,25.8,3.33,1264.52,1055.09,60.74,212.49,47.81,27.12,P018,EQ025
2025-09-28 18:50:00,15299.11,575.77,3.21,26.76,3.34,1250.99,1103.79,48.63,187.8,62.28,31.66,P005,EQ032
2025-09-28 19:00:00,15519.14,560.19,3.74,25.53,3.57,1244.42,1113.01,59.24,195.52,53.38,13.27,P008,EQ039
2025-09-28 19:10:00,15344.19,551.71,3.23,24.79,3.59,1244.83,1033.41,55.8,187.66,58.09,17.53,P043,EQ046
2025-09-28 19:20:00,12845.54,539.76,3.59,25.41,3.57,1229.18,1037.6,46.07,207.62,45.38,19.28,P001,EQ004
2025-09-28 19:30:00,16480.62,623.59,3.63,24.13,3.42,1234.98,1073.0,61.48,200.75,54.1,14.65,P013,EQ011
2025-09-28 19:40:00,15254.97,591.08,3.85,25.56,3.5,1254.15,991.34,67.02,219.64,40.25,17.32,P032,EQ018
2025-09-28 19:50:00,14695.91,608.88,4.11,24.77,3.38,1250.7,1104.27,63.52,211.2,54.02,21.54,P045,EQ025
2025-09-28 20:00:00,13598.82,601.07,3.57,26.4,3.55,1245.57,1068.72,65.73,154.39,42.69,33.37,P045,EQ032
2025-09-28 20:10:00,16126.84,653.14,3.74,23.41,3.56,1280.6,1057.62,72.14,221.28,54.25,26.7,P045,EQ039
2025-09-28 20:20:00,14321.55,569.89,3.57,26.7,3.86,1242.18,1047.96,58.23,201.89,51.53,10.16,P023,EQ046
2025-09-28 20:30:00,15879.23,598.86,3.29,25.48,3.53,1227.86,1013.04,56.87,201.95,41.87,34.31,P047,EQ004
2025-09-28 20:40:00,13833.16,574.2,3.83,25.8,4.13,1259.59,1041.65,56.92,211.83,50.83,24.18,P009,EQ011
2025-09-28 20:50:00,15000.71,606.61,3.79,26.37,3.53,1253.35,1030.59,65.19,247.11,58.85,19.34,P034,EQ018
2025-09-28 21:00:00,15379.6,603.97,3.21,27.75,3.27,1261.61,1022.55,58.94,197.5,49.18,17.28,P042,EQ025
2025-09-28 21:10:00,14323.47,573.1,3.48,24.94,3.28,1252.28,1073.55,63.94,220.55,45.61,11.3,P002,EQ032
2025-09-28 21:20:00,14736.74,568.98,3.31,23.18,3.42,1232.48,1060.53,65.52,184.23,52.93,15.09,P042,EQ039
2025-09-28 21:30:00,13782.68,565.87,3.81,25.98,3.51,1220.19,1070.81,53.77,201.93,58.13,25.27,P009,EQ046
2025-09-28 21:40:00,16086.74,626.49,3.62,25.22,3.32,1209.53,1087.16,64.54,171.84,42.56,12.34,P029,EQ004
2025-09-28 21:50:00,13227.71,618.88,3.56,24.02,3.63,1250.25,1060.36,59.66,225.55,57.89,23.89,P010,EQ011
2025-09-28 22:00:00,14888.32,626.35,3.42,24.91,3.56,1270.82,1067.06,61.63,204.26,50.61,29.35,P013,EQ018
2025-09-28 22:10:00,15598.94,565.24,3.64,25.05,3.46,1279.22,1020.71,65.79,194.31,55.98,21.12,P047,EQ025
2025-09-28 22:20:00,14756.69,622.24,3.35,24.28,3.49,1259.85,1080.45,61.1,187.81,50.7,32.02,P045,EQ032
2025-09-28 22:30:00,14287.97,609.41,3.62,25.6,3.82,1196.23,1013.67,55.72,205.18,49.88,11.4,P037,EQ039
2025-09-28 22:40:00,14665.48,595.21,3.15,24.88,3.53,1232.4,1058.67,59.22,188.12,49.02,27.47,P018,EQ046
2025-09-28 22:50:00,15278.73,558.09,3.57,24.35,3.5,1258.18,1043.57,53.23,203.72,54.57,17.92,P046,EQ004
2025-09-28 23:00:00,14352.94,540.13,3.82,25.07,3.19,1233.54,1034.3,65.35,183.4,50.7,33.06,P032,EQ011
2025-09-28 23:10:00,13620.58,578.81,3.41,26.32,3.56,1280.8,1034.04,63.59,216.62,47.97,20.01,P047,EQ018
2025-09-28 23:20:00,15782.82,587.5,3.52,26.0,3.43,1252.51,1066.55,67.67,202.99,61.02,21.13,P026,EQ025
2025-09-28 23:30:00,16199.59,600.99,3.35,23.16,3.53,1249.98,1074.42,50.38,194.84,46.66,14.93,P041,EQ032
2025-09-28 23:40:00,12681.08,614.29,3.65,24.06,3.48,1281.54,1008.65,57.58,204.31,56.1,15.49,P009,EQ039
2025-09-28 23:50:00,15115.37,633.95,3.51,23.88,3.44,1263.5,1055.9,66.95,190.79,46.16,31.22,P034,EQ046
2025-09-29 00:00:00,14730.56,576.95,3.55,23.94,3.26,1247.92,1069.78,60.9,206.9,53.91,20.66,P001,EQ004
2025-09-29 00:10:00,13834.45,612.6,3.26,25.24,3.17,1253.7,1018.94,57.75,209.46,46.58,12.82,P009,EQ011
2025-09-29 00:20:00,15012.73,605.01,3.25,24.36,3.42,1286.45,1050.57,56.52,200.03,47.59,32.08,P010,EQ018
2025-09-29 00:30:00,13922.33,637.25,3.65,25.16,3.37,1213.38,1078.87,65.96,212.32,51.1,10.68,P004,EQ025
2025-09-29 00:40:00,17249.95,595.1,3.52,23.7,3.72,1244.9,1045.59,69.1,211.46,58.04,32.28,P047,EQ032
2025-09-29 00:50:00,15765.0,616.53,3.58,26.08,3.5,1226.54,1036.03,57.94,188.89,53.57,26.9,P019,EQ039
2025-09-29 01:00:00,14633.81,597.77,3.94,24.38,3.52,1244.93,1051.82,60.25,197.37,49.54,22.58,P018,EQ046
2025-09-29 01:10:00,15779.74,619.08,3.54,24.51,3.72,1231.23,1056.67,58.38,205.16,39.98,13.16,P017,EQ004
2025-09-29 01:20:00,15951.8,589.26,3.56,25.11,3.32,1257.11,1007.15,59.74,193.54,52.59,29.33,P035,EQ011
2025-09-29 01:30:00,15267.36,617.74,3.58,23.25,3.5,1310.33,1020.03,64.74,164.35,52.08,15.09,P049,EQ018
2025-09-29 01:40:00,14323.82,629.61,3.62,23.78,3.53,1253.83,1066.55,57.91,192.74,49.2,15.31,P029,EQ025
2025-09-29 01:50:00,15414.5,612.33,3.5,26.2,3.23,1273.9,1028.66,52.83,207.82,36.9,26.89,P025,EQ032
2025-09-29 02:00:00,16679.69,628.6,3.57,24.21,3.41,1227.35,1019.4,63.11,191.45,48.49,10.57,P033,EQ039
2025-09-29 02:10:00,16479.26,615.2,3.47,25.66,3.17,1205.18,1052.01,55.1,204.11,48.35,14.16,P045,EQ046
2025-09-29 02:20:00,14341.0,574.15,3.39,27.06,3.18,1241.83,1084.19,63.54,160.49,50.51,23.51,P026,EQ004
2025-09-29 02:30:00,14463.12,622.08,3.49,25.9,3.38,1232.41,1014.48,57.37,142.95,45.91,22.47,P048,EQ011
2025-09-29 02:40:00,15559.17,642.42,3.25,23.67,3.33,1243.65,1013.83,59.61,202.52,50.3,25.95,P045,EQ018
2025-09-29 02:50:00,15139.03,621.29,3.55,25.15,4.0,1237.71,1024.29,66.2,195.67,48.94,15.17,P001,EQ025
2025-09-29 03:00:00,14309.94,592.91,3.25,24.47,3.47,1243.71,1086.76,65.95,210.32,49.95,31.3,P041,EQ032
2025-09-29 03:10:00,13327.7,557.05,3.82,25.88,3.6,1265.04,1043.52,54.59,218.05,49.77,26.93,P039,EQ039
2025-09-29 03:20:00,13850.47,568.4,3.52,24.56,3.36,1260.99,1019.66,57.87,190.82,46.27,32.93,P028,EQ046
2025-09-29 03:30:00,13772.22,600.72,3.1,27.94,3.4,1255.73,1048.4,62.61,159.09,48.72,31.92,P039,EQ004
2025-09-29 03:40:00,16247.08,580.46,3.54,23.93,3.67,1240.39,1059.94,61.23,167.24,45.14,13.33,P036,EQ011
2025-09-29 03:50:00,15218.46,509.99,3.75,25.93,3.56,1216.52,1013.33,59.89,224.27,54.95,34.63,P027,EQ018
2025-09-29 04:00:00,15268.11,598.87,3.21,23.97,3.52,1263.01,1061.67,57.06,190.24,48.66,17.0,P046,EQ025
2025-09-29 04:10:00,13562.51,655.43,3.84,25.88,3.51,1246.41,1056.61,61.53,232.16,47.14,30.85,P008,EQ032
2025-09-29 04:20:00,14916.69,561.93,3.73,23.19,3.64,1241.24,1018.28,60.87,199.43,51.65,31.68,P010,EQ039
2025-09-29 04:30:00,13005.1,570.94,3.58,25.27,3.58,1231.08,1021.52,58.4,209.73,51.11,16.54,P024,EQ046
2025-09-29 04:40:00,16240.66,602.31,3.76,25.06,3.13,1262.09,1058.76,59.83,171.9,57.5,29.09,P006,EQ004
2025-09-29 04:50:00,13960.45,634.55,3.42,25.11,3.74,1230.37,1054.71,63.64,202.43,55.57,32.7,P014,EQ011
2025-09-29 05:00:00,15646.64,626.42,3.39,24.98,3.7,1232.14,1021.3,52.35,188.42,44.13,19.36,P042,EQ018
2025-09-29 05:10:00,16001.22,566.07,3.25,26.56,3.49,1227.61,1035.16,67.69,240.99,51.33,34.23,P001,EQ025
2025-09-29 05:20:00,15173.04,541.56,3.43,27.11,3.66,1261.42,1059.81,58.8,216.05,43.85,11.94,P022,EQ032
2025-09-29 05:30:00,15316.06,547.19,3.76,25.28,3.18,1268.89,1063.75,63.92,209.48,43.65,17.29,P008,EQ039
2025-09-29 05:40:00,14975.57,635.94,3.39,26.44,3.49,1249.34,1057.63,55.44,212.43,49.37,21.88,P034,EQ046
2025-09-29 05:50:00,14502.11,574.73,3.68,25.43,3.61,1266.57,1081.75,59.45,192.79,54.63,27.88,P046,EQ004
2025-09-29 06:00:00,15923.93,607.7,3.95,24.14,3.15,1221.04,1025.17,63.81,193.75,43.71,26.06,P035,EQ011
2025-09-29 06:10:00,16706.93,601.17,3.48,25.45,3.23,1240.79,1043.33,65.15,185.32,65.69,31.94,P014,EQ018
2025-09-29 06:20:00,14670.12,608.38,3.43,25.21,3.43,1227.73,1064.76,61.63,207.31,46.65,33.79,P047,EQ025
2025-09-29 06:30:00,15463.68,620.96,3.37,24.97,3.66,1255.08,1045.79,64.25,231.64,44.68,22.74,P041,EQ032
2025-09-29 06:40:00,14078.48,631.65,3.72,24.22,2.97,1237.7,1053.14,60.82,226.78,57.99,28.93,P048,EQ039
2025-09-29 06:50:00,14462.63,582.69,3.68,22.92,3.47,1266.02,1102.04,67.36,198.18,57.5,10.89,P017,EQ046
2025-09-29 07:00:00,15593.52,586.07,3.72,24.33,3.61,1250.64,1040.76,68.96,188.01,46.0,25.95,P004,EQ004
2025-09-29 07:10:00,14827.37,600.05,3.02,25.62,3.51,1257.82,1040.38,49.78,173.4,45.93,17.05,P018,EQ011
2025-09-29 07:20:00,15656.25,591.21,3.41,25.73,3.72,1236.26,1073.57,61.21,180.39,45.54,16.05,P023,EQ018
2025-09-29 07:30:00,16560.75,583.27,3.49,25.26,3.45,1258.73,1012.72,59.8,199.54,51.4,20.14,P033,EQ025
2025-09-29 07:40:00,15566.7,603.44,3.34,25.65,3.41,1246.2,971.02,58.37,184.17,48.14,18.5,P044,EQ032
2025-09-29 07:50:00,13675.94,596.36,3.61,26.2,3.43,1283.62,1097.75,61.14,222.39,57.78,15.34,P022,EQ039
2025-09-29 08:00:00,14313.0,616.54,3.17,26.11,4.04,1280.72,1046.6,59.57,202.37,50.32,14.77,P041,EQ046
2025-09-29 08:10:00,14858.05,575.17,3.52,24.64,3.32,1245.15,1123.36,65.83,221.77,44.64,26.36,P018,EQ004
2025-09-29 08:20:00,14362.48,610.05,3.55,25.06,3.79,1236.07,1043.32,62.12,166.7,53.63,22.88,P014,EQ011
2025-09-29 08:30:00,14737.26,617.56,3.62,23.85,3.76,1227.3,1057.93,62.03,199.28,53.6,21.93,P030,EQ018
2025-09-29 08:40:00,14747.01,585.12,3.52,25.65,3.28,1221.12,1054.61,58.24,188.57,55.3,17.99,P033,EQ025
2025-09-29 08:50:00,12487.58,605.43,3.48,23.54,3.81,1239.1,1008.68,59.8,211.15,52.04,11.25,P003,EQ032
2025-09-29 09:00:00,17003.51,632.6,3.48,26.09,3.49,1265.13,1032.71,63.33,183.59,50.09,25.61,P001,EQ039
2025-09-29 09:10:00,14061.02,601.96,3.56,24.3,3.43,1274.26,1053.48,58.93,197.26,53.41,12.58,P026,EQ046
2025-09-29 09:20:00,17537.58,560.25,3.35,24.69,3.64,1249.78,1100.48,57.46,196.64,39.66,22.91,P021,EQ004
2025-09-29 09:30:00,13134.59,615.41,3.41,23.91,3.65,1241.78,1023.17,62.23,205.12,40.09,19.54,P029,EQ011
2025-09-29 09:40:00,14367.82,596.13,3.47,26.96,3.76,1280.14,1007.99,54.96,213.65,40.62,12.75,P029,EQ018
2025-09-29 09:50:00,14201.13,632.23,3.69,25.08,3.48,1269.91,1037.5,63.71,171.82,52.71,23.72,P003,EQ025
2025-09-29 10:00:00,15510.42,555.32,3.74,26.11,3.59,1261.1,997.52,60.17,211.71,38.51,12.28,P039,EQ032
2025-09-29 10:10:00,15198.53,601.56,3.26,24.35,3.27,1227.56,1045.13,63.18,207.39,56.01,10.93,P030,EQ039
2025-09-29 10:20:00,14576.23,599.68,3.54,25.43,3.32,1297.22,1037.42,65.37,213.78,47.92,29.76,P043,EQ046
2025-09-29 10:30:00,14145.64,610.97,3.47,24.67,3.49,1242.09,1089.27,65.93,201.55,49.11,12.57,P039,EQ004
2025-09-29 10:40:00,13793.87,596.15,3.47,26.12,3.43,1269.86,1062.0,59.94,197.87,51.05,23.18,P036,EQ011
2025-09-29 10:50:00,13867.24,597.98,3.66,24.85,3.21,1205.56,1026.03,60.58,201.51,49.47,26.15,P014,EQ018
2025-09-29 11:00:00,14188.81,636.14,3.53,25.33,3.53,1256.63,1069.42,65.5,209.04,50.33,22.09,P007,EQ025
2025-09-29 11:10:00,14680.28,612.14,3.29,24.4,3.25,1252.62,1038.11,60.53,191.16,42.22,20.9,P007,EQ032
2025-09-29 11:20:00,15180.89,581.69,3.7,25.27,3.52,1262.85,1034.78,59.48,215.73,48.0,19.15,P025,EQ039
2025-09-29 11:30:00,15571.35,567.81,3.53,26.87,3.96,1257.93,1054.87,58.22,190.74,46.19,20.61,P034,EQ046
2025-09-29 11:40:00,14283.35,617.01,3.56,24.96,3.96,1276.01,1065.47,60.56,213.43,45.49,34.44,P008,EQ004
2025-09-29 11:50:00,14676.7,591.36,3.73,24.75,3.53,1250.52,1024.94,63.29,177.89,42.33,12.13,P037,EQ011
2025-09-29 12:00:00,13702.84,623.16,3.51,24.4,3.11,1188.46,1096.44,55.84,239.3,50.61,21.75,P025,EQ018
2025-09-29 12:10:00,16519.99,643.45,3.54,25.75,3.59,1283.03,1075.15,57.1,200.81,59.41,20.96,P038,EQ025
2025-09-29 12:20:00,16752.88,606.52,3.98,24.63,3.67,1262.7,1037.94,57.09,218.97,49.38,28.4,P034,EQ032
2025-09-29 12:30:00,14990.95,623.32,3.46,24.67,3.56,1284.49,1052.07,60.04,223.46,52.12,15.05,P013,EQ039
2025-09-29 12:40:00,14169.29,615.93,3.67,23.85,3.56,1226.27,1046.17,65.5,216.86,48.92,14.0,P005,EQ046
2025-09-29 12:50:00,14965.63,621.36,3.8,25.95,3.85,1258.12,1034.42,62.88,185.76,52.38,21.91,P003,EQ004
2025-09-29 13:00:00,14545.97,582.33,3.64,23.88,3.51,1266.77,1097.35,57.79,188.51,58.61,27.99,P002,EQ011
2025-09-29 13:10:00,13113.09,594.71,3.43,24.99,3.23,1296.99,1092.7,57.2,207.17,48.08,18.32,P035,EQ018
2025-09-29 13:20:00,15034.8,548.73,3.86,24.31,3.11,1252.05,1057.91,60.37,200.14,53.17,15.18,P013,EQ025
2025-09-29 13:30:00,14688.17,570.53,3.74,23.82,3.51,1254.45,1034.49,64.69,199.86,51.13,16.39,P042,EQ032
2025-09-29 13:40:00,15487.35,560.75,3.72,24.88,3.47,1216.09,1067.07,56.07,209.56,57.18,23.48,P038,EQ039
2025-09-29 13:50:00,15591.9,621.74,3.38,23.88,3.32,1261.19,1046.93,65.61,200.47,54.88,18.69,P021,EQ046
2025-09-29 14:00:00,14881.86,539.0,3.52,23.92,3.65,1264.23,1093.38,64.28,193.31,52.32,20.99,P010,EQ004
2025-09-29 14:10:00,15588.93,562.23,3.47,25.52,3.61,1294.94,1079.22,64.94,187.04,48.06,23.64,P016,EQ011
2025-09-29 14:20:00,15739.11,625.92,3.43,25.5,3.36,1246.97,1015.29,53.17,186.39,47.2,19.12,P016,EQ018
2025-09-29 14:30:00,15357.36,627.21,3.38,25.49,3.69,1248.77,1041.66,61.89,195.74,47.8,34.68,P038,EQ025
2025-09-29 14:40:00,15747.79,592.91,3.82,26.49,3.42,1257.48,987.57,64.31,228.16,47.83,26.4,P050,EQ032
2025-09-29 14:50:00,15031.66,629.02,3.28,25.88,3.48,1288.19,1051.94,65.38,204.02,52.0,29.03,P011,EQ039
2025-09-29 15:00:00,13928.85,607.9,3.59,25.56,3.54,1252.68,1055.3,63.01,206.93,53.74,17.06,P025,EQ046
2025-09-29 15:10:00,14490.43,618.33,3.37,23.66,3.42,1257.7,1040.83,61.25,185.27,53.34,20.0,P010,EQ004
2025-09-29 15:20:00,14418.73,588.51,3.43,24.83,3.8,1283.19,1073.85,58.61,207.17,55.8,12.36,P050,EQ011
2025-09-29 15:30:00,15140.59,597.68,3.39,23.83,3.44,1261.79,1033.14,59.94,194.21,49.07,27.51,P022,EQ018
2025-09-29 15:40:00,16432.16,570.35,3.56,24.55,3.26,1280.82,1032.0,64.26,212.7,43.7,23.99,P005,EQ025
2025-09-29 15:50:00,15892.13,620.82,3.38,25.19,3.56,1238.46,1040.38,55.68,213.55,45.93,27.03,P035,EQ032
2025-09-29 16:00:00,14474.44,652.82,3.54,25.93,3.58,1260.51,1076.96,55.24,195.1,54.68,30.36,P028,EQ039
2025-09-29 16:10:00,15317.19,626.2,3.58,25.59,3.57,1248.65,1073.08,65.15,177.33,44.45,20.69,P032,EQ046
2025-09-29 16:20:00,15341.14,619.32,3.64,24.52,3.87,1252.36,1052.87,49.22,203.11,43.91,25.12,P014,EQ004
2025-09-29 16:30:00,15359.89,585.21,3.62,25.29,3.56,1243.77,1094.67,59.39,182.86,54.94,10.11,P050,EQ011
2025-09-29 16:40:00,14829.79,569.17,3.32,25.48,3.67,1212.04,1065.08,67.63,177.47,51.45,15.06,P010,EQ018
2025-09-29 16:50:00,15987.75,630.11,3.36,23.58,3.08,1253.18,1013.96,56.6,235.47,52.84,29.72,P022,EQ025
2025-09-29 17:00:00,12561.78,617.01,3.43,24.78,3.14,1269.15,1039.3,52.86,198.71,51.49,15.11,P030,EQ032
2025-09-29 17:10:00,16958.26,554.96,3.34,24.23,3.33,1252.94,1022.41,65.23,206.12,42.24,14.47,P049,EQ039
2025-09-29 17:20:00,14307.12,627.05,3.82,26.89,3.67,1251.1,1026.42,64.76,219.54,51.84,19.61,P038,EQ046
2025-09-29 17:30:00,13387.47,583.45,3.33,25.08,3.6,1245.86,1101.78,54.83,192.05,50.12,24.0,P042,EQ004
2025-09-29 17:40:00,15937.19,579.16,3.44,25.23,3.34,1261.98,1052.09,72.25,189.15,52.16,15.55,P021,EQ011
2025-09-29 17:50:00,15252.52,628.0,3.19,26.37,3.49,1270.04,1064.7,55.9,175.12,56.86,11.74,P024,EQ018
2025-09-29 18:00:00,14588.87,634.77,3.63,24.8,3.35,1261.73,1113.51,61.63,200.35,58.98,30.28,P046,EQ025
2025-09-29 18:10:00,15483.02,613.95,3.46,25.13,3.42,1257.91,1022.13,59.92,209.48,53.62,11.53,P021,EQ032
2025-09-29 18:20:00,14886.65,616.18,3.64,25.14,4.17,1278.93,1048.09,63.03,217.31,53.94,13.14,P034,EQ039
2025-09-29 18:30:00,14998.94,608.4,3.1,25.97,3.59,1246.28,1052.37,66.43,196.64,46.98,19.27,P020,EQ046
2025-09-29 18:40:00,14192.06,619.42,3.66,25.27,3.65,1284.83,1028.64,67.87,207.62,51.1,20.66,P016,EQ004
2025-09-29 18:50:00,17031.67,612.27,3.7,25.33,3.17,1300.74,1063.75,69.0,197.51,44.38,10.11,P035,EQ011
2025-09-29 19:00:00,16308.12,647.55,3.41,23.83,3.58,1229.14,1031.95,62.65,186.84,51.66,21.68,P013,EQ018
2025-09-29 19:10:00,14006.6,576.94,3.44,24.95,3.64,1261.33,1040.44,66.32,160.39,54.06,33.53,P001,EQ025
2025-09-29 19:20:00,15684.51,590.93,3.39,23.26,3.41,1261.08,1059.27,56.06,189.47,46.59,23.38,P037,EQ032
2025-09-29 19:30:00,13771.77,602.81,3.45,24.72,3.86,1222.02,1034.51,55.0,222.8,52.93,33.1,P009,EQ039
2025-09-29 19:40:00,16881.99,632.38,3.44,25.84,3.39,1252.29,1074.38,61.29,171.53,58.72,32.15,P001,EQ046
2025-09-29 19:50:00,14702.01,602.19,3.66,24.3,3.77,1243.7,1070.7,60.3,194.5,50.06,25.97,P049,EQ004
2025-09-29 20:00:00,13627.81,617.66,3.41,25.04,3.63,1232.09,1129.54,59.32,184.25,63.87,30.72,P036,EQ011
2025-09-29 20:10:00,15695.45,576.78,3.51,25.81,3.59,1270.07,1061.08,56.89,205.19,55.47,31.63,P011,EQ018
2025-09-29 20:20:00,14645.22,619.11,3.54,25.42,3.19,1231.19,1043.35,63.86,173.41,52.07,33.75,P031,EQ025
2025-09-29 20:30:00,15343.37,592.8,3.26,26.52,3.82,1221.11,1081.91,52.91,202.24,43.21,21.73,P048,EQ032
2025-09-29 20:40:00,14672.92,558.76,3.35,24.5,3.52,1265.03,1105.36,58.73,202.25,51.81,33.75,P008,EQ039
2025-09-29 20:50:00,14981.98,589.2,3.65,24.75,3.59,1253.03,1031.52,63.71,208.8,41.17,13.02,P049,EQ046
2025-09-29 21:00:00,15073.24,529.33,3.39,25.74,3.58,1244.9,1038.33,61.68,224.3,55.32,22.53,P009,EQ004
2025-09-29 21:10:00,14862.56,643.87,3.39,25.07,3.32,1232.98,1074.58,56.36,199.42,60.01,17.98,P045,EQ011
2025-09-29 21:20:00,12817.17,603.7,3.57,24.86,3.47,1267.8,1080.58,54.22,200.36,46.32,28.31,P042,EQ018
2025-09-29 21:30:00,15733.44,574.11,3.47,26.19,3.86,1284.17,1058.96,62.19,224.1,48.17,22.6,P025,EQ025
2025-09-29 21:40:00,15825.59,618.41,3.68,25.88,3.37,1231.83,1025.6,54.32,206.99,47.68,14.96,P050,EQ032
2025-09-29 21:50:00,14133.44,601.42,3.24,24.09,3.26,1277.8,1022.22,68.98,189.34,49.86,25.06,P001,EQ039
2025-09-29 22:00:00,15082.63,646.2,3.75,24.01,3.24,1285.47,1054.86,63.87,218.51,52.46,21.06,P006,EQ046
2025-09-29 22:10:00,16495.54,591.7,3.25,26.55,3.52,1245.38,1024.72,55.14,211.89,55.46,13.66,P004,EQ004
2025-09-29 22:20:00,14759.58,604.03,3.29,25.28,3.65,1240.48,1098.88,61.53,201.97,43.46,30.68,P046,EQ011
2025-09-29 22:30:00,14746.33,552.96,3.44,25.77,3.35,1251.72,1067.96,54.27,234.43,47.2,31.44,P010,EQ018
2025-09-29 22:40:00,14945.56,641.72,3.67,25.66,3.22,1227.58,1062.03,66.37,188.87,59.35,14.84,P044,EQ025
2025-09-29 22:50:00,15452.68,616.69,3.84,24.14,3.27,1205.53,1087.84,59.56,187.96,51.36,17.26,P014,EQ032
2025-09-29 23:00:00,15972.13,644.66,3.51,24.75,3.37,1247.84,1106.46,55.37,195.0,50.04,32.21,P004,EQ039
2025-09-29 23:10:00,15163.26,614.1,3.44,26.23,3.43,1258.71,1121.63,64.77,210.17,42.68,18.72,P043,EQ046
2025-09-29 23:20:00,15363.27,572.48,3.86,26.66,3.55,1252.31,1055.69,69.56,177.18,44.51,22.09,P045,EQ004
2025-09-29 23:30:00,15110.13,601.02,3.31,24.52,3.36,1227.57,1061.33,61.16,218.09,50.0,26.56,P031,EQ011
2025-09-29 23:40:00,15182.75,575.9,3.71,26.4,3.53,1266.64,1058.64,56.3,185.46,47.4,12.35,P040,EQ018
2025-09-29 23:50:00,13766.4,624.4,3.8,26.64,3.77,1258.33,1014.07,65.25,201.08,50.77,30.86,P046,EQ025
2025-09-30 00:00:00,14620.42,601.26,3.18,25.69,3.34,1274.17,1090.93,54.45,199.27,47.87,32.58,P008,EQ032
2025-09-30 00:10:00,14178.38,662.44,3.52,24.1,3.22,1241.58,1092.22,63.75,206.41,45.04,26.95,P038,EQ039
2025-09-30 00:20:00,14798.47,607.08,3.65,25.05,3.54,1253.0,1125.55,55.84,207.47,46.93,25.77,P007,EQ046
2025-09-30 00:30:00,12863.66,632.15,3.25,26.1,3.39,1193.72,1013.48,56.11,169.28,40.63,19.4,P046,EQ004
2025-09-30 00:40:00,14564.44,611.73,3.73,27.03,3.46,1245.45,1051.36,66.8,184.76,50.95,25.25,P023,EQ011
2025-09-30 00:50:00,14455.91,603.65,3.44,24.8,3.45,1270.67,1003.5,64.52,207.93,55.52,29.3,P026,EQ018
2025-09-30 01:00:00,14767.78,642.43,3.28,25.63,3.94,1277.12,1017.05,59.87,232.39,40.28,29.24,P027,EQ025
2025-09-30 01:10:00,15216.56,593.35,3.17,25.51,3.74,1233.92,1095.14,57.93,212.14,49.89,17.4,P039,EQ032
2025-09-30 01:20:00,14163.15,576.35,3.02,22.38,3.56,1251.74,1069.86,59.45,197.12,53.62,25.23,P044,EQ039
2025-09-30 01:30:00,17653.53,645.72,3.32,25.86,3.5,1256.44,1058.51,64.67,215.74,48.66,19.44,P016,EQ046
2025-09-30 01:40:00,13646.97,584.98,3.67,26.47,3.86,1261.71,1088.29,53.98,199.8,54.08,14.87,P050,EQ004
2025-09-30 01:50:00,13885.05,582.87,3.78,23.62,3.34,1235.89,1105.63,58.04,201.78,44.88,16.65,P002,EQ011
2025-09-30 02:00:00,14414.63,588.02,3.46,25.12,3.49,1240.81,1098.79,65.22,222.47,40.18,25.37,P024,EQ018
2025-09-30 02:10:00,15159.04,596.54,3.58,26.42,3.89,1226.83,1054.86,61.8,188.27,47.83,13.81,P019,EQ025
2025-09-30 02:20:00,14970.8,549.54,3.31,23.43,3.66,1224.67,1015.46,59.41,218.97,44.45,33.62,P044,EQ032
2025-09-30 02:30:00,14633.64,537.61,3.26,25.8,3.68,1255.25,1074.44,62.04,205.13,55.5,19.5,P046,EQ039
2025-09-30 02:40:00,14501.86,645.79,3.73,26.26,3.24,1255.35,1045.18,60.88,199.25,41.6,19.11,P050,EQ046
2025-09-30 02:50:00,15756.41,551.52,2.82,25.27,3.45,1281.57,1097.18,70.47,182.27,59.24,21.47,P013,EQ004
2025-09-30 03:00:00,14564.89,637.81,3.42,25.72,3.52,1284.19,994.95,67.04,220.46,51.96,33.93,P012,EQ011
2025-09-30 03:10:00,15731.63,561.02,3.86,24.6,3.19,1235.39,1069.62,58.64,195.37,48.64,13.18,P006,EQ018
2025-09-30 03:20:00,15934.32,596.76,3.75,24.0,3.35,1248.52,1095.67,62.63,207.69,49.58,24.49,P049,EQ025
2025-09-30 03:30:00,13044.98,592.48,3.23,25.0,3.51,1230.14,1064.68,62.59,222.18,55.69,16.46,P040,EQ032
2025-09-30 03:40:00,14128.37,577.21,3.54,24.54,3.7,1230.47,1027.93,54.9,226.8,45.28,27.59,P030,EQ039
2025-09-30 03:50:00,15314.33,618.05,3.65,25.22,3.61,1233.86,1026.46,58.7,176.46,48.74,10.53,P045,EQ046
2025-09-30 04:00:00,15924.82,565.89,3.52,23.69,3.77,1237.57,1053.72,62.64,218.89,56.8,17.11,P043,EQ004
2025-09-30 04:10:00,13741.88,648.7,3.3,25.47,3.48,1213.37,1055.8,58.36,208.64,50.57,16.08,P004,EQ011
2025-09-30 04:20:00,15310.29,604.89,3.46,24.05,3.55,1267.7,1093.95,52.22,193.63,58.71,29.06,P022,EQ018
2025-09-30 04:30:00,14946.98,591.76,3.12,25.25,3.88,1241.98,1047.69,60.2,184.71,47.89,22.32,P041,EQ025
2025-09-30 04:40:00,15496.67,604.98,3.42,24.72,2.98,1270.25,1067.85,57.73,200.54,49.74,24.67,P006,EQ032
2025-09-30 04:50:00,14354.26,623.51,3.19,25.07,3.79,1243.4,1037.49,59.74,215.71,45.68,32.7,P022,EQ039
2025-09-30 05:00:00,13901.43,610.76,3.65,25.8,3.16,1264.2,1032.19,58.11,189.01,47.9,10.93,P045,EQ046
2025-09-30 05:10:00,14004.96,591.82,3.99,23.84,3.56,1291.41,1050.49,61.28,214.13,49.28,12.4,P005,EQ004
2025-09-30 05:20:00,15696.93,635.78,3.65,27.13,3.49,1279.09,1024.12,64.03,200.45,48.18,19.92,P010,EQ011
2025-09-30 05:30:00,15889.75,588.13,3.55,26.13,3.28,1233.29,1084.61,59.44,200.88,53.66,20.48,P002,EQ018
2025-09-30 05:40:00,16659.07,629.69,3.14,25.26,3.74,1253.81,1055.72,65.26,215.34,52.93,22.6,P009,EQ025
2025-09-30 05:50:00,15241.24,625.79,3.63,26.22,3.58,1270.91,1048.8,58.39,218.44,54.1,20.03,P036,EQ032
2025-09-30 06:00:00,15509.99,631.48,3.44,25.63,3.79,1269.72,1083.35,61.44,177.54,51.04,24.3,P014,EQ039
2025-09-30 06:10:00,17039.7,563.88,3.54,26.75,3.59,1234.26,1008.65,63.82,189.72,51.18,26.74,P030,EQ046
2025-09-30 06:20:00,13252.26,545.63,3.52,25.19,3.76,1238.05,1025.16,57.74,219.03,49.89,32.74,P039,EQ004
2025-09-30 06:30:00,13674.24,644.86,3.54,25.24,3.8,1244.56,1068.36,63.73,196.56,44.49,21.39,P036,EQ011
2025-09-30 06:40:00,15641.13,588.92,3.58,24.81,3.57,1250.6,1039.31,57.69,172.9,43.18,32.96,P014,EQ018
2025-09-30 06:50:00,15419.04,584.89,3.64,25.26,3.67,1248.46,1005.36,56.83,194.36,49.84,15.52,P019,EQ025
2025-09-30 07:00:00,16474.79,620.07,3.41,24.83,3.49,1305.41,1032.9,59.08,207.68,52.85,22.69,P046,EQ032
2025-09-30 07:10:00,13266.65,592.49,3.22,24.48,3.51,1234.94,1038.05,58.73,195.25,45.12,15.18,P032,EQ039
2025-09-30 07:20:00,14189.23,565.99,3.74,24.07,3.41,1226.0,1095.42,62.29,193.24,51.49,32.36,P039,EQ046
2025-09-30 07:30:00,15688.32,616.08,3.54,23.53,3.65,1263.21,1063.68,59.93,181.45,55.59,14.67,P019,EQ004
2025-09-30 07:40:00,14951.52,580.38,3.27,24.63,3.78,1211.37,1069.94,70.55,208.55,58.7,24.26,P031,EQ011
2025-09-30 07:50:00,12643.41,633.37,3.64,25.67,3.39,1246.1,1048.79,51.3,184.55,42.84,24.25,P017,EQ018
2025-09-30 08:00:00,15521.67,581.66,3.41,27.71,3.5,1255.27,1022.32,60.89,191.0,53.03,19.61,P046,EQ025
2025-09-30 08:10:00,14673.66,586.88,3.24,26.55,3.58,1233.17,1115.42,61.22,192.17,48.88,22.63,P027,EQ032
2025-09-30 08:20:00,15243.12,601.38,3.37,25.14,3.44,1238.68,1011.77,58.99,192.99,51.12,34.62,P025,EQ039
2025-09-30 08:30:00,14976.46,632.82,3.47,24.84,3.62,1224.48,1008.8,59.19,200.84,43.94,31.33,P044,EQ046
2025-09-30 08:40:00,15121.09,626.39,3.45,24.89,3.52,1255.92,1059.03,58.54,199.31,52.14,30.79,P010,EQ004
2025-09-30 08:50:00,13154.39,542.89,3.33,23.33,3.53,1221.89,1014.9,63.86,201.05,44.08,10.57,P014,EQ011
2025-09-30 09:00:00,15225.3,647.01,3.75,25.43,3.82,1219.64,1040.31,62.76,207.72,51.13,12.29,P032,EQ018
2025-09-30 09:10:00,14777.72,594.58,3.5,25.1,3.59,1256.81,1075.81,58.11,233.88,43.39,27.32,P043,EQ025
2025-09-30 09:20:00,15254.8,629.04,3.22,25.11,3.26,1233.77,1090.7,59.52,209.46,54.34,20.19,P024,EQ032
2025-09-30 09:30:00,15213.42,634.19,3.88,26.76,3.54,1254.99,1055.72,49.81,205.01,48.9,13.66,P034,EQ039
2025-09-30 09:40:00,16807.8,636.07,3.54,26.55,3.68,1277.1,1035.36,61.73,214.9,52.95,13.55,P026,EQ046
2025-09-30 09:50:00,15791.47,610.28,3.64,25.19,3.73,1220.96,1011.12,62.8,213.96,48.52,23.47,P017,EQ004
2025-09-30 10:00:00,14036.55,568.55,3.7,24.41,3.36,1251.92,1086.47,65.84,190.81,53.96,31.46,P038,EQ011
2025-09-30 10:10:00,15058.51,609.66,3.28,26.33,3.41,1254.79,1066.42,62.97,180.56,54.24,32.54,P047,EQ018
2025-09-30 10:20:00,14461.49,572.98,3.72,24.82,3.64,1267.32,1026.45,64.14,215.06,44.81,22.45,P009,EQ025
2025-09-30 10:30:00,15268.8,608.15,3.63,22.48,3.14,1222.08,1029.34,55.02,193.22,50.78,17.25,P003,EQ032
2025-09-30 10:40:00,13778.94,602.33,3.57,24.75,3.59,1265.7,997.81,61.54,195.54,51.85,30.27,P045,EQ039
2025-09-30 10:50:00,15403.66,610.6,3.77,26.29,3.08,1235.67,1039.39,62.15,206.18,47.91,32.01,P044,EQ046
2025-09-30 11:00:00,14492.51,595.74,3.37,26.36,3.5,1259.99,1010.16,60.6,177.7,46.04,26.45,P002,EQ004
2025-09-30 11:10:00,13662.8,622.08,3.03,24.81,3.52,1226.29,1027.57,64.81,201.84,51.25,23.65,P043,EQ011
2025-09-30 11:20:00,16297.08,564.81,3.44,23.72,3.53,1271.01,1047.35,59.63,216.33,52.53,11.24,P020,EQ018
2025-09-30 11:30:00,14702.61,588.01,3.61,26.76,3.39,1231.28,1069.58,61.85,187.79,55.89,26.66,P025,EQ025
2025-09-30 11:40:00,14140.24,622.51,3.42,24.69,3.62,1213.64,1061.59,65.28,193.48,54.02,29.75,P021,EQ032
2025-09-30 11:50:00,14443.0,552.17,3.56,25.2,3.36,1249.92,990.69,58.12,199.67,49.82,12.15,P002,EQ039
2025-09-30 12:00:00,13246.3,620.0,3.62,22.42,3.48,1199.82,1058.11,59.45,200.05,56.7,23.99,P022,EQ046
2025-09-30 12:10:00,13802.19,574.13,3.64,24.47,3.65,1252.02,1055.82,68.0,211.24,50.12,17.0,P010,EQ004
2025-09-30 12:20:00,14929.5,566.95,3.43,24.58,3.37,1250.61,1059.56,59.88,214.07,38.55,22.39,P008,EQ011
2025-09-30 12:30:00,15147.2,581.8,3.45,23.64,3.43,1237.66,1054.21,60.87,199.42,55.64,20.02,P042,EQ018
2025-09-30 12:40:00,14914.68,644.21,3.35,25.42,3.63,1306.87,1082.98,56.05,209.15,53.89,15.07,P004,EQ025
2025-09-30 12:50:00,14250.35,633.52,3.58,24.6,4.01,1234.78,1063.87,53.62,192.65,50.83,31.98,P045,EQ032
2025-09-30 13:00:00,16388.14,563.4,3.52,25.37,3.44,1251.68,1025.11,52.7,217.45,56.07,28.14,P016,EQ039
2025-09-30 13:10:00,16269.02,598.22,3.33,25.37,3.27,1242.49,997.4,62.56,208.63,42.97,18.01,P027,EQ046
2025-09-30 13:20:00,15625.81,641.16,3.62,25.24,3.37,1267.28,1016.38,60.28,232.59,48.55,31.13,P014,EQ004
2025-09-30 13:30:00,13813.04,674.11,3.49,25.32,3.45,1243.37,1033.19,61.69,172.54,41.9,19.53,P046,EQ011
2025-09-30 13:40:00,15231.51,587.62,3.7,25.15,3.39,1241.55,1038.63,62.37,188.92,41.97,29.07,P013,EQ018
2025-09-30 13:50:00,15088.73,596.52,3.46,25.52,3.73,1243.62,1040.1,57.99,201.09,48.01,30.3,P006,EQ025
2025-09-30 14:00:00,14693.15,554.94,3.35,25.83,3.47,1264.8,1083.91,56.61,172.31,53.81,32.68,P004,EQ032
2025-09-30 14:10:00,15400.92,592.38,3.59,24.92,3.36,1213.37,1041.46,61.75,178.75,44.65,28.06,P038,EQ039
2025-09-30 14:20:00,14443.11,581.94,3.3,25.48,3.27,1230.56,1052.34,63.36,216.45,45.36,11.31,P039,EQ046
2025-09-30 14:30:00,15913.68,580.43,3.28,25.73,3.25,1252.37,1120.65,56.61,188.53,58.62,24.72,P005,EQ004
2025-09-30 14:40:00,15048.62,578.46,3.62,23.4,3.45,1273.74,1042.73,55.29,195.76,51.74,23.83,P034,EQ011
2025-09-30 14:50:00,14254.6,622.76,3.52,24.4,3.62,1238.43,1071.12,60.88,189.9,40.82,12.85,P001,EQ018
2025-09-30 15:00:00,13808.74,620.64,3.41,24.2,3.73,1270.47,1060.07,62.11,197.2,43.44,30.24,P020,EQ025
2025-09-30 15:10:00,13441.53,565.69,3.34,25.44,3.58,1228.71,1037.24,60.54,195.5,45.1,31.34,P035,EQ032
2025-09-30 15:20:00,15271.87,597.44,3.72,21.76,3.49,1271.76,1023.37,62.41,196.41,42.32,34.18,P012,EQ039
2025-09-30 15:30:00,16676.67,571.29,3.5,25.09,3.25,1241.63,1112.34,56.57,209.64,49.19,23.17,P015,EQ046
2025-09-30 15:40:00,16441.28,516.04,3.63,24.2,3.65,1267.28,1075.09,69.91,188.87,53.77,18.4,P018,EQ004
2025-09-30 15:50:00,15166.41,573.82,3.39,24.82,3.97,1267.59,1028.34,58.76,216.14,48.72,11.61,P035,EQ011
2025-09-30 16:00:00,14247.88,618.07,3.09,24.67,3.32,1230.73,1036.78,59.64,192.39,50.99,32.02,P039,EQ018
2025-09-30 16:10:00,16894.49,620.0,3.72,25.39,3.35,1278.12,1049.88,61.33,201.09,49.64,28.9,P040,EQ025
2025-09-30 16:20:00,14345.78,578.56,3.39,25.57,3.4,1230.03,1003.43,67.43,199.05,49.63,27.07,P040,EQ032
2025-09-30 16:30:00,15506.91,642.11,3.32,24.72,3.44,1230.81,1037.92,48.03,187.96,57.28,28.49,P004,EQ039
2025-09-30 16:40:00,14996.53,598.28,3.62,24.06,3.66,1254.06,1025.67,59.86,176.89,48.22,33.09,P046,EQ046
2025-09-30 16:50:00,13321.22,665.38,3.65,24.36,3.49,1260.13,1057.3,50.4,200.97,55.76,15.52,P029,EQ004
2025-09-30 17:00:00,14429.51,550.78,3.04,24.08,3.61,1249.97,1015.29,59.6,219.98,48.5,20.43,P006,EQ011
2025-09-30 17:10:00,15102.1,603.11,3.49,25.29,3.36,1235.03,1040.95,64.38,187.6,55.19,16.06,P027,EQ018
2025-09-30 17:20:00,14102.42,598.49,3.55,22.94,3.17,1229.7,1031.71,62.33,184.3,44.98,19.85,P035,EQ025
2025-09-30 17:30:00,15069.91,577.19,3.65,25.98,3.55,1202.08,1049.32,62.99,186.18,39.02,32.9,P002,EQ032
2025-09-30 17:40:00,14945.34,607.17,3.56,25.74,3.69,1308.55,1080.17,63.36,190.97,51.69,22.8,P006,EQ039
2025-09-30 17:50:00,14386.93,649.02,3.41,26.05,3.73,1218.14,1069.13,57.92,199.34,55.42,13.51,P009,EQ046
2025-09-30 18:00:00,14306.95,595.29,3.38,25.66,3.97,1254.63,1063.44,57.91,173.65,48.31,26.86,P028,EQ004
2025-09-30 18:10:00,13842.57,586.54,3.45,24.14,3.26,1253.38,1000.45,61.12,200.73,45.31,23.0,P023,EQ011
2025-09-30 18:20:00,16562.82,591.38,3.32,25.62,3.46,1223.88,1056.16,61.06,188.08,45.74,31.33,P049,EQ018
2025-09-30 18:30:00,13626.74,592.51,3.03,26.83,3.48,1261.19,1022.97,63.08,188.32,52.18,24.3,P050,EQ025
2025-09-30 18:40:00,15833.05,573.71,3.64,25.59,3.3,1253.15,989.54,50.86,170.84,50.17,21.47,P045,EQ032
2025-09-30 18:50:00,13316.44,592.9,3.35,25.49,3.68,1249.02,943.98,58.58,188.3,48.01,34.53,P050,EQ039
2025-09-30 19:00:00,13774.07,598.16,3.56,24.15,3.45,1244.09,1045.89,63.02,190.29,53.92,21.45,P001,EQ046
2025-09-30 19:10:00,14661.8,636.47,3.47,23.7,3.56,1254.53,1069.2,58.27,209.22,53.46,31.8,P046,EQ004
2025-09-30 19:20:00,16163.63,630.63,3.91,25.03,3.35,1247.31,1038.26,64.12,231.06,46.78,15.51,P006,EQ011
2025-09-30 19:30:00,13828.66,575.29,3.55,24.95,3.33,1235.55,1072.09,56.75,194.66,49.38,10.91,P023,EQ018
2025-09-30 19:40:00,15536.71,605.9,3.24,24.38,3.68,1282.5,1062.45,59.35,192.31,52.9,27.02,P014,EQ025
2025-09-30 19:50:00,14125.33,581.05,3.36,26.17,3.3,1262.45,1078.73,63.77,185.03,50.18,26.86,P048,EQ032
2025-09-30 20:00:00,14847.73,562.68,3.16,26.38,3.76,1258.27,1043.92,53.49,207.92,42.75,16.11,P040,EQ039
2025-09-30 20:10:00,16028.4,623.06,3.44,24.21,3.52,1256.87,1031.43,62.7,171.98,54.95,20.82,P013,EQ046
2025-09-30 20:20:00,16199.81,612.99,3.65,24.72,3.51,1263.69,1034.43,57.82,221.41,55.37,25.12,P040,EQ004
2025-09-30 20:30:00,17497.89,626.28,3.46,24.45,3.47,1276.29,1070.13,53.19,208.89,50.52,22.6,P009,EQ011
2025-09-30 20:40:00,13323.15,601.09,3.26,23.55,3.44,1244.37,966.21,64.61,202.95,38.7,12.37,P038,EQ018
2025-09-30 20:50:00,14760.33,624.63,3.54,25.27,3.9,1233.65,1090.33,55.74,202.89,51.55,34.69,P048,EQ025
2025-09-30 21:00:00,14380.13,653.33,3.29,25.33,3.16,1233.26,1107.08,57.03,197.2,52.16,17.71,P043,EQ032
2025-09-30 21:10:00,14970.55,579.67,3.52,21.9,3.63,1251.79,1007.62,66.0,195.08,54.73,20.55,P015,EQ039
2025-09-30 21:20:00,13567.09,621.27,3.35,24.9,3.47,1242.26,1080.77,60.35,223.35,48.37,21.86,P027,EQ046
2025-09-30 21:30:00,14057.74,602.05,3.56,23.43,3.7,1228.69,1042.39,71.87,173.38,43.78,28.34,P023,EQ004
2025-09-30 21:40:00,14355.5,563.94,3.74,24.82,3.21,1261.55,1037.34,58.39,220.99,49.23,26.19,P049,EQ011
2025-09-30 21:50:00,15398.53,589.57,3.22,24.5,3.46,1262.72,1051.06,62.37,208.72,54.94,28.21,P026,EQ018
2025-09-30 22:00:00,16506.18,632.06,3.62,23.23,3.9,1268.63,1040.33,59.02,215.97,47.98,30.31,P028,EQ025
2025-09-30 22:10:00,16717.76,631.86,2.97,24.56,3.59,1264.92,1049.84,57.9,212.23,49.65,21.97,P007,EQ032
2025-09-30 22:20:00,14235.63,598.45,3.31,24.95,3.47,1248.77,1091.67,60.33,219.83,46.02,22.73,P031,EQ039
2025-09-30 22:30:00,14088.38,644.38,4.01,25.21,3.57,1254.37,1061.23,60.06,191.69,42.69,19.95,P009,EQ046
2025-09-30 22:40:00,15544.79,620.73,3.68,24.52,3.63,1239.46,1060.78,58.0,195.17,48.44,26.46,P035,EQ004
2025-09-30 22:50:00,16270.22,574.7,3.72,24.36,3.42,1235.33,1050.44,61.16,192.67,42.74,30.26,P014,EQ011
2025-09-30 23:00:00,13858.65,601.6,3.46,27.66,3.79,1236.45,1058.73,63.76,192.08,43.97,20.23,P016,EQ018
2025-09-30 23:10:00,16466.77,574.34,3.68,24.99,3.48,1286.47,1069.49,60.43,204.97,35.75,20.81,P034,EQ025
2025-09-30 23:20:00,16418.6,583.9,3.29,24.61,3.5,1234.11,1050.52,47.88,218.8,55.28,32.65,P043,EQ032
2025-09-30 23:30:00,13742.13,617.93,3.53,25.92,3.49,1248.34,1060.85,67.24,234.46,48.05,18.94,P006,EQ039
2025-09-30 23:40:00,16398.97,617.1,3.51,26.24,3.54,1267.08,1016.43,55.25,192.42,57.37,28.22,P026,EQ046
2025-09-30 23:50:00,14061.76,640.09,3.35,27.61,3.72,1234.23,1093.08,56.25,211.76,56.35,31.98,P041,EQ004
