Timestamp,Casting_Speed_mmin,Mold_Level_mm,Mold_Temp_C,Cooling_Water_Flow_m3h,Cooling_Water_Temp_In_C,Cooling_Water_Temp_Out_C,Strand_Temp_C,Slab_Width_mm,Slab_Thickness_mm,Withdrawal_Force_kN,Slab_Weight_ton,Product_ID,Equipment_ID
2025-09-01 00:00:00,1.3,99.91,337.14,2532.09,30.16,48.03,1076.19,1275.19,250.65,169.5,27.91,P001,EQ003
2025-09-01 00:10:00,1.15,100.62,354.05,2509.42,31.35,41.63,1145.34,1272.08,251.9,146.2,23.01,P010,EQ010
2025-09-01 00:20:00,1.14,101.32,341.19,2323.58,30.62,45.18,1123.26,1256.03,246.88,159.67,20.06,P003,EQ017
2025-09-01 00:30:00,1.3,99.37,338.9,2570.08,29.78,50.08,1119.28,1265.73,251.88,154.19,26.07,P012,EQ024
2025-09-01 00:40:00,1.08,98.93,361.68,2386.95,27.79,43.74,1133.56,1242.16,248.87,129.46,24.3,P001,EQ031
2025-09-01 00:50:00,1.26,103.23,340.73,2461.65,30.75,41.98,1096.62,1262.87,247.55,144.05,23.52,P028,EQ038
2025-09-01 01:00:00,1.25,99.78,343.03,2515.0,27.23,42.64,1113.06,1219.97,252.25,156.41,25.9,P030,EQ045
2025-09-01 01:10:00,1.23,99.28,336.51,2368.82,30.86,39.9,1096.16,1261.71,252.29,156.52,25.53,P017,EQ003
2025-09-01 01:20:00,1.17,99.81,339.99,2514.75,33.0,39.13,1070.05,1243.25,250.79,155.91,28.58,P033,EQ010
2025-09-01 01:30:00,1.13,97.14,333.57,2528.01,29.34,45.24,1025.35,1262.5,247.01,147.39,22.58,P015,EQ017
2025-09-01 01:40:00,1.19,99.77,359.67,2424.3,30.73,44.34,1156.06,1246.58,250.24,140.71,23.74,P011,EQ024
2025-09-01 01:50:00,1.42,101.12,344.85,2428.79,30.87,42.37,1093.96,1242.06,246.01,143.36,21.8,P006,EQ031
2025-09-01 02:00:00,1.3,101.09,326.39,2604.73,30.63,39.05,1124.17,1235.01,248.21,163.61,24.27,P009,EQ038
2025-09-01 02:10:00,1.04,101.54,336.55,2430.42,28.69,46.4,1108.46,1218.96,241.9,146.59,25.4,P026,EQ045
2025-09-01 02:20:00,1.28,99.52,340.3,2474.47,30.87,45.43,1110.77,1247.69,247.7,168.34,25.42,P015,EQ003
2025-09-01 02:30:00,1.43,100.2,359.5,2437.4,30.01,38.42,1081.2,1250.99,250.66,145.84,23.55,P036,EQ010
2025-09-01 02:40:00,1.09,101.05,328.61,2401.3,31.25,46.57,1065.75,1258.54,249.04,159.99,25.64,P005,EQ017
2025-09-01 02:50:00,1.32,99.18,341.61,2624.69,32.62,43.07,1130.63,1227.52,260.18,159.88,28.25,P030,EQ024
2025-09-01 03:00:00,1.17,101.72,329.58,2236.55,32.26,41.86,1088.45,1258.64,249.72,154.85,24.45,P026,EQ031
2025-09-01 03:10:00,1.22,97.45,339.29,2550.23,31.31,40.53,1126.97,1242.88,251.79,126.26,27.78,P011,EQ038
2025-09-01 03:20:00,1.18,101.14,346.41,2385.85,33.99,45.37,1119.15,1249.47,252.9,149.16,20.39,P024,EQ045
2025-09-01 03:30:00,1.11,103.42,344.16,2294.04,31.78,50.87,1105.43,1305.06,251.79,152.3,27.31,P013,EQ003
2025-09-01 03:40:00,1.28,103.93,341.36,2553.07,32.03,44.03,1129.26,1239.72,244.77,145.49,21.63,P007,EQ010
2025-09-01 03:50:00,1.37,96.21,348.97,2394.47,28.52,44.19,1135.19,1290.01,256.41,152.43,21.58,P039,EQ017
2025-09-01 04:00:00,1.07,100.33,351.93,2469.28,29.44,49.83,1082.85,1262.61,247.63,134.68,27.28,P022,EQ024
2025-09-01 04:10:00,1.32,100.06,333.83,2538.6,27.52,41.06,1088.12,1249.7,246.43,149.07,19.61,P019,EQ031
2025-09-01 04:20:00,1.24,99.39,330.05,2451.39,26.74,47.24,1068.81,1214.51,240.87,152.3,19.87,P007,EQ038
2025-09-01 04:30:00,1.09,99.32,348.75,2473.83,30.91,45.87,1047.72,1260.93,253.83,141.04,20.76,P039,EQ045
2025-09-01 04:40:00,1.31,102.81,345.96,2412.56,27.0,51.45,1070.84,1278.53,250.38,153.78,20.21,P020,EQ003
2025-09-01 04:50:00,1.14,98.76,334.77,2571.12,27.51,45.46,1127.67,1266.38,256.3,145.15,22.3,P013,EQ010
2025-09-01 05:00:00,1.3,99.94,365.15,2405.2,29.42,40.94,1081.01,1263.77,245.49,140.22,25.7,P003,EQ017
2025-09-01 05:10:00,1.15,101.87,340.22,2460.09,29.41,43.84,1083.21,1252.34,250.2,145.05,22.04,P006,EQ024
2025-09-01 05:20:00,1.18,98.51,335.51,2581.19,30.68,44.07,1081.38,1252.39,259.78,137.49,30.41,P037,EQ031
2025-09-01 05:30:00,1.46,98.74,327.27,2428.31,33.54,46.97,1127.13,1247.75,253.45,161.91,20.31,P031,EQ038
2025-09-01 05:40:00,1.27,98.36,345.94,2443.58,30.87,45.57,1155.62,1232.67,245.5,135.26,19.44,P021,EQ045
2025-09-01 05:50:00,1.19,99.45,336.38,2505.48,28.9,50.02,1100.39,1243.31,248.92,139.82,20.34,P020,EQ003
2025-09-01 06:00:00,1.16,100.22,322.89,2441.88,31.87,48.77,1080.17,1247.1,247.25,159.78,19.45,P023,EQ010
2025-09-01 06:10:00,1.22,96.23,344.4,2451.26,29.29,45.98,1064.54,1263.06,249.57,149.99,27.24,P026,EQ017
2025-09-01 06:20:00,1.25,97.32,343.75,2424.44,31.43,44.79,1069.46,1210.11,245.22,159.69,23.3,P021,EQ024
2025-09-01 06:30:00,1.12,102.83,344.11,2585.44,32.98,45.35,1076.78,1247.86,255.78,163.97,27.58,P023,EQ031
2025-09-01 06:40:00,1.28,102.06,335.89,2534.94,29.19,48.83,1091.27,1286.0,245.31,152.6,29.46,P007,EQ038
2025-09-01 06:50:00,1.26,102.53,335.47,2526.27,28.48,46.39,1108.98,1246.44,250.0,144.46,22.81,P033,EQ045
2025-09-01 07:00:00,1.34,103.3,341.46,2505.45,28.5,44.27,1090.84,1251.11,251.25,146.33,20.74,P010,EQ003
2025-09-01 07:10:00,1.22,98.64,342.9,2518.48,30.75,42.96,1099.09,1244.07,251.69,160.38,19.9,P025,EQ010
2025-09-01 07:20:00,1.22,101.78,324.81,2588.99,35.79,38.39,1109.04,1244.32,251.84,155.84,24.37,P003,EQ017
2025-09-01 07:30:00,1.25,98.96,327.73,2535.94,30.11,48.8,1103.07,1273.84,247.29,155.08,22.65,P010,EQ024
2025-09-01 07:40:00,1.39,101.53,356.16,2627.21,27.2,45.08,1140.43,1253.13,257.95,156.6,27.23,P006,EQ031
2025-09-01 07:50:00,1.25,99.21,332.75,2483.81,28.91,49.24,987.8,1234.51,259.19,137.97,28.99,P006,EQ038
2025-09-01 08:00:00,1.42,99.33,339.78,2519.65,31.82,42.41,1077.57,1226.86,255.53,145.49,29.07,P015,EQ045
2025-09-01 08:10:00,1.19,99.7,328.11,2572.13,30.25,47.26,1043.11,1257.48,248.21,140.8,28.27,P010,EQ003
2025-09-01 08:20:00,1.11,103.49,337.49,2479.46,30.31,47.09,1129.23,1262.37,259.76,151.56,28.51,P011,EQ010
2025-09-01 08:30:00,1.28,99.67,347.35,2582.04,30.84,46.13,1153.56,1287.1,239.95,164.16,29.03,P033,EQ017
2025-09-01 08:40:00,1.26,97.6,337.12,2572.48,27.6,43.58,1061.46,1260.88,250.08,150.99,24.91,P039,EQ024
2025-09-01 08:50:00,0.95,98.94,336.89,2534.44,27.47,46.62,1080.59,1255.31,251.5,159.93,26.28,P022,EQ031
2025-09-01 09:00:00,1.41,97.19,343.09,2399.52,27.35,48.72,1095.13,1229.54,248.67,150.99,23.5,P009,EQ038
2025-09-01 09:10:00,1.46,97.96,319.46,2542.36,29.96,43.8,1128.09,1261.38,254.41,165.26,23.57,P024,EQ045
2025-09-01 09:20:00,1.22,98.66,352.38,2597.82,29.8,41.59,1106.9,1250.15,247.59,139.85,25.5,P028,EQ003
2025-09-01 09:30:00,1.29,99.16,340.05,2351.51,29.36,41.12,1114.26,1237.13,240.83,152.36,19.08,P025,EQ010
2025-09-01 09:40:00,1.37,98.29,330.87,2381.82,30.49,46.7,1072.33,1239.95,253.05,134.48,22.06,P040,EQ017
2025-09-01 09:50:00,1.28,96.46,326.74,2527.46,34.19,44.54,1113.04,1231.45,246.0,163.65,24.8,P010,EQ024
2025-09-01 10:00:00,1.26,100.29,321.05,2643.79,27.38,49.37,1073.75,1266.08,251.91,150.6,25.71,P032,EQ031
2025-09-01 10:10:00,1.34,99.97,338.12,2553.78,28.55,41.61,1091.23,1273.34,252.74,134.9,21.19,P001,EQ038
2025-09-01 10:20:00,1.24,100.82,334.29,2394.44,30.26,47.42,1099.26,1248.38,249.86,149.28,20.99,P020,EQ045
2025-09-01 10:30:00,1.28,103.27,344.89,2406.31,30.11,45.71,1109.7,1253.82,252.47,143.49,25.32,P006,EQ003
2025-09-01 10:40:00,1.06,104.7,339.84,2425.35,29.88,48.87,1060.11,1252.02,248.35,153.99,24.4,P030,EQ010
2025-09-01 10:50:00,1.07,101.81,350.82,2682.19,29.0,47.15,1065.17,1263.64,253.19,146.03,23.24,P019,EQ017
2025-09-01 11:00:00,1.13,99.81,352.02,2602.98,29.89,42.63,1113.2,1267.24,254.59,152.19,21.9,P018,EQ024
2025-09-01 11:10:00,1.19,98.61,341.6,2434.4,28.28,42.58,1097.23,1291.03,248.97,149.64,26.0,P023,EQ031
2025-09-01 11:20:00,1.06,101.26,335.01,2437.09,28.46,47.76,1092.19,1262.64,261.63,155.9,21.67,P012,EQ038
2025-09-01 11:30:00,1.2,98.81,344.56,2390.48,29.66,43.67,1137.59,1259.45,249.14,159.57,26.71,P030,EQ045
2025-09-01 11:40:00,1.25,102.34,352.51,2496.84,31.38,42.28,1106.67,1219.78,250.3,152.88,21.65,P031,EQ003
2025-09-01 11:50:00,1.05,100.67,338.69,2539.35,29.04,49.0,1101.89,1227.8,242.59,141.03,27.86,P029,EQ010
2025-09-01 12:00:00,1.27,98.58,339.44,2559.74,30.81,50.82,1111.06,1246.13,254.51,154.63,26.39,P009,EQ017
2025-09-01 12:10:00,1.2,100.34,345.36,2594.54,29.35,42.89,1110.72,1249.5,244.82,143.56,28.24,P037,EQ024
2025-09-01 12:20:00,1.21,99.26,344.82,2536.9,30.84,40.65,1111.0,1218.52,239.32,142.87,22.78,P024,EQ031
2025-09-01 12:30:00,1.31,102.04,330.35,2631.96,30.72,44.39,1069.53,1229.83,250.0,152.65,27.6,P026,EQ038
2025-09-01 12:40:00,1.36,100.05,352.52,2540.11,28.4,43.57,1087.85,1214.4,251.65,146.12,23.12,P040,EQ045
2025-09-01 12:50:00,1.1,100.5,362.72,2483.88,30.43,49.4,1114.49,1240.43,255.31,152.94,29.01,P009,EQ003
2025-09-01 13:00:00,1.29,101.24,320.33,2707.03,33.32,42.9,1119.03,1266.33,248.17,150.64,24.09,P033,EQ010
2025-09-01 13:10:00,1.26,100.25,337.58,2363.3,29.5,44.22,1029.86,1267.9,246.4,147.43,27.91,P021,EQ017
2025-09-01 13:20:00,1.11,98.7,353.02,2382.07,30.0,48.21,1104.98,1222.02,244.64,137.53,22.28,P027,EQ024
2025-09-01 13:30:00,1.33,100.04,329.09,2490.44,30.4,45.0,1152.03,1245.7,250.07,152.83,24.51,P017,EQ031
2025-09-01 13:40:00,1.17,102.67,344.99,2603.0,30.68,44.73,1055.43,1238.39,243.73,142.57,27.27,P003,EQ038
2025-09-01 13:50:00,1.34,99.61,342.85,2484.26,31.32,46.93,1102.62,1232.63,254.88,147.48,25.85,P004,EQ045
2025-09-01 14:00:00,1.08,101.6,336.11,2475.03,28.65,45.14,1166.34,1226.72,247.57,156.78,26.14,P016,EQ003
2025-09-01 14:10:00,1.07,100.84,352.39,2456.57,32.02,47.0,1114.09,1249.53,245.6,159.59,26.02,P036,EQ010
2025-09-01 14:20:00,1.2,102.34,338.68,2467.63,30.5,46.59,1088.44,1247.65,256.22,133.67,20.16,P007,EQ017
2025-09-01 14:30:00,1.15,97.55,329.53,2317.13,30.6,40.15,1038.01,1255.01,248.35,151.88,22.42,P011,EQ024
2025-09-01 14:40:00,1.18,99.05,338.16,2556.26,33.51,43.96,1095.74,1220.92,249.14,145.31,24.55,P005,EQ031
2025-09-01 14:50:00,1.35,100.45,345.88,2598.2,28.26,46.8,1104.24,1293.36,256.38,161.32,23.15,P030,EQ038
2025-09-01 15:00:00,1.35,100.54,339.64,2696.76,31.97,45.63,1120.54,1264.81,249.94,164.08,26.49,P023,EQ045
2025-09-01 15:10:00,1.22,100.76,356.55,2492.93,27.53,48.29,1089.71,1235.89,249.17,135.92,23.84,P035,EQ003
2025-09-01 15:20:00,1.12,99.84,339.79,2546.05,27.8,51.28,1094.58,1269.85,253.83,138.46,29.35,P030,EQ010
2025-09-01 15:30:00,1.13,100.71,337.09,2538.09,30.59,45.77,1111.91,1254.77,248.47,161.63,20.65,P012,EQ017
2025-09-01 15:40:00,1.09,97.89,351.35,2436.13,29.51,46.26,1083.39,1260.21,259.7,152.26,28.07,P026,EQ024
2025-09-01 15:50:00,1.23,96.42,351.32,2472.41,30.83,44.22,1020.75,1231.18,247.3,146.34,26.47,P013,EQ031
2025-09-01 16:00:00,1.26,98.39,336.35,2539.05,28.4,46.49,1194.07,1255.42,247.69,165.68,23.45,P005,EQ038
2025-09-01 16:10:00,1.35,100.87,337.45,2401.98,28.16,40.28,1096.16,1228.97,253.99,150.61,22.71,P039,EQ045
2025-09-01 16:20:00,1.11,100.9,340.1,2419.11,29.36,46.23,1089.03,1246.94,246.41,149.72,23.99,P031,EQ003
2025-09-01 16:30:00,1.25,101.1,352.08,2377.95,30.1,47.69,1120.05,1242.33,248.48,149.45,20.49,P030,EQ010
2025-09-01 16:40:00,1.11,97.84,335.14,2410.91,30.93,45.92,1124.95,1256.97,246.21,156.31,19.81,P010,EQ017
2025-09-01 16:50:00,1.35,102.45,348.22,2479.13,27.43,43.21,1130.57,1268.18,246.84,151.3,28.98,P010,EQ024
2025-09-01 17:00:00,1.19,102.54,335.15,2365.35,30.37,46.35,1134.72,1263.45,254.95,129.13,26.7,P021,EQ031
2025-09-01 17:10:00,1.11,99.12,332.23,2447.04,32.48,43.53,1067.67,1248.32,249.88,139.81,25.15,P039,EQ038
2025-09-01 17:20:00,1.08,100.17,340.86,2481.33,28.22,43.16,1071.16,1278.8,251.66,148.44,28.03,P004,EQ045
2025-09-01 17:30:00,1.2,94.95,353.64,2483.77,27.07,43.16,1104.88,1227.9,250.6,166.57,28.37,P024,EQ003
2025-09-01 17:40:00,1.23,102.44,333.05,2446.77,26.98,44.53,1123.07,1248.83,245.13,170.28,26.81,P031,EQ010
2025-09-01 17:50:00,1.17,102.23,334.93,2345.27,31.97,43.39,1121.81,1259.4,253.7,139.14,22.21,P014,EQ017
2025-09-01 18:00:00,1.23,98.67,332.42,2565.5,28.69,46.87,1066.55,1245.05,250.27,130.14,28.06,P028,EQ024
2025-09-01 18:10:00,1.3,99.98,333.0,2570.44,31.01,41.75,1061.84,1269.61,249.53,159.28,22.58,P012,EQ031
2025-09-01 18:20:00,1.04,99.34,337.96,2482.64,27.51,39.63,1109.48,1249.61,254.15,138.42,20.78,P005,EQ038
2025-09-01 18:30:00,1.22,98.69,343.98,2556.28,30.1,41.03,1097.27,1258.22,245.69,135.9,22.07,P006,EQ045
2025-09-01 18:40:00,1.3,98.0,339.13,2523.74,32.5,46.15,1081.43,1220.84,245.27,136.41,21.61,P029,EQ003
2025-09-01 18:50:00,1.19,102.6,354.66,2484.23,32.15,44.28,1102.09,1253.63,250.87,133.44,28.35,P034,EQ010
2025-09-01 19:00:00,1.19,101.32,330.78,2498.91,30.34,44.64,1116.73,1273.26,233.03,147.49,20.63,P017,EQ017
2025-09-01 19:10:00,1.13,98.95,338.63,2522.15,30.33,45.98,1038.69,1286.75,245.19,168.45,21.64,P004,EQ024
2025-09-01 19:20:00,1.12,100.75,338.83,2500.22,26.45,42.07,1150.36,1275.99,245.03,147.44,20.54,P028,EQ031
2025-09-01 19:30:00,1.11,100.8,328.38,2593.42,31.93,42.58,1098.3,1242.39,259.66,161.41,23.72,P020,EQ038
2025-09-01 19:40:00,1.39,98.11,329.28,2443.61,24.88,44.16,1108.53,1259.15,246.3,137.54,21.08,P023,EQ045
2025-09-01 19:50:00,1.28,98.11,357.86,2579.96,31.47,45.48,1106.95,1251.67,251.86,143.57,29.12,P031,EQ003
2025-09-01 20:00:00,1.36,97.67,357.85,2453.4,31.12,47.94,1092.37,1246.57,250.15,156.04,24.24,P011,EQ010
2025-09-01 20:10:00,1.26,98.95,343.24,2680.73,32.53,49.0,1029.31,1236.73,246.81,159.57,28.42,P028,EQ017
2025-09-01 20:20:00,1.14,97.62,354.74,2207.52,32.91,50.59,1097.98,1236.48,248.52,143.97,22.72,P037,EQ024
2025-09-01 20:30:00,1.13,100.65,337.56,2512.77,30.61,38.94,1093.24,1256.61,251.24,162.88,23.68,P001,EQ031
2025-09-01 20:40:00,1.16,97.22,340.21,2413.25,31.95,41.61,1132.04,1243.11,243.69,149.22,24.36,P039,EQ038
2025-09-01 20:50:00,1.26,98.97,339.24,2709.85,30.45,46.36,1084.82,1248.98,248.66,164.27,21.44,P038,EQ045
2025-09-01 21:00:00,1.09,95.11,351.44,2579.92,29.14,40.71,1089.74,1198.07,242.36,171.0,23.86,P021,EQ003
2025-09-01 21:10:00,1.09,101.24,348.34,2664.99,28.43,45.29,1062.09,1287.37,244.58,143.14,26.34,P021,EQ010
2025-09-01 21:20:00,1.1,100.66,348.08,2410.33,30.98,42.73,1053.91,1257.3,250.76,144.9,19.94,P030,EQ017
2025-09-01 21:30:00,1.21,100.64,351.94,2521.64,31.32,44.19,1129.67,1234.04,261.59,155.4,29.74,P032,EQ024
2025-09-01 21:40:00,1.08,100.22,341.08,2516.25,29.79,51.53,1118.17,1247.34,252.65,144.71,28.34,P008,EQ031
2025-09-01 21:50:00,1.27,101.62,328.57,2463.87,32.23,46.89,1047.19,1248.85,251.53,148.19,27.54,P027,EQ038
2025-09-01 22:00:00,1.17,101.62,338.09,2479.02,29.35,38.58,1112.04,1272.18,247.19,131.98,22.34,P001,EQ045
2025-09-01 22:10:00,1.14,101.62,348.14,2469.11,27.33,47.73,1088.08,1221.48,247.28,138.72,28.34,P009,EQ003
2025-09-01 22:20:00,1.12,99.17,331.29,2686.76,30.07,41.91,1107.53,1231.06,249.08,151.17,25.36,P038,EQ010
2025-09-01 22:30:00,1.46,100.23,344.98,2452.57,30.05,47.58,1101.11,1244.06,256.89,147.01,21.05,P014,EQ017
2025-09-01 22:40:00,1.2,97.87,353.49,2471.56,29.82,47.39,1122.86,1223.02,261.66,158.45,27.59,P013,EQ024
2025-09-01 22:50:00,1.21,101.49,345.51,2636.47,31.06,43.22,1039.28,1236.44,252.92,160.78,23.76,P035,EQ031
2025-09-01 23:00:00,1.15,101.92,330.51,2503.19,28.23,49.92,1054.74,1242.69,243.52,158.21,26.36,P039,EQ038
2025-09-01 23:10:00,1.1,99.44,356.81,2422.1,31.02,42.19,1065.33,1272.5,247.61,156.03,23.52,P023,EQ045
2025-09-01 23:20:00,1.07,100.84,334.32,2591.2,28.83,46.74,1066.77,1275.96,247.89,150.1,21.95,P013,EQ003
2025-09-01 23:30:00,1.16,101.22,337.73,2235.37,28.63,42.74,1099.25,1271.06,251.1,141.3,29.78,P037,EQ010
2025-09-01 23:40:00,1.34,98.8,334.64,2510.71,33.92,44.5,1096.03,1239.76,241.72,163.12,27.81,P024,EQ017
2025-09-01 23:50:00,1.2,99.95,344.39,2313.61,32.63,45.06,1139.53,1270.36,243.0,152.19,27.27,P002,EQ024
2025-09-02 00:00:00,1.08,101.52,336.17,2619.97,30.17,46.63,1095.78,1219.96,245.31,149.38,21.63,P020,EQ031
2025-09-02 00:10:00,1.29,102.79,341.07,2543.06,26.6,42.64,1074.69,1214.08,257.77,128.56,24.59,P008,EQ038
2025-09-02 00:20:00,1.13,100.97,339.26,2523.41,27.43,46.72,1026.94,1247.33,244.55,134.64,25.85,P030,EQ045
2025-09-02 00:30:00,1.24,100.32,335.3,2718.77,27.14,47.31,1132.07,1262.55,262.15,137.19,25.09,P023,EQ003
2025-09-02 00:40:00,0.99,98.55,348.18,2413.34,32.36,46.68,1092.74,1257.81,251.6,140.42,23.37,P035,EQ010
2025-09-02 00:50:00,1.18,99.7,348.94,2507.38,32.78,43.31,1105.57,1238.49,239.76,140.57,22.62,P022,EQ017
2025-09-02 01:00:00,1.13,98.98,349.76,2556.6,28.62,45.18,1095.22,1238.24,248.11,136.04,20.39,P012,EQ024
2025-09-02 01:10:00,1.31,97.36,364.88,2458.57,30.1,48.65,1079.08,1246.52,246.23,160.23,23.7,P024,EQ031
2025-09-02 01:20:00,1.39,97.76,341.85,2302.93,28.54,44.87,1131.22,1247.83,253.69,144.2,21.64,P039,EQ038
2025-09-02 01:30:00,1.1,100.41,339.52,2627.69,29.8,43.74,1101.81,1266.94,254.68,171.54,21.91,P028,EQ045
2025-09-02 01:40:00,1.15,100.0,343.22,2469.03,29.7,43.23,1076.03,1255.42,254.16,152.7,23.86,P028,EQ003
2025-09-02 01:50:00,1.14,98.84,315.42,2493.94,29.87,45.64,1051.79,1281.72,252.88,162.55,26.81,P040,EQ010
2025-09-02 02:00:00,1.19,101.69,345.56,2309.78,31.91,48.8,1098.35,1224.75,244.55,132.12,27.63,P007,EQ017
2025-09-02 02:10:00,1.24,97.86,339.33,2650.35,30.91,48.62,1059.01,1236.19,254.03,162.16,29.54,P007,EQ024
2025-09-02 02:20:00,1.16,99.93,344.24,2548.51,27.71,46.99,1092.41,1225.4,252.22,146.36,20.28,P002,EQ031
2025-09-02 02:30:00,1.09,99.58,321.94,2453.31,28.97,45.04,1109.47,1290.68,251.62,176.31,26.68,P027,EQ038
2025-09-02 02:40:00,1.2,101.49,331.93,2456.8,34.74,39.48,1047.12,1201.61,253.78,142.3,20.14,P040,EQ045
2025-09-02 02:50:00,1.34,95.76,343.58,2740.93,31.58,42.65,1128.1,1264.46,239.57,149.34,27.84,P007,EQ003
2025-09-02 03:00:00,1.14,100.89,347.56,2403.51,28.71,46.57,1089.51,1236.84,250.48,146.88,25.62,P033,EQ010
2025-09-02 03:10:00,1.16,102.59,326.96,2611.53,31.03,45.41,1128.38,1227.62,249.5,150.97,24.83,P003,EQ017
2025-09-02 03:20:00,1.18,100.27,333.85,2475.95,30.98,50.41,1118.56,1280.75,240.31,158.53,25.78,P027,EQ024
2025-09-02 03:30:00,1.27,100.29,339.4,2406.56,29.91,46.19,1081.73,1253.94,246.16,142.6,21.44,P030,EQ031
2025-09-02 03:40:00,1.24,100.83,351.01,2583.09,32.92,45.53,1089.98,1252.83,259.11,160.67,26.01,P008,EQ038
2025-09-02 03:50:00,1.2,103.61,328.04,2453.87,27.72,47.22,1099.42,1230.54,244.25,157.38,20.72,P031,EQ045
2025-09-02 04:00:00,1.24,102.45,335.98,2451.94,28.36,46.34,1061.28,1288.48,252.47,163.72,30.14,P023,EQ003
2025-09-02 04:10:00,1.2,98.24,326.71,2407.58,28.28,42.64,1133.87,1227.3,247.24,167.29,28.28,P030,EQ010
2025-09-02 04:20:00,1.06,99.42,350.56,2346.36,30.06,46.36,1104.34,1231.95,250.43,145.16,23.38,P026,EQ017
2025-09-02 04:30:00,1.32,98.09,348.99,2407.22,28.97,48.63,1061.75,1242.23,240.98,143.59,18.87,P024,EQ024
2025-09-02 04:40:00,1.27,100.33,352.32,2467.56,29.89,42.67,1094.77,1226.11,253.48,138.07,27.15,P033,EQ031
2025-09-02 04:50:00,1.37,99.7,353.38,2622.34,29.69,40.02,1070.91,1248.28,240.55,141.99,21.53,P017,EQ038
2025-09-02 05:00:00,1.02,99.75,334.7,2688.06,32.54,41.82,1109.01,1224.01,249.55,132.22,22.13,P027,EQ045
2025-09-02 05:10:00,1.33,100.17,353.72,2595.39,30.73,45.61,1120.75,1243.41,237.94,156.41,24.83,P001,EQ003
2025-09-02 05:20:00,1.25,101.19,358.4,2403.48,30.68,48.51,1162.44,1251.1,248.87,150.16,28.35,P027,EQ010
2025-09-02 05:30:00,1.23,98.19,353.04,2373.28,30.03,48.43,1117.41,1226.66,246.69,140.22,19.31,P002,EQ017
2025-09-02 05:40:00,1.12,100.54,353.92,2535.94,32.2,46.6,1101.8,1282.7,249.08,144.07,21.6,P024,EQ024
2025-09-02 05:50:00,1.26,100.21,334.46,2563.07,33.59,46.32,1100.04,1286.47,248.02,134.82,28.46,P034,EQ031
2025-09-02 06:00:00,1.13,100.58,347.74,2369.56,33.15,46.97,1100.45,1286.22,244.23,163.13,27.82,P039,EQ038
2025-09-02 06:10:00,1.2,99.57,323.22,2528.94,30.54,43.0,1099.05,1264.36,248.94,159.8,22.9,P011,EQ045
2025-09-02 06:20:00,1.14,97.93,337.79,2596.76,31.52,43.8,1050.63,1277.18,254.51,161.89,30.2,P028,EQ003
2025-09-02 06:30:00,0.97,101.59,327.51,2729.81,31.5,45.77,1081.0,1230.5,255.59,142.82,22.14,P026,EQ010
2025-09-02 06:40:00,1.35,97.23,341.16,2381.96,32.07,48.39,1133.68,1267.25,253.63,146.52,22.13,P026,EQ017
2025-09-02 06:50:00,1.12,100.92,346.05,2449.14,33.21,49.68,1070.23,1263.73,249.67,164.24,28.02,P037,EQ024
2025-09-02 07:00:00,1.16,100.52,323.66,2483.8,27.03,45.47,1120.63,1239.18,246.52,134.82,23.3,P025,EQ031
2025-09-02 07:10:00,1.17,101.12,354.41,2421.76,30.94,45.67,1106.44,1239.59,247.08,137.02,28.63,P012,EQ038
2025-09-02 07:20:00,1.24,101.32,325.67,2519.24,26.82,47.84,1104.63,1249.22,251.29,141.31,23.69,P021,EQ045
2025-09-02 07:30:00,1.09,100.71,349.49,2518.35,28.4,40.77,1085.96,1253.12,252.65,172.45,25.02,P028,EQ003
2025-09-02 07:40:00,1.26,95.86,324.98,2567.22,30.66,44.47,1090.15,1244.67,252.78,155.94,22.04,P009,EQ010
2025-09-02 07:50:00,1.14,101.15,330.68,2563.29,34.2,47.86,1132.91,1242.9,245.92,172.94,24.03,P037,EQ017
2025-09-02 08:00:00,1.07,97.7,336.46,2600.56,29.78,45.99,1079.39,1267.52,252.86,159.39,28.02,P017,EQ024
2025-09-02 08:10:00,1.24,101.52,333.89,2416.31,33.42,49.08,1101.43,1263.4,253.39,139.11,28.52,P011,EQ031
2025-09-02 08:20:00,1.21,100.28,341.68,2513.3,28.54,46.99,1125.51,1253.24,253.53,127.7,29.42,P014,EQ038
2025-09-02 08:30:00,1.19,98.62,332.99,2546.4,29.54,39.69,1083.29,1253.62,248.61,144.2,20.49,P002,EQ045
2025-09-02 08:40:00,1.17,99.2,346.2,2514.67,27.39,48.77,1075.13,1295.09,245.59,150.57,24.34,P038,EQ003
2025-09-02 08:50:00,1.06,102.04,331.36,2441.3,25.29,46.77,1078.01,1260.12,247.85,156.01,21.11,P040,EQ010
2025-09-02 09:00:00,1.2,102.69,354.15,2451.28,29.92,44.48,1109.44,1246.51,238.57,147.92,25.28,P006,EQ017
2025-09-02 09:10:00,0.97,100.04,345.74,2405.22,32.24,45.75,1114.58,1275.75,249.41,143.26,25.69,P002,EQ024
2025-09-02 09:20:00,1.26,103.35,341.37,2547.65,29.73,46.7,1106.26,1281.08,246.26,165.64,27.17,P009,EQ031
2025-09-02 09:30:00,1.15,102.92,340.61,2513.62,29.44,42.92,1086.35,1249.06,247.22,148.31,28.93,P023,EQ038
2025-09-02 09:40:00,1.14,97.74,355.75,2453.08,31.55,49.6,1135.78,1247.31,257.76,140.07,22.07,P015,EQ045
2025-09-02 09:50:00,1.18,100.44,348.47,2638.45,30.12,45.93,1128.73,1255.06,246.71,147.32,22.33,P035,EQ003
2025-09-02 10:00:00,1.09,97.57,325.94,2521.95,31.5,47.62,1086.88,1289.14,244.74,142.98,28.14,P025,EQ010
2025-09-02 10:10:00,1.32,102.24,328.2,2453.96,28.64,42.12,1095.74,1238.17,242.94,158.12,26.17,P004,EQ017
2025-09-02 10:20:00,1.18,98.37,358.8,2686.94,31.41,39.41,1072.27,1263.33,250.87,151.28,22.64,P010,EQ024
2025-09-02 10:30:00,1.3,98.5,332.3,2491.63,27.53,43.28,1070.83,1269.09,247.84,158.33,25.95,P038,EQ031
2025-09-02 10:40:00,1.11,97.24,342.03,2562.45,32.54,50.45,1076.97,1258.33,246.93,148.09,27.97,P008,EQ038
2025-09-02 10:50:00,1.16,99.92,348.26,2528.28,31.52,42.81,1082.86,1267.8,246.86,148.05,24.17,P039,EQ045
2025-09-02 11:00:00,1.18,100.43,335.66,2527.85,29.93,42.06,1091.63,1262.42,253.9,170.57,21.36,P010,EQ003
2025-09-02 11:10:00,1.22,101.61,341.65,2470.58,35.22,45.88,1099.08,1270.86,244.42,158.15,22.26,P012,EQ010
2025-09-02 11:20:00,1.2,101.74,345.78,2296.34,27.5,44.92,1121.84,1214.56,250.5,147.28,19.99,P032,EQ017
2025-09-02 11:30:00,1.19,99.39,335.82,2456.96,31.33,42.83,1106.1,1235.21,249.33,160.23,27.51,P014,EQ024
2025-09-02 11:40:00,1.29,99.31,343.83,2583.92,30.55,43.88,1073.93,1240.21,247.7,160.72,23.06,P032,EQ031
2025-09-02 11:50:00,1.27,100.77,341.77,2290.38,31.49,45.88,1104.72,1221.64,250.55,150.98,26.87,P027,EQ038
2025-09-02 12:00:00,1.19,99.81,335.35,2522.59,29.15,41.43,1107.06,1268.6,245.52,154.51,20.28,P005,EQ045
2025-09-02 12:10:00,1.19,97.51,333.62,2478.14,28.06,41.32,1114.7,1224.72,247.92,162.24,21.07,P027,EQ003
2025-09-02 12:20:00,1.17,101.07,332.8,2568.62,29.63,48.32,1069.15,1216.93,259.97,143.53,23.6,P021,EQ010
2025-09-02 12:30:00,1.25,95.96,332.61,2385.96,33.34,41.06,1095.62,1249.82,253.76,152.12,26.23,P029,EQ017
2025-09-02 12:40:00,1.24,101.16,337.8,2593.03,29.31,40.51,1138.14,1232.11,242.81,167.23,26.38,P012,EQ024
2025-09-02 12:50:00,1.15,98.67,321.8,2526.46,30.93,47.64,1120.53,1269.7,255.82,142.45,23.45,P012,EQ031
2025-09-02 13:00:00,1.14,98.17,342.28,2685.86,26.82,41.63,1033.5,1278.59,247.13,145.15,26.39,P039,EQ038
2025-09-02 13:10:00,1.06,102.18,352.0,2405.11,28.05,40.53,1071.09,1238.59,248.15,157.7,27.55,P008,EQ045
2025-09-02 13:20:00,1.19,101.96,323.31,2552.83,28.59,45.37,1126.03,1257.8,255.88,149.75,30.07,P023,EQ003
2025-09-02 13:30:00,1.21,100.67,338.97,2320.09,26.36,47.65,1068.0,1252.98,255.42,147.58,24.96,P040,EQ010
2025-09-02 13:40:00,1.27,100.58,331.24,2398.58,28.73,56.09,1096.54,1242.9,246.75,152.9,25.04,P001,EQ017
2025-09-02 13:50:00,1.14,101.95,341.95,2571.94,28.17,39.45,1059.57,1254.17,250.07,148.75,21.26,P017,EQ024
2025-09-02 14:00:00,1.13,100.68,342.92,2547.69,32.56,42.8,1096.95,1238.06,250.78,150.22,28.53,P013,EQ031
2025-09-02 14:10:00,1.15,99.82,352.48,2513.06,29.34,44.6,1100.99,1232.14,248.25,143.54,25.03,P035,EQ038
2025-09-02 14:20:00,1.17,98.2,350.27,2433.1,29.11,46.49,1090.08,1241.45,249.54,165.48,19.68,P033,EQ045
2025-09-02 14:30:00,1.03,99.15,305.78,2517.45,26.56,47.37,1115.39,1280.43,246.72,155.87,27.39,P014,EQ003
2025-09-02 14:40:00,1.03,96.93,336.35,2473.85,32.48,43.94,1028.21,1264.81,246.96,163.24,28.12,P008,EQ010
2025-09-02 14:50:00,1.14,96.86,340.71,2484.24,26.57,45.36,1063.52,1261.08,257.65,149.61,29.57,P002,EQ017
2025-09-02 15:00:00,1.12,102.14,344.93,2461.43,30.91,48.8,1088.33,1293.94,250.82,151.79,23.72,P015,EQ024
2025-09-02 15:10:00,1.13,101.84,336.94,2524.09,30.37,45.01,1097.29,1251.2,245.87,144.61,20.13,P009,EQ031
2025-09-02 15:20:00,1.16,100.04,332.09,2483.41,30.3,42.68,1080.66,1246.88,239.6,168.61,21.27,P031,EQ038
2025-09-02 15:30:00,1.33,103.3,349.07,2513.35,29.97,42.5,1103.4,1257.32,245.64,146.49,21.33,P006,EQ045
2025-09-02 15:40:00,1.07,99.3,342.99,2620.84,30.98,43.78,1082.69,1279.24,243.19,159.29,22.94,P036,EQ003
2025-09-02 15:50:00,1.29,100.37,345.68,2472.23,28.19,41.76,1116.31,1226.83,256.23,134.06,26.18,P030,EQ010
2025-09-02 16:00:00,1.1,104.8,370.29,2575.43,30.75,47.76,1093.74,1263.3,254.61,127.5,27.73,P032,EQ017
2025-09-02 16:10:00,1.2,100.5,351.44,2409.55,26.94,44.16,1060.47,1266.55,252.82,172.96,24.49,P026,EQ024
2025-09-02 16:20:00,1.27,102.61,334.22,2422.4,31.29,48.57,1118.9,1225.96,251.58,159.51,28.3,P017,EQ031
2025-09-02 16:30:00,1.13,101.96,332.61,2376.43,32.28,48.04,1101.78,1258.31,246.33,152.05,21.15,P018,EQ038
2025-09-02 16:40:00,1.08,96.38,344.36,2508.05,27.8,44.43,1132.22,1248.72,258.15,128.78,29.98,P007,EQ045
2025-09-02 16:50:00,1.23,97.86,342.15,2509.27,27.15,51.41,1079.76,1253.84,247.85,149.19,25.21,P038,EQ003
2025-09-02 17:00:00,1.16,98.75,352.12,2417.78,29.67,41.75,1147.16,1246.77,245.39,163.4,22.21,P014,EQ010
2025-09-02 17:10:00,1.42,102.46,342.41,2427.35,28.67,47.81,1064.92,1233.64,242.44,145.9,27.74,P032,EQ017
2025-09-02 17:20:00,1.24,103.65,355.86,2402.76,33.5,43.38,1137.08,1290.54,241.09,166.87,23.77,P029,EQ024
2025-09-02 17:30:00,1.03,99.62,335.07,2445.7,27.87,40.12,1138.19,1271.96,246.75,178.99,23.89,P018,EQ031
2025-09-02 17:40:00,1.15,99.28,332.66,2444.0,29.06,45.45,1087.67,1234.1,249.93,138.7,27.27,P040,EQ038
2025-09-02 17:50:00,1.24,97.54,338.05,2545.35,30.69,43.51,1118.36,1273.01,247.69,144.75,20.87,P025,EQ045
2025-09-02 18:00:00,1.15,101.83,338.61,2508.49,27.55,49.48,1112.83,1248.89,260.77,130.4,24.84,P037,EQ003
2025-09-02 18:10:00,1.28,100.46,328.95,2457.31,27.98,44.88,1057.86,1261.58,244.83,155.74,22.82,P005,EQ010
2025-09-02 18:20:00,1.18,97.72,329.96,2497.54,31.03,45.01,1098.85,1219.92,245.36,144.19,23.02,P003,EQ017
2025-09-02 18:30:00,1.33,99.02,313.51,2528.65,32.92,50.66,1074.99,1265.68,248.55,144.32,29.22,P017,EQ024
2025-09-02 18:40:00,1.25,103.49,342.0,2515.1,28.1,48.27,1126.61,1254.58,254.42,155.05,25.93,P019,EQ031
2025-09-02 18:50:00,1.05,101.07,327.99,2319.81,34.22,48.36,1129.75,1270.48,240.11,157.69,24.94,P034,EQ038
2025-09-02 19:00:00,1.3,97.05,340.72,2639.88,27.49,46.68,1085.69,1227.95,250.94,138.71,22.76,P002,EQ045
2025-09-02 19:10:00,1.18,96.55,340.49,2609.93,27.29,47.31,1131.36,1225.25,252.21,135.89,20.52,P021,EQ003
2025-09-02 19:20:00,1.08,98.84,360.79,2521.56,30.86,47.0,1088.04,1247.41,246.52,148.13,23.46,P012,EQ010
2025-09-02 19:30:00,1.21,97.75,336.8,2469.21,29.2,39.6,1141.54,1253.92,247.01,152.23,22.93,P005,EQ017
2025-09-02 19:40:00,1.26,99.66,337.42,2645.47,33.05,47.96,1088.13,1273.74,255.48,151.27,22.63,P024,EQ024
2025-09-02 19:50:00,1.24,97.13,342.4,2450.5,27.28,47.2,1061.73,1259.3,246.53,145.69,23.12,P021,EQ031
2025-09-02 20:00:00,1.1,99.22,339.06,2752.2,32.15,49.71,1099.85,1259.61,254.63,163.23,21.37,P021,EQ038
2025-09-02 20:10:00,1.2,99.46,339.63,2627.9,30.44,43.8,1107.96,1257.13,250.75,165.82,26.61,P022,EQ045
2025-09-02 20:20:00,1.13,98.98,330.93,2555.19,27.83,46.34,1118.93,1257.18,243.89,173.13,21.31,P037,EQ003
2025-09-02 20:30:00,1.12,97.73,324.31,2428.96,31.86,44.92,1084.9,1287.94,247.67,146.69,28.0,P015,EQ010
2025-09-02 20:40:00,1.25,101.4,333.41,2631.79,33.09,46.54,1101.79,1270.91,254.58,148.03,26.02,P025,EQ017
2025-09-02 20:50:00,1.31,101.15,349.71,2368.0,29.83,49.74,1085.17,1224.33,246.5,134.6,21.64,P014,EQ024
2025-09-02 21:00:00,1.27,101.29,331.18,2608.14,31.84,44.46,1057.39,1221.89,253.55,168.5,24.59,P007,EQ031
2025-09-02 21:10:00,1.34,97.85,339.99,2476.21,26.8,45.94,1071.16,1229.87,250.17,136.81,24.74,P039,EQ038
2025-09-02 21:20:00,1.29,100.03,351.7,2530.63,31.79,43.7,1141.0,1251.22,249.43,139.42,28.87,P005,EQ045
2025-09-02 21:30:00,1.34,100.67,342.25,2437.94,28.93,41.7,1100.78,1247.77,250.8,144.18,25.29,P027,EQ003
2025-09-02 21:40:00,1.28,99.34,343.85,2534.69,30.02,49.3,1114.96,1231.46,244.27,169.35,25.33,P028,EQ010
2025-09-02 21:50:00,1.22,101.73,337.28,2602.64,29.99,46.88,1128.84,1249.72,248.08,169.12,22.56,P021,EQ017
2025-09-02 22:00:00,1.16,101.23,338.14,2372.03,30.13,49.91,1104.27,1234.03,247.75,158.9,21.1,P004,EQ024
2025-09-02 22:10:00,0.97,98.43,340.72,2353.3,27.57,46.1,1093.42,1251.95,251.19,162.09,27.68,P032,EQ031
2025-09-02 22:20:00,1.21,99.65,327.52,2333.29,33.47,40.68,1103.57,1242.23,258.68,151.0,20.65,P018,EQ038
2025-09-02 22:30:00,1.34,102.48,362.17,2621.75,30.82,44.72,1093.05,1233.18,249.17,154.09,23.36,P008,EQ045
2025-09-02 22:40:00,1.1,102.33,343.66,2542.89,27.76,44.91,1096.24,1250.85,243.43,144.55,23.45,P039,EQ003
2025-09-02 22:50:00,1.35,99.47,352.66,2614.29,29.68,45.53,1114.4,1245.39,256.25,130.46,23.32,P025,EQ010
2025-09-02 23:00:00,1.16,97.1,333.51,2564.12,29.49,44.06,1100.14,1235.1,245.77,154.88,21.32,P002,EQ017
2025-09-02 23:10:00,1.35,98.39,342.39,2489.89,27.4,41.49,1076.78,1254.21,243.95,163.03,21.95,P037,EQ024
2025-09-02 23:20:00,1.03,97.42,353.47,2674.5,30.62,43.68,1118.23,1235.12,249.01,145.68,28.86,P030,EQ031
2025-09-02 23:30:00,1.19,101.53,348.7,2515.62,26.67,47.11,1095.49,1288.35,254.07,142.55,23.48,P026,EQ038
2025-09-02 23:40:00,1.23,98.97,334.03,2443.17,29.54,40.73,1071.15,1239.14,258.99,150.48,20.53,P035,EQ045
2025-09-02 23:50:00,1.3,99.48,324.68,2553.38,28.75,48.11,1104.74,1242.47,247.69,149.05,28.2,P003,EQ003
2025-09-03 00:00:00,1.28,104.21,325.15,2388.94,30.36,47.43,1077.32,1275.79,258.95,166.14,24.25,P002,EQ010
2025-09-03 00:10:00,1.14,102.17,354.09,2584.63,30.23,38.23,1058.14,1240.28,245.97,151.34,19.82,P007,EQ017
2025-09-03 00:20:00,1.25,98.21,344.47,2481.92,30.4,45.24,1102.27,1268.41,254.29,161.18,28.66,P027,EQ024
2025-09-03 00:30:00,1.39,102.22,350.07,2508.56,28.95,45.29,1141.88,1254.33,244.84,143.23,26.26,P018,EQ031
2025-09-03 00:40:00,1.08,101.7,333.04,2290.38,29.85,40.08,1101.76,1264.15,249.95,138.78,22.99,P023,EQ038
2025-09-03 00:50:00,1.44,102.98,344.29,2479.72,32.03,42.23,1119.59,1290.56,247.69,155.04,24.09,P036,EQ045
2025-09-03 01:00:00,1.22,102.11,340.64,2369.19,28.43,45.75,1055.47,1241.06,244.34,149.53,26.42,P032,EQ003
2025-09-03 01:10:00,1.27,101.32,344.45,2699.05,33.85,46.39,1113.72,1274.07,243.67,143.15,25.47,P026,EQ010
2025-09-03 01:20:00,1.21,98.79,336.96,2548.36,31.79,44.87,1135.41,1208.55,251.62,144.14,21.95,P030,EQ017
2025-09-03 01:30:00,1.21,99.36,329.18,2566.08,32.26,44.79,1153.65,1288.5,261.02,152.02,26.33,P008,EQ024
2025-09-03 01:40:00,1.36,100.21,353.41,2351.12,31.99,50.71,1109.54,1253.8,253.22,150.22,28.34,P040,EQ031
2025-09-03 01:50:00,1.25,98.68,350.51,2651.47,29.2,40.12,1126.9,1238.36,250.33,126.67,20.47,P015,EQ038
2025-09-03 02:00:00,1.06,95.84,335.55,2648.79,32.77,47.07,1118.33,1216.4,250.61,151.54,19.6,P001,EQ045
2025-09-03 02:10:00,1.25,100.78,342.22,2422.83,29.9,45.07,1049.06,1273.36,256.48,160.42,21.93,P021,EQ003
2025-09-03 02:20:00,1.32,99.49,345.02,2544.36,29.37,45.71,1145.97,1239.27,254.77,142.34,28.37,P028,EQ010
2025-09-03 02:30:00,1.31,101.84,343.06,2517.99,30.85,46.37,1130.6,1255.39,252.05,148.01,22.12,P006,EQ017
2025-09-03 02:40:00,1.32,102.93,333.38,2361.42,29.71,46.8,1087.76,1269.69,253.94,154.46,22.18,P024,EQ024
2025-09-03 02:50:00,1.24,98.95,358.84,2578.18,28.35,44.41,1068.75,1241.74,252.7,145.2,27.75,P035,EQ031
2025-09-03 03:00:00,1.31,100.29,345.67,2687.64,30.54,48.44,1047.47,1257.67,249.17,155.46,29.42,P004,EQ038
2025-09-03 03:10:00,1.29,99.37,354.16,2472.04,29.64,43.52,1150.61,1300.87,246.58,149.12,22.76,P003,EQ045
2025-09-03 03:20:00,1.21,97.31,339.37,2727.23,31.92,46.13,1175.47,1213.82,252.98,155.51,20.35,P020,EQ003
2025-09-03 03:30:00,1.21,101.97,325.87,2569.74,31.22,47.11,1113.42,1225.48,250.23,148.65,19.98,P022,EQ010
2025-09-03 03:40:00,1.22,100.84,352.7,2406.76,27.83,48.41,1099.83,1247.33,252.54,160.45,26.59,P025,EQ017
2025-09-03 03:50:00,1.39,96.45,351.65,2463.71,27.12,46.41,1087.56,1264.59,249.58,146.5,22.5,P011,EQ024
2025-09-03 04:00:00,1.5,99.82,331.72,2584.45,28.17,51.17,1132.72,1222.73,242.42,150.63,27.22,P038,EQ031
2025-09-03 04:10:00,1.07,103.54,337.97,2626.91,33.09,43.31,1143.67,1243.7,254.96,156.05,24.5,P009,EQ038
2025-09-03 04:20:00,1.2,98.13,328.8,2572.15,28.02,46.45,1120.32,1241.65,247.63,145.31,22.39,P010,EQ045
2025-09-03 04:30:00,1.16,102.87,339.5,2418.07,32.18,44.95,1133.83,1251.57,256.89,150.0,27.79,P027,EQ003
2025-09-03 04:40:00,1.13,97.75,347.02,2367.92,29.87,46.37,1077.07,1252.3,248.98,148.25,25.82,P008,EQ010
2025-09-03 04:50:00,1.24,98.21,337.56,2515.44,28.86,48.8,1159.29,1278.79,253.54,135.81,25.67,P016,EQ017
2025-09-03 05:00:00,1.38,100.52,339.1,2262.85,32.34,43.75,1095.0,1245.46,247.01,158.31,24.9,P032,EQ024
2025-09-03 05:10:00,1.23,100.99,334.21,2325.9,30.77,42.17,1109.84,1248.7,251.15,161.63,29.31,P021,EQ031
2025-09-03 05:20:00,1.18,99.49,338.1,2532.56,31.86,43.96,1053.11,1244.8,250.58,144.39,27.16,P031,EQ038
2025-09-03 05:30:00,1.17,100.77,344.08,2553.89,30.54,45.93,1100.92,1254.24,260.92,158.83,22.87,P017,EQ045
2025-09-03 05:40:00,1.24,98.2,345.0,2494.94,27.24,41.19,1110.31,1253.48,245.66,159.79,26.75,P006,EQ003
2025-09-03 05:50:00,0.92,100.89,353.86,2431.8,31.03,44.67,1061.68,1250.15,258.83,138.24,23.91,P016,EQ010
2025-09-03 06:00:00,1.28,100.89,327.77,2607.79,29.16,39.07,1165.64,1259.93,255.27,160.22,26.86,P014,EQ017
2025-09-03 06:10:00,1.15,99.87,337.3,2472.52,30.92,42.84,1066.61,1257.41,244.9,139.43,26.06,P005,EQ024
2025-09-03 06:20:00,1.34,96.64,328.06,2463.24,29.21,39.06,1075.54,1253.68,249.92,167.81,29.24,P004,EQ031
2025-09-03 06:30:00,1.23,95.56,329.3,2514.44,28.92,45.82,1075.98,1271.47,253.57,141.09,22.4,P014,EQ038
2025-09-03 06:40:00,1.15,99.09,350.03,2556.99,32.1,50.94,1090.72,1227.24,250.1,151.89,23.79,P025,EQ045
2025-09-03 06:50:00,1.26,102.56,334.02,2498.25,30.12,45.71,1114.64,1224.39,239.78,155.73,20.17,P007,EQ003
2025-09-03 07:00:00,1.31,101.97,332.72,2488.12,28.4,45.77,1124.97,1248.94,251.82,132.1,23.11,P038,EQ010
2025-09-03 07:10:00,1.28,98.55,339.8,2506.4,28.47,44.96,1074.69,1263.27,251.81,168.46,27.58,P033,EQ017
2025-09-03 07:20:00,1.02,100.79,346.57,2444.39,27.92,44.0,1108.78,1265.3,247.88,154.22,28.15,P020,EQ024
2025-09-03 07:30:00,1.18,98.44,347.76,2578.16,30.2,43.19,1111.85,1294.68,251.3,144.09,27.67,P010,EQ031
2025-09-03 07:40:00,1.28,100.08,340.98,2495.05,29.63,45.95,1097.85,1234.62,237.34,145.39,26.2,P007,EQ038
2025-09-03 07:50:00,1.27,103.3,337.22,2590.08,28.49,45.97,1102.64,1268.55,246.78,152.59,28.65,P015,EQ045
2025-09-03 08:00:00,1.19,99.84,327.64,2568.1,33.19,43.84,1108.98,1287.5,244.72,157.72,28.86,P025,EQ003
2025-09-03 08:10:00,1.22,104.71,336.51,2720.73,30.98,48.46,1101.08,1250.99,246.87,145.13,28.85,P040,EQ010
2025-09-03 08:20:00,1.28,101.01,343.29,2540.12,31.38,48.34,1094.37,1249.74,244.08,165.61,24.07,P026,EQ017
2025-09-03 08:30:00,1.36,100.71,353.38,2480.2,29.36,38.1,1073.89,1264.23,249.53,153.11,21.67,P018,EQ024
2025-09-03 08:40:00,1.16,100.97,325.9,2413.89,30.13,43.52,1096.68,1250.62,261.1,143.37,24.84,P020,EQ031
2025-09-03 08:50:00,1.2,98.85,340.9,2589.46,28.87,50.62,1069.77,1262.57,245.24,152.19,28.7,P037,EQ038
2025-09-03 09:00:00,1.09,105.01,332.54,2309.69,31.42,43.83,1061.1,1255.42,254.19,149.28,26.54,P010,EQ045
2025-09-03 09:10:00,1.17,100.02,333.26,2545.11,29.85,45.92,1071.89,1268.18,255.74,153.44,25.06,P007,EQ003
2025-09-03 09:20:00,1.14,98.7,344.96,2522.79,32.49,50.01,1103.0,1274.87,247.87,140.24,27.24,P016,EQ010
2025-09-03 09:30:00,1.23,102.39,335.71,2625.39,31.57,46.03,1090.19,1256.11,254.24,160.04,20.22,P030,EQ017
2025-09-03 09:40:00,1.25,99.6,339.28,2351.15,32.53,41.85,1098.26,1255.12,252.16,140.66,21.73,P002,EQ024
2025-09-03 09:50:00,1.24,98.28,338.29,2557.68,31.18,42.59,1055.96,1275.58,251.06,160.27,24.9,P034,EQ031
2025-09-03 10:00:00,1.06,99.42,346.36,2511.32,32.4,41.42,1097.51,1257.36,243.74,141.12,23.6,P017,EQ038
2025-09-03 10:10:00,1.2,101.42,334.43,2516.7,30.94,45.08,1097.92,1224.43,254.51,151.3,20.73,P036,EQ045
2025-09-03 10:20:00,1.24,101.35,340.44,2543.89,28.48,47.89,1139.15,1257.17,246.09,137.27,20.25,P028,EQ003
2025-09-03 10:30:00,1.16,99.7,337.01,2442.73,32.34,44.07,1118.69,1270.54,255.89,142.28,22.58,P026,EQ010
2025-09-03 10:40:00,1.19,97.61,347.65,2520.15,31.58,43.57,1120.5,1246.03,248.37,149.43,24.32,P033,EQ017
2025-09-03 10:50:00,1.17,99.58,352.08,2554.62,29.31,42.07,1096.29,1268.84,250.32,161.01,23.27,P029,EQ024
2025-09-03 11:00:00,1.17,94.64,332.34,2514.72,31.41,44.55,1084.08,1284.03,257.75,157.4,23.62,P007,EQ031
2025-09-03 11:10:00,0.89,99.8,339.44,2405.21,27.14,39.53,1116.4,1204.78,243.83,159.03,18.9,P025,EQ038
2025-09-03 11:20:00,1.25,100.19,347.78,2494.98,29.3,44.99,1101.1,1202.5,255.1,162.75,26.32,P028,EQ045
2025-09-03 11:30:00,1.14,99.86,325.98,2547.64,27.39,39.43,1110.27,1267.26,259.45,145.64,22.65,P013,EQ003
2025-09-03 11:40:00,1.25,101.11,348.92,2585.29,29.46,51.27,1092.05,1247.89,242.97,151.97,22.87,P039,EQ010
2025-09-03 11:50:00,1.23,99.94,330.6,2465.96,28.29,47.58,1110.84,1247.53,246.6,150.3,21.99,P039,EQ017
2025-09-03 12:00:00,1.28,99.74,342.82,2543.2,32.37,44.84,1114.85,1248.65,248.16,157.92,24.26,P028,EQ024
2025-09-03 12:10:00,1.15,101.97,330.84,2380.25,34.5,43.65,1060.07,1269.07,245.67,138.85,20.65,P004,EQ031
2025-09-03 12:20:00,1.24,99.58,346.55,2448.43,29.9,42.66,1117.93,1249.13,250.8,137.92,26.03,P008,EQ038
2025-09-03 12:30:00,1.19,103.22,339.89,2498.7,27.93,49.69,1163.9,1270.96,249.09,157.77,22.06,P004,EQ045
2025-09-03 12:40:00,0.98,99.38,340.46,2518.53,28.72,40.37,1126.79,1224.9,241.25,153.98,26.86,P037,EQ003
2025-09-03 12:50:00,1.16,101.58,343.71,2577.54,29.99,46.71,1071.99,1210.19,244.09,131.17,21.02,P005,EQ010
2025-09-03 13:00:00,1.1,98.6,324.98,2324.95,32.26,48.77,1120.83,1250.68,251.96,154.61,25.05,P018,EQ017
2025-09-03 13:10:00,1.15,98.42,345.49,2558.48,32.95,43.27,1073.55,1250.55,243.7,159.69,21.31,P040,EQ024
2025-09-03 13:20:00,1.27,99.58,340.17,2539.79,29.47,43.74,1114.47,1257.07,247.26,165.72,26.35,P026,EQ031
2025-09-03 13:30:00,1.22,98.87,327.11,2576.15,27.77,48.03,1091.95,1252.01,250.61,149.75,23.57,P007,EQ038
2025-09-03 13:40:00,1.15,102.96,338.96,2436.35,32.35,43.35,1072.54,1258.19,245.82,155.55,21.56,P018,EQ045
2025-09-03 13:50:00,1.34,103.14,326.21,2493.39,29.07,47.29,1154.99,1237.81,254.46,176.88,24.68,P011,EQ003
2025-09-03 14:00:00,1.34,97.1,343.74,2635.75,28.25,43.96,1133.56,1243.08,238.58,139.46,25.94,P023,EQ010
2025-09-03 14:10:00,1.17,102.18,351.69,2507.36,34.58,41.67,1109.47,1257.46,248.73,142.9,25.9,P039,EQ017
2025-09-03 14:20:00,1.24,98.31,352.21,2479.8,25.9,45.28,1106.04,1237.03,250.7,147.67,22.28,P001,EQ024
2025-09-03 14:30:00,1.05,99.18,357.42,2468.87,26.52,47.84,1090.22,1247.01,253.69,131.33,20.8,P033,EQ031
2025-09-03 14:40:00,1.08,99.97,332.6,2423.53,26.91,47.13,1116.32,1281.26,260.71,145.87,30.5,P040,EQ038
2025-09-03 14:50:00,1.07,98.44,354.97,2541.1,32.43,47.92,1091.34,1260.84,240.41,156.7,23.57,P020,EQ045
2025-09-03 15:00:00,1.05,97.88,338.59,2488.61,33.67,45.25,1119.08,1248.66,245.17,165.15,27.42,P016,EQ003
2025-09-03 15:10:00,1.18,101.96,348.35,2494.63,28.84,41.65,1117.99,1260.84,243.42,162.27,20.91,P005,EQ010
2025-09-03 15:20:00,1.2,100.09,351.77,2493.93,29.12,44.89,1101.0,1260.16,248.25,142.64,21.28,P022,EQ017
2025-09-03 15:30:00,1.25,102.35,351.15,2500.59,28.86,45.22,1093.41,1263.89,256.44,150.99,29.51,P010,EQ024
2025-09-03 15:40:00,1.19,98.3,343.88,2559.76,30.84,45.16,1143.94,1234.24,255.83,154.91,29.37,P031,EQ031
2025-09-03 15:50:00,1.23,103.59,336.03,2367.63,31.28,45.75,1113.32,1263.48,255.13,167.51,24.58,P002,EQ038
2025-09-03 16:00:00,1.14,99.44,334.21,2545.11,29.6,43.46,1086.97,1298.89,255.96,151.44,22.73,P017,EQ045
2025-09-03 16:10:00,1.41,99.23,356.02,2434.32,28.84,41.57,1108.23,1233.69,248.83,124.46,27.77,P011,EQ003
2025-09-03 16:20:00,1.25,99.85,332.08,2598.11,29.97,44.7,1081.63,1213.84,251.88,148.95,25.72,P001,EQ010
2025-09-03 16:30:00,1.19,95.96,343.05,2608.74,32.05,46.1,1088.67,1244.01,255.48,152.18,25.89,P031,EQ017
2025-09-03 16:40:00,1.2,103.54,347.94,2388.89,28.84,43.86,1125.88,1280.78,245.58,153.09,25.51,P032,EQ024
2025-09-03 16:50:00,1.12,98.96,358.97,2519.86,30.29,43.36,1110.21,1234.63,250.68,147.69,27.92,P031,EQ031
2025-09-03 17:00:00,1.12,98.34,340.34,2512.2,33.43,43.83,1103.26,1253.89,252.89,155.65,21.0,P002,EQ038
2025-09-03 17:10:00,1.33,98.47,336.2,2385.02,32.85,49.64,1072.38,1244.02,252.25,152.17,25.3,P019,EQ045
2025-09-03 17:20:00,1.13,100.42,322.74,2521.42,29.69,50.69,1021.81,1287.82,241.81,147.81,27.72,P034,EQ003
2025-09-03 17:30:00,1.1,102.18,319.64,2469.85,28.36,42.88,1136.6,1264.6,249.16,151.75,24.77,P010,EQ010
2025-09-03 17:40:00,1.03,99.08,339.36,2325.38,31.19,44.96,1106.07,1238.46,246.22,146.22,26.57,P007,EQ017
2025-09-03 17:50:00,1.29,102.9,319.33,2467.58,30.81,47.15,1109.07,1263.12,252.11,155.3,23.04,P022,EQ024
2025-09-03 18:00:00,1.08,98.54,342.91,2482.5,31.07,46.03,1048.43,1239.05,250.33,142.71,23.89,P023,EQ031
2025-09-03 18:10:00,1.18,103.73,317.07,2571.22,30.59,50.35,1096.76,1238.88,250.13,143.4,29.09,P017,EQ038
2025-09-03 18:20:00,1.02,97.86,338.11,2502.0,27.54,46.87,1114.84,1274.11,243.12,134.71,25.91,P017,EQ045
2025-09-03 18:30:00,1.27,101.62,343.12,2577.65,27.38,46.98,1126.7,1254.48,252.57,146.78,23.52,P001,EQ003
2025-09-03 18:40:00,0.92,100.71,327.72,2493.38,31.05,46.51,1081.79,1259.08,246.58,146.26,27.57,P020,EQ010
2025-09-03 18:50:00,1.17,99.6,348.8,2588.09,29.83,42.64,1085.01,1289.5,244.08,155.31,26.78,P034,EQ017
2025-09-03 19:00:00,1.15,102.63,349.67,2476.86,32.65,44.76,1108.93,1246.02,247.01,144.17,26.81,P039,EQ024
2025-09-03 19:10:00,1.17,100.74,342.93,2541.44,35.86,46.2,1061.29,1253.39,245.79,140.79,24.03,P018,EQ031
2025-09-03 19:20:00,1.07,101.39,335.74,2506.76,30.34,48.09,1108.0,1236.79,253.86,150.09,26.48,P002,EQ038
2025-09-03 19:30:00,1.26,98.54,359.08,2787.49,28.11,42.74,1068.81,1242.09,248.15,158.61,20.79,P027,EQ045
2025-09-03 19:40:00,1.31,97.22,336.14,2430.47,31.15,48.07,1103.33,1213.92,256.13,146.59,27.89,P010,EQ003
2025-09-03 19:50:00,1.25,101.03,335.73,2486.68,29.02,46.35,1118.0,1260.05,246.14,147.23,22.96,P002,EQ010
2025-09-03 20:00:00,1.23,101.8,354.99,2381.62,35.25,47.58,1122.94,1233.3,248.5,143.66,21.6,P028,EQ017
2025-09-03 20:10:00,1.23,102.19,356.4,2355.84,27.87,41.92,1090.46,1210.23,248.25,169.11,22.26,P006,EQ024
2025-09-03 20:20:00,1.13,103.14,349.48,2515.97,28.59,42.71,1084.88,1226.77,253.5,135.93,21.42,P025,EQ031
2025-09-03 20:30:00,1.14,100.84,337.57,2651.15,29.18,41.49,1133.16,1237.21,245.5,149.97,25.17,P018,EQ038
2025-09-03 20:40:00,1.1,98.45,334.1,2667.81,28.07,51.44,1164.95,1235.9,250.87,137.52,28.01,P035,EQ045
2025-09-03 20:50:00,1.06,100.24,355.1,2411.6,29.35,44.97,1062.07,1273.62,242.83,152.9,28.15,P029,EQ003
2025-09-03 21:00:00,1.07,98.17,351.81,2396.45,27.57,42.19,1114.69,1246.25,252.29,152.79,29.49,P034,EQ010
2025-09-03 21:10:00,1.11,103.44,362.35,2575.45,26.88,43.63,1123.61,1218.76,242.34,149.41,20.17,P023,EQ017
2025-09-03 21:20:00,1.04,98.35,324.85,2359.37,31.3,50.69,1076.36,1250.59,258.94,142.12,29.37,P026,EQ024
2025-09-03 21:30:00,1.08,97.72,328.98,2451.38,26.48,47.89,1114.82,1264.67,252.21,145.14,25.93,P018,EQ031
2025-09-03 21:40:00,1.19,99.51,350.6,2595.78,31.77,47.2,1018.07,1271.5,250.93,136.19,23.14,P003,EQ038
2025-09-03 21:50:00,1.13,99.16,328.74,2383.84,29.14,43.18,1109.15,1269.56,253.14,158.54,26.03,P022,EQ045
2025-09-03 22:00:00,1.17,100.14,345.26,2653.87,26.96,45.6,1112.92,1290.1,248.17,136.04,28.49,P008,EQ003
2025-09-03 22:10:00,1.11,101.93,363.77,2571.11,29.29,40.16,1087.39,1272.25,255.02,148.94,24.79,P030,EQ010
2025-09-03 22:20:00,1.21,100.76,331.51,2420.02,29.46,47.16,1108.48,1242.46,253.82,148.03,25.42,P023,EQ017
2025-09-03 22:30:00,1.23,99.47,337.89,2468.84,28.37,46.02,1148.85,1244.67,250.69,155.36,22.42,P001,EQ024
2025-09-03 22:40:00,1.34,98.24,341.72,2466.9,30.84,49.55,1104.26,1269.51,248.54,159.41,24.76,P010,EQ031
2025-09-03 22:50:00,1.15,101.36,339.36,2507.37,32.14,45.61,1131.41,1207.13,256.43,136.98,23.97,P010,EQ038
2025-09-03 23:00:00,1.22,100.39,341.35,2630.59,29.31,35.21,1138.71,1226.81,247.3,162.57,24.04,P019,EQ045
2025-09-03 23:10:00,1.24,101.41,353.45,2544.01,34.56,49.68,1046.38,1240.94,250.69,152.01,25.63,P011,EQ003
2025-09-03 23:20:00,1.22,101.77,335.96,2435.41,28.38,47.89,1063.37,1250.59,251.41,135.92,22.74,P019,EQ010
2025-09-03 23:30:00,1.19,97.85,318.24,2499.8,26.59,42.79,1122.83,1270.19,252.71,146.41,20.81,P019,EQ017
2025-09-03 23:40:00,0.91,101.54,349.75,2399.46,29.06,43.94,1066.06,1238.74,250.05,151.05,19.6,P003,EQ024
2025-09-03 23:50:00,1.18,99.09,334.63,2459.06,33.16,43.47,1066.76,1258.47,250.74,163.03,21.97,P038,EQ031
2025-09-04 00:00:00,1.11,101.46,327.59,2454.86,31.89,47.78,1093.68,1235.51,255.09,164.66,21.01,P032,EQ038
2025-09-04 00:10:00,1.25,99.88,338.79,2773.28,32.85,49.07,1083.16,1250.65,253.72,160.17,22.97,P028,EQ045
2025-09-04 00:20:00,1.32,100.29,330.28,2553.52,25.95,43.86,1079.47,1249.81,242.79,135.13,22.41,P001,EQ003
2025-09-04 00:30:00,1.04,99.4,341.35,2416.94,31.76,43.49,1101.77,1266.69,245.25,138.93,20.0,P009,EQ010
2025-09-04 00:40:00,1.2,99.21,339.56,2603.92,27.43,46.98,1118.27,1259.03,256.89,133.09,23.87,P019,EQ017
2025-09-04 00:50:00,1.34,103.89,332.67,2542.55,32.79,44.91,1116.4,1273.49,253.68,147.74,28.25,P033,EQ024
2025-09-04 01:00:00,1.3,102.26,335.34,2511.52,31.69,44.29,1143.89,1280.61,246.68,159.52,26.44,P036,EQ031
2025-09-04 01:10:00,1.42,102.13,321.63,2437.24,33.29,47.0,1056.92,1281.37,250.51,141.02,21.72,P006,EQ038
2025-09-04 01:20:00,1.3,102.19,333.93,2446.15,29.93,46.47,1070.78,1243.07,246.04,145.21,26.06,P010,EQ045
2025-09-04 01:30:00,1.24,97.8,339.45,2518.19,29.17,46.43,1087.98,1258.06,248.08,159.18,29.36,P013,EQ003
2025-09-04 01:40:00,1.31,100.8,345.15,2606.47,28.55,44.89,1091.77,1268.56,255.81,144.06,24.78,P006,EQ010
2025-09-04 01:50:00,1.18,97.98,348.71,2500.05,28.16,46.99,1081.02,1276.33,239.02,158.27,21.94,P003,EQ017
2025-09-04 02:00:00,1.05,102.11,351.02,2378.91,27.38,45.38,1178.25,1295.3,249.54,149.21,25.1,P023,EQ024
2025-09-04 02:10:00,1.18,101.13,327.07,2485.78,32.97,49.31,1120.47,1234.37,246.18,140.24,21.46,P025,EQ031
2025-09-04 02:20:00,1.31,99.09,330.25,2514.39,30.33,46.33,1059.57,1261.39,244.92,146.57,23.5,P007,EQ038
2025-09-04 02:30:00,1.2,100.65,344.51,2439.28,25.09,48.96,1095.57,1242.23,253.79,156.65,28.64,P020,EQ045
2025-09-04 02:40:00,1.36,97.75,346.24,2361.02,30.44,45.84,1123.51,1242.62,247.07,145.96,25.04,P012,EQ003
2025-09-04 02:50:00,1.22,99.06,337.85,2441.42,28.42,37.71,1050.98,1249.45,248.34,157.22,24.98,P021,EQ010
2025-09-04 03:00:00,1.27,97.21,347.45,2431.17,28.09,49.23,1066.63,1252.88,262.58,145.27,28.97,P009,EQ017
2025-09-04 03:10:00,1.21,97.63,351.83,2417.55,35.21,37.46,1131.4,1220.42,253.48,156.74,26.06,P013,EQ024
2025-09-04 03:20:00,1.2,101.08,336.02,2528.62,27.32,42.88,1152.79,1277.74,250.95,166.62,22.65,P027,EQ031
2025-09-04 03:30:00,1.38,102.74,331.15,2375.64,31.18,43.26,1108.65,1250.82,253.75,163.57,25.46,P020,EQ038
2025-09-04 03:40:00,1.18,97.14,338.67,2425.99,29.85,48.59,1122.51,1286.55,254.37,149.62,23.69,P020,EQ045
2025-09-04 03:50:00,1.06,101.08,342.77,2358.08,29.96,42.67,1132.98,1249.57,257.82,133.3,25.96,P030,EQ003
2025-09-04 04:00:00,1.14,95.77,353.53,2557.6,33.3,43.11,1097.44,1241.12,257.14,157.9,25.51,P025,EQ010
2025-09-04 04:10:00,1.27,95.84,336.61,2405.54,31.33,40.68,1122.58,1287.96,246.77,154.66,27.77,P028,EQ017
2025-09-04 04:20:00,1.19,95.44,342.02,2483.59,31.6,44.66,1049.03,1247.46,253.99,167.91,20.85,P034,EQ024
2025-09-04 04:30:00,1.17,102.47,337.87,2240.82,31.75,44.98,1045.95,1217.46,250.29,150.17,23.36,P021,EQ031
2025-09-04 04:40:00,1.24,98.3,340.79,2269.91,30.15,42.77,1081.96,1223.88,253.26,141.89,24.37,P023,EQ038
2025-09-04 04:50:00,1.16,101.89,349.77,2476.5,30.04,45.91,1103.99,1249.29,253.48,146.75,24.54,P028,EQ045
2025-09-04 05:00:00,1.15,100.18,331.9,2565.8,28.26,44.98,1131.93,1271.26,250.74,141.52,24.69,P027,EQ003
2025-09-04 05:10:00,0.99,103.1,359.32,2528.08,30.69,47.4,1094.54,1243.22,248.63,173.3,23.89,P036,EQ010
2025-09-04 05:20:00,1.25,102.11,349.86,2549.6,29.61,47.49,1075.58,1237.84,240.28,159.94,18.93,P027,EQ017
2025-09-04 05:30:00,0.95,97.64,344.49,2636.78,31.08,46.25,1143.43,1262.24,247.12,138.41,20.45,P009,EQ024
2025-09-04 05:40:00,1.13,98.57,346.88,2610.6,26.8,41.74,1108.13,1269.14,254.02,151.04,26.47,P020,EQ031
2025-09-04 05:50:00,1.16,100.68,349.43,2588.17,27.08,47.06,1069.72,1249.47,256.21,152.1,28.01,P038,EQ038
2025-09-04 06:00:00,1.17,96.28,336.98,2540.83,28.76,38.35,1105.02,1274.0,246.92,150.02,24.81,P009,EQ045
2025-09-04 06:10:00,0.92,100.16,360.77,2487.9,30.37,44.02,1193.09,1235.16,246.26,169.5,25.03,P037,EQ003
2025-09-04 06:20:00,1.11,96.46,333.53,2506.83,28.32,46.3,1153.5,1269.26,250.03,147.1,28.68,P004,EQ010
2025-09-04 06:30:00,1.29,102.24,343.67,2591.77,33.56,46.16,1124.13,1263.71,251.91,123.81,27.54,P026,EQ017
2025-09-04 06:40:00,1.21,101.52,357.41,2607.91,31.18,41.05,1050.9,1256.97,245.47,144.54,20.6,P001,EQ024
2025-09-04 06:50:00,1.36,99.75,309.51,2653.31,29.81,48.21,1058.02,1241.33,256.44,144.15,24.62,P034,EQ031
2025-09-04 07:00:00,1.23,101.4,338.34,2530.84,28.5,42.39,1111.47,1263.97,253.67,163.21,24.77,P004,EQ038
2025-09-04 07:10:00,1.23,100.39,366.05,2486.22,28.3,42.42,1138.99,1227.21,255.42,129.95,20.52,P018,EQ045
2025-09-04 07:20:00,1.27,100.23,324.59,2541.55,29.65,42.36,1116.16,1280.85,253.6,140.64,28.86,P007,EQ003
2025-09-04 07:30:00,1.24,99.88,347.1,2724.53,27.93,41.63,1106.21,1224.44,256.17,142.19,22.98,P007,EQ010
2025-09-04 07:40:00,1.15,98.99,336.07,2663.06,29.34,46.42,1170.71,1213.85,251.67,139.86,27.07,P037,EQ017
2025-09-04 07:50:00,1.15,96.93,357.02,2505.57,31.38,42.36,1097.63,1258.93,251.76,155.35,24.7,P022,EQ024
2025-09-04 08:00:00,1.12,98.4,360.91,2623.28,33.86,43.48,1069.53,1281.34,253.96,157.45,29.27,P008,EQ031
2025-09-04 08:10:00,1.26,97.36,352.74,2431.72,29.62,47.47,1071.28,1237.59,251.14,138.19,26.75,P033,EQ038
2025-09-04 08:20:00,1.09,101.5,338.95,2499.41,31.01,44.26,1052.02,1270.96,247.92,148.3,27.1,P004,EQ045
2025-09-04 08:30:00,1.09,99.33,364.76,2469.08,27.32,42.53,1079.5,1261.27,258.63,149.74,27.67,P034,EQ003
2025-09-04 08:40:00,1.17,101.76,324.67,2470.88,28.3,39.51,1078.29,1236.23,255.07,155.19,21.23,P032,EQ010
2025-09-04 08:50:00,1.16,97.71,341.8,2664.4,30.62,45.91,1081.25,1257.88,249.95,156.96,21.09,P010,EQ017
2025-09-04 09:00:00,1.25,99.88,330.47,2451.26,30.39,44.33,1074.9,1274.68,242.57,151.34,22.34,P020,EQ024
2025-09-04 09:10:00,1.33,99.86,333.16,2448.37,29.08,46.76,1158.78,1281.09,258.44,144.78,28.27,P001,EQ031
2025-09-04 09:20:00,1.3,100.07,331.97,2498.79,30.75,41.76,1149.53,1281.86,246.64,139.08,27.85,P040,EQ038
2025-09-04 09:30:00,1.02,99.76,363.25,2249.47,30.14,51.18,1062.65,1252.82,248.17,149.11,26.24,P008,EQ045
2025-09-04 09:40:00,1.26,100.86,348.26,2329.7,31.59,41.31,1068.83,1228.46,260.19,160.32,20.75,P010,EQ003
2025-09-04 09:50:00,1.22,100.7,346.28,2424.07,29.52,48.46,1087.08,1241.4,243.25,162.79,24.69,P008,EQ010
2025-09-04 10:00:00,1.3,102.82,333.16,2367.26,32.45,50.98,1127.6,1227.95,254.03,122.36,24.68,P016,EQ017
2025-09-04 10:10:00,0.98,100.06,337.0,2582.05,27.88,44.93,1101.63,1236.21,254.51,161.08,21.78,P031,EQ024
2025-09-04 10:20:00,1.24,102.9,337.65,2568.71,30.84,41.63,1120.43,1252.7,242.35,143.03,19.3,P033,EQ031
2025-09-04 10:30:00,1.23,101.58,335.91,2475.98,27.95,48.64,1057.53,1308.03,249.82,148.41,25.08,P004,EQ038
2025-09-04 10:40:00,1.19,101.68,336.59,2558.73,27.23,48.23,1110.1,1247.81,245.31,155.87,28.12,P020,EQ045
2025-09-04 10:50:00,1.31,96.1,342.26,2596.46,28.78,47.06,1116.51,1243.71,251.42,153.47,23.61,P012,EQ003
2025-09-04 11:00:00,1.1,100.42,345.78,2506.76,30.59,42.8,1052.69,1259.35,251.79,160.54,28.08,P035,EQ010
2025-09-04 11:10:00,1.39,101.0,340.87,2462.97,31.51,42.77,1088.92,1246.06,253.24,145.17,22.4,P040,EQ017
2025-09-04 11:20:00,1.03,98.63,316.65,2621.51,32.99,43.68,1093.96,1271.08,251.18,157.82,26.88,P040,EQ024
2025-09-04 11:30:00,1.28,96.71,341.91,2453.72,29.95,47.86,1108.75,1238.23,252.14,136.31,20.81,P010,EQ031
2025-09-04 11:40:00,1.34,99.46,356.62,2590.1,30.06,43.56,1072.33,1264.83,239.89,146.3,25.12,P012,EQ038
2025-09-04 11:50:00,1.1,100.7,343.97,2549.89,27.7,44.66,1103.26,1226.5,256.85,138.11,21.19,P016,EQ045
2025-09-04 12:00:00,1.24,100.61,338.04,2341.72,29.67,47.37,1064.75,1246.59,261.6,158.89,22.23,P035,EQ003
2025-09-04 12:10:00,1.13,99.13,348.3,2490.36,29.59,39.21,1090.21,1281.17,244.43,142.44,21.64,P031,EQ010
2025-09-04 12:20:00,1.14,98.42,340.89,2726.84,30.89,47.52,1099.49,1246.3,249.43,160.9,22.35,P007,EQ017
2025-09-04 12:30:00,1.1,100.64,342.69,2524.5,33.46,41.48,1113.55,1254.24,254.48,145.86,29.66,P032,EQ024
2025-09-04 12:40:00,1.08,99.4,342.99,2437.22,30.45,44.35,1124.34,1264.33,246.32,157.48,23.15,P018,EQ031
2025-09-04 12:50:00,1.17,101.02,355.52,2520.44,27.61,41.11,1105.03,1255.16,253.32,147.16,23.87,P007,EQ038
2025-09-04 13:00:00,1.17,98.49,343.58,2419.76,29.82,44.88,1116.85,1257.69,256.04,147.26,24.91,P028,EQ045
2025-09-04 13:10:00,1.1,102.24,336.45,2529.09,30.06,43.97,1046.67,1241.69,252.47,139.82,21.15,P019,EQ003
2025-09-04 13:20:00,1.1,99.1,350.63,2381.74,29.71,51.79,1108.46,1240.34,250.87,147.65,24.01,P037,EQ010
2025-09-04 13:30:00,1.0,98.02,342.59,2510.31,30.78,45.92,1097.5,1236.83,254.2,142.28,23.59,P038,EQ017
2025-09-04 13:40:00,1.15,101.83,343.93,2574.95,30.92,45.35,1074.11,1222.59,247.9,134.13,21.91,P040,EQ024
2025-09-04 13:50:00,1.25,99.09,347.54,2411.65,32.74,43.02,1106.89,1238.03,241.48,136.25,22.95,P023,EQ031
2025-09-04 14:00:00,1.21,99.76,335.51,2428.85,29.07,40.32,1057.61,1239.76,247.97,151.78,28.6,P030,EQ038
2025-09-04 14:10:00,1.38,97.29,342.6,2380.86,32.11,49.27,1060.41,1203.06,259.49,163.9,28.26,P030,EQ045
2025-09-04 14:20:00,1.2,99.82,332.39,2401.03,31.45,46.74,1112.1,1246.77,253.92,168.57,22.63,P011,EQ003
2025-09-04 14:30:00,1.06,101.44,318.71,2571.4,28.7,47.14,1087.5,1263.12,247.49,141.55,23.14,P033,EQ010
2025-09-04 14:40:00,1.06,102.47,358.74,2543.63,32.94,46.51,1119.51,1264.5,248.81,161.16,21.84,P034,EQ017
2025-09-04 14:50:00,1.19,99.96,341.03,2510.53,31.0,41.91,1085.69,1220.61,249.31,144.3,22.84,P005,EQ024
2025-09-04 15:00:00,1.18,100.88,353.07,2413.62,27.09,44.66,1111.74,1263.81,245.87,147.51,21.22,P010,EQ031
2025-09-04 15:10:00,1.17,100.84,340.99,2412.86,30.85,43.6,1086.27,1253.39,253.25,153.35,23.44,P037,EQ038
2025-09-04 15:20:00,1.11,102.62,329.21,2547.44,28.59,44.36,1092.48,1256.28,248.07,154.92,22.89,P009,EQ045
2025-09-04 15:30:00,1.17,100.88,331.24,2619.27,29.5,44.51,1058.8,1249.34,248.79,138.92,22.24,P020,EQ003
2025-09-04 15:40:00,1.01,98.54,336.41,2497.64,29.42,47.71,1074.27,1218.36,247.06,147.78,27.63,P005,EQ010
2025-09-04 15:50:00,1.22,101.91,329.6,2598.84,32.63,45.53,1108.8,1236.37,259.12,142.44,29.34,P031,EQ017
2025-09-04 16:00:00,1.14,99.35,326.6,2442.95,28.93,47.46,1112.84,1261.56,247.9,162.5,23.34,P031,EQ024
2025-09-04 16:10:00,1.43,101.21,334.71,2512.44,32.37,44.34,1129.62,1224.14,249.39,144.81,24.98,P012,EQ031
2025-09-04 16:20:00,1.06,99.97,344.92,2459.95,28.47,39.96,1073.15,1241.45,251.47,146.79,25.25,P033,EQ038
2025-09-04 16:30:00,1.12,103.53,339.86,2526.78,30.56,47.85,1084.63,1254.98,251.86,131.93,27.55,P034,EQ045
2025-09-04 16:40:00,1.19,98.69,343.02,2403.1,28.95,46.07,1059.85,1254.4,248.15,168.68,22.08,P021,EQ003
2025-09-04 16:50:00,1.29,99.46,343.23,2412.79,29.66,40.75,1115.35,1228.83,250.71,148.21,25.04,P038,EQ010
2025-09-04 17:00:00,1.04,106.64,360.21,2546.7,28.02,41.76,1084.92,1231.13,245.7,170.56,22.3,P040,EQ017
2025-09-04 17:10:00,1.13,98.4,342.73,2607.32,29.57,47.67,1082.34,1229.53,262.14,157.45,28.64,P005,EQ024
2025-09-04 17:20:00,1.08,103.29,337.32,2442.81,26.36,48.92,1069.56,1258.34,245.51,147.88,19.84,P011,EQ031
2025-09-04 17:30:00,1.17,99.53,349.93,2591.25,31.77,40.32,1069.21,1285.29,242.55,128.17,21.85,P007,EQ038
2025-09-04 17:40:00,1.12,101.54,322.06,2633.66,30.26,43.8,1078.73,1267.39,255.79,145.42,25.44,P031,EQ045
2025-09-04 17:50:00,1.3,100.16,343.68,2599.7,29.02,51.34,1071.25,1230.76,243.6,164.49,21.88,P015,EQ003
2025-09-04 18:00:00,1.14,101.72,359.2,2482.54,32.3,46.33,1089.48,1270.73,246.75,155.35,29.35,P016,EQ010
2025-09-04 18:10:00,1.35,99.35,345.42,2509.93,30.45,44.46,1089.28,1263.16,253.89,147.57,21.2,P012,EQ017
2025-09-04 18:20:00,1.13,96.52,327.26,2526.52,29.5,42.21,1077.07,1243.56,245.28,153.21,26.13,P025,EQ024
2025-09-04 18:30:00,1.15,97.63,337.46,2388.82,27.46,43.07,1106.87,1273.64,244.7,152.52,26.97,P027,EQ031
2025-09-04 18:40:00,1.12,102.51,351.58,2478.47,25.75,45.78,1070.18,1240.88,250.64,148.13,28.54,P004,EQ038
2025-09-04 18:50:00,1.32,97.28,334.73,2401.51,28.57,46.95,1082.99,1217.59,251.04,168.31,25.07,P008,EQ045
2025-09-04 19:00:00,1.17,99.16,332.03,2516.64,30.21,46.95,1021.16,1187.04,242.35,144.94,18.4,P005,EQ003
2025-09-04 19:10:00,1.41,100.83,335.2,2495.21,27.06,43.39,1094.64,1260.53,255.92,143.94,24.73,P024,EQ010
2025-09-04 19:20:00,1.12,100.81,345.22,2684.22,28.53,40.95,1059.86,1264.83,251.67,145.13,26.05,P002,EQ017
2025-09-04 19:30:00,1.25,97.38,348.21,2497.86,24.71,44.22,1073.12,1233.79,247.32,152.12,28.01,P021,EQ024
2025-09-04 19:40:00,1.25,93.7,345.53,2480.62,28.07,46.63,1096.26,1272.65,249.35,147.86,21.0,P029,EQ031
2025-09-04 19:50:00,1.25,102.35,331.57,2555.74,27.83,37.9,1140.77,1212.48,247.95,147.65,22.44,P037,EQ038
2025-09-04 20:00:00,1.21,98.35,341.14,2463.79,29.72,46.33,1130.83,1274.89,244.97,168.92,25.07,P013,EQ045
2025-09-04 20:10:00,1.23,100.21,353.1,2286.82,29.58,40.82,1097.23,1269.77,249.97,154.58,22.45,P029,EQ003
2025-09-04 20:20:00,1.3,97.12,335.67,2419.28,32.69,45.82,1089.23,1280.5,245.7,162.89,26.46,P015,EQ010
2025-09-04 20:30:00,1.09,101.84,350.31,2376.41,29.27,44.8,1105.58,1252.66,254.11,154.01,22.0,P011,EQ017
2025-09-04 20:40:00,1.39,102.01,331.16,2446.87,30.41,41.85,1070.65,1276.03,252.1,149.67,24.59,P034,EQ024
2025-09-04 20:50:00,1.17,102.99,342.68,2518.33,32.02,39.67,1117.71,1242.69,251.48,147.86,27.56,P013,EQ031
2025-09-04 21:00:00,1.12,97.92,332.49,2577.04,28.76,41.06,1092.6,1236.15,248.14,156.01,20.09,P002,EQ038
2025-09-04 21:10:00,1.2,102.16,341.46,2609.62,30.22,45.31,1123.27,1284.07,248.18,146.15,26.31,P007,EQ045
2025-09-04 21:20:00,1.17,99.0,335.63,2533.64,27.96,40.76,1108.15,1234.53,246.38,147.81,21.05,P009,EQ003
2025-09-04 21:30:00,1.34,102.57,339.94,2517.31,31.52,44.44,1090.97,1231.32,245.46,171.82,27.46,P024,EQ010
2025-09-04 21:40:00,1.18,101.56,336.12,2348.34,30.84,46.36,1160.84,1240.33,251.36,147.29,27.16,P037,EQ017
2025-09-04 21:50:00,1.13,99.6,334.36,2575.28,28.99,44.13,1049.87,1240.61,255.02,138.03,25.3,P005,EQ024
2025-09-04 22:00:00,1.25,98.45,349.92,2540.17,30.97,45.61,1091.26,1216.98,253.46,153.47,22.67,P034,EQ031
2025-09-04 22:10:00,1.1,101.46,334.56,2357.49,29.35,45.55,1107.81,1243.71,248.75,168.7,24.25,P014,EQ038
2025-09-04 22:20:00,1.08,99.89,332.54,2400.4,31.86,43.76,1129.2,1263.77,247.75,156.14,25.27,P031,EQ045
2025-09-04 22:30:00,1.16,102.91,342.34,2419.32,30.51,50.6,1087.76,1249.47,251.37,148.06,24.66,P023,EQ003
2025-09-04 22:40:00,1.23,102.14,349.82,2444.72,33.57,45.29,1085.83,1226.81,248.43,155.46,25.06,P036,EQ010
2025-09-04 22:50:00,1.19,98.13,334.86,2564.15,32.03,44.94,1079.94,1264.31,242.74,150.36,27.5,P005,EQ017
2025-09-04 23:00:00,1.14,99.73,334.61,2436.87,28.57,47.38,1109.44,1247.93,253.18,149.08,24.2,P025,EQ024
2025-09-04 23:10:00,1.27,100.85,338.47,2582.55,31.25,43.97,1099.45,1237.89,244.29,141.3,27.29,P037,EQ031
2025-09-04 23:20:00,1.05,100.3,326.71,2371.08,31.16,48.3,1079.25,1265.0,255.72,148.31,21.11,P034,EQ038
2025-09-04 23:30:00,1.28,100.73,351.19,2342.77,32.23,47.79,1080.21,1239.78,252.21,140.8,22.56,P008,EQ045
2025-09-04 23:40:00,1.18,100.74,343.62,2537.02,29.54,46.91,1072.61,1236.07,252.7,150.8,24.51,P004,EQ003
2025-09-04 23:50:00,1.11,102.46,359.95,2445.83,30.01,38.74,1150.74,1270.37,246.67,161.03,25.6,P022,EQ010
2025-09-05 00:00:00,1.21,98.08,337.06,2331.16,28.71,47.33,1136.94,1218.48,251.4,149.43,19.45,P019,EQ017
2025-09-05 00:10:00,1.04,97.72,348.34,2419.14,30.39,48.29,1127.53,1275.89,245.48,152.54,28.74,P017,EQ024
2025-09-05 00:20:00,1.2,101.24,341.26,2443.45,28.7,45.93,1060.11,1220.97,252.36,139.42,23.13,P023,EQ031
2025-09-05 00:30:00,1.26,97.89,337.24,2463.67,32.72,43.68,1125.31,1279.39,252.12,124.14,20.95,P011,EQ038
2025-09-05 00:40:00,1.21,101.72,341.68,2562.66,28.66,46.95,1104.38,1224.25,253.25,151.7,28.9,P005,EQ045
2025-09-05 00:50:00,1.36,98.19,347.05,2756.52,28.96,41.23,1082.17,1283.11,252.22,164.44,25.75,P016,EQ003
2025-09-05 01:00:00,1.22,98.8,337.27,2342.93,31.02,44.71,1043.96,1179.68,254.15,141.99,26.86,P040,EQ010
2025-09-05 01:10:00,1.29,100.55,328.57,2489.3,32.64,43.6,1104.08,1277.71,250.51,146.66,25.13,P026,EQ017
2025-09-05 01:20:00,1.17,100.53,339.07,2480.7,28.89,49.55,1133.49,1240.24,248.47,138.29,25.34,P035,EQ024
2025-09-05 01:30:00,1.13,99.19,361.56,2493.04,28.5,39.44,1122.22,1252.38,250.31,145.36,26.55,P008,EQ031
2025-09-05 01:40:00,1.02,97.88,346.27,2515.6,30.98,50.31,1130.16,1269.48,244.36,149.33,25.16,P017,EQ038
2025-09-05 01:50:00,1.16,99.7,343.3,2347.16,31.82,43.81,1088.22,1268.29,246.17,158.67,26.01,P003,EQ045
2025-09-05 02:00:00,1.07,98.54,350.29,2303.15,30.77,47.93,1040.89,1248.23,244.8,139.92,22.43,P017,EQ003
2025-09-05 02:10:00,1.15,101.83,345.42,2392.23,28.14,47.06,1121.94,1257.15,244.41,142.2,21.23,P004,EQ010
2025-09-05 02:20:00,1.18,101.95,334.56,2474.74,30.01,48.32,1139.21,1209.17,251.03,149.18,20.39,P036,EQ017
2025-09-05 02:30:00,1.0,100.06,340.98,2746.66,30.21,47.04,1053.7,1242.65,249.26,163.13,27.4,P022,EQ024
2025-09-05 02:40:00,1.03,101.16,324.78,2396.36,30.82,49.7,1130.66,1238.2,247.42,154.62,28.13,P004,EQ031
2025-09-05 02:50:00,1.25,100.59,347.65,2502.64,29.78,39.72,1116.98,1267.61,248.96,156.18,22.15,P005,EQ038
2025-09-05 03:00:00,1.25,100.4,351.84,2311.33,27.71,42.97,1080.74,1253.2,247.53,141.37,27.33,P037,EQ045
2025-09-05 03:10:00,0.99,98.21,327.58,2333.16,29.12,41.48,1134.67,1239.92,250.46,148.4,28.32,P003,EQ003
2025-09-05 03:20:00,1.17,98.12,333.2,2619.48,30.16,43.13,1131.6,1267.02,248.46,152.68,23.19,P005,EQ010
2025-09-05 03:30:00,1.18,98.88,347.59,2532.5,26.95,44.67,1058.61,1294.53,257.53,149.64,30.88,P039,EQ017
2025-09-05 03:40:00,1.22,101.32,345.73,2450.44,32.67,47.37,1100.13,1264.81,241.53,145.53,26.28,P006,EQ024
2025-09-05 03:50:00,1.16,98.54,324.37,2637.52,31.26,44.47,1143.28,1230.45,256.46,164.53,28.61,P031,EQ031
2025-09-05 04:00:00,1.46,98.76,360.09,2578.84,34.18,50.48,1088.21,1230.06,241.88,171.28,27.53,P018,EQ038
2025-09-05 04:10:00,1.25,100.12,342.46,2399.09,30.08,46.67,1074.2,1297.94,246.87,154.47,27.4,P007,EQ045
2025-09-05 04:20:00,0.99,96.75,337.46,2403.29,31.95,45.62,1117.09,1269.55,253.52,152.63,20.57,P033,EQ003
2025-09-05 04:30:00,0.93,99.15,344.16,2488.71,34.14,47.74,1079.45,1265.78,247.6,168.47,21.9,P023,EQ010
2025-09-05 04:40:00,1.1,102.26,340.49,2506.77,33.83,44.7,1144.06,1253.3,254.51,152.58,24.35,P020,EQ017
2025-09-05 04:50:00,1.14,98.86,333.66,2499.34,32.08,47.05,1084.65,1241.77,252.84,156.26,27.42,P015,EQ024
2025-09-05 05:00:00,1.24,101.32,328.45,2545.18,29.36,45.53,1101.35,1242.11,256.82,152.75,20.25,P004,EQ031
2025-09-05 05:10:00,1.16,98.35,354.41,2508.44,30.79,43.01,1090.75,1243.96,255.66,142.08,20.24,P013,EQ038
2025-09-05 05:20:00,1.09,102.78,351.94,2550.85,32.67,40.16,1085.95,1251.77,247.11,133.82,24.61,P025,EQ045
2025-09-05 05:30:00,1.08,100.27,340.45,2421.37,33.16,42.91,1087.39,1220.47,244.67,132.51,25.15,P002,EQ003
2025-09-05 05:40:00,1.17,98.41,341.8,2617.35,30.88,48.32,1074.48,1284.73,249.77,155.76,25.72,P004,EQ010
2025-09-05 05:50:00,1.1,103.32,329.31,2462.07,28.97,44.94,1127.89,1249.44,251.0,137.83,23.51,P025,EQ017
2025-09-05 06:00:00,1.23,99.99,357.47,2553.18,27.98,42.14,1125.18,1236.15,246.21,159.9,25.76,P028,EQ024
2025-09-05 06:10:00,1.23,99.65,334.57,2513.99,30.13,48.75,1084.51,1253.93,257.28,143.48,27.36,P036,EQ031
2025-09-05 06:20:00,1.14,102.06,335.66,2518.86,33.56,46.09,1152.35,1250.83,246.06,141.96,20.66,P029,EQ038
2025-09-05 06:30:00,1.19,98.79,340.97,2636.52,31.1,45.48,1147.14,1243.49,246.79,153.08,20.41,P040,EQ045
2025-09-05 06:40:00,1.07,100.65,342.64,2650.25,33.4,44.98,1095.03,1264.81,253.11,154.01,29.98,P024,EQ003
2025-09-05 06:50:00,1.28,102.22,339.92,2580.56,28.32,38.05,1135.7,1278.75,242.2,143.1,22.87,P022,EQ010
2025-09-05 07:00:00,1.06,94.94,339.81,2474.72,34.1,40.91,1143.09,1234.91,246.78,145.59,23.32,P004,EQ017
2025-09-05 07:10:00,1.06,101.71,325.04,2620.12,27.79,44.52,1114.33,1239.29,252.19,162.96,21.96,P006,EQ024
2025-09-05 07:20:00,1.17,97.73,321.58,2607.97,34.94,42.0,1109.01,1261.67,250.41,155.4,25.68,P015,EQ031
2025-09-05 07:30:00,1.24,101.15,361.2,2576.69,27.75,48.46,1068.64,1274.24,259.9,157.35,25.09,P035,EQ038
2025-09-05 07:40:00,1.22,99.52,349.64,2414.37,32.64,43.78,1136.88,1256.45,260.85,162.98,26.43,P001,EQ045
2025-09-05 07:50:00,1.23,99.42,359.51,2531.11,30.67,41.16,1127.37,1268.09,250.89,129.37,28.7,P016,EQ003
2025-09-05 08:00:00,1.3,99.37,338.6,2523.26,32.52,44.22,1126.85,1257.86,257.42,136.82,28.6,P005,EQ010
2025-09-05 08:10:00,1.26,104.44,351.92,2587.09,30.76,49.21,1109.7,1267.52,246.05,123.42,20.14,P029,EQ017
2025-09-05 08:20:00,1.27,101.86,339.92,2422.43,28.0,44.07,1132.02,1250.6,239.97,149.55,20.55,P003,EQ024
2025-09-05 08:30:00,1.27,99.66,345.02,2421.88,30.86,39.65,1096.56,1270.24,254.11,164.8,23.45,P039,EQ031
2025-09-05 08:40:00,1.23,99.13,345.65,2571.13,28.23,45.61,1074.26,1281.5,245.21,173.95,26.2,P016,EQ038
2025-09-05 08:50:00,1.26,96.82,379.05,2378.39,27.23,46.17,1104.08,1256.91,250.5,153.25,29.64,P009,EQ045
2025-09-05 09:00:00,1.14,101.36,366.19,2579.18,27.99,43.22,1074.9,1274.15,248.64,147.39,25.92,P031,EQ003
2025-09-05 09:10:00,1.11,100.35,342.96,2535.51,28.77,48.22,1070.91,1260.8,253.02,151.77,26.62,P005,EQ010
2025-09-05 09:20:00,1.37,100.6,315.61,2425.06,28.45,45.36,1063.5,1265.17,248.18,164.97,20.47,P035,EQ017
2025-09-05 09:30:00,1.23,99.73,336.64,2640.58,28.54,46.61,1150.44,1240.45,249.3,152.71,21.42,P023,EQ024
2025-09-05 09:40:00,1.24,102.28,340.57,2614.21,30.71,46.81,1098.82,1221.3,254.87,165.74,28.32,P015,EQ031
2025-09-05 09:50:00,1.06,98.82,327.4,2554.55,29.21,44.81,1128.44,1221.21,250.13,151.77,23.44,P020,EQ038
2025-09-05 10:00:00,1.06,99.54,327.66,2423.22,30.79,40.72,1046.21,1200.55,248.55,150.23,27.56,P036,EQ045
2025-09-05 10:10:00,1.28,102.54,347.91,2649.32,28.44,44.52,1160.63,1258.16,254.87,127.25,23.08,P016,EQ003
2025-09-05 10:20:00,1.29,99.78,347.41,2473.49,29.54,48.15,1031.45,1249.81,251.73,143.29,24.96,P018,EQ010
2025-09-05 10:30:00,1.16,101.8,351.09,2527.38,28.02,44.6,1117.16,1243.74,243.98,152.76,22.09,P035,EQ017
2025-09-05 10:40:00,1.31,97.67,319.25,2440.46,27.41,46.23,1132.0,1244.3,252.58,154.02,24.71,P004,EQ024
2025-09-05 10:50:00,1.35,100.22,341.95,2670.95,32.51,53.77,1051.61,1269.97,252.68,146.94,23.65,P027,EQ031
2025-09-05 11:00:00,1.1,100.25,332.9,2501.16,30.27,46.77,1061.81,1237.43,254.53,150.37,26.76,P040,EQ038
2025-09-05 11:10:00,1.19,97.56,327.92,2455.99,31.68,46.22,1122.64,1234.37,253.71,142.14,24.45,P006,EQ045
2025-09-05 11:20:00,1.17,98.05,339.88,2472.19,28.93,45.93,1136.61,1262.66,242.2,146.25,21.16,P009,EQ003
2025-09-05 11:30:00,1.33,99.8,352.3,2654.96,27.19,50.31,1089.2,1268.97,239.66,151.89,27.13,P034,EQ010
2025-09-05 11:40:00,1.19,97.58,341.99,2651.5,26.69,48.92,1112.7,1258.5,251.14,147.58,22.14,P036,EQ017
2025-09-05 11:50:00,1.19,97.97,328.13,2553.35,30.37,47.46,1111.57,1266.51,248.5,135.66,21.85,P024,EQ024
2025-09-05 12:00:00,1.18,100.3,348.08,2551.96,28.77,47.4,1118.82,1250.55,256.29,142.42,27.42,P010,EQ031
2025-09-05 12:10:00,1.27,98.59,332.82,2493.84,32.39,44.61,1105.22,1271.12,244.14,132.92,19.84,P016,EQ038
2025-09-05 12:20:00,1.19,96.15,327.23,2628.73,29.61,42.08,1052.65,1275.46,241.59,145.96,26.11,P030,EQ045
2025-09-05 12:30:00,1.16,100.19,315.33,2586.08,29.24,46.41,1121.48,1256.72,248.76,145.7,28.99,P002,EQ003
2025-09-05 12:40:00,1.16,95.69,343.11,2362.7,31.83,42.21,1108.72,1250.83,256.5,140.36,25.17,P003,EQ010
2025-09-05 12:50:00,1.19,104.04,357.37,2650.37,27.72,46.8,1078.87,1271.17,251.11,161.05,22.76,P038,EQ017
2025-09-05 13:00:00,1.18,99.53,330.72,2575.99,28.89,40.79,1109.13,1238.94,257.01,137.77,23.84,P006,EQ024
2025-09-05 13:10:00,1.25,98.97,350.29,2447.75,31.28,47.38,1066.81,1244.64,245.97,156.35,19.8,P040,EQ031
2025-09-05 13:20:00,1.25,99.49,343.35,2506.73,29.62,49.46,1109.01,1213.22,253.34,144.54,23.01,P002,EQ038
2025-09-05 13:30:00,1.12,99.82,342.3,2431.06,32.85,49.25,1146.56,1221.89,244.24,146.97,26.83,P025,EQ045
2025-09-05 13:40:00,1.2,97.15,331.81,2531.02,27.66,45.49,1059.76,1258.26,252.99,144.93,24.43,P015,EQ003
2025-09-05 13:50:00,1.02,99.6,343.46,2404.47,30.53,43.92,1105.26,1233.01,253.74,145.77,21.67,P012,EQ010
2025-09-05 14:00:00,1.12,103.14,332.36,2611.52,31.74,48.78,1159.52,1222.53,254.46,124.1,25.98,P035,EQ017
2025-09-05 14:10:00,1.22,103.89,329.06,2458.24,28.15,50.65,1088.36,1257.92,253.54,151.28,20.55,P020,EQ024
2025-09-05 14:20:00,1.3,101.37,336.23,2557.36,30.74,47.83,1085.88,1266.73,246.39,141.99,19.91,P023,EQ031
2025-09-05 14:30:00,0.98,99.67,344.6,2494.41,29.13,47.5,1131.05,1224.36,245.09,155.01,27.68,P039,EQ038
2025-09-05 14:40:00,1.22,98.1,334.36,2504.68,32.2,45.9,1150.17,1195.2,243.67,142.95,25.19,P022,EQ045
2025-09-05 14:50:00,1.42,97.43,342.39,2447.29,30.2,39.18,1120.51,1241.05,245.27,155.75,27.93,P017,EQ003
2025-09-05 15:00:00,1.13,101.38,336.26,2473.15,31.61,49.83,1074.07,1244.98,242.56,148.36,26.65,P038,EQ010
2025-09-05 15:10:00,1.27,99.62,336.59,2579.54,28.03,49.16,1110.99,1219.95,253.33,174.49,21.51,P002,EQ017
2025-09-05 15:20:00,1.11,99.34,343.24,2585.2,30.63,45.43,1112.7,1277.96,253.47,131.77,23.81,P040,EQ024
2025-09-05 15:30:00,1.26,103.38,337.26,2409.19,30.21,48.8,1135.47,1242.15,245.55,162.18,23.31,P028,EQ031
2025-09-05 15:40:00,1.25,97.5,356.75,2431.19,32.55,42.91,1072.35,1222.88,251.31,154.7,26.85,P004,EQ038
2025-09-05 15:50:00,1.42,99.18,333.99,2518.05,31.97,44.29,1162.29,1269.49,251.32,142.49,28.12,P036,EQ045
2025-09-05 16:00:00,1.2,100.14,344.16,2575.75,30.18,39.11,1140.96,1248.07,258.53,129.16,24.2,P019,EQ003
2025-09-05 16:10:00,0.98,99.26,354.23,2380.93,30.0,45.69,1145.99,1220.91,242.6,164.66,26.59,P035,EQ010
2025-09-05 16:20:00,1.16,99.03,338.43,2363.77,31.75,43.71,1080.84,1245.05,256.06,137.13,24.66,P037,EQ017
2025-09-05 16:30:00,1.11,95.37,358.31,2248.27,28.61,49.14,1110.67,1260.62,243.05,147.3,26.16,P034,EQ024
2025-09-05 16:40:00,1.24,99.68,327.82,2612.29,29.34,38.68,1122.76,1214.93,250.03,150.33,21.56,P025,EQ031
2025-09-05 16:50:00,1.15,99.15,354.74,2472.99,34.54,46.16,1022.76,1268.36,236.18,158.64,23.21,P016,EQ038
2025-09-05 17:00:00,1.14,101.49,333.43,2208.78,28.12,47.52,1093.12,1260.57,258.55,149.12,21.82,P001,EQ045
2025-09-05 17:10:00,1.22,100.78,309.49,2535.78,31.13,43.08,1068.7,1256.85,249.33,132.16,22.44,P018,EQ003
2025-09-05 17:20:00,1.12,97.79,345.89,2534.84,30.44,42.65,1095.95,1264.1,250.36,146.7,20.72,P016,EQ010
2025-09-05 17:30:00,1.33,100.88,335.15,2457.6,30.45,42.41,1059.47,1230.66,255.57,155.01,27.37,P019,EQ017
2025-09-05 17:40:00,1.13,95.06,343.21,2459.19,28.8,42.84,1100.96,1256.28,251.04,161.25,23.15,P026,EQ024
2025-09-05 17:50:00,1.14,99.64,328.85,2289.8,27.45,48.26,1137.67,1277.0,247.64,149.3,20.24,P018,EQ031
2025-09-05 18:00:00,1.11,98.23,332.55,2392.61,29.47,40.25,1041.38,1237.34,251.08,158.68,23.04,P017,EQ038
2025-09-05 18:10:00,1.34,99.63,337.8,2582.83,28.18,42.14,1085.19,1260.39,249.99,153.53,27.53,P039,EQ045
2025-09-05 18:20:00,1.25,103.08,327.73,2529.64,25.73,46.9,1034.28,1272.97,247.74,152.47,19.93,P020,EQ003
2025-09-05 18:30:00,1.38,100.05,338.26,2580.79,31.21,43.19,1054.29,1237.5,238.67,145.51,23.82,P021,EQ010
2025-09-05 18:40:00,1.1,100.99,336.98,2522.98,31.53,44.89,1151.05,1229.43,245.86,144.5,26.92,P012,EQ017
2025-09-05 18:50:00,1.1,98.94,326.31,2367.73,33.84,47.42,1119.46,1207.28,253.62,155.36,23.5,P002,EQ024
2025-09-05 19:00:00,1.21,99.06,341.13,2370.94,28.87,43.68,1135.64,1229.42,250.94,141.29,23.64,P030,EQ031
2025-09-05 19:10:00,1.21,98.02,329.61,2544.8,28.31,41.44,1023.73,1266.97,256.03,149.07,20.75,P023,EQ038
2025-09-05 19:20:00,1.18,96.25,349.68,2564.47,29.27,50.16,1068.08,1224.2,242.16,151.43,23.09,P036,EQ045
2025-09-05 19:30:00,1.25,98.63,334.57,2480.32,28.98,45.04,1103.84,1278.84,257.26,141.8,22.91,P004,EQ003
2025-09-05 19:40:00,1.03,101.69,338.46,2477.06,28.71,47.16,1116.3,1242.89,251.87,147.41,25.36,P006,EQ010
2025-09-05 19:50:00,1.25,103.02,342.96,2512.51,30.75,43.04,1118.37,1230.48,245.12,133.67,21.56,P040,EQ017
2025-09-05 20:00:00,1.19,103.24,320.71,2538.01,33.47,43.52,1078.23,1252.45,244.86,148.82,24.57,P005,EQ024
2025-09-05 20:10:00,1.23,100.08,340.44,2475.1,28.85,46.32,1115.2,1223.72,252.0,139.37,23.63,P017,EQ031
2025-09-05 20:20:00,1.11,95.93,333.23,2337.65,33.41,43.87,1144.93,1259.67,256.77,163.68,28.09,P018,EQ038
2025-09-05 20:30:00,1.28,101.42,355.02,2324.01,30.04,39.57,1126.89,1283.27,245.64,141.71,22.36,P032,EQ045
2025-09-05 20:40:00,1.12,99.03,340.69,2411.01,28.59,48.02,1106.95,1233.91,242.89,147.5,20.02,P012,EQ003
2025-09-05 20:50:00,1.01,101.32,346.69,2499.78,31.11,43.44,1108.32,1291.16,250.96,155.27,21.84,P040,EQ010
2025-09-05 21:00:00,1.18,103.41,367.84,2450.18,30.11,44.42,1132.84,1265.62,246.99,146.86,26.07,P015,EQ017
2025-09-05 21:10:00,1.06,100.46,333.43,2370.77,27.68,41.38,1028.9,1260.76,254.13,168.28,21.27,P003,EQ024
2025-09-05 21:20:00,1.3,102.11,339.69,2433.27,30.42,48.86,1084.9,1260.19,252.89,154.5,21.86,P033,EQ031
2025-09-05 21:30:00,1.29,97.15,338.87,2703.46,34.99,44.85,1095.03,1231.9,258.99,164.31,28.66,P038,EQ038
2025-09-05 21:40:00,1.24,102.88,323.4,2514.99,26.18,38.72,1117.61,1253.94,253.5,138.58,23.13,P036,EQ045
2025-09-05 21:50:00,1.3,100.73,340.7,2646.63,30.53,42.45,1065.56,1274.76,256.16,139.47,27.86,P004,EQ003
2025-09-05 22:00:00,1.24,98.13,348.44,2695.28,33.0,45.35,1067.12,1265.96,245.25,143.82,28.78,P017,EQ010
2025-09-05 22:10:00,1.09,103.12,353.77,2539.06,26.9,41.23,1060.05,1232.35,252.06,145.09,29.02,P002,EQ017
2025-09-05 22:20:00,1.32,100.33,343.64,2512.26,30.96,47.69,1096.49,1242.17,259.1,164.4,27.07,P023,EQ024
2025-09-05 22:30:00,1.29,102.13,347.62,2605.76,28.75,40.67,1136.22,1243.93,252.18,135.6,25.02,P003,EQ031
2025-09-05 22:40:00,1.29,99.32,316.87,2546.56,26.86,47.4,1100.08,1256.3,246.37,163.86,25.27,P023,EQ038
2025-09-05 22:50:00,1.2,99.59,354.36,2550.43,25.62,47.27,1038.52,1228.98,247.76,137.55,20.17,P033,EQ045
2025-09-05 23:00:00,1.21,99.44,349.15,2639.82,32.12,42.99,1142.01,1250.34,257.17,151.15,24.67,P033,EQ003
2025-09-05 23:10:00,1.27,96.17,330.59,2644.69,29.68,46.93,1092.24,1208.36,254.26,149.62,20.04,P014,EQ010
2025-09-05 23:20:00,1.14,99.43,338.44,2562.65,29.75,47.18,1072.03,1232.25,249.85,125.58,22.48,P024,EQ017
2025-09-05 23:30:00,1.12,102.07,349.6,2494.13,31.7,50.07,1103.79,1241.61,249.58,144.68,27.53,P027,EQ024
2025-09-05 23:40:00,1.32,97.74,337.92,2559.07,30.79,41.89,1084.58,1234.13,253.95,170.06,20.38,P028,EQ031
2025-09-05 23:50:00,1.26,96.38,334.98,2619.89,30.29,47.34,1098.37,1230.33,245.71,144.6,27.3,P010,EQ038
2025-09-06 00:00:00,1.08,102.3,346.93,2424.9,28.03,45.81,1120.51,1221.62,249.12,152.88,19.35,P039,EQ045
2025-09-06 00:10:00,1.28,99.44,341.58,2303.66,28.37,45.65,1151.58,1288.48,255.07,162.17,28.77,P022,EQ003
2025-09-06 00:20:00,1.23,101.58,352.93,2577.83,30.48,51.12,1114.07,1256.15,259.42,159.14,30.44,P024,EQ010
2025-09-06 00:30:00,1.18,100.45,350.52,2594.5,28.92,44.23,1076.37,1280.78,249.55,139.7,24.8,P019,EQ017
2025-09-06 00:40:00,1.24,99.97,318.95,2528.75,31.14,44.79,1091.75,1286.03,251.42,137.68,26.62,P011,EQ024
2025-09-06 00:50:00,1.27,96.45,329.65,2597.74,30.32,36.07,1134.78,1256.96,249.68,151.21,23.34,P019,EQ031
2025-09-06 01:00:00,1.0,93.58,345.68,2377.9,25.33,42.11,1102.16,1266.82,241.35,139.41,28.13,P038,EQ038
2025-09-06 01:10:00,1.07,102.99,330.07,2431.68,31.91,49.97,1114.81,1263.62,252.2,149.73,20.27,P039,EQ045
2025-09-06 01:20:00,1.19,101.03,344.9,2402.8,32.92,50.61,1090.72,1248.16,244.57,135.42,21.2,P021,EQ003
2025-09-06 01:30:00,1.14,99.62,346.49,2490.8,29.67,44.85,1072.62,1258.39,253.9,165.88,25.19,P033,EQ010
2025-09-06 01:40:00,1.25,98.78,343.57,2699.01,32.1,42.74,1087.31,1231.76,254.71,139.42,27.42,P023,EQ017
2025-09-06 01:50:00,1.09,104.6,335.81,2397.9,30.12,43.28,1137.24,1262.35,240.69,133.68,28.05,P025,EQ024
2025-09-06 02:00:00,1.27,100.13,349.94,2409.35,27.44,43.79,1043.54,1239.38,248.04,154.56,27.32,P003,EQ031
2025-09-06 02:10:00,1.17,100.91,338.09,2388.15,30.61,43.85,1125.68,1288.05,250.86,136.95,26.96,P010,EQ038
2025-09-06 02:20:00,1.13,103.28,337.02,2470.2,33.04,47.78,1119.64,1229.34,253.65,144.85,23.31,P006,EQ045
2025-09-06 02:30:00,1.32,102.66,345.24,2643.19,30.53,46.67,1103.21,1251.81,248.75,150.5,28.89,P015,EQ003
2025-09-06 02:40:00,1.35,102.88,340.5,2333.67,28.25,48.9,1212.28,1277.83,249.03,146.19,25.63,P037,EQ010
2025-09-06 02:50:00,1.27,96.91,342.79,2298.4,31.16,51.26,1173.11,1265.37,249.92,138.07,26.12,P027,EQ017
2025-09-06 03:00:00,1.03,103.14,348.33,2578.14,29.75,43.15,1137.56,1248.45,250.6,155.16,24.94,P008,EQ024
2025-09-06 03:10:00,0.96,97.43,323.43,2468.97,29.77,46.16,1116.14,1269.47,248.14,151.14,28.17,P034,EQ031
2025-09-06 03:20:00,1.17,99.49,335.0,2600.28,30.57,46.91,1076.79,1238.14,243.2,166.3,26.46,P039,EQ038
2025-09-06 03:30:00,1.07,101.83,327.14,2599.96,31.27,44.37,1118.37,1283.88,248.06,156.6,24.72,P034,EQ045
2025-09-06 03:40:00,1.03,100.74,339.34,2536.43,28.46,43.34,1096.6,1241.13,257.31,145.7,25.27,P021,EQ003
2025-09-06 03:50:00,1.06,101.68,328.6,2370.09,29.28,46.0,1114.74,1233.46,251.26,141.65,22.08,P037,EQ010
2025-09-06 04:00:00,1.46,102.66,332.79,2644.88,32.11,50.26,1069.94,1255.13,243.61,141.45,22.02,P016,EQ017
2025-09-06 04:10:00,1.1,98.12,333.56,2542.14,30.86,41.75,1099.61,1224.44,248.13,163.62,22.22,P024,EQ024
2025-09-06 04:20:00,1.22,97.2,342.57,2574.41,26.68,48.88,1133.28,1249.03,240.26,153.58,21.02,P021,EQ031
2025-09-06 04:30:00,1.22,96.93,351.38,2504.98,29.0,44.76,1082.03,1243.48,252.22,132.39,27.06,P008,EQ038
2025-09-06 04:40:00,1.26,101.63,338.37,2541.4,32.12,47.87,1083.56,1271.89,256.25,157.59,27.56,P029,EQ045
2025-09-06 04:50:00,1.19,101.12,341.5,2471.22,35.09,42.71,1056.54,1242.77,241.35,145.7,25.74,P027,EQ003
2025-09-06 05:00:00,1.08,100.9,370.23,2507.45,26.82,50.18,1079.23,1218.21,250.32,148.03,22.62,P023,EQ010
2025-09-06 05:10:00,1.25,98.95,325.6,2654.44,29.88,47.31,1070.29,1262.64,257.34,144.33,26.12,P005,EQ017
2025-09-06 05:20:00,1.16,99.39,347.71,2469.02,27.67,41.71,1134.9,1251.32,254.94,162.25,29.2,P031,EQ024
2025-09-06 05:30:00,1.2,101.89,342.56,2543.63,29.01,43.46,1092.1,1238.27,250.95,136.99,25.42,P029,EQ031
2025-09-06 05:40:00,1.17,97.49,336.91,2601.16,30.13,47.07,1125.95,1260.63,256.58,151.07,28.3,P015,EQ038
2025-09-06 05:50:00,1.22,98.94,319.4,2742.34,27.86,41.11,1135.43,1255.07,252.1,134.79,25.53,P009,EQ045
2025-09-06 06:00:00,1.24,99.47,348.6,2480.76,30.2,50.08,1126.47,1217.96,253.15,136.82,28.33,P016,EQ003
2025-09-06 06:10:00,1.15,101.67,339.17,2695.04,28.21,42.12,1131.28,1268.0,235.27,164.19,26.01,P027,EQ010
2025-09-06 06:20:00,1.18,98.81,341.93,2541.3,30.9,52.51,1121.74,1264.02,253.26,167.67,26.88,P009,EQ017
2025-09-06 06:30:00,1.19,100.29,334.15,2618.71,33.0,43.89,1125.04,1280.65,253.05,160.53,26.51,P019,EQ024
2025-09-06 06:40:00,1.14,100.38,350.22,2505.95,27.67,42.9,1112.3,1239.34,251.75,139.97,22.94,P008,EQ031
2025-09-06 06:50:00,1.19,100.55,346.31,2498.62,34.25,44.43,1048.56,1203.9,249.68,138.6,19.65,P027,EQ038
2025-09-06 07:00:00,1.07,101.57,337.72,2552.96,32.33,41.46,1063.2,1253.11,253.83,155.78,25.02,P010,EQ045
2025-09-06 07:10:00,1.24,96.51,323.53,2664.96,32.34,45.49,1116.55,1261.73,249.1,135.93,25.42,P013,EQ003
2025-09-06 07:20:00,1.18,99.15,351.64,2566.32,29.44,43.24,1083.27,1252.46,245.63,154.79,28.01,P030,EQ010
2025-09-06 07:30:00,1.11,96.43,358.56,2486.28,29.19,46.37,1061.19,1290.6,244.37,136.46,19.96,P008,EQ017
2025-09-06 07:40:00,1.35,99.33,326.07,2559.78,31.18,44.87,1096.7,1275.82,252.62,145.7,24.48,P036,EQ024
2025-09-06 07:50:00,1.22,98.25,352.22,2473.63,29.99,45.6,1149.54,1258.13,252.32,133.59,27.03,P031,EQ031
2025-09-06 08:00:00,1.17,98.12,333.85,2601.75,30.2,42.27,1119.01,1222.29,245.8,172.39,25.88,P009,EQ038
2025-09-06 08:10:00,1.17,99.51,327.72,2496.94,30.84,46.59,1054.78,1262.78,248.38,138.95,28.26,P028,EQ045
2025-09-06 08:20:00,1.15,97.22,359.35,2543.09,28.97,45.95,1054.1,1250.83,252.36,153.74,20.06,P011,EQ003
2025-09-06 08:30:00,1.31,100.7,340.17,2551.98,30.66,44.78,1057.19,1262.74,251.64,146.18,29.83,P009,EQ010
2025-09-06 08:40:00,1.11,100.71,339.17,2579.27,32.32,48.19,1172.44,1240.88,253.14,152.99,24.81,P034,EQ017
2025-09-06 08:50:00,1.35,98.58,337.31,2382.47,29.5,49.25,1069.01,1270.77,252.75,149.21,29.44,P028,EQ024
2025-09-06 09:00:00,1.27,99.82,347.9,2560.11,29.18,46.9,1068.84,1273.51,249.64,143.47,23.5,P026,EQ031
2025-09-06 09:10:00,1.23,101.07,313.62,2353.54,30.85,47.05,1097.48,1228.12,246.65,134.51,25.65,P016,EQ038
2025-09-06 09:20:00,1.24,100.58,350.8,2434.64,29.97,40.27,1110.27,1234.86,250.11,150.41,26.3,P008,EQ045
2025-09-06 09:30:00,1.41,100.57,344.22,2422.08,27.04,46.33,1113.62,1276.23,255.69,137.39,23.94,P022,EQ003
2025-09-06 09:40:00,1.18,101.44,342.21,2647.83,29.55,44.75,1073.22,1257.0,251.39,141.46,25.71,P040,EQ010
2025-09-06 09:50:00,1.22,100.41,328.31,2354.11,29.69,46.45,1100.87,1238.03,246.86,151.71,20.23,P003,EQ017
2025-09-06 10:00:00,1.07,98.81,340.93,2476.15,31.22,46.68,1101.1,1258.67,246.17,146.54,20.18,P023,EQ024
2025-09-06 10:10:00,1.06,100.52,343.85,2362.76,31.28,44.44,1115.15,1257.86,246.66,154.82,28.74,P027,EQ031
2025-09-06 10:20:00,1.13,102.31,331.82,2694.64,34.65,45.14,1091.21,1267.57,251.34,153.56,26.32,P028,EQ038
2025-09-06 10:30:00,1.14,98.78,329.06,2471.32,29.04,43.85,1113.24,1283.57,251.61,157.31,23.22,P031,EQ045
2025-09-06 10:40:00,1.28,101.97,342.22,2601.38,30.36,44.59,1139.36,1249.97,256.73,143.13,27.21,P012,EQ003
2025-09-06 10:50:00,1.15,98.43,339.38,2500.8,27.06,44.23,1119.87,1241.71,246.21,154.67,26.15,P038,EQ010
2025-09-06 11:00:00,1.27,101.54,343.19,2621.48,29.93,46.76,1091.84,1285.91,250.59,145.8,29.51,P033,EQ017
2025-09-06 11:10:00,1.27,100.59,341.27,2569.26,28.58,47.21,1059.11,1237.52,248.55,164.68,20.13,P001,EQ024
2025-09-06 11:20:00,1.09,101.18,340.59,2448.9,29.96,45.37,1087.39,1234.38,247.25,162.62,24.85,P024,EQ031
2025-09-06 11:30:00,1.2,99.78,358.11,2617.38,27.73,41.78,1103.06,1257.01,245.74,139.72,25.94,P030,EQ038
2025-09-06 11:40:00,1.34,102.2,332.48,2399.24,29.95,40.53,1040.03,1219.71,249.14,141.55,22.7,P029,EQ045
2025-09-06 11:50:00,1.14,101.22,332.79,2382.38,29.52,40.98,1123.13,1257.83,246.93,156.29,21.23,P038,EQ003
2025-09-06 12:00:00,1.37,101.3,345.42,2446.6,27.61,43.15,1096.56,1208.76,252.18,156.74,21.82,P007,EQ010
2025-09-06 12:10:00,1.23,101.95,336.98,2457.08,27.54,48.88,1089.71,1266.49,250.24,140.71,22.21,P032,EQ017
2025-09-06 12:20:00,1.25,99.94,348.09,2327.09,29.3,47.21,1134.82,1264.45,242.35,166.41,22.53,P037,EQ024
2025-09-06 12:30:00,1.06,99.62,334.18,2454.32,32.29,44.92,1128.72,1285.2,252.92,151.68,25.7,P034,EQ031
2025-09-06 12:40:00,1.28,98.95,333.62,2538.46,34.12,47.41,1107.29,1288.56,252.37,148.37,26.34,P028,EQ038
2025-09-06 12:50:00,1.28,103.29,342.94,2473.06,31.37,42.24,1060.47,1241.42,257.71,151.18,22.96,P025,EQ045
2025-09-06 13:00:00,1.21,99.22,323.88,2435.99,27.53,40.97,1130.87,1257.0,257.58,146.22,23.57,P012,EQ003
2025-09-06 13:10:00,1.21,100.38,345.28,2505.26,29.59,48.11,1109.62,1219.6,253.3,146.42,28.65,P003,EQ010
2025-09-06 13:20:00,1.22,100.7,348.08,2499.21,26.79,47.04,1140.28,1251.77,246.81,140.18,27.3,P014,EQ017
2025-09-06 13:30:00,1.15,97.24,345.64,2542.48,28.68,49.41,1096.32,1225.2,254.05,157.08,23.76,P018,EQ024
2025-09-06 13:40:00,1.27,101.43,349.65,2761.84,31.49,46.49,1096.5,1249.74,250.51,141.99,25.31,P040,EQ031
2025-09-06 13:50:00,1.41,99.57,342.94,2436.78,27.06,45.54,1090.67,1250.11,248.31,146.31,22.56,P023,EQ038
2025-09-06 14:00:00,1.21,99.57,349.13,2498.71,32.69,45.77,1052.52,1243.83,252.38,158.71,22.52,P008,EQ045
2025-09-06 14:10:00,1.25,101.75,332.54,2677.44,31.6,45.54,1117.31,1264.88,251.88,161.92,22.89,P032,EQ003
2025-09-06 14:20:00,1.08,102.59,320.53,2584.86,32.02,43.68,1076.6,1284.02,244.04,151.9,24.0,P011,EQ010
2025-09-06 14:30:00,1.1,102.2,340.31,2416.33,35.3,48.55,1066.27,1222.48,253.54,136.38,22.27,P017,EQ017
2025-09-06 14:40:00,1.08,100.56,343.25,2747.18,30.33,49.56,1111.86,1251.7,250.37,143.99,29.41,P007,EQ024
2025-09-06 14:50:00,1.2,100.53,338.65,2531.46,28.04,42.8,1079.79,1235.2,257.91,153.99,29.25,P018,EQ031
2025-09-06 15:00:00,1.27,100.77,327.36,2601.35,29.08,49.94,1140.97,1249.9,260.69,146.48,21.91,P014,EQ038
2025-09-06 15:10:00,1.1,101.48,331.76,2510.93,27.86,44.91,1126.16,1242.89,254.08,165.12,25.31,P033,EQ045
2025-09-06 15:20:00,1.18,101.73,323.87,2452.04,26.32,44.85,1056.5,1247.34,249.38,162.78,26.91,P002,EQ003
2025-09-06 15:30:00,1.24,99.65,343.76,2528.96,32.95,46.21,1082.75,1252.53,246.55,146.18,25.2,P003,EQ010
2025-09-06 15:40:00,1.13,97.26,352.03,2313.75,30.2,40.35,1075.73,1237.57,246.67,131.56,28.37,P035,EQ017
2025-09-06 15:50:00,1.16,98.7,351.0,2495.47,31.18,47.06,1118.63,1253.77,244.96,138.16,24.47,P013,EQ024
2025-09-06 16:00:00,1.19,99.0,335.25,2530.44,25.75,43.34,1098.41,1290.62,249.68,142.31,20.3,P002,EQ031
2025-09-06 16:10:00,1.23,101.0,323.22,2552.89,28.95,42.58,1108.27,1249.39,244.84,125.66,22.76,P019,EQ038
2025-09-06 16:20:00,1.09,98.65,353.41,2276.99,30.27,46.08,1069.59,1235.35,243.52,142.89,27.79,P037,EQ045
2025-09-06 16:30:00,1.11,97.17,340.74,2268.96,32.28,41.86,1144.26,1247.3,249.51,146.45,23.71,P029,EQ003
2025-09-06 16:40:00,1.02,100.11,337.87,2463.33,29.59,45.42,1139.17,1270.1,241.13,138.71,24.24,P030,EQ010
2025-09-06 16:50:00,1.2,97.97,333.76,2448.65,28.85,45.43,1097.39,1244.3,243.63,179.47,21.85,P008,EQ017
2025-09-06 17:00:00,1.15,100.41,357.44,2514.42,26.77,47.72,1130.18,1265.3,246.51,152.66,26.6,P008,EQ024
2025-09-06 17:10:00,1.32,98.25,342.74,2672.91,31.88,41.32,1120.58,1200.34,252.56,150.67,23.27,P028,EQ031
2025-09-06 17:20:00,1.28,99.57,336.91,2508.37,28.94,45.3,1051.83,1234.37,252.11,161.32,24.36,P006,EQ038
2025-09-06 17:30:00,0.97,98.73,332.3,2396.11,29.56,41.81,1062.73,1239.28,254.34,157.73,28.35,P018,EQ045
2025-09-06 17:40:00,1.2,104.0,352.02,2418.12,31.51,42.13,1097.26,1210.52,248.65,126.37,25.82,P008,EQ003
2025-09-06 17:50:00,1.33,100.75,340.47,2520.56,34.43,40.89,1122.7,1245.01,252.66,160.18,29.32,P006,EQ010
2025-09-06 18:00:00,1.23,100.6,343.79,2426.96,30.12,48.02,1067.51,1256.86,249.55,180.29,27.03,P015,EQ017
2025-09-06 18:10:00,1.07,103.47,342.18,2350.3,30.86,43.16,1114.82,1253.3,243.79,131.89,26.17,P021,EQ024
2025-09-06 18:20:00,1.32,102.63,321.79,2580.89,30.35,42.09,1082.29,1202.42,255.34,141.51,20.79,P022,EQ031
2025-09-06 18:30:00,1.17,100.76,367.22,2425.7,28.39,46.94,1094.76,1221.51,252.94,145.82,22.08,P033,EQ038
2025-09-06 18:40:00,1.2,98.78,347.05,2503.78,30.36,44.99,1060.56,1244.44,251.3,136.43,26.24,P005,EQ045
2025-09-06 18:50:00,1.05,98.1,349.87,2440.38,29.19,49.78,1125.7,1267.54,255.95,141.88,27.57,P021,EQ003
2025-09-06 19:00:00,1.22,97.64,353.25,2369.96,29.55,43.24,1051.54,1249.07,251.1,154.33,28.48,P003,EQ010
2025-09-06 19:10:00,1.24,99.27,333.99,2405.58,30.0,43.78,1024.74,1280.13,241.54,148.3,23.63,P034,EQ017
2025-09-06 19:20:00,1.07,99.16,343.69,2438.66,26.58,45.42,1122.6,1283.07,240.88,172.55,22.49,P036,EQ024
2025-09-06 19:30:00,1.23,104.77,325.67,2584.95,30.19,44.82,1079.9,1209.78,241.8,160.17,24.44,P003,EQ031
2025-09-06 19:40:00,1.13,96.91,347.77,2520.77,26.47,47.99,1110.27,1254.04,254.65,124.88,29.57,P001,EQ038
2025-09-06 19:50:00,1.13,99.38,327.72,2384.08,25.77,42.74,1086.63,1259.76,241.83,141.99,21.48,P038,EQ045
2025-09-06 20:00:00,1.38,99.4,316.38,2516.72,34.13,47.29,1122.21,1228.19,248.31,152.19,22.75,P015,EQ003
2025-09-06 20:10:00,1.19,103.63,354.62,2520.15,27.62,42.79,1111.74,1275.68,241.96,146.83,25.91,P017,EQ010
2025-09-06 20:20:00,1.26,99.3,339.9,2574.4,32.19,47.95,1064.17,1233.74,246.09,155.07,23.55,P032,EQ017
2025-09-06 20:30:00,1.15,101.24,331.91,2533.58,28.07,48.68,1089.35,1208.57,251.6,130.3,26.87,P032,EQ024
2025-09-06 20:40:00,1.16,98.99,345.21,2708.17,28.89,41.99,1078.35,1235.66,252.66,156.74,22.38,P013,EQ031
2025-09-06 20:50:00,1.14,102.57,340.03,2532.71,28.11,39.82,1081.68,1214.63,247.59,165.97,24.88,P006,EQ038
2025-09-06 21:00:00,1.21,101.26,339.39,2376.6,29.2,43.24,1098.17,1241.89,256.89,150.1,29.56,P014,EQ045
2025-09-06 21:10:00,1.28,97.58,343.98,2372.88,25.53,40.95,1127.21,1272.0,247.14,137.52,19.77,P005,EQ003
2025-09-06 21:20:00,1.08,98.44,334.69,2390.6,27.28,41.82,1142.9,1257.8,246.75,146.27,24.27,P040,EQ010
2025-09-06 21:30:00,1.38,103.83,344.18,2520.88,31.97,41.23,1088.3,1229.1,246.14,130.72,20.98,P012,EQ017
2025-09-06 21:40:00,1.18,100.07,341.06,2645.35,33.1,42.53,1088.3,1249.65,253.04,142.69,20.24,P017,EQ024
2025-09-06 21:50:00,1.34,97.59,340.13,2525.09,29.91,47.71,1087.82,1267.14,259.43,152.82,26.98,P038,EQ031
2025-09-06 22:00:00,1.23,98.7,332.12,2533.89,30.42,45.47,1058.29,1260.56,255.11,152.71,22.57,P023,EQ038
2025-09-06 22:10:00,1.24,96.51,345.39,2435.87,30.58,43.73,1161.44,1235.03,244.06,156.31,23.51,P012,EQ045
2025-09-06 22:20:00,1.07,100.31,337.06,2709.14,32.3,44.93,1088.89,1256.63,247.52,147.24,28.11,P015,EQ003
2025-09-06 22:30:00,1.21,98.41,331.42,2588.68,27.51,46.39,1090.77,1242.65,248.08,149.45,27.83,P032,EQ010
2025-09-06 22:40:00,1.16,96.83,332.97,2726.28,31.92,46.93,1065.54,1234.8,251.3,153.15,24.26,P026,EQ017
2025-09-06 22:50:00,1.13,100.73,336.94,2405.83,29.22,45.06,1140.12,1256.97,243.48,166.71,24.96,P035,EQ024
2025-09-06 23:00:00,1.29,103.6,332.2,2403.38,29.83,47.2,1107.71,1229.23,253.19,159.68,24.25,P007,EQ031
2025-09-06 23:10:00,1.28,101.45,342.28,2566.13,31.42,43.07,1101.21,1255.03,249.3,140.47,21.8,P019,EQ038
2025-09-06 23:20:00,1.26,101.71,361.87,2511.08,29.69,48.15,1051.24,1279.9,244.24,131.66,23.75,P029,EQ045
2025-09-06 23:30:00,1.23,101.63,339.4,2444.83,32.17,52.34,1094.11,1242.46,241.39,146.89,21.9,P028,EQ003
2025-09-06 23:40:00,1.16,103.34,332.28,2454.99,30.25,46.58,1118.57,1190.85,248.79,163.05,19.68,P030,EQ010
2025-09-06 23:50:00,1.22,102.67,339.19,2675.95,29.68,45.55,1103.99,1270.78,253.93,143.45,29.95,P008,EQ017
2025-09-07 00:00:00,1.37,102.17,358.51,2683.66,31.21,51.58,1104.4,1254.98,242.91,149.02,22.47,P026,EQ024
2025-09-07 00:10:00,1.16,98.23,337.56,2483.08,28.96,41.49,1060.21,1256.01,253.73,165.8,27.07,P031,EQ031
2025-09-07 00:20:00,1.08,98.75,359.06,2558.64,27.66,48.32,1119.7,1214.76,246.45,150.48,26.7,P032,EQ038
2025-09-07 00:30:00,1.31,97.32,343.93,2729.95,32.84,44.55,1113.45,1258.14,251.36,135.23,25.83,P016,EQ045
2025-09-07 00:40:00,1.2,100.88,325.44,2553.58,30.11,46.27,1153.41,1267.55,241.01,141.69,19.46,P018,EQ003
2025-09-07 00:50:00,1.23,100.26,332.79,2647.85,26.26,46.08,1069.43,1281.91,258.47,154.38,26.09,P027,EQ010
2025-09-07 01:00:00,1.0,100.74,349.06,2553.02,29.93,43.14,1103.98,1268.11,248.08,155.7,20.36,P021,EQ017
2025-09-07 01:10:00,1.26,101.09,355.87,2661.23,31.06,45.58,1054.39,1239.48,245.98,144.92,21.65,P021,EQ024
2025-09-07 01:20:00,1.08,100.52,318.82,2431.1,30.77,45.27,1094.86,1251.05,251.41,143.85,23.81,P029,EQ031
2025-09-07 01:30:00,1.15,101.72,340.29,2428.75,31.36,41.86,1114.33,1198.75,250.32,132.24,22.85,P017,EQ038
2025-09-07 01:40:00,0.95,98.64,364.31,2579.66,30.28,41.18,1058.5,1249.52,247.22,150.56,28.25,P018,EQ045
2025-09-07 01:50:00,1.22,98.31,337.47,2532.15,29.1,46.14,1114.51,1269.33,248.87,157.81,24.65,P015,EQ003
2025-09-07 02:00:00,1.03,100.73,358.57,2614.12,29.52,43.57,1140.14,1263.63,253.41,159.45,23.53,P003,EQ010
2025-09-07 02:10:00,1.11,99.94,336.87,2355.21,33.13,48.39,1091.29,1240.33,251.77,167.48,22.64,P027,EQ017
2025-09-07 02:20:00,1.28,99.8,330.12,2635.52,30.97,43.21,1130.76,1232.7,250.8,133.6,21.56,P011,EQ024
2025-09-07 02:30:00,1.23,99.71,337.91,2623.1,33.65,40.66,1081.22,1225.77,258.27,161.18,25.21,P008,EQ031
2025-09-07 02:40:00,1.22,102.29,346.9,2648.22,34.04,48.61,1110.16,1238.74,248.18,148.06,28.46,P040,EQ038
2025-09-07 02:50:00,1.34,101.86,339.3,2377.5,27.88,47.88,1121.05,1197.62,247.84,121.17,24.33,P009,EQ045
2025-09-07 03:00:00,1.33,99.76,352.64,2351.07,30.85,40.5,1055.67,1263.44,251.71,142.29,26.01,P002,EQ003
2025-09-07 03:10:00,1.05,104.43,328.1,2397.47,35.01,44.3,1114.65,1267.39,241.1,157.62,28.31,P002,EQ010
2025-09-07 03:20:00,1.22,98.16,324.87,2319.33,31.6,45.14,1150.85,1260.03,249.09,142.06,27.62,P006,EQ017
2025-09-07 03:30:00,1.29,99.06,338.71,2421.34,31.37,44.34,1117.89,1227.74,250.46,143.65,26.85,P022,EQ024
2025-09-07 03:40:00,1.05,101.38,343.76,2379.31,29.51,49.62,1121.99,1251.09,254.13,129.4,29.07,P036,EQ031
2025-09-07 03:50:00,1.25,100.44,320.41,2648.91,29.59,41.28,1138.28,1268.19,245.94,151.57,20.21,P004,EQ038
2025-09-07 04:00:00,1.11,99.57,353.58,2395.99,28.96,44.9,1082.25,1216.5,250.82,146.87,24.13,P024,EQ045
2025-09-07 04:10:00,1.08,100.68,343.15,2769.37,29.02,46.83,1124.35,1268.64,251.19,131.56,25.37,P011,EQ003
2025-09-07 04:20:00,1.16,100.47,350.63,2529.58,28.9,48.07,1104.95,1213.1,245.45,160.9,26.54,P026,EQ010
2025-09-07 04:30:00,1.05,101.52,353.84,2564.68,31.37,45.61,1089.99,1262.24,257.56,174.12,29.19,P015,EQ017
2025-09-07 04:40:00,1.15,99.52,328.85,2601.84,27.75,47.19,1072.5,1287.61,251.84,156.74,23.32,P011,EQ024
2025-09-07 04:50:00,1.3,99.16,333.47,2496.81,30.78,46.22,1131.88,1242.83,253.78,163.88,28.83,P022,EQ031
2025-09-07 05:00:00,1.34,100.83,343.6,2485.38,30.31,46.88,1054.21,1262.21,249.93,144.23,23.91,P036,EQ038
2025-09-07 05:10:00,1.23,98.62,334.33,2536.97,29.88,44.9,1121.11,1250.12,246.98,165.24,26.5,P001,EQ045
2025-09-07 05:20:00,1.25,101.29,337.74,2572.29,27.29,52.43,1130.35,1247.98,246.64,142.75,19.68,P002,EQ003
2025-09-07 05:30:00,1.19,99.17,341.91,2494.28,30.14,44.89,1124.02,1235.3,252.27,136.43,26.96,P034,EQ010
2025-09-07 05:40:00,1.23,99.36,346.54,2478.86,32.36,50.56,1096.86,1272.45,248.26,153.65,20.86,P026,EQ017
2025-09-07 05:50:00,1.16,102.29,356.46,2470.43,29.97,41.29,1082.57,1217.0,248.76,150.97,26.53,P003,EQ024
2025-09-07 06:00:00,1.15,98.81,340.91,2726.59,30.04,49.88,1084.5,1262.02,257.09,150.98,21.97,P020,EQ031
2025-09-07 06:10:00,1.25,99.43,341.1,2571.91,29.69,44.17,1101.0,1222.84,252.7,147.39,19.64,P016,EQ038
2025-09-07 06:20:00,1.19,96.83,349.44,2421.87,29.21,43.84,1040.74,1246.74,250.97,152.06,19.98,P008,EQ045
2025-09-07 06:30:00,1.19,100.34,333.96,2580.02,31.8,46.75,1091.6,1231.69,242.68,137.55,26.4,P025,EQ003
2025-09-07 06:40:00,1.13,101.44,341.23,2555.36,27.75,46.46,1025.88,1240.15,245.48,146.26,25.38,P009,EQ010
2025-09-07 06:50:00,1.26,100.84,345.86,2506.3,31.33,45.93,1158.15,1241.18,242.5,156.23,26.64,P018,EQ017
2025-09-07 07:00:00,1.2,101.61,341.98,2604.53,31.96,40.98,1099.92,1252.05,254.59,168.45,28.65,P005,EQ024
2025-09-07 07:10:00,1.28,100.17,367.44,2557.18,28.11,45.8,1093.1,1246.15,254.07,142.31,20.62,P027,EQ031
2025-09-07 07:20:00,1.19,98.67,346.54,2388.56,28.42,47.44,1089.28,1225.39,249.65,142.26,19.41,P035,EQ038
2025-09-07 07:30:00,1.22,99.36,346.96,2635.87,32.67,49.6,1114.46,1249.16,241.83,144.21,24.71,P010,EQ045
2025-09-07 07:40:00,1.35,99.19,336.64,2545.86,30.95,46.95,1105.72,1230.4,240.17,135.72,19.44,P038,EQ003
2025-09-07 07:50:00,1.17,97.92,337.93,2415.44,29.66,45.95,1131.77,1214.72,250.31,150.57,26.66,P013,EQ010
2025-09-07 08:00:00,1.19,98.56,326.18,2565.37,29.94,43.72,1102.61,1253.92,256.16,140.34,28.56,P020,EQ017
2025-09-07 08:10:00,1.21,101.87,331.26,2501.1,32.19,44.91,1078.79,1228.07,231.94,159.35,24.91,P028,EQ024
2025-09-07 08:20:00,1.14,97.2,323.25,2511.4,25.58,47.36,1116.75,1256.09,247.78,159.12,24.55,P002,EQ031
2025-09-07 08:30:00,1.22,96.09,329.07,2493.09,25.69,44.16,1040.82,1219.09,246.49,158.91,21.72,P030,EQ038
2025-09-07 08:40:00,1.25,101.61,333.79,2401.85,32.38,45.21,1071.93,1290.31,253.0,166.75,22.58,P017,EQ045
2025-09-07 08:50:00,1.2,97.32,357.61,2476.82,29.59,40.68,1053.14,1265.28,251.09,135.11,29.62,P037,EQ003
2025-09-07 09:00:00,1.22,97.74,332.99,2524.72,25.36,51.13,1091.22,1277.42,256.19,138.09,25.4,P019,EQ010
2025-09-07 09:10:00,1.1,99.5,339.31,2398.7,28.28,45.85,1105.44,1268.07,244.7,163.56,23.67,P015,EQ017
2025-09-07 09:20:00,1.21,101.02,350.86,2513.94,31.25,44.44,1086.28,1259.01,256.23,131.84,30.05,P036,EQ024
2025-09-07 09:30:00,1.28,97.84,320.7,2395.07,31.59,43.44,1135.99,1234.42,254.57,152.36,22.48,P019,EQ031
2025-09-07 09:40:00,1.07,98.48,355.39,2540.57,30.67,48.32,1047.12,1280.3,241.08,155.09,28.18,P035,EQ038
2025-09-07 09:50:00,1.25,100.19,345.71,2274.5,31.01,41.13,1081.11,1245.46,256.97,139.15,25.19,P025,EQ045
2025-09-07 10:00:00,1.18,98.03,340.59,2437.68,32.43,45.68,1067.85,1212.87,253.53,143.57,19.48,P032,EQ003
2025-09-07 10:10:00,1.11,98.29,354.78,2590.16,31.3,48.65,1105.85,1285.83,255.21,135.12,28.11,P024,EQ010
2025-09-07 10:20:00,1.11,100.88,333.43,2548.43,28.18,47.97,1072.49,1281.32,242.32,145.5,26.93,P007,EQ017
2025-09-07 10:30:00,1.17,95.52,328.09,2634.28,26.39,44.66,1092.91,1235.14,250.34,145.16,23.81,P037,EQ024
2025-09-07 10:40:00,1.17,98.49,332.54,2590.29,27.64,40.17,1099.55,1258.43,250.87,159.13,29.49,P026,EQ031
2025-09-07 10:50:00,1.35,100.77,335.54,2441.03,33.14,39.15,1074.49,1289.54,245.79,154.59,27.58,P029,EQ038
2025-09-07 11:00:00,1.01,101.07,326.45,2568.14,31.16,42.79,1074.24,1260.49,247.16,156.97,23.18,P037,EQ045
2025-09-07 11:10:00,1.31,97.07,335.21,2424.4,28.71,41.99,1126.45,1250.46,252.62,138.42,20.92,P020,EQ003
2025-09-07 11:20:00,1.19,99.99,332.06,2606.94,29.81,41.04,1093.68,1276.66,248.56,152.23,23.24,P006,EQ010
2025-09-07 11:30:00,1.16,98.56,339.43,2552.44,32.04,45.11,1078.86,1244.39,248.01,134.18,20.31,P011,EQ017
2025-09-07 11:40:00,1.1,98.69,354.36,2397.71,29.49,51.4,1104.59,1234.93,248.33,149.2,21.26,P032,EQ024
2025-09-07 11:50:00,1.35,99.39,342.13,2425.83,33.71,43.71,1095.27,1279.97,253.8,146.53,26.45,P006,EQ031
2025-09-07 12:00:00,1.12,102.14,347.35,2602.25,28.12,49.13,1089.82,1220.95,244.56,131.74,20.08,P040,EQ038
2025-09-07 12:10:00,0.97,102.01,330.49,2345.45,30.92,52.4,1056.04,1275.54,246.98,138.88,28.07,P034,EQ045
2025-09-07 12:20:00,1.17,96.42,360.7,2611.84,29.15,42.04,1094.69,1248.26,251.68,138.31,26.86,P037,EQ003
2025-09-07 12:30:00,1.19,105.57,346.06,2440.6,28.37,45.05,1087.96,1232.4,255.58,129.66,27.3,P004,EQ010
2025-09-07 12:40:00,1.14,101.62,335.25,2460.81,28.5,40.5,1076.55,1209.66,253.79,144.79,26.68,P017,EQ017
2025-09-07 12:50:00,1.27,99.62,328.22,2504.17,30.83,42.65,1071.74,1206.88,247.6,153.62,22.63,P022,EQ024
2025-09-07 13:00:00,1.32,100.61,344.97,2269.26,25.41,44.22,1075.64,1242.38,246.8,150.98,27.29,P003,EQ031
2025-09-07 13:10:00,1.25,103.18,331.9,2628.45,28.33,50.52,1116.05,1234.38,245.28,152.81,22.07,P037,EQ038
2025-09-07 13:20:00,1.16,99.6,326.71,2400.43,27.84,45.81,1078.81,1267.47,248.67,163.62,25.72,P001,EQ045
2025-09-07 13:30:00,1.01,103.22,348.51,2501.89,30.84,45.26,1092.99,1251.93,246.5,165.18,21.98,P014,EQ003
2025-09-07 13:40:00,1.26,101.52,355.7,2546.24,30.55,47.98,1101.16,1252.73,247.06,156.04,26.77,P032,EQ010
2025-09-07 13:50:00,1.29,97.16,315.82,2595.25,30.81,45.39,1125.81,1254.82,257.85,163.43,25.86,P021,EQ017
2025-09-07 14:00:00,1.28,102.81,335.64,2518.7,26.55,44.69,1151.27,1293.15,245.24,138.99,29.47,P016,EQ024
2025-09-07 14:10:00,1.4,99.35,333.68,2365.9,28.0,43.96,1069.96,1274.04,250.65,144.87,23.28,P031,EQ031
2025-09-07 14:20:00,1.08,99.88,332.52,2360.06,31.74,45.55,1100.42,1289.33,247.52,132.37,25.2,P006,EQ038
2025-09-07 14:30:00,1.16,98.0,328.05,2546.42,30.39,45.29,1086.55,1240.09,247.69,162.59,28.17,P028,EQ045
2025-09-07 14:40:00,1.22,98.09,339.05,2539.04,31.93,46.92,1143.72,1224.49,244.3,144.81,25.35,P025,EQ003
2025-09-07 14:50:00,1.21,100.66,343.4,2256.98,29.3,46.24,1111.69,1224.93,247.99,146.21,20.29,P001,EQ010
2025-09-07 15:00:00,1.14,99.83,329.5,2486.25,31.83,47.47,1117.41,1242.5,251.22,137.27,21.19,P008,EQ017
2025-09-07 15:10:00,1.13,97.81,338.28,2597.21,30.2,45.0,1056.8,1253.94,256.52,160.62,21.88,P029,EQ024
2025-09-07 15:20:00,1.26,98.68,328.94,2532.3,31.55,45.51,1103.92,1252.12,256.06,150.51,28.89,P008,EQ031
2025-09-07 15:30:00,1.27,101.35,347.82,2639.77,28.14,43.54,1067.09,1243.35,252.34,155.02,20.09,P028,EQ038
2025-09-07 15:40:00,1.2,101.03,348.23,2420.64,27.68,46.45,1066.03,1242.74,245.73,122.71,23.93,P034,EQ045
2025-09-07 15:50:00,1.25,100.99,337.43,2478.08,31.78,45.84,1119.87,1269.95,252.25,157.03,25.02,P036,EQ003
2025-09-07 16:00:00,1.33,98.07,328.29,2360.98,28.06,46.62,1069.57,1252.17,253.3,158.06,24.08,P001,EQ010
2025-09-07 16:10:00,1.04,99.79,339.85,2382.51,28.83,39.8,1066.05,1244.39,255.45,147.9,22.92,P028,EQ017
2025-09-07 16:20:00,1.23,100.44,339.71,2574.71,29.58,43.37,1105.7,1250.12,241.73,147.11,28.43,P018,EQ024
2025-09-07 16:30:00,1.0,99.79,341.87,2579.4,28.57,40.28,1043.25,1228.63,252.48,154.06,24.57,P040,EQ031
2025-09-07 16:40:00,1.22,104.93,349.02,2488.94,29.8,44.94,1152.23,1227.08,246.94,144.96,27.49,P037,EQ038
2025-09-07 16:50:00,1.09,100.97,338.54,2509.52,29.36,44.65,1103.46,1246.11,252.92,147.64,26.23,P010,EQ045
2025-09-07 17:00:00,1.01,99.68,337.74,2484.51,32.59,43.5,1103.27,1239.1,253.44,137.78,22.58,P014,EQ003
2025-09-07 17:10:00,1.09,95.48,335.27,2496.45,32.12,47.82,1069.46,1303.16,251.07,147.82,28.79,P024,EQ010
2025-09-07 17:20:00,1.26,97.02,342.79,2394.45,33.07,47.87,1131.92,1268.68,249.37,139.32,25.03,P017,EQ017
2025-09-07 17:30:00,1.59,103.85,327.76,2464.63,31.56,48.98,1104.61,1257.9,249.23,145.72,24.34,P014,EQ024
2025-09-07 17:40:00,1.24,103.15,337.23,2472.27,33.23,39.07,1085.22,1270.73,252.61,154.59,29.6,P009,EQ031
2025-09-07 17:50:00,1.09,103.92,334.11,2408.54,28.54,45.18,1161.77,1250.76,247.87,145.28,21.07,P031,EQ038
2025-09-07 18:00:00,1.31,98.19,342.46,2529.29,33.19,44.27,1102.51,1258.67,250.38,152.05,19.89,P027,EQ045
2025-09-07 18:10:00,1.13,99.04,349.87,2535.25,34.14,46.62,1083.23,1224.23,246.68,154.71,20.66,P031,EQ003
2025-09-07 18:20:00,1.13,103.31,329.99,2465.99,30.54,47.19,1134.54,1255.5,247.62,159.27,20.18,P001,EQ010
2025-09-07 18:30:00,1.32,101.97,325.63,2394.98,31.1,44.45,1111.97,1275.11,249.1,144.98,23.06,P013,EQ017
2025-09-07 18:40:00,1.18,99.53,326.81,2710.94,32.42,42.25,1142.17,1238.19,253.0,158.83,21.63,P007,EQ024
2025-09-07 18:50:00,1.24,98.13,342.12,2572.76,27.25,43.22,1105.08,1249.92,248.64,141.78,24.76,P022,EQ031
2025-09-07 19:00:00,1.1,99.65,347.11,2327.69,27.26,47.31,1078.57,1275.21,252.72,156.36,21.2,P040,EQ038
2025-09-07 19:10:00,1.14,101.99,331.21,2639.59,30.97,45.06,1080.17,1222.47,247.52,143.84,23.46,P011,EQ045
2025-09-07 19:20:00,1.27,97.83,337.52,2433.78,31.99,39.91,1066.73,1257.23,252.93,153.14,20.64,P036,EQ003
2025-09-07 19:30:00,1.28,101.45,338.1,2479.57,27.19,42.88,1125.45,1211.61,249.41,158.25,27.36,P023,EQ010
2025-09-07 19:40:00,1.05,100.02,328.13,2286.72,24.79,45.82,1058.37,1257.53,242.3,131.02,25.15,P013,EQ017
2025-09-07 19:50:00,1.25,98.42,343.22,2507.41,28.52,49.55,1087.84,1254.23,257.59,153.1,23.07,P028,EQ024
2025-09-07 20:00:00,1.29,101.3,321.63,2512.42,30.98,44.47,1083.77,1205.03,249.88,149.11,24.44,P020,EQ031
2025-09-07 20:10:00,1.1,101.7,335.59,2394.1,31.83,46.93,1091.08,1230.04,256.16,161.57,23.42,P026,EQ038
2025-09-07 20:20:00,1.28,100.53,341.74,2566.25,28.9,43.73,1133.28,1245.63,246.8,175.08,28.32,P036,EQ045
2025-09-07 20:30:00,1.21,100.71,336.08,2504.56,25.89,41.73,1102.42,1224.89,245.68,173.26,24.01,P013,EQ003
2025-09-07 20:40:00,1.36,102.83,340.7,2630.56,30.23,43.33,1061.13,1231.72,241.92,148.06,19.44,P010,EQ010
2025-09-07 20:50:00,1.3,97.47,338.54,2437.27,29.8,46.58,1064.79,1219.69,250.4,135.17,20.17,P014,EQ017
2025-09-07 21:00:00,1.16,100.93,335.26,2560.17,28.54,47.01,1114.25,1232.65,250.25,161.54,22.08,P017,EQ024
2025-09-07 21:10:00,1.23,97.47,342.78,2388.42,29.66,49.18,1105.85,1234.77,252.59,144.83,25.11,P009,EQ031
2025-09-07 21:20:00,1.19,94.87,318.97,2549.67,30.42,47.39,1126.51,1267.64,241.06,156.64,26.84,P038,EQ038
2025-09-07 21:30:00,1.08,97.19,333.51,2550.6,22.7,36.83,1128.95,1279.91,242.45,151.38,25.77,P025,EQ045
2025-09-07 21:40:00,1.19,98.66,346.6,2512.73,33.96,47.71,1117.2,1259.69,242.35,154.74,22.34,P038,EQ003
2025-09-07 21:50:00,1.21,101.96,324.76,2406.63,31.64,41.19,1150.16,1280.73,252.45,149.0,26.44,P040,EQ010
2025-09-07 22:00:00,1.13,100.18,329.38,2436.44,30.14,47.75,1111.22,1252.61,251.85,131.39,26.43,P031,EQ017
2025-09-07 22:10:00,1.26,101.81,330.09,2507.6,30.1,46.62,1125.41,1304.05,258.42,153.72,23.38,P001,EQ024
2025-09-07 22:20:00,1.13,97.02,347.2,2500.4,32.47,41.92,1098.0,1259.39,253.98,149.01,27.96,P014,EQ031
2025-09-07 22:30:00,1.22,99.94,337.39,2514.23,27.4,48.71,1086.71,1241.36,254.28,144.32,20.73,P040,EQ038
2025-09-07 22:40:00,1.44,100.6,355.1,2452.48,34.21,50.1,1114.68,1251.17,253.08,142.66,21.34,P011,EQ045
2025-09-07 22:50:00,1.19,98.68,337.34,2476.14,28.92,45.43,1123.6,1240.02,248.1,142.25,23.91,P001,EQ003
2025-09-07 23:00:00,1.08,97.04,338.67,2398.68,32.5,42.59,1119.51,1243.03,252.44,163.11,22.89,P004,EQ010
2025-09-07 23:10:00,1.04,97.09,341.6,2542.57,31.7,44.11,1110.15,1272.47,258.5,164.98,22.07,P029,EQ017
2025-09-07 23:20:00,1.24,99.13,359.1,2402.28,30.41,43.0,1119.86,1283.26,243.11,145.94,23.76,P031,EQ024
2025-09-07 23:30:00,1.43,100.56,346.66,2516.88,30.06,44.59,1083.77,1259.28,244.23,156.62,22.47,P033,EQ031
2025-09-07 23:40:00,1.33,99.45,346.73,2620.98,29.75,49.3,1080.74,1221.83,244.41,146.33,25.88,P016,EQ038
2025-09-07 23:50:00,1.21,98.03,362.75,2578.26,32.39,47.79,1116.99,1239.0,252.15,159.08,25.11,P025,EQ045
2025-09-08 00:00:00,1.3,102.46,336.1,2534.88,31.07,46.23,1079.75,1264.04,249.05,145.67,27.42,P031,EQ003
2025-09-08 00:10:00,1.15,95.08,344.68,2594.32,26.83,45.06,1121.71,1255.3,250.51,151.44,23.25,P034,EQ010
2025-09-08 00:20:00,1.11,100.76,328.87,2455.56,32.58,47.61,1120.66,1251.91,247.67,151.12,22.56,P006,EQ017
2025-09-08 00:30:00,1.04,99.67,345.51,2641.53,29.96,39.62,1157.87,1229.03,249.32,168.88,27.74,P014,EQ024
2025-09-08 00:40:00,1.19,103.95,346.79,2481.84,27.83,42.19,1050.73,1228.45,259.48,153.29,29.58,P018,EQ031
2025-09-08 00:50:00,1.16,98.91,339.37,2484.43,32.76,43.56,1128.16,1261.07,251.2,158.42,26.97,P028,EQ038
2025-09-08 01:00:00,0.98,100.81,344.8,2351.14,31.35,49.62,1102.58,1245.22,252.75,143.03,25.3,P032,EQ045
2025-09-08 01:10:00,1.29,99.91,338.82,2489.35,30.74,45.65,1059.96,1209.85,251.68,142.68,25.77,P017,EQ003
2025-09-08 01:20:00,1.2,102.89,335.19,2377.66,31.46,41.2,1136.7,1243.96,253.67,160.86,26.61,P036,EQ010
2025-09-08 01:30:00,1.18,99.9,331.54,2433.11,24.56,44.6,1093.08,1245.1,250.21,162.78,28.37,P023,EQ017
2025-09-08 01:40:00,1.21,101.02,343.62,2609.98,31.33,45.5,1092.77,1238.9,253.61,163.28,21.49,P024,EQ024
2025-09-08 01:50:00,1.24,103.44,353.11,2538.42,30.51,44.77,1060.11,1244.59,255.6,159.64,28.52,P023,EQ031
2025-09-08 02:00:00,1.22,97.64,330.86,2276.61,32.98,45.0,1045.81,1238.54,250.09,131.43,26.54,P014,EQ038
2025-09-08 02:10:00,1.04,102.86,344.95,2471.68,28.08,45.39,1096.65,1262.49,249.43,154.49,25.88,P013,EQ045
2025-09-08 02:20:00,1.2,99.56,349.37,2664.7,31.9,48.51,1072.51,1219.49,257.05,146.95,23.45,P012,EQ003
2025-09-08 02:30:00,1.28,101.88,333.13,2619.31,31.05,47.88,1103.08,1214.11,251.37,145.89,28.11,P001,EQ010
2025-09-08 02:40:00,1.3,97.91,332.55,2548.2,31.53,45.94,1127.83,1218.68,247.61,149.33,20.81,P024,EQ017
2025-09-08 02:50:00,1.38,98.06,333.71,2547.45,31.11,42.79,1029.76,1247.59,249.26,156.62,24.67,P001,EQ024
2025-09-08 03:00:00,1.27,100.58,340.74,2442.27,32.77,47.56,1070.45,1230.0,254.93,154.67,25.46,P022,EQ031
2025-09-08 03:10:00,1.28,100.6,334.74,2581.32,33.28,40.16,1158.31,1237.4,250.16,162.84,20.35,P024,EQ038
2025-09-08 03:20:00,1.12,100.08,334.6,2527.27,29.45,40.97,1102.42,1239.14,249.94,161.88,28.36,P033,EQ045
2025-09-08 03:30:00,1.08,99.45,347.45,2578.06,29.98,43.98,1089.19,1237.9,252.98,167.51,28.73,P039,EQ003
2025-09-08 03:40:00,1.27,102.69,349.92,2365.14,30.36,45.58,1100.04,1256.46,241.99,146.89,21.7,P018,EQ010
2025-09-08 03:50:00,1.01,103.47,344.71,2575.56,33.27,44.29,1051.82,1230.94,251.33,144.62,25.66,P026,EQ017
2025-09-08 04:00:00,1.13,99.7,339.23,2200.67,28.44,47.98,1123.43,1265.71,247.49,159.89,20.1,P017,EQ024
2025-09-08 04:10:00,1.39,100.61,342.55,2399.27,27.69,48.16,1081.91,1234.91,240.22,159.85,21.18,P004,EQ031
2025-09-08 04:20:00,1.18,102.52,356.3,2531.87,29.81,45.35,1112.63,1283.99,246.17,140.34,29.49,P002,EQ038
2025-09-08 04:30:00,1.09,102.77,340.62,2399.82,30.96,40.79,1101.07,1239.26,249.66,162.87,27.82,P031,EQ045
2025-09-08 04:40:00,1.14,100.8,341.76,2610.01,26.95,44.58,1152.4,1256.86,252.58,143.91,29.88,P030,EQ003
2025-09-08 04:50:00,1.4,98.09,330.51,2564.1,31.24,44.3,1129.27,1224.57,252.16,134.83,24.15,P031,EQ010
2025-09-08 05:00:00,1.26,99.73,342.51,2595.21,31.84,47.36,1148.3,1256.53,256.21,142.72,27.8,P035,EQ017
2025-09-08 05:10:00,1.15,101.84,344.58,2351.8,32.06,43.38,1053.14,1250.89,242.6,144.7,26.75,P003,EQ024
2025-09-08 05:20:00,1.26,100.61,337.85,2600.82,30.42,46.39,1107.5,1205.53,248.08,150.52,22.25,P040,EQ031
2025-09-08 05:30:00,1.22,101.12,321.78,2459.19,28.96,40.35,1099.98,1263.38,254.16,159.3,29.18,P010,EQ038
2025-09-08 05:40:00,1.1,96.39,351.47,2463.75,32.04,46.47,1066.33,1243.43,247.69,138.16,26.17,P012,EQ045
2025-09-08 05:50:00,1.33,102.39,352.55,2560.5,30.23,43.44,1112.81,1242.61,249.77,150.7,27.98,P009,EQ003
2025-09-08 06:00:00,1.0,99.28,331.56,2442.22,32.83,48.26,1129.69,1195.75,254.32,154.56,19.89,P008,EQ010
2025-09-08 06:10:00,1.12,96.85,335.02,2419.58,29.85,48.96,1108.74,1244.92,250.28,129.35,20.12,P004,EQ017
2025-09-08 06:20:00,1.26,99.41,333.28,2487.78,34.63,45.76,1096.3,1269.53,251.45,154.73,23.2,P035,EQ024
2025-09-08 06:30:00,1.08,97.16,337.04,2451.43,28.72,43.81,1087.19,1222.02,251.65,165.51,21.99,P013,EQ031
2025-09-08 06:40:00,1.35,100.44,357.48,2476.12,27.42,44.77,1110.55,1259.51,244.11,129.35,25.63,P002,EQ038
2025-09-08 06:50:00,1.2,103.04,343.41,2523.22,30.36,43.33,1163.34,1245.88,249.6,153.6,22.78,P021,EQ045
2025-09-08 07:00:00,1.06,102.56,350.29,2475.44,27.83,47.94,1046.88,1254.51,247.99,156.37,28.31,P011,EQ003
2025-09-08 07:10:00,1.21,102.86,345.73,2477.14,33.74,40.83,1133.32,1258.13,251.28,135.03,28.84,P038,EQ010
2025-09-08 07:20:00,1.12,98.61,340.33,2507.68,27.56,49.14,1064.11,1273.9,252.76,146.29,27.52,P024,EQ017
2025-09-08 07:30:00,1.19,99.94,356.57,2327.33,31.28,45.23,1138.95,1266.74,251.59,148.9,25.18,P026,EQ024
2025-09-08 07:40:00,1.03,98.45,325.21,2325.72,29.07,46.14,1073.92,1238.74,245.91,135.17,23.11,P004,EQ031
2025-09-08 07:50:00,1.18,99.04,339.23,2426.58,30.19,47.77,1039.18,1251.3,244.9,151.52,19.87,P033,EQ038
2025-09-08 08:00:00,1.24,101.96,345.21,2183.02,27.4,43.17,1119.59,1255.75,242.61,138.92,20.54,P018,EQ045
2025-09-08 08:10:00,1.08,95.16,331.73,2634.13,33.06,43.11,1089.01,1261.62,248.16,153.45,20.49,P029,EQ003
2025-09-08 08:20:00,1.06,102.87,358.11,2503.26,31.5,44.41,1081.36,1261.82,250.57,154.14,20.3,P039,EQ010
2025-09-08 08:30:00,1.06,98.93,340.48,2624.31,27.92,49.28,1134.75,1266.86,246.07,143.27,21.52,P033,EQ017
2025-09-08 08:40:00,1.24,100.25,346.17,2378.31,28.87,44.38,1069.7,1243.09,249.38,146.75,23.45,P001,EQ024
2025-09-08 08:50:00,1.0,106.0,346.08,2614.64,27.1,44.56,1096.69,1215.84,247.74,140.98,21.86,P036,EQ031
2025-09-08 09:00:00,1.3,99.95,331.93,2509.79,30.61,44.77,1067.0,1295.92,242.81,149.99,23.23,P022,EQ038
2025-09-08 09:10:00,1.24,101.93,324.35,2671.46,31.29,41.97,1071.34,1210.68,249.92,156.65,23.43,P006,EQ045
2025-09-08 09:20:00,1.19,93.24,336.42,2684.78,29.92,44.98,1082.88,1254.32,251.52,137.56,25.42,P030,EQ003
2025-09-08 09:30:00,1.19,96.93,350.34,2338.86,29.13,36.42,1107.28,1219.22,251.74,166.78,20.12,P006,EQ010
2025-09-08 09:40:00,1.19,101.26,343.42,2491.56,28.3,40.57,1102.82,1239.49,256.14,156.77,21.76,P006,EQ017
2025-09-08 09:50:00,1.18,97.63,326.54,2454.95,30.33,42.85,1110.53,1236.83,248.38,136.37,21.08,P038,EQ024
2025-09-08 10:00:00,1.22,96.91,354.31,2675.06,28.48,41.8,1150.63,1233.53,244.34,137.37,24.86,P002,EQ031
2025-09-08 10:10:00,1.1,102.34,326.23,2515.84,29.1,46.02,1023.53,1236.75,247.45,149.82,26.59,P001,EQ038
2025-09-08 10:20:00,1.25,98.51,319.66,2466.44,27.43,43.61,1107.4,1257.34,247.78,136.72,21.69,P024,EQ045
2025-09-08 10:30:00,1.08,101.34,335.46,2496.62,28.11,42.02,1132.02,1289.64,252.69,134.66,25.18,P016,EQ003
2025-09-08 10:40:00,1.29,102.91,340.95,2509.03,31.02,43.06,1062.33,1260.5,245.75,163.18,22.45,P013,EQ010
2025-09-08 10:50:00,1.35,98.77,334.21,2485.63,32.28,44.19,1034.31,1236.57,241.79,125.86,25.79,P009,EQ017
2025-09-08 11:00:00,1.17,97.83,338.35,2312.63,32.23,46.94,1088.75,1237.65,258.5,158.88,23.21,P025,EQ024
2025-09-08 11:10:00,1.08,100.01,333.68,2562.43,32.03,47.45,1143.8,1256.8,248.37,157.63,26.52,P012,EQ031
2025-09-08 11:20:00,1.17,99.16,350.27,2656.72,29.15,52.61,1098.9,1256.96,251.15,153.62,22.59,P037,EQ038
2025-09-08 11:30:00,1.32,99.82,340.73,2378.25,30.35,45.34,1094.59,1246.97,256.66,139.1,23.27,P015,EQ045
2025-09-08 11:40:00,1.28,100.58,333.92,2415.52,31.83,46.13,1053.02,1239.96,247.73,141.96,27.35,P018,EQ003
2025-09-08 11:50:00,1.16,100.13,328.27,2378.01,30.53,41.38,1086.71,1279.29,246.23,147.48,28.52,P012,EQ010
2025-09-08 12:00:00,1.23,99.93,343.91,2462.81,27.29,37.97,1080.16,1193.84,241.44,149.61,26.96,P017,EQ017
2025-09-08 12:10:00,1.22,98.09,342.72,2590.99,30.59,47.61,1132.51,1215.26,240.73,144.91,24.78,P017,EQ024
2025-09-08 12:20:00,1.04,98.35,335.23,2403.54,30.89,50.28,1090.12,1245.65,244.13,138.38,19.98,P023,EQ031
2025-09-08 12:30:00,1.21,101.67,326.18,2559.63,33.01,45.31,1036.13,1275.61,247.37,156.04,25.55,P023,EQ038
2025-09-08 12:40:00,1.26,101.69,346.38,2597.19,29.48,44.2,1137.76,1265.21,246.77,146.15,27.18,P034,EQ045
2025-09-08 12:50:00,1.16,98.63,342.51,2428.42,29.71,47.64,1151.2,1271.06,257.56,159.99,25.18,P011,EQ003
2025-09-08 13:00:00,1.16,99.95,348.87,2382.73,25.06,43.01,1110.03,1213.97,243.54,147.04,18.91,P038,EQ010
2025-09-08 13:10:00,1.16,102.55,329.38,2676.38,30.75,42.43,1115.36,1217.34,244.09,142.51,22.26,P035,EQ017
2025-09-08 13:20:00,1.04,100.82,328.72,2464.14,29.33,43.37,1091.99,1264.98,243.26,146.45,24.82,P028,EQ024
2025-09-08 13:30:00,1.31,101.46,342.36,2395.11,29.26,39.41,1068.62,1279.04,254.01,144.45,23.94,P019,EQ031
2025-09-08 13:40:00,1.09,100.27,339.95,2525.08,29.48,52.0,1014.01,1216.18,245.2,141.12,20.67,P033,EQ038
2025-09-08 13:50:00,1.15,98.8,347.45,2341.75,31.97,46.22,1081.68,1263.88,255.28,154.95,25.85,P018,EQ045
2025-09-08 14:00:00,1.29,96.74,357.65,2617.96,33.5,51.14,1131.87,1270.86,255.98,153.03,21.36,P014,EQ003
2025-09-08 14:10:00,1.35,103.0,336.39,2390.17,28.01,40.38,1090.74,1250.58,255.07,160.16,22.62,P030,EQ010
2025-09-08 14:20:00,1.38,96.85,335.31,2434.28,31.84,42.93,1118.84,1243.07,249.13,165.33,21.98,P008,EQ017
2025-09-08 14:30:00,1.18,96.92,335.71,2539.17,25.66,42.35,1106.79,1223.59,254.04,147.53,24.57,P012,EQ024
2025-09-08 14:40:00,1.31,100.39,314.82,2435.97,28.82,41.62,1083.04,1259.32,246.21,154.19,24.1,P030,EQ031
2025-09-08 14:50:00,1.13,97.6,347.29,2468.58,27.65,41.62,1086.9,1254.29,244.97,157.08,24.96,P024,EQ038
2025-09-08 15:00:00,1.38,100.46,323.56,2527.78,31.7,41.4,1128.75,1273.99,253.07,153.42,25.95,P038,EQ045
2025-09-08 15:10:00,1.31,102.19,339.01,2521.79,29.77,44.13,1134.3,1306.79,241.84,155.13,28.79,P021,EQ003
2025-09-08 15:20:00,1.07,103.52,344.72,2354.35,31.57,47.01,1092.11,1270.52,249.93,162.31,26.93,P023,EQ010
2025-09-08 15:30:00,1.1,98.16,332.48,2417.54,30.38,50.82,1078.5,1271.05,246.2,143.25,28.19,P001,EQ017
2025-09-08 15:40:00,1.18,98.88,341.23,2416.73,26.03,42.4,1145.48,1228.39,250.88,156.81,20.89,P031,EQ024
2025-09-08 15:50:00,1.21,98.32,343.39,2509.37,31.39,45.74,1118.69,1223.24,253.06,160.69,22.69,P007,EQ031
2025-09-08 16:00:00,1.24,98.1,341.12,2420.15,32.0,49.54,1130.32,1230.93,244.44,143.52,20.66,P023,EQ038
2025-09-08 16:10:00,1.17,101.46,334.81,2600.97,32.31,43.36,1071.56,1219.5,241.63,138.69,21.34,P030,EQ045
2025-09-08 16:20:00,1.34,103.21,328.69,2576.75,27.93,45.38,1106.25,1186.27,249.46,153.38,23.66,P002,EQ003
2025-09-08 16:30:00,1.25,95.79,339.4,2431.17,32.7,46.19,1079.48,1234.57,255.31,168.09,24.14,P040,EQ010
2025-09-08 16:40:00,1.15,99.95,331.34,2530.52,29.84,45.63,1074.47,1232.65,253.96,149.15,24.15,P037,EQ017
2025-09-08 16:50:00,1.17,103.48,340.3,2427.89,31.21,41.52,1135.95,1238.15,247.42,142.04,25.92,P026,EQ024
2025-09-08 17:00:00,1.17,101.56,346.06,2653.5,26.99,44.18,1095.59,1241.89,245.93,150.54,23.72,P016,EQ031
2025-09-08 17:10:00,1.14,98.79,327.52,2502.66,28.75,37.02,1091.47,1268.73,256.07,158.46,22.98,P024,EQ038
2025-09-08 17:20:00,1.27,99.05,337.24,2596.41,27.62,44.92,1084.22,1254.89,243.87,159.96,24.99,P031,EQ045
2025-09-08 17:30:00,1.27,103.48,345.38,2476.21,28.28,39.98,1116.61,1264.97,258.84,163.37,27.54,P020,EQ003
2025-09-08 17:40:00,1.16,98.59,343.8,2607.0,31.97,41.04,1146.02,1255.67,249.37,139.3,20.06,P015,EQ010
2025-09-08 17:50:00,1.23,100.02,328.7,2402.9,29.4,51.22,1092.43,1267.49,252.13,149.56,27.73,P033,EQ017
2025-09-08 18:00:00,1.05,98.5,328.78,2447.98,29.0,45.55,1152.66,1264.78,248.71,125.46,20.82,P028,EQ024
2025-09-08 18:10:00,1.27,99.56,351.89,2317.1,29.17,46.18,1046.03,1257.62,240.35,165.85,26.33,P037,EQ031
2025-09-08 18:20:00,1.18,97.21,323.5,2411.67,30.9,47.19,1100.11,1209.01,255.45,122.36,23.28,P002,EQ038
2025-09-08 18:30:00,1.21,98.91,339.83,2543.34,32.93,43.8,1041.82,1247.76,252.86,157.11,21.44,P011,EQ045
2025-09-08 18:40:00,1.26,101.54,335.57,2540.22,29.15,48.45,1056.99,1258.28,243.19,151.07,28.08,P039,EQ003
2025-09-08 18:50:00,1.08,101.25,342.65,2372.63,30.16,45.92,1111.13,1223.81,254.8,134.04,29.03,P034,EQ010
2025-09-08 19:00:00,1.08,99.05,344.19,2322.48,30.86,43.37,1161.44,1286.14,246.03,148.51,21.84,P037,EQ017
2025-09-08 19:10:00,1.09,98.33,343.44,2600.05,33.81,41.49,1114.14,1252.12,253.4,146.67,27.42,P009,EQ024
2025-09-08 19:20:00,1.27,99.95,338.33,2401.31,30.29,45.8,1045.41,1257.65,247.79,145.08,26.06,P004,EQ031
2025-09-08 19:30:00,1.16,96.56,320.06,2585.87,29.95,39.19,1097.69,1238.86,256.3,135.61,29.61,P020,EQ038
2025-09-08 19:40:00,1.05,100.02,339.43,2489.94,30.74,48.73,1142.46,1240.01,248.98,170.62,27.08,P010,EQ045
2025-09-08 19:50:00,1.2,97.82,351.94,2666.49,29.05,42.52,1143.49,1250.5,248.58,149.2,27.34,P030,EQ003
2025-09-08 20:00:00,1.13,101.4,335.94,2545.65,28.67,47.3,1139.39,1233.21,250.6,152.09,23.25,P030,EQ010
2025-09-08 20:10:00,1.22,101.85,343.91,2522.44,33.21,45.31,1070.79,1228.04,252.06,156.73,19.45,P010,EQ017
2025-09-08 20:20:00,1.05,98.31,346.7,2469.23,29.64,38.73,1093.48,1214.41,253.53,157.09,21.27,P012,EQ024
2025-09-08 20:30:00,1.16,99.02,344.6,2623.93,29.0,44.14,1126.88,1250.04,248.75,136.01,22.47,P006,EQ031
2025-09-08 20:40:00,1.2,101.08,341.79,2511.5,31.73,42.28,1098.5,1224.36,254.83,164.84,21.4,P014,EQ038
2025-09-08 20:50:00,1.25,96.59,348.32,2478.43,29.97,43.49,1135.35,1306.87,255.8,136.57,25.58,P016,EQ045
2025-09-08 21:00:00,1.19,98.76,345.77,2586.25,27.41,43.04,1068.86,1238.73,252.54,159.0,21.16,P036,EQ003
2025-09-08 21:10:00,1.35,100.18,330.67,2424.33,28.54,46.4,1189.1,1247.2,255.29,139.87,28.45,P024,EQ010
2025-09-08 21:20:00,1.27,99.33,343.44,2384.37,27.74,44.47,1119.6,1261.32,248.84,147.56,19.76,P011,EQ017
2025-09-08 21:30:00,1.05,100.1,322.36,2562.86,30.43,41.6,1094.15,1244.45,256.64,156.77,23.51,P031,EQ024
2025-09-08 21:40:00,1.23,100.3,341.2,2485.3,28.32,46.12,1069.07,1236.97,249.49,141.98,24.71,P026,EQ031
2025-09-08 21:50:00,1.37,100.09,326.93,2435.44,29.52,49.75,1156.05,1268.83,250.28,153.59,26.91,P031,EQ038
2025-09-08 22:00:00,1.42,100.32,327.72,2507.68,31.24,45.99,1144.86,1232.6,253.42,165.92,26.17,P030,EQ045
2025-09-08 22:10:00,1.19,101.01,324.19,2551.59,29.66,45.23,1064.74,1218.0,253.57,140.26,26.24,P007,EQ003
2025-09-08 22:20:00,1.22,100.51,343.33,2375.98,29.18,41.18,1098.12,1236.92,247.0,171.4,22.9,P021,EQ010
2025-09-08 22:30:00,1.34,98.91,336.08,2300.14,27.51,42.29,1085.38,1240.95,253.46,144.28,27.29,P009,EQ017
2025-09-08 22:40:00,1.14,101.03,329.75,2486.89,31.3,40.73,1130.04,1282.76,246.19,164.92,23.8,P021,EQ024
2025-09-08 22:50:00,1.04,99.66,333.5,2547.54,29.23,45.15,1092.58,1252.38,248.54,145.7,28.32,P028,EQ031
2025-09-08 23:00:00,1.2,101.85,349.1,2500.13,32.63,47.84,1118.12,1210.54,250.45,141.1,24.72,P035,EQ038
2025-09-08 23:10:00,1.11,103.15,334.65,2571.8,28.54,47.28,1082.79,1248.19,256.22,149.17,20.8,P032,EQ045
2025-09-08 23:20:00,1.27,100.07,334.19,2528.12,30.37,49.02,1132.68,1275.13,252.29,158.68,26.97,P038,EQ003
2025-09-08 23:30:00,1.23,100.84,322.18,2449.26,34.01,45.02,1117.65,1210.68,254.76,156.77,19.63,P039,EQ010
2025-09-08 23:40:00,1.22,100.23,330.42,2510.67,32.87,42.63,1104.06,1271.0,236.8,159.87,20.58,P016,EQ017
2025-09-08 23:50:00,1.28,101.81,328.69,2477.01,27.72,45.35,1078.17,1232.79,251.16,134.39,23.03,P022,EQ024
2025-09-09 00:00:00,1.0,101.92,336.81,2565.48,26.72,41.07,1072.76,1251.18,251.21,156.5,24.69,P001,EQ031
2025-09-09 00:10:00,1.08,103.57,336.34,2622.78,29.57,46.35,1128.45,1244.65,252.67,163.46,25.78,P026,EQ038
2025-09-09 00:20:00,1.34,100.99,341.95,2428.0,31.49,44.51,1111.58,1239.19,253.13,162.72,28.71,P015,EQ045
2025-09-09 00:30:00,1.15,99.51,344.02,2398.81,34.59,42.22,1106.08,1256.48,243.76,154.85,20.56,P013,EQ003
2025-09-09 00:40:00,1.15,99.56,334.89,2660.6,29.43,45.29,1099.15,1249.81,245.72,174.16,19.71,P020,EQ010
2025-09-09 00:50:00,1.3,100.25,325.75,2599.36,29.26,44.94,1089.59,1251.98,257.2,139.46,24.62,P022,EQ017
2025-09-09 01:00:00,1.1,95.71,339.59,2594.74,30.95,41.76,1088.89,1245.7,244.47,147.05,22.8,P012,EQ024
2025-09-09 01:10:00,1.16,98.21,354.01,2585.91,32.19,48.3,1183.18,1211.76,253.5,162.11,23.4,P019,EQ031
2025-09-09 01:20:00,1.15,97.51,349.83,2609.52,33.88,47.49,1083.46,1258.74,245.25,138.0,22.4,P031,EQ038
2025-09-09 01:30:00,1.32,98.87,346.07,2437.44,31.52,55.56,1067.76,1238.73,239.7,151.97,18.97,P027,EQ045
2025-09-09 01:40:00,1.33,100.79,337.74,2490.74,29.55,43.98,1099.99,1274.62,260.5,144.8,22.72,P026,EQ003
2025-09-09 01:50:00,1.15,102.85,330.67,2549.15,30.42,43.33,1092.58,1232.57,245.13,149.83,25.45,P007,EQ010
2025-09-09 02:00:00,1.11,98.52,347.95,2624.9,28.64,46.89,1124.68,1224.44,240.49,161.45,22.79,P006,EQ017
2025-09-09 02:10:00,1.18,99.87,331.37,2300.79,28.97,44.18,1061.89,1216.08,251.79,157.88,22.56,P007,EQ024
2025-09-09 02:20:00,1.31,103.84,308.78,2484.1,30.83,46.21,1093.12,1246.24,247.54,150.64,25.73,P026,EQ031
2025-09-09 02:30:00,1.1,98.67,332.31,2495.06,28.03,45.11,1140.37,1222.15,245.98,162.79,26.46,P001,EQ038
2025-09-09 02:40:00,1.14,96.89,336.15,2612.99,31.93,45.97,1127.57,1251.08,243.29,150.16,20.65,P009,EQ045
2025-09-09 02:50:00,1.17,97.99,320.17,2568.27,28.12,46.66,1096.06,1264.32,243.59,136.6,24.9,P025,EQ003
2025-09-09 03:00:00,1.21,101.04,335.96,2649.52,31.0,41.82,1078.19,1260.19,257.88,158.8,27.41,P001,EQ010
2025-09-09 03:10:00,1.13,99.21,332.31,2458.72,29.08,47.05,1067.2,1247.3,247.82,146.28,24.13,P026,EQ017
2025-09-09 03:20:00,1.11,103.44,343.35,2521.27,32.79,38.28,1108.48,1228.94,241.55,143.54,22.58,P004,EQ024
2025-09-09 03:30:00,1.09,98.87,345.26,2485.76,30.71,48.52,1109.06,1254.24,250.06,145.62,22.68,P017,EQ031
2025-09-09 03:40:00,1.34,102.68,361.84,2575.57,30.92,50.04,1134.85,1254.73,242.44,144.34,26.19,P008,EQ038
2025-09-09 03:50:00,1.19,97.87,337.99,2395.17,31.13,42.8,1081.75,1237.26,250.65,148.41,25.35,P029,EQ045
2025-09-09 04:00:00,1.06,96.2,347.12,2483.63,29.78,44.75,1112.51,1270.42,256.16,151.91,25.57,P031,EQ003
2025-09-09 04:10:00,1.2,97.87,334.06,2480.93,30.17,44.37,1116.27,1278.35,252.15,138.09,27.45,P035,EQ010
2025-09-09 04:20:00,1.35,99.87,334.62,2435.04,28.6,41.4,1072.64,1261.86,247.17,138.65,29.1,P008,EQ017
2025-09-09 04:30:00,1.11,95.93,329.5,2361.99,30.4,39.45,1049.39,1272.75,253.6,153.06,28.23,P028,EQ024
2025-09-09 04:40:00,1.41,104.6,347.08,2576.03,30.86,41.08,1097.98,1257.98,253.32,158.34,25.33,P025,EQ031
2025-09-09 04:50:00,1.2,104.92,342.04,2579.57,30.53,41.64,1130.68,1226.37,252.19,156.46,27.87,P006,EQ038
2025-09-09 05:00:00,1.17,98.62,349.11,2455.73,31.43,44.48,1104.74,1264.57,258.09,151.5,22.04,P022,EQ045
2025-09-09 05:10:00,1.22,98.91,343.43,2284.28,29.24,42.73,1106.1,1259.27,246.01,144.16,28.68,P038,EQ003
2025-09-09 05:20:00,1.3,103.05,340.88,2370.81,28.27,44.61,1069.3,1265.93,258.77,151.71,23.22,P033,EQ010
2025-09-09 05:30:00,1.21,101.34,338.65,2556.21,29.83,50.4,1121.81,1243.29,251.13,150.22,27.58,P030,EQ017
2025-09-09 05:40:00,1.39,99.79,336.44,2389.53,29.57,41.63,1084.92,1269.86,256.96,148.97,24.95,P030,EQ024
2025-09-09 05:50:00,1.28,100.69,338.8,2471.25,31.21,41.92,1084.74,1239.21,244.59,147.92,21.72,P008,EQ031
2025-09-09 06:00:00,1.1,100.2,338.8,2602.89,26.31,45.98,1120.5,1236.93,248.89,151.5,27.72,P030,EQ038
2025-09-09 06:10:00,1.2,97.58,354.54,2467.93,28.76,45.09,1079.5,1234.8,250.37,150.36,22.98,P039,EQ045
2025-09-09 06:20:00,1.07,96.29,333.75,2457.95,33.26,46.89,1135.56,1235.85,253.54,134.77,26.43,P017,EQ003
2025-09-09 06:30:00,1.38,102.73,336.0,2706.95,27.22,46.0,1075.22,1248.31,254.4,134.03,24.19,P019,EQ010
2025-09-09 06:40:00,1.13,98.2,345.31,2491.26,30.6,47.13,1075.85,1289.22,251.6,160.84,28.18,P002,EQ017
2025-09-09 06:50:00,1.17,101.71,324.3,2323.58,30.71,43.46,1085.41,1276.8,252.74,148.77,25.76,P012,EQ024
2025-09-09 07:00:00,1.2,98.64,327.46,2470.8,29.12,44.62,1060.85,1234.01,246.82,145.09,21.93,P027,EQ031
2025-09-09 07:10:00,1.28,101.19,354.96,2442.49,31.48,47.21,1099.48,1240.49,251.32,151.16,19.75,P021,EQ038
2025-09-09 07:20:00,1.3,100.39,340.41,2345.98,28.35,46.21,1149.75,1254.63,246.8,166.68,22.34,P003,EQ045
2025-09-09 07:30:00,1.32,102.1,334.52,2525.73,32.15,49.96,1109.36,1243.81,245.91,154.05,24.93,P023,EQ003
2025-09-09 07:40:00,1.08,99.65,334.04,2373.11,28.04,49.51,1144.51,1267.36,256.01,143.18,27.83,P035,EQ010
2025-09-09 07:50:00,1.06,102.48,338.72,2557.05,34.05,45.8,1096.69,1230.42,258.3,175.47,27.33,P016,EQ017
2025-09-09 08:00:00,1.09,100.47,352.14,2408.7,26.91,43.01,1073.53,1249.8,253.03,156.36,21.6,P035,EQ024
2025-09-09 08:10:00,1.19,99.94,324.05,2587.37,28.7,48.39,1079.72,1229.99,251.06,146.32,20.31,P010,EQ031
2025-09-09 08:20:00,1.22,98.53,355.9,2544.39,28.93,46.4,1119.96,1258.87,250.07,144.46,26.03,P028,EQ038
2025-09-09 08:30:00,1.08,98.84,349.94,2676.76,26.7,40.52,1121.83,1235.36,255.37,173.76,28.65,P023,EQ045
2025-09-09 08:40:00,1.01,98.61,323.96,2403.04,33.92,42.59,1137.75,1215.79,251.87,149.49,28.58,P040,EQ003
2025-09-09 08:50:00,1.12,100.05,342.98,2430.87,29.95,46.77,1089.02,1252.41,256.66,160.73,22.65,P034,EQ010
2025-09-09 09:00:00,1.35,102.08,356.31,2394.13,30.26,45.33,1107.93,1229.9,253.16,153.44,25.12,P003,EQ017
2025-09-09 09:10:00,1.27,101.23,340.93,2396.63,27.82,45.87,1163.16,1270.76,251.15,164.52,20.81,P024,EQ024
2025-09-09 09:20:00,1.27,99.18,338.74,2494.97,26.25,42.26,1138.87,1203.97,250.52,160.03,19.3,P039,EQ031
2025-09-09 09:30:00,1.26,101.5,336.15,2542.89,32.47,43.67,1116.14,1235.57,248.07,156.25,28.65,P007,EQ038
2025-09-09 09:40:00,1.13,98.12,329.58,2492.18,32.18,47.12,1104.19,1230.48,247.82,152.31,22.81,P006,EQ045
2025-09-09 09:50:00,1.24,99.45,334.28,2577.55,29.72,44.05,1092.37,1247.8,254.09,161.49,23.27,P020,EQ003
2025-09-09 10:00:00,1.05,97.61,343.26,2455.73,29.68,50.07,1106.26,1234.77,242.75,165.15,22.8,P002,EQ010
2025-09-09 10:10:00,1.31,101.7,339.34,2567.95,29.78,48.29,1102.79,1264.8,246.93,179.25,21.42,P017,EQ017
2025-09-09 10:20:00,1.24,99.29,347.99,2689.49,31.96,43.76,1075.03,1248.78,249.85,149.32,26.66,P006,EQ024
2025-09-09 10:30:00,1.17,99.22,346.09,2469.06,31.24,51.43,1072.47,1267.52,247.23,142.18,27.91,P028,EQ031
2025-09-09 10:40:00,1.09,103.81,327.51,2517.01,30.96,43.77,1179.32,1217.78,245.53,149.09,27.84,P013,EQ038
2025-09-09 10:50:00,1.21,98.63,352.86,2518.41,30.32,46.88,1162.63,1241.19,254.13,131.31,25.46,P020,EQ045
2025-09-09 11:00:00,1.13,102.29,333.74,2568.74,30.44,45.35,1130.41,1259.32,245.51,117.82,25.39,P035,EQ003
2025-09-09 11:10:00,1.21,97.26,343.1,2617.77,31.1,49.38,1039.6,1262.29,245.2,163.17,27.74,P016,EQ010
2025-09-09 11:20:00,1.16,101.26,346.96,2559.63,29.31,48.06,1145.32,1265.37,243.78,147.88,26.1,P004,EQ017
2025-09-09 11:30:00,1.31,101.44,339.61,2484.75,29.32,43.27,1035.2,1250.38,258.15,140.77,24.06,P031,EQ024
2025-09-09 11:40:00,1.36,96.74,333.84,2483.3,28.97,40.97,1066.73,1256.23,243.27,137.34,21.26,P028,EQ031
2025-09-09 11:50:00,1.27,99.78,330.06,2537.33,31.81,47.26,1095.03,1240.65,248.52,139.61,22.02,P012,EQ038
2025-09-09 12:00:00,1.09,102.15,369.11,2457.22,30.24,43.62,1112.49,1227.29,256.44,162.08,22.5,P003,EQ045
2025-09-09 12:10:00,1.3,100.61,346.6,2399.73,30.19,47.7,1074.67,1251.08,245.92,144.76,25.16,P012,EQ003
2025-09-09 12:20:00,1.3,98.33,346.39,2597.83,28.63,43.53,1032.05,1273.06,247.52,164.51,26.5,P018,EQ010
2025-09-09 12:30:00,1.14,102.22,336.19,2551.97,28.45,47.1,1111.15,1246.93,245.01,150.54,19.23,P014,EQ017
2025-09-09 12:40:00,1.04,97.3,349.37,2565.19,30.55,47.47,1070.6,1279.76,250.72,162.92,20.34,P027,EQ024
2025-09-09 12:50:00,1.31,99.95,354.83,2479.43,29.94,45.95,1107.69,1264.04,251.07,148.1,26.48,P018,EQ031
2025-09-09 13:00:00,1.08,102.05,350.9,2455.83,33.7,47.53,1091.58,1261.64,251.66,147.55,22.6,P039,EQ038
2025-09-09 13:10:00,1.36,100.21,347.0,2412.13,30.38,45.52,1102.26,1235.4,253.86,140.79,27.48,P021,EQ045
2025-09-09 13:20:00,1.19,100.4,329.99,2515.54,32.51,45.13,1134.67,1270.45,253.16,158.07,21.18,P015,EQ003
2025-09-09 13:30:00,1.39,100.3,325.32,2448.54,28.35,48.97,1058.31,1232.47,245.95,158.94,19.21,P021,EQ010
2025-09-09 13:40:00,1.1,100.84,324.16,2633.73,32.58,44.48,1089.54,1262.04,250.0,137.18,22.0,P040,EQ017
2025-09-09 13:50:00,1.24,97.63,351.66,2636.53,29.28,43.8,1069.72,1255.44,247.17,132.48,22.29,P039,EQ024
2025-09-09 14:00:00,1.31,97.93,323.73,2461.19,31.49,49.17,1093.34,1212.46,243.83,160.91,26.24,P038,EQ031
2025-09-09 14:10:00,1.36,100.42,332.12,2621.08,28.84,38.99,1080.56,1267.95,246.97,137.67,23.8,P039,EQ038
2025-09-09 14:20:00,0.94,101.29,337.62,2601.58,27.16,36.8,1121.09,1228.38,250.03,142.44,22.46,P025,EQ045
2025-09-09 14:30:00,1.31,98.17,336.16,2554.95,30.02,41.2,1019.5,1269.63,246.56,143.2,24.33,P036,EQ003
2025-09-09 14:40:00,1.21,102.09,336.91,2394.66,29.8,41.75,1099.47,1251.77,250.44,157.04,19.81,P022,EQ010
2025-09-09 14:50:00,1.12,102.62,328.93,2505.4,34.32,44.59,1113.38,1248.57,256.0,136.13,23.28,P029,EQ017
2025-09-09 15:00:00,1.29,103.76,353.01,2553.84,31.88,40.74,1075.65,1271.08,245.76,135.64,21.11,P032,EQ024
2025-09-09 15:10:00,1.16,98.9,336.22,2541.77,30.69,50.68,1090.14,1222.57,240.43,132.17,20.4,P011,EQ031
2025-09-09 15:20:00,1.2,99.11,351.09,2643.9,29.94,52.48,1131.49,1267.23,244.85,161.2,26.04,P017,EQ038
2025-09-09 15:30:00,1.24,96.9,328.17,2667.01,30.73,46.39,1091.17,1245.45,249.82,145.1,23.48,P037,EQ045
2025-09-09 15:40:00,1.31,97.3,333.0,2336.5,33.19,42.41,1106.87,1239.68,240.72,150.71,27.81,P032,EQ003
2025-09-09 15:50:00,1.2,97.87,352.39,2499.2,31.44,47.16,1077.23,1247.37,252.67,142.25,25.35,P023,EQ010
2025-09-09 16:00:00,1.3,99.34,328.4,2434.51,30.01,35.66,1103.39,1275.28,252.72,142.38,21.08,P034,EQ017
2025-09-09 16:10:00,1.11,99.42,356.02,2505.89,31.61,43.64,1074.65,1245.72,249.05,149.47,23.08,P019,EQ024
2025-09-09 16:20:00,1.31,102.12,333.44,2758.88,33.95,44.71,1130.11,1236.56,258.31,118.98,27.59,P029,EQ031
2025-09-09 16:30:00,1.08,101.22,342.05,2703.63,28.01,44.7,1113.9,1260.37,261.85,148.35,27.72,P002,EQ038
2025-09-09 16:40:00,1.37,101.72,368.77,2509.17,31.89,47.73,1115.03,1298.74,255.21,141.25,22.44,P038,EQ045
2025-09-09 16:50:00,1.24,102.09,348.75,2534.53,25.41,46.34,1116.74,1223.15,243.48,147.5,20.26,P023,EQ003
2025-09-09 17:00:00,1.2,100.75,317.18,2508.37,35.34,41.76,1063.53,1263.15,260.61,142.99,26.51,P027,EQ010
2025-09-09 17:10:00,1.08,95.42,344.32,2541.25,31.49,46.39,1132.72,1285.15,254.54,143.14,30.77,P002,EQ017
2025-09-09 17:20:00,1.35,102.15,316.22,2405.82,28.46,45.59,1104.21,1227.23,253.83,161.89,26.91,P019,EQ024
2025-09-09 17:30:00,1.02,95.7,351.7,2317.65,32.7,39.58,1089.62,1262.34,258.56,151.06,26.2,P032,EQ031
2025-09-09 17:40:00,1.13,95.27,356.25,2587.34,27.73,42.45,1102.48,1256.09,248.18,144.45,29.26,P025,EQ038
2025-09-09 17:50:00,1.21,101.87,337.92,2601.03,31.22,51.82,1147.02,1228.62,250.84,152.62,28.27,P009,EQ045
2025-09-09 18:00:00,1.11,102.77,331.26,2458.6,29.8,47.69,1132.89,1251.71,240.94,140.82,22.52,P008,EQ003
2025-09-09 18:10:00,1.07,99.31,352.65,2539.32,28.55,43.18,1056.9,1231.78,251.82,151.6,20.42,P014,EQ010
2025-09-09 18:20:00,1.26,102.07,345.82,2381.42,31.63,40.26,1117.71,1253.03,249.6,152.98,21.72,P008,EQ017
2025-09-09 18:30:00,1.21,101.8,316.1,2506.87,31.57,46.42,1141.41,1266.05,256.12,141.97,26.17,P012,EQ024
2025-09-09 18:40:00,1.23,100.55,328.62,2467.58,31.28,44.43,1084.56,1249.53,248.7,122.76,27.96,P026,EQ031
2025-09-09 18:50:00,1.3,98.78,344.02,2493.96,25.58,44.99,1077.83,1246.22,251.47,153.78,25.09,P023,EQ038
2025-09-09 19:00:00,1.15,100.93,339.87,2480.59,25.31,42.82,1074.65,1274.98,247.81,145.41,27.3,P027,EQ045
2025-09-09 19:10:00,1.27,102.91,354.75,2342.12,33.45,42.2,1146.63,1268.73,247.33,145.75,28.58,P018,EQ003
2025-09-09 19:20:00,1.16,101.42,338.82,2437.27,28.1,46.06,1078.63,1245.55,242.07,147.38,21.96,P024,EQ010
2025-09-09 19:30:00,1.02,98.44,348.14,2453.91,27.96,43.21,1138.79,1271.9,248.22,151.02,26.07,P021,EQ017
2025-09-09 19:40:00,1.18,102.15,355.36,2311.65,32.04,43.55,1106.93,1261.59,249.44,145.45,24.73,P035,EQ024
2025-09-09 19:50:00,1.18,96.12,332.48,2507.12,27.74,41.95,1052.97,1248.65,248.81,143.29,23.34,P026,EQ031
2025-09-09 20:00:00,1.28,99.82,332.52,2569.53,31.72,47.26,1138.48,1246.94,252.41,140.67,24.66,P030,EQ038
2025-09-09 20:10:00,1.25,101.3,328.74,2566.17,28.93,41.3,1076.94,1277.48,249.91,152.3,22.92,P029,EQ045
2025-09-09 20:20:00,1.18,94.21,323.67,2503.24,32.06,42.81,1045.14,1237.99,258.61,136.92,21.68,P012,EQ003
2025-09-09 20:30:00,1.06,101.58,346.83,2502.85,31.84,46.54,1048.6,1251.05,252.32,149.17,23.79,P001,EQ010
2025-09-09 20:40:00,1.13,100.75,335.01,2561.86,28.84,45.85,1142.5,1242.63,260.83,159.74,25.78,P022,EQ017
2025-09-09 20:50:00,1.08,98.29,341.47,2423.2,29.82,42.57,1134.28,1258.43,253.48,155.11,27.67,P012,EQ024
2025-09-09 21:00:00,1.13,99.88,365.15,2420.91,28.96,45.78,1084.88,1248.97,254.58,161.06,26.79,P007,EQ031
2025-09-09 21:10:00,1.12,98.27,346.54,2525.45,29.33,42.77,1081.88,1257.2,254.25,148.95,23.92,P027,EQ038
2025-09-09 21:20:00,1.15,101.28,343.47,2612.28,30.22,44.85,1096.4,1284.76,250.89,151.08,30.1,P027,EQ045
2025-09-09 21:30:00,1.02,104.03,323.8,2387.17,29.9,38.1,1105.73,1226.08,257.95,144.11,21.74,P002,EQ003
2025-09-09 21:40:00,1.3,101.8,332.32,2456.98,27.15,47.63,1109.23,1246.97,249.06,159.34,25.54,P009,EQ010
2025-09-09 21:50:00,1.07,103.71,326.31,2444.41,30.29,41.78,1119.43,1231.81,244.68,143.47,24.7,P033,EQ017
2025-09-09 22:00:00,1.36,99.0,337.04,2600.73,31.01,46.11,1130.56,1249.6,262.62,149.46,30.9,P039,EQ024
2025-09-09 22:10:00,1.11,100.85,358.25,2570.15,28.95,43.84,1092.75,1236.17,251.58,150.31,25.1,P027,EQ031
2025-09-09 22:20:00,1.16,99.89,347.02,2503.5,31.03,41.65,1138.86,1242.29,255.46,157.16,29.35,P021,EQ038
2025-09-09 22:30:00,1.07,97.3,346.58,2433.67,29.69,45.19,1111.56,1231.94,251.61,134.26,25.4,P011,EQ045
2025-09-09 22:40:00,1.34,100.3,358.2,2496.91,32.3,46.88,1087.37,1263.23,258.91,144.12,26.39,P031,EQ003
2025-09-09 22:50:00,1.01,97.67,340.77,2586.25,30.93,43.72,1079.38,1217.31,252.09,158.87,25.87,P024,EQ010
2025-09-09 23:00:00,1.19,102.91,356.98,2641.62,27.55,43.73,1098.32,1234.39,244.65,157.52,19.18,P039,EQ017
2025-09-09 23:10:00,1.21,99.58,337.28,2621.48,29.13,43.3,1093.07,1254.1,250.14,143.52,28.4,P025,EQ024
2025-09-09 23:20:00,1.26,100.28,357.7,2689.55,30.12,45.65,1101.72,1253.84,258.44,150.91,25.97,P013,EQ031
2025-09-09 23:30:00,1.21,97.5,343.55,2502.19,29.84,45.93,1060.98,1243.05,247.11,158.8,27.49,P011,EQ038
2025-09-09 23:40:00,1.14,102.11,345.78,2446.86,29.44,47.59,1120.05,1248.55,246.52,143.39,23.75,P016,EQ045
2025-09-09 23:50:00,1.05,97.47,328.52,2473.36,28.5,44.92,1095.1,1235.04,248.96,137.31,21.0,P013,EQ003
2025-09-10 00:00:00,1.06,102.89,342.28,2503.61,33.15,49.84,1093.89,1275.69,251.95,149.73,23.44,P019,EQ010
2025-09-10 00:10:00,1.19,99.86,348.41,2482.67,33.0,47.23,1087.17,1277.9,255.36,153.81,21.16,P002,EQ017
2025-09-10 00:20:00,1.26,100.23,346.34,2587.3,31.83,47.91,1098.85,1235.22,250.72,150.17,21.46,P030,EQ024
2025-09-10 00:30:00,1.18,94.99,333.87,2406.27,31.38,49.17,1058.92,1229.59,247.33,160.95,23.48,P039,EQ031
2025-09-10 00:40:00,1.13,100.45,342.09,2329.28,30.46,49.21,1097.73,1242.85,245.73,152.0,23.43,P016,EQ038
2025-09-10 00:50:00,1.34,98.44,355.1,2497.39,30.21,49.11,1075.35,1249.48,257.06,160.22,28.21,P030,EQ045
2025-09-10 01:00:00,1.16,101.89,344.63,2415.02,30.71,44.48,1136.1,1263.13,252.57,152.3,25.05,P008,EQ003
2025-09-10 01:10:00,1.21,98.47,346.9,2417.18,31.42,44.38,1121.16,1242.28,244.45,147.49,26.73,P022,EQ010
2025-09-10 01:20:00,1.25,94.64,335.31,2485.35,30.24,50.95,1112.85,1236.25,252.18,149.72,28.12,P011,EQ017
2025-09-10 01:30:00,1.22,101.72,335.28,2593.38,35.46,43.79,1126.37,1223.29,247.35,148.18,21.33,P005,EQ024
2025-09-10 01:40:00,1.17,100.85,336.78,2501.55,31.23,42.86,1131.45,1244.5,254.15,148.05,19.93,P003,EQ031
2025-09-10 01:50:00,1.15,102.23,343.97,2482.37,33.71,50.54,1080.13,1250.64,243.45,133.67,25.64,P027,EQ038
2025-09-10 02:00:00,1.02,99.81,335.17,2612.24,27.96,43.56,1050.89,1229.44,243.71,155.04,26.97,P031,EQ045
2025-09-10 02:10:00,1.37,99.34,349.58,2505.21,32.21,40.91,1126.11,1229.25,247.34,152.29,27.32,P005,EQ003
2025-09-10 02:20:00,1.26,96.88,347.76,2638.33,30.88,48.85,1108.47,1256.75,253.94,155.7,27.89,P017,EQ010
2025-09-10 02:30:00,1.09,105.49,373.42,2289.36,31.43,47.14,1034.18,1231.06,247.06,139.9,27.54,P035,EQ017
2025-09-10 02:40:00,1.19,99.72,349.55,2487.39,31.65,45.56,1112.35,1251.84,248.25,161.68,20.7,P039,EQ024
2025-09-10 02:50:00,1.29,101.24,338.54,2391.39,30.64,38.86,1116.63,1261.51,250.71,151.38,26.29,P035,EQ031
2025-09-10 03:00:00,1.25,100.59,334.51,2370.01,29.85,46.71,1152.74,1232.74,251.06,173.65,26.38,P029,EQ038
2025-09-10 03:10:00,1.31,99.06,332.91,2509.98,31.54,46.85,1132.54,1253.34,248.58,142.15,24.27,P004,EQ045
2025-09-10 03:20:00,1.14,100.71,343.97,2541.66,28.99,47.24,1105.52,1240.45,247.27,147.24,22.08,P026,EQ003
2025-09-10 03:30:00,1.22,102.1,345.08,2595.47,31.28,47.27,1057.23,1281.66,255.06,130.33,29.03,P003,EQ010
2025-09-10 03:40:00,1.14,98.82,342.99,2438.21,28.23,46.71,1095.18,1238.67,257.66,160.3,23.68,P033,EQ017
2025-09-10 03:50:00,1.28,98.31,331.36,2371.93,31.6,43.87,1062.98,1211.28,254.86,158.19,25.49,P029,EQ024
2025-09-10 04:00:00,1.29,97.08,355.51,2531.0,27.82,48.42,1108.4,1227.21,257.11,138.5,24.06,P008,EQ031
2025-09-10 04:10:00,1.14,104.44,341.04,2575.76,29.05,46.36,1082.24,1285.41,246.46,126.27,20.93,P017,EQ038
2025-09-10 04:20:00,1.07,95.79,334.41,2461.08,31.95,46.31,1094.27,1252.44,251.24,168.89,27.25,P038,EQ045
2025-09-10 04:30:00,1.15,98.52,321.22,2503.78,32.97,45.25,1067.66,1244.22,248.78,143.07,26.76,P008,EQ003
2025-09-10 04:40:00,0.96,102.84,337.72,2340.23,28.84,41.82,1102.73,1237.32,240.67,141.48,25.45,P024,EQ010
2025-09-10 04:50:00,1.29,101.78,339.31,2483.92,27.15,44.0,1097.27,1240.35,244.39,126.51,22.97,P022,EQ017
2025-09-10 05:00:00,1.21,99.45,351.38,2464.15,30.05,45.7,1066.53,1265.0,241.81,148.05,20.57,P016,EQ024
2025-09-10 05:10:00,1.12,100.21,339.69,2480.8,29.8,42.22,1118.3,1228.62,247.57,136.12,26.7,P014,EQ031
2025-09-10 05:20:00,1.22,97.47,342.69,2564.76,30.15,48.35,1097.53,1278.37,254.62,170.37,23.14,P022,EQ038
2025-09-10 05:30:00,1.2,98.22,324.26,2511.36,31.7,42.41,1111.83,1258.5,251.32,161.59,26.24,P005,EQ045
2025-09-10 05:40:00,1.31,102.12,328.24,2390.72,26.24,48.73,1141.31,1264.79,250.73,151.71,24.48,P032,EQ003
2025-09-10 05:50:00,1.05,103.53,327.6,2687.85,26.48,46.21,1170.56,1258.77,251.1,170.71,27.32,P017,EQ010
2025-09-10 06:00:00,1.19,99.38,333.72,2544.47,26.83,47.14,1040.18,1255.91,250.54,140.72,23.14,P029,EQ017
2025-09-10 06:10:00,1.19,100.19,341.97,2491.39,30.08,48.34,1109.28,1239.23,245.83,155.08,22.29,P029,EQ024
2025-09-10 06:20:00,0.99,97.74,353.12,2483.98,29.56,46.77,1080.62,1233.78,246.12,147.26,25.74,P037,EQ031
2025-09-10 06:30:00,1.1,98.62,339.61,2514.48,28.83,48.98,1133.28,1247.89,242.86,154.04,21.65,P003,EQ038
2025-09-10 06:40:00,1.13,102.43,346.65,2630.61,30.24,43.76,1086.91,1244.97,238.21,132.07,25.71,P010,EQ045
2025-09-10 06:50:00,1.08,101.62,328.59,2471.06,28.48,42.69,1095.73,1223.62,250.87,152.36,24.31,P002,EQ003
2025-09-10 07:00:00,1.29,98.26,339.77,2545.25,26.06,42.62,1092.91,1287.25,260.38,131.52,23.38,P024,EQ010
2025-09-10 07:10:00,1.12,101.42,346.84,2610.14,30.02,42.15,1083.92,1249.34,239.31,145.81,24.07,P019,EQ017
2025-09-10 07:20:00,1.26,97.31,324.01,2517.53,27.97,49.05,1051.55,1259.18,248.64,168.83,22.68,P011,EQ024
2025-09-10 07:30:00,1.29,99.54,334.63,2499.58,29.5,51.91,1120.85,1261.48,248.41,150.58,25.26,P020,EQ031
2025-09-10 07:40:00,1.16,99.79,324.23,2450.59,30.51,46.67,1100.58,1257.62,245.48,151.62,23.99,P029,EQ038
2025-09-10 07:50:00,1.05,96.35,341.89,2625.76,25.4,45.19,1088.62,1221.6,241.99,157.0,24.81,P010,EQ045
2025-09-10 08:00:00,1.04,96.17,338.68,2541.83,30.66,36.18,1090.39,1250.81,246.87,153.07,26.6,P009,EQ003
2025-09-10 08:10:00,1.25,98.2,351.77,2506.47,27.56,37.9,1116.85,1233.51,241.99,161.84,20.12,P019,EQ010
2025-09-10 08:20:00,1.21,101.72,333.09,2433.48,30.87,43.96,1091.76,1279.84,256.66,139.09,29.49,P017,EQ017
2025-09-10 08:30:00,1.14,100.46,345.11,2759.48,28.09,47.65,1059.88,1263.08,246.14,155.0,25.74,P002,EQ024
2025-09-10 08:40:00,1.15,99.29,342.27,2399.24,30.68,42.63,1106.0,1261.1,251.2,152.2,28.36,P038,EQ031
2025-09-10 08:50:00,1.32,102.06,350.51,2498.35,29.53,44.83,1049.32,1264.91,252.78,139.21,23.12,P038,EQ038
2025-09-10 09:00:00,1.36,100.22,340.69,2638.38,30.23,46.68,1083.19,1282.94,246.74,127.65,20.0,P024,EQ045
2025-09-10 09:10:00,1.3,98.22,324.15,2489.43,29.95,50.29,1135.5,1256.27,253.73,146.74,27.24,P034,EQ003
2025-09-10 09:20:00,1.25,102.27,345.82,2474.77,32.03,39.99,1100.75,1234.84,253.33,164.83,23.63,P040,EQ010
2025-09-10 09:30:00,1.22,101.71,327.93,2607.96,32.26,48.32,1151.2,1263.16,250.38,152.67,28.8,P023,EQ017
2025-09-10 09:40:00,1.35,99.77,338.87,2496.73,34.45,42.98,1067.3,1233.42,244.15,156.24,25.0,P038,EQ024
2025-09-10 09:50:00,1.22,103.32,339.84,2304.5,32.92,46.33,1118.72,1270.23,243.17,171.39,27.67,P021,EQ031
2025-09-10 10:00:00,1.18,99.61,333.58,2417.78,29.43,39.62,1174.02,1228.98,242.95,160.57,23.66,P025,EQ038
2025-09-10 10:10:00,1.29,97.85,340.43,2554.32,27.88,44.4,1130.51,1237.61,239.57,165.94,26.68,P032,EQ045
2025-09-10 10:20:00,1.01,98.49,336.26,2478.33,32.71,40.29,1082.07,1255.09,250.77,142.42,26.17,P034,EQ003
2025-09-10 10:30:00,1.25,100.15,325.43,2524.94,27.38,43.84,1126.11,1261.19,254.68,159.35,25.03,P031,EQ010
2025-09-10 10:40:00,1.09,98.91,319.85,2401.99,30.34,47.45,1138.2,1219.59,250.63,158.81,27.81,P001,EQ017
2025-09-10 10:50:00,1.25,100.21,326.19,2473.49,31.44,51.74,1126.81,1277.69,245.16,134.61,26.25,P005,EQ024
2025-09-10 11:00:00,1.26,99.72,358.95,2602.51,28.59,45.45,1085.89,1286.25,258.61,171.29,24.47,P020,EQ031
2025-09-10 11:10:00,0.99,96.33,339.65,2518.03,29.67,43.69,1083.3,1237.47,251.17,159.81,21.53,P010,EQ038
2025-09-10 11:20:00,1.11,99.99,356.96,2575.46,31.47,45.27,1091.87,1252.41,255.13,159.69,22.86,P008,EQ045
2025-09-10 11:30:00,1.14,101.65,352.32,2482.97,31.82,42.87,1069.44,1256.01,248.22,171.42,25.94,P023,EQ003
2025-09-10 11:40:00,1.17,99.63,351.93,2353.05,27.57,48.72,1089.62,1276.2,249.35,130.03,24.97,P037,EQ010
2025-09-10 11:50:00,1.12,98.32,357.11,2338.68,28.92,41.67,1109.18,1259.61,250.96,150.95,28.91,P001,EQ017
2025-09-10 12:00:00,1.25,99.86,347.05,2480.0,31.89,47.76,1084.73,1258.57,248.69,142.58,27.91,P034,EQ024
2025-09-10 12:10:00,1.27,99.35,341.79,2414.79,32.56,45.44,1096.61,1258.97,251.01,137.79,28.76,P013,EQ031
2025-09-10 12:20:00,1.13,99.53,329.44,2392.24,29.33,43.35,1121.41,1256.28,253.06,159.42,23.59,P003,EQ038
2025-09-10 12:30:00,1.16,100.15,340.24,2495.62,30.51,46.28,1108.54,1254.27,247.49,149.69,23.38,P007,EQ045
2025-09-10 12:40:00,1.07,98.46,338.35,2519.45,34.38,45.59,1097.25,1228.77,250.51,134.28,28.53,P033,EQ003
2025-09-10 12:50:00,1.12,103.33,339.28,2433.78,29.63,48.35,1147.06,1240.77,252.38,148.23,20.33,P036,EQ010
2025-09-10 13:00:00,1.31,99.78,330.64,2536.79,30.31,46.0,1130.97,1254.11,244.11,148.89,28.47,P035,EQ017
2025-09-10 13:10:00,1.23,101.96,343.81,2593.56,32.18,46.66,1088.59,1268.84,250.84,152.47,28.71,P004,EQ024
2025-09-10 13:20:00,1.12,97.93,334.06,2188.24,28.29,45.6,1095.21,1260.81,256.47,152.23,24.84,P034,EQ031
2025-09-10 13:30:00,1.14,98.05,341.84,2602.01,31.98,43.06,1076.93,1254.69,245.01,152.09,21.7,P017,EQ038
2025-09-10 13:40:00,1.14,99.18,353.85,2527.6,30.93,47.14,1170.67,1257.85,251.32,153.05,27.77,P012,EQ045
2025-09-10 13:50:00,1.37,97.7,346.97,2366.73,32.91,46.67,1038.91,1262.5,250.88,167.92,26.75,P016,EQ003
2025-09-10 14:00:00,1.3,98.46,336.0,2541.5,28.81,50.2,1059.12,1236.86,255.77,150.9,22.14,P030,EQ010
2025-09-10 14:10:00,1.31,100.84,348.56,2366.03,27.42,49.62,1138.29,1252.93,251.86,144.95,21.58,P039,EQ017
2025-09-10 14:20:00,1.3,100.69,341.74,2365.67,29.59,47.98,1039.15,1250.21,253.46,159.68,22.54,P018,EQ024
2025-09-10 14:30:00,1.26,103.8,340.82,2305.0,29.38,50.4,1150.46,1274.93,252.98,145.07,21.18,P013,EQ031
2025-09-10 14:40:00,1.17,101.21,342.17,2572.72,24.74,44.99,1095.76,1263.69,248.17,150.78,26.92,P005,EQ038
2025-09-10 14:50:00,1.28,97.66,342.77,2538.67,30.99,46.82,1074.51,1247.62,244.71,148.14,27.86,P009,EQ045
2025-09-10 15:00:00,1.22,101.05,341.28,2363.48,30.22,43.34,1097.53,1233.99,258.23,142.93,25.24,P004,EQ003
2025-09-10 15:10:00,1.08,97.92,329.72,2457.65,28.84,44.09,1113.9,1247.11,250.53,156.83,21.66,P016,EQ010
2025-09-10 15:20:00,1.14,101.27,339.33,2677.69,28.35,48.39,1064.42,1266.34,253.42,142.19,26.06,P038,EQ017
2025-09-10 15:30:00,1.19,102.51,342.24,2630.28,29.89,43.01,1124.93,1262.49,253.78,155.09,24.92,P007,EQ024
2025-09-10 15:40:00,0.98,98.56,328.19,2574.68,31.42,46.33,1129.15,1237.18,251.55,149.8,24.79,P004,EQ031
2025-09-10 15:50:00,1.11,99.82,341.86,2470.35,30.65,40.63,1114.07,1237.1,258.31,131.02,23.27,P005,EQ038
2025-09-10 16:00:00,1.09,99.51,346.07,2528.38,31.5,44.74,1071.74,1223.19,255.21,133.32,21.53,P008,EQ045
2025-09-10 16:10:00,1.04,102.28,337.82,2439.97,27.07,48.76,1096.28,1222.51,252.16,147.95,23.64,P031,EQ003
2025-09-10 16:20:00,1.34,97.4,316.08,2638.84,27.69,38.99,1104.23,1280.23,255.97,157.8,22.61,P035,EQ010
2025-09-10 16:30:00,1.31,101.83,326.91,2342.72,30.86,48.7,1070.2,1262.92,252.24,159.37,25.9,P039,EQ017
2025-09-10 16:40:00,1.08,100.08,327.2,2517.82,32.22,48.18,1029.63,1233.97,244.47,159.36,23.56,P037,EQ024
2025-09-10 16:50:00,1.24,98.01,341.19,2482.66,30.77,47.26,1071.46,1213.69,245.57,146.73,18.81,P028,EQ031
2025-09-10 17:00:00,1.2,100.03,335.63,2499.53,28.44,47.85,1060.46,1263.9,257.08,160.54,29.19,P008,EQ038
2025-09-10 17:10:00,1.4,97.76,350.34,2681.95,28.63,40.67,1079.25,1267.92,247.69,145.24,26.82,P029,EQ045
2025-09-10 17:20:00,1.23,97.37,353.61,2538.09,32.07,46.1,1094.88,1267.56,242.2,132.38,26.77,P013,EQ003
2025-09-10 17:30:00,1.21,98.76,340.65,2528.32,32.33,43.02,1091.46,1245.85,250.2,149.51,25.34,P040,EQ010
2025-09-10 17:40:00,1.23,97.79,346.49,2314.48,33.73,45.41,1083.58,1264.21,245.03,141.33,26.8,P001,EQ017
2025-09-10 17:50:00,1.21,98.23,324.4,2527.12,30.26,46.73,1049.43,1204.46,249.13,161.98,21.22,P027,EQ024
2025-09-10 18:00:00,1.29,102.11,327.34,2301.92,30.32,44.9,1101.28,1233.76,258.45,165.22,26.05,P032,EQ031
2025-09-10 18:10:00,1.19,95.88,360.78,2374.59,29.95,42.29,1126.68,1257.49,255.0,125.12,26.49,P022,EQ038
2025-09-10 18:20:00,1.1,100.81,348.69,2709.99,28.56,42.35,1050.39,1233.89,249.4,158.68,24.23,P033,EQ045
2025-09-10 18:30:00,1.22,101.55,342.1,2513.95,30.44,47.98,1120.75,1229.19,261.28,133.52,23.03,P020,EQ003
2025-09-10 18:40:00,0.95,95.23,334.36,2363.07,30.35,39.91,1098.45,1280.8,254.42,153.89,23.17,P035,EQ010
2025-09-10 18:50:00,1.15,99.0,339.13,2440.14,28.82,45.01,1100.17,1294.68,251.91,145.51,23.03,P018,EQ017
2025-09-10 19:00:00,1.22,97.83,349.54,2573.55,26.69,45.75,1065.09,1272.49,252.04,158.02,26.97,P033,EQ024
2025-09-10 19:10:00,1.11,102.99,347.08,2724.43,33.35,43.19,1076.99,1237.47,252.45,154.29,22.65,P029,EQ031
2025-09-10 19:20:00,1.31,96.54,330.58,2507.43,32.55,48.76,1090.73,1248.87,245.04,138.5,20.29,P012,EQ038
2025-09-10 19:30:00,1.16,100.23,356.81,2599.13,28.43,45.46,1089.75,1260.35,253.25,158.63,24.93,P021,EQ045
2025-09-10 19:40:00,1.2,100.4,339.9,2548.49,30.98,44.72,1116.06,1262.2,253.39,154.66,29.06,P033,EQ003
2025-09-10 19:50:00,1.09,101.57,338.31,2395.52,33.19,48.1,1145.94,1252.92,245.36,154.58,23.85,P011,EQ010
2025-09-10 20:00:00,1.34,101.64,338.69,2550.97,28.19,44.72,1108.4,1233.82,250.35,145.59,21.13,P028,EQ017
2025-09-10 20:10:00,1.3,98.08,350.11,2651.03,28.74,47.18,1109.85,1254.82,253.63,134.04,26.71,P007,EQ024
2025-09-10 20:20:00,1.09,99.47,336.55,2477.25,30.81,49.06,1080.43,1234.53,244.97,149.77,27.78,P029,EQ031
2025-09-10 20:30:00,1.13,96.81,346.84,2660.08,31.65,41.66,1108.53,1268.07,244.71,154.02,22.82,P035,EQ038
2025-09-10 20:40:00,1.23,99.49,344.93,2482.4,28.13,42.96,1110.53,1252.14,247.44,150.82,27.46,P013,EQ045
2025-09-10 20:50:00,1.12,98.85,342.66,2580.25,31.19,44.06,1089.63,1193.63,252.03,150.73,26.25,P015,EQ003
2025-09-10 21:00:00,1.18,99.86,355.28,2455.08,31.46,43.02,1101.02,1257.84,247.73,157.72,21.65,P033,EQ010
2025-09-10 21:10:00,1.32,102.48,343.21,2554.74,26.56,42.38,1084.22,1255.67,247.96,147.11,22.54,P034,EQ017
2025-09-10 21:20:00,1.1,103.38,322.25,2585.86,33.7,45.19,1124.16,1259.97,246.97,151.52,24.15,P020,EQ024
2025-09-10 21:30:00,0.99,99.39,321.3,2380.79,31.09,47.79,1099.85,1239.0,249.17,130.06,28.38,P014,EQ031
2025-09-10 21:40:00,1.18,96.21,345.58,2356.89,31.1,44.58,1078.28,1231.52,251.73,147.82,25.03,P010,EQ038
2025-09-10 21:50:00,1.2,104.59,352.83,2684.74,28.95,46.42,1084.53,1239.84,262.04,162.79,23.71,P013,EQ045
2025-09-10 22:00:00,1.15,101.79,346.99,2524.36,28.4,44.4,1091.66,1250.35,252.34,142.71,27.41,P011,EQ003
2025-09-10 22:10:00,1.06,99.46,339.45,2425.43,28.73,47.56,1094.76,1255.24,254.5,147.41,28.61,P040,EQ010
2025-09-10 22:20:00,1.16,100.46,348.98,2463.31,28.7,44.3,1097.51,1263.94,248.01,142.61,26.21,P021,EQ017
2025-09-10 22:30:00,1.28,103.31,351.64,2467.79,31.59,40.73,1135.51,1290.18,244.81,162.82,29.32,P031,EQ024
2025-09-10 22:40:00,1.14,96.21,337.78,2565.67,29.7,43.87,1091.33,1289.08,252.38,139.07,27.11,P027,EQ031
2025-09-10 22:50:00,1.14,99.32,345.61,2410.69,28.12,45.37,1098.22,1257.91,248.83,140.23,27.32,P018,EQ038
2025-09-10 23:00:00,1.24,100.87,335.24,2293.8,31.04,48.81,1101.82,1257.24,250.2,148.8,22.01,P017,EQ045
2025-09-10 23:10:00,1.36,100.87,316.68,2542.45,29.75,42.08,1105.57,1252.75,251.24,155.48,24.43,P020,EQ003
2025-09-10 23:20:00,0.92,98.97,329.52,2529.86,31.97,44.51,1089.65,1230.65,252.12,146.65,23.1,P020,EQ010
2025-09-10 23:30:00,1.26,100.64,318.58,2471.52,30.08,45.15,1093.28,1243.38,256.23,141.47,23.35,P023,EQ017
2025-09-10 23:40:00,1.34,97.45,335.54,2511.03,29.09,46.44,1062.61,1242.33,258.08,140.33,28.48,P021,EQ024
2025-09-10 23:50:00,1.21,98.42,337.21,2517.3,32.88,42.52,1056.11,1248.76,249.05,148.95,23.92,P028,EQ031
2025-09-11 00:00:00,1.21,101.54,332.13,2445.24,29.35,41.74,1128.54,1244.52,244.42,161.31,24.48,P027,EQ038
2025-09-11 00:10:00,1.27,100.27,330.04,2574.94,28.72,41.28,1092.08,1242.07,246.91,131.59,19.31,P026,EQ045
2025-09-11 00:20:00,1.13,102.16,344.29,2467.1,30.25,39.03,1094.06,1243.55,244.49,152.72,19.62,P027,EQ003
2025-09-11 00:30:00,1.14,101.97,332.74,2656.9,27.28,44.81,1033.79,1220.29,250.85,168.61,22.62,P009,EQ010
2025-09-11 00:40:00,1.02,98.62,345.15,2481.58,29.71,47.47,1126.64,1264.35,254.81,160.61,30.1,P018,EQ017
2025-09-11 00:50:00,1.16,99.98,337.03,2296.28,29.47,51.62,1109.78,1295.39,247.47,151.21,20.33,P013,EQ024
2025-09-11 01:00:00,1.12,100.52,346.13,2578.55,27.7,48.92,1133.38,1189.67,242.7,149.4,20.02,P017,EQ031
2025-09-11 01:10:00,1.07,103.28,354.76,2533.37,31.97,41.08,1115.54,1214.93,253.14,123.4,22.16,P024,EQ038
2025-09-11 01:20:00,1.21,98.26,309.77,2563.4,30.97,45.12,1055.22,1206.83,254.34,146.01,19.5,P028,EQ045
2025-09-11 01:30:00,1.23,99.61,339.22,2418.2,28.23,41.92,1164.0,1251.5,249.09,132.46,27.32,P021,EQ003
2025-09-11 01:40:00,1.17,100.53,326.88,2368.54,29.18,39.71,1186.96,1226.73,254.57,146.98,25.08,P013,EQ010
2025-09-11 01:50:00,1.12,98.94,348.55,2389.13,30.19,46.18,1054.88,1268.44,238.93,151.02,26.62,P040,EQ017
2025-09-11 02:00:00,1.2,97.58,340.98,2589.69,30.45,43.93,1089.66,1218.18,251.14,152.65,24.04,P018,EQ024
2025-09-11 02:10:00,1.14,100.93,346.95,2515.21,29.07,44.54,1049.58,1261.05,248.91,159.47,20.77,P016,EQ031
2025-09-11 02:20:00,1.05,97.26,336.36,2399.36,30.68,44.31,1126.69,1208.32,240.19,154.1,19.69,P031,EQ038
2025-09-11 02:30:00,1.27,100.89,325.17,2566.63,29.34,43.57,1100.88,1295.81,248.87,153.34,29.79,P038,EQ045
2025-09-11 02:40:00,0.98,98.18,335.46,2449.16,29.79,43.39,1041.08,1258.49,252.53,134.58,24.65,P003,EQ003
2025-09-11 02:50:00,1.21,97.07,344.83,2523.36,29.47,45.03,1133.55,1283.5,243.18,144.73,27.26,P025,EQ010
2025-09-11 03:00:00,1.27,101.05,333.57,2477.4,32.0,42.91,1128.56,1230.68,248.51,149.23,25.81,P032,EQ017
2025-09-11 03:10:00,1.0,100.92,344.5,2471.07,31.67,40.65,1123.31,1263.92,242.21,146.88,21.63,P039,EQ024
2025-09-11 03:20:00,1.15,99.35,336.32,2484.69,30.6,46.72,1090.11,1262.22,255.29,153.94,26.17,P004,EQ031
2025-09-11 03:30:00,1.15,98.37,345.64,2378.28,28.93,46.28,1098.46,1217.65,249.94,139.13,20.08,P022,EQ038
2025-09-11 03:40:00,1.26,104.29,355.32,2602.08,27.32,43.1,1124.63,1296.13,253.55,164.44,23.49,P024,EQ045
2025-09-11 03:50:00,1.31,97.73,335.79,2442.87,30.06,41.36,1111.33,1250.0,246.87,149.69,23.62,P019,EQ003
2025-09-11 04:00:00,1.18,97.38,345.29,2446.83,31.0,46.84,1105.42,1246.39,254.79,129.67,21.05,P009,EQ010
2025-09-11 04:10:00,1.25,98.63,337.1,2619.7,27.18,43.96,1026.77,1232.99,254.03,128.89,28.33,P005,EQ017
2025-09-11 04:20:00,1.28,103.08,323.91,2633.24,30.95,46.35,1119.67,1241.62,247.68,149.82,22.45,P027,EQ024
2025-09-11 04:30:00,1.17,96.56,322.88,2476.7,29.35,51.34,1110.47,1279.65,261.46,149.55,29.67,P010,EQ031
2025-09-11 04:40:00,1.19,97.54,346.07,2694.58,30.16,45.1,1094.7,1252.09,252.89,148.11,25.75,P037,EQ038
2025-09-11 04:50:00,1.23,100.19,331.22,2516.91,30.58,41.57,1098.31,1271.96,250.01,182.18,21.97,P006,EQ045
2025-09-11 05:00:00,1.2,102.09,353.51,2344.87,30.31,41.5,1087.11,1230.63,247.3,152.99,23.3,P021,EQ003
2025-09-11 05:10:00,1.31,100.34,347.34,2442.06,30.59,40.51,1090.81,1243.15,248.83,163.16,24.99,P017,EQ010
2025-09-11 05:20:00,1.24,100.25,325.89,2492.4,30.49,39.65,1104.85,1253.93,237.74,131.93,23.93,P019,EQ017
2025-09-11 05:30:00,1.2,97.78,332.09,2531.58,30.84,46.81,1088.08,1237.35,253.33,137.54,26.47,P009,EQ024
2025-09-11 05:40:00,1.26,102.28,342.25,2485.31,29.22,46.71,1105.3,1251.32,245.94,162.18,26.79,P005,EQ031
2025-09-11 05:50:00,1.2,100.68,346.42,2658.33,32.71,41.99,1078.53,1227.59,254.38,159.8,28.15,P021,EQ038
2025-09-11 06:00:00,1.2,100.0,342.93,2370.96,31.19,42.34,1072.16,1222.01,255.51,149.37,28.99,P024,EQ045
2025-09-11 06:10:00,1.1,99.22,356.18,2376.49,27.84,43.5,1093.27,1237.0,251.5,154.63,28.38,P029,EQ003
2025-09-11 06:20:00,1.31,100.7,340.87,2424.84,29.23,44.43,1129.31,1225.14,247.31,140.64,26.14,P014,EQ010
2025-09-11 06:30:00,1.44,99.12,334.34,2577.23,28.31,45.57,1067.02,1212.25,255.86,157.92,21.27,P030,EQ017
2025-09-11 06:40:00,1.28,104.05,340.02,2608.54,29.65,44.02,1095.46,1229.82,245.44,153.85,21.11,P024,EQ024
2025-09-11 06:50:00,1.22,99.52,347.31,2436.08,31.74,51.52,1141.96,1244.41,242.69,149.84,22.12,P017,EQ031
2025-09-11 07:00:00,1.29,99.77,339.98,2582.1,30.52,40.16,1097.26,1268.49,254.54,161.37,22.87,P002,EQ038
2025-09-11 07:10:00,1.23,96.21,339.64,2392.27,27.07,40.47,1129.8,1248.47,250.92,162.68,21.05,P027,EQ045
2025-09-11 07:20:00,1.14,100.03,343.31,2405.76,32.62,41.3,1127.7,1248.83,247.3,165.73,23.54,P032,EQ003
2025-09-11 07:30:00,1.2,100.6,343.96,2555.7,32.46,41.36,1135.75,1229.85,247.24,126.64,26.72,P034,EQ010
2025-09-11 07:40:00,1.07,99.98,338.2,2479.61,33.88,44.72,1104.73,1244.76,252.48,152.75,20.33,P033,EQ017
2025-09-11 07:50:00,1.12,104.12,330.39,2526.84,27.84,45.88,1095.0,1232.76,254.47,146.44,23.38,P037,EQ024
2025-09-11 08:00:00,1.16,99.06,326.59,2354.75,31.91,46.01,1056.83,1232.13,250.6,149.72,23.63,P003,EQ031
2025-09-11 08:10:00,1.14,99.8,345.83,2470.33,30.0,45.28,1092.99,1272.33,257.75,143.3,30.48,P021,EQ038
2025-09-11 08:20:00,1.33,99.85,351.76,2451.53,29.92,48.27,1104.5,1234.56,245.25,145.1,26.53,P032,EQ045
2025-09-11 08:30:00,1.06,100.87,340.64,2639.81,26.3,44.1,1077.72,1245.51,255.2,133.49,22.78,P022,EQ003
2025-09-11 08:40:00,1.04,100.47,332.96,2493.7,30.42,46.13,1149.89,1259.75,244.04,146.19,25.43,P005,EQ010
2025-09-11 08:50:00,1.01,99.11,349.42,2352.19,31.62,47.99,1128.65,1212.52,257.11,138.61,25.11,P036,EQ017
2025-09-11 09:00:00,1.14,98.04,319.53,2634.1,28.95,41.44,1088.72,1247.99,249.37,139.43,27.17,P035,EQ024
2025-09-11 09:10:00,1.25,100.09,339.25,2431.5,31.65,44.4,1057.79,1225.16,252.46,157.97,20.96,P033,EQ031
2025-09-11 09:20:00,1.17,102.84,343.37,2506.2,31.88,45.54,1109.23,1263.39,251.76,150.31,28.43,P006,EQ038
2025-09-11 09:30:00,1.33,101.98,347.42,2580.08,34.77,46.18,1110.21,1240.28,255.52,158.06,25.61,P030,EQ045
2025-09-11 09:40:00,1.24,95.5,360.41,2502.65,30.76,46.72,1122.08,1248.35,250.56,142.61,25.63,P013,EQ003
2025-09-11 09:50:00,1.21,97.42,346.26,2517.2,27.85,43.1,1110.35,1254.84,255.72,149.69,27.73,P028,EQ010
2025-09-11 10:00:00,1.19,100.12,320.13,2544.19,29.44,43.83,1085.93,1266.7,250.41,153.54,28.06,P030,EQ017
2025-09-11 10:10:00,1.16,98.53,346.54,2539.49,28.96,51.51,1100.46,1224.97,258.68,160.09,24.39,P010,EQ024
2025-09-11 10:20:00,1.22,100.37,336.73,2494.82,27.95,44.43,1068.53,1234.98,253.86,143.24,26.09,P005,EQ031
2025-09-11 10:30:00,1.13,98.32,356.75,2493.7,30.44,39.81,1114.66,1256.2,250.56,159.01,21.56,P037,EQ038
2025-09-11 10:40:00,1.2,103.58,329.79,2581.31,27.51,43.23,1082.11,1227.73,249.93,151.37,22.54,P034,EQ045
2025-09-11 10:50:00,1.22,99.84,347.06,2308.65,30.03,44.09,1149.77,1207.51,251.88,157.48,26.56,P028,EQ003
2025-09-11 11:00:00,1.31,96.93,336.39,2629.3,29.28,44.21,1066.72,1252.59,248.13,134.82,28.2,P026,EQ010
2025-09-11 11:10:00,1.27,102.72,334.26,2517.02,32.35,46.8,1128.22,1225.64,248.12,154.12,24.59,P001,EQ017
2025-09-11 11:20:00,1.4,105.74,322.69,2573.6,29.72,46.15,1116.54,1266.36,242.18,150.38,25.27,P025,EQ024
2025-09-11 11:30:00,1.18,99.21,343.66,2486.67,32.26,45.56,1103.16,1282.07,252.6,136.66,20.53,P015,EQ031
2025-09-11 11:40:00,1.29,99.75,349.13,2652.77,31.83,45.81,1134.02,1243.27,255.38,144.54,23.15,P010,EQ038
2025-09-11 11:50:00,1.22,100.99,338.02,2598.36,28.45,48.12,1097.96,1251.48,248.19,153.93,22.03,P015,EQ045
2025-09-11 12:00:00,1.16,99.31,355.45,2388.56,31.52,48.32,1133.59,1278.24,247.82,144.26,25.71,P021,EQ003
2025-09-11 12:10:00,1.31,100.78,329.55,2410.6,30.33,45.81,1104.82,1278.1,247.66,145.35,25.17,P013,EQ010
2025-09-11 12:20:00,1.23,98.77,345.48,2477.54,29.88,42.68,1118.7,1243.37,249.26,159.54,26.96,P037,EQ017
2025-09-11 12:30:00,1.28,102.06,336.25,2531.82,27.74,44.83,1065.42,1265.82,245.41,150.51,28.53,P037,EQ024
2025-09-11 12:40:00,1.09,99.05,332.16,2441.48,31.98,46.65,1068.59,1219.0,252.41,140.46,20.8,P010,EQ031
2025-09-11 12:50:00,1.23,100.88,332.11,2528.22,27.1,45.08,1127.21,1267.13,248.23,158.4,21.79,P012,EQ038
2025-09-11 13:00:00,1.24,102.36,348.04,2499.67,31.59,48.67,1124.16,1246.59,254.62,143.28,20.94,P035,EQ045
2025-09-11 13:10:00,1.14,101.56,343.95,2524.71,28.31,46.91,1052.07,1225.79,245.04,152.63,24.54,P003,EQ003
2025-09-11 13:20:00,1.14,99.45,335.56,2519.31,26.16,46.49,1125.65,1272.67,253.78,155.59,28.19,P035,EQ010
2025-09-11 13:30:00,1.22,98.66,344.84,2385.04,28.03,40.08,1106.06,1286.0,253.96,153.82,24.08,P005,EQ017
2025-09-11 13:40:00,1.15,104.12,337.2,2513.33,27.92,45.67,1163.05,1227.94,249.3,148.25,22.37,P021,EQ024
2025-09-11 13:50:00,1.17,97.84,344.91,2389.74,28.97,48.76,1066.76,1250.66,248.35,158.45,28.56,P014,EQ031
2025-09-11 14:00:00,1.28,99.8,341.58,2439.95,30.42,51.84,1085.02,1297.62,255.66,148.98,22.93,P011,EQ038
2025-09-11 14:10:00,1.18,98.19,335.12,2320.36,28.36,47.54,1071.13,1241.92,257.42,158.57,24.34,P018,EQ045
2025-09-11 14:20:00,1.29,97.21,334.94,2576.09,29.01,43.84,1122.73,1257.55,253.54,171.18,22.36,P014,EQ003
2025-09-11 14:30:00,1.15,96.46,349.97,2447.68,26.11,43.28,1108.45,1255.52,254.87,160.36,27.86,P002,EQ010
2025-09-11 14:40:00,1.1,98.51,342.0,2668.84,28.75,44.03,1155.56,1263.97,250.5,172.02,21.25,P029,EQ017
2025-09-11 14:50:00,1.22,101.07,333.89,2380.98,29.64,40.77,1068.71,1217.31,261.53,158.26,21.22,P025,EQ024
2025-09-11 15:00:00,1.18,101.61,339.78,2637.9,29.22,43.86,1117.47,1232.39,254.22,121.54,19.93,P014,EQ031
2025-09-11 15:10:00,1.18,103.33,336.48,2404.28,28.74,45.05,1123.43,1242.39,240.58,146.24,22.34,P029,EQ038
2025-09-11 15:20:00,1.11,100.23,328.43,2532.58,29.44,43.32,1074.08,1276.64,241.88,145.58,23.64,P013,EQ045
2025-09-11 15:30:00,1.21,101.32,338.18,2630.27,30.48,41.59,1060.55,1285.55,247.5,159.78,22.04,P025,EQ003
2025-09-11 15:40:00,1.18,99.37,344.29,2374.19,29.51,41.97,1031.58,1255.14,251.89,132.16,25.71,P008,EQ010
2025-09-11 15:50:00,1.3,97.36,366.37,2430.78,27.48,46.62,1127.02,1245.96,243.65,151.16,19.95,P012,EQ017
2025-09-11 16:00:00,1.24,97.5,335.25,2616.33,28.23,38.98,1112.1,1275.77,246.54,161.06,24.76,P038,EQ024
2025-09-11 16:10:00,1.11,100.39,367.8,2474.19,29.89,43.84,1081.83,1245.27,249.79,151.97,26.61,P008,EQ031
2025-09-11 16:20:00,1.16,96.74,338.74,2506.67,30.93,53.53,1043.96,1244.29,248.94,147.53,21.04,P014,EQ038
2025-09-11 16:30:00,1.2,100.73,345.32,2513.89,32.17,47.13,1143.69,1285.59,254.48,132.76,21.78,P032,EQ045
2025-09-11 16:40:00,1.46,102.89,337.14,2399.4,31.38,47.42,1080.55,1231.28,255.77,134.6,27.1,P023,EQ003
2025-09-11 16:50:00,1.31,97.55,324.16,2504.44,28.6,44.16,1145.78,1281.79,251.03,160.04,27.78,P021,EQ010
2025-09-11 17:00:00,1.38,103.14,337.75,2361.27,28.62,45.68,1029.06,1246.17,252.14,152.74,23.83,P014,EQ017
2025-09-11 17:10:00,1.27,99.49,352.58,2487.25,30.82,47.97,1012.27,1259.15,251.77,139.65,29.72,P033,EQ024
2025-09-11 17:20:00,1.21,102.01,339.17,2399.87,29.25,41.74,1066.52,1240.69,260.46,151.13,23.95,P017,EQ031
2025-09-11 17:30:00,1.16,98.44,311.66,2560.6,31.95,43.17,1095.03,1237.84,245.93,141.1,23.98,P030,EQ038
2025-09-11 17:40:00,1.22,97.34,360.81,2574.4,33.64,43.29,1140.45,1234.88,255.94,150.31,20.01,P025,EQ045
2025-09-11 17:50:00,1.07,98.84,350.36,2540.53,30.27,40.99,1183.15,1275.68,250.74,133.09,28.16,P026,EQ003
2025-09-11 18:00:00,1.12,101.91,345.41,2760.8,29.03,46.82,1088.19,1268.88,248.3,141.61,29.3,P007,EQ010
2025-09-11 18:10:00,1.21,100.28,341.95,2542.39,34.2,49.78,1109.95,1279.42,248.04,145.19,23.46,P020,EQ017
2025-09-11 18:20:00,1.33,99.28,324.83,2591.94,30.38,43.78,1094.1,1216.31,241.02,161.77,26.11,P028,EQ024
2025-09-11 18:30:00,1.24,100.72,329.95,2462.32,30.51,42.91,1095.12,1220.2,251.98,169.03,28.44,P020,EQ031
2025-09-11 18:40:00,1.43,97.94,352.48,2519.84,31.09,41.83,1052.89,1256.48,245.41,109.23,21.59,P006,EQ038
2025-09-11 18:50:00,1.11,101.09,321.08,2386.67,27.67,42.75,1128.08,1268.2,245.19,145.93,25.88,P025,EQ045
2025-09-11 19:00:00,1.17,102.33,356.67,2449.68,32.61,48.58,1072.1,1235.99,252.03,149.35,28.13,P002,EQ003
2025-09-11 19:10:00,1.18,98.02,340.18,2372.28,28.68,45.55,1094.19,1254.73,250.44,150.11,29.12,P018,EQ010
2025-09-11 19:20:00,1.18,98.82,352.2,2605.49,28.69,48.45,1067.77,1225.8,249.99,159.18,26.26,P021,EQ017
2025-09-11 19:30:00,1.2,97.54,328.14,2555.72,33.21,48.07,1057.19,1242.58,256.87,152.36,20.5,P016,EQ024
2025-09-11 19:40:00,1.14,100.23,349.89,2522.2,26.73,44.2,1175.19,1270.88,240.31,154.54,20.88,P001,EQ031
2025-09-11 19:50:00,1.03,99.86,342.21,2457.29,30.87,47.72,1085.63,1285.79,242.99,144.78,20.88,P010,EQ038
2025-09-11 20:00:00,1.44,98.35,348.94,2417.4,30.93,45.05,1062.19,1266.26,242.63,148.19,20.65,P031,EQ045
2025-09-11 20:10:00,1.17,100.14,350.37,2530.48,29.44,47.65,1102.88,1245.33,239.73,156.25,25.89,P004,EQ003
2025-09-11 20:20:00,1.28,101.33,323.17,2547.02,28.41,44.25,1148.76,1284.13,257.39,143.77,26.94,P014,EQ010
2025-09-11 20:30:00,1.31,97.7,340.48,2630.35,30.78,45.6,1084.92,1302.21,249.73,151.1,29.27,P019,EQ017
2025-09-11 20:40:00,1.22,102.34,334.66,2474.97,28.14,50.07,1156.29,1230.13,250.67,150.71,22.96,P027,EQ024
2025-09-11 20:50:00,1.2,98.36,351.27,2542.05,32.07,44.1,1089.89,1276.04,250.51,150.72,28.34,P027,EQ031
2025-09-11 21:00:00,1.14,102.51,349.91,2689.33,28.07,46.8,1092.27,1250.05,244.2,153.46,20.82,P034,EQ038
2025-09-11 21:10:00,1.12,100.71,337.93,2445.99,27.98,50.82,1111.22,1285.42,253.39,142.5,30.33,P012,EQ045
2025-09-11 21:20:00,1.08,98.13,332.46,2538.42,30.23,42.74,1099.1,1250.61,247.34,143.75,22.97,P008,EQ003
2025-09-11 21:30:00,1.33,100.21,340.09,2662.93,26.34,49.55,1151.18,1267.29,250.94,152.19,27.83,P002,EQ010
2025-09-11 21:40:00,1.1,97.1,338.36,2542.94,30.19,45.34,1097.36,1274.83,248.02,168.37,24.8,P020,EQ017
2025-09-11 21:50:00,0.98,99.35,345.31,2426.32,26.8,45.07,1081.8,1234.45,251.27,149.6,23.41,P024,EQ024
2025-09-11 22:00:00,1.11,99.68,351.9,2327.03,30.23,48.74,1097.96,1268.34,247.56,148.21,28.68,P017,EQ031
2025-09-11 22:10:00,1.08,101.68,342.18,2391.31,29.09,44.19,1102.4,1251.74,243.94,144.5,25.14,P002,EQ038
2025-09-11 22:20:00,1.24,103.25,333.72,2485.47,27.76,48.83,1044.48,1239.84,257.44,151.89,27.9,P022,EQ045
2025-09-11 22:30:00,1.22,102.56,353.87,2338.37,29.83,44.94,1106.16,1284.83,247.35,156.48,20.24,P031,EQ003
2025-09-11 22:40:00,1.25,101.82,339.51,2357.34,31.09,43.37,1135.88,1223.13,254.92,131.86,19.92,P010,EQ010
2025-09-11 22:50:00,1.23,97.1,334.84,2407.35,33.54,48.35,1115.23,1272.4,239.57,151.93,27.89,P003,EQ017
2025-09-11 23:00:00,1.21,102.22,331.77,2457.18,31.53,44.88,1080.13,1232.95,250.15,141.41,24.59,P039,EQ024
2025-09-11 23:10:00,1.24,98.38,337.38,2483.68,30.79,45.48,1086.99,1241.43,256.23,149.53,27.19,P011,EQ031
2025-09-11 23:20:00,1.2,100.06,333.82,2336.1,28.17,45.73,1046.35,1251.1,250.17,159.87,21.21,P001,EQ038
2025-09-11 23:30:00,1.31,99.11,326.8,2514.32,28.59,43.76,1119.14,1253.44,262.19,147.01,24.24,P015,EQ045
2025-09-11 23:40:00,1.23,98.88,349.85,2534.76,27.44,49.37,1118.64,1288.05,243.33,146.37,20.59,P005,EQ003
2025-09-11 23:50:00,1.25,102.26,335.68,2396.35,30.45,46.77,1070.61,1267.56,258.43,154.79,21.73,P031,EQ010
2025-09-12 00:00:00,1.06,100.6,333.16,2489.47,27.58,49.17,1087.39,1233.41,255.64,152.13,24.4,P027,EQ017
2025-09-12 00:10:00,1.1,102.66,346.8,2445.22,29.37,44.59,1076.07,1270.91,242.84,149.17,27.68,P035,EQ024
2025-09-12 00:20:00,1.2,99.75,351.22,2485.35,31.31,45.81,1094.62,1267.68,247.38,137.89,24.03,P039,EQ031
2025-09-12 00:30:00,1.19,102.63,348.83,2260.45,34.28,42.02,1106.44,1238.38,243.14,154.21,26.56,P001,EQ038
2025-09-12 00:40:00,1.23,99.0,342.31,2488.49,25.99,48.99,1176.76,1261.37,239.4,164.31,21.92,P031,EQ045
2025-09-12 00:50:00,1.12,101.34,338.79,2450.62,29.74,43.62,1111.67,1252.01,246.08,155.17,28.05,P017,EQ003
2025-09-12 01:00:00,1.29,100.86,361.87,2534.73,28.18,47.51,1105.5,1279.37,237.84,165.57,20.33,P035,EQ010
2025-09-12 01:10:00,1.17,99.77,335.42,2631.19,27.32,40.46,1093.03,1265.44,255.05,158.23,23.97,P040,EQ017
2025-09-12 01:20:00,1.25,97.86,345.59,2291.74,29.64,42.86,1128.5,1239.62,250.5,156.9,26.02,P007,EQ024
2025-09-12 01:30:00,1.22,102.01,336.12,2478.27,30.08,41.7,1116.72,1252.65,245.92,155.21,23.97,P037,EQ031
2025-09-12 01:40:00,1.33,99.07,340.17,2455.02,30.54,45.94,1067.48,1267.28,251.89,163.25,22.01,P015,EQ038
2025-09-12 01:50:00,1.3,97.25,332.16,2573.26,29.99,47.38,1064.12,1246.96,254.65,161.23,25.07,P010,EQ045
2025-09-12 02:00:00,1.13,99.89,345.78,2389.12,25.64,48.58,1078.02,1206.35,253.25,163.9,21.35,P006,EQ003
2025-09-12 02:10:00,1.37,98.64,359.59,2541.64,31.5,47.42,1135.89,1220.4,244.89,142.62,25.74,P026,EQ010
2025-09-12 02:20:00,1.16,99.65,323.19,2387.62,28.87,46.44,1096.7,1230.71,256.9,136.82,22.66,P040,EQ017
2025-09-12 02:30:00,1.16,100.77,345.16,2396.66,27.7,47.43,1054.83,1231.66,248.16,151.2,20.2,P015,EQ024
2025-09-12 02:40:00,0.98,103.9,350.13,2492.35,29.41,48.34,1115.52,1257.0,245.57,156.38,21.81,P020,EQ031
2025-09-12 02:50:00,1.14,98.45,331.88,2521.66,28.71,47.68,1088.33,1261.82,255.32,140.64,23.56,P030,EQ038
2025-09-12 03:00:00,1.31,103.25,342.02,2634.37,33.6,42.76,1097.5,1223.76,248.28,153.23,25.46,P034,EQ045
2025-09-12 03:10:00,1.25,100.69,343.99,2404.26,30.9,45.82,1049.31,1222.15,246.9,158.11,23.85,P018,EQ003
2025-09-12 03:20:00,1.21,98.81,326.87,2321.56,29.54,44.45,1127.36,1238.34,253.9,134.25,27.25,P009,EQ010
2025-09-12 03:30:00,1.26,98.53,345.46,2657.52,29.04,42.93,1084.01,1273.41,239.69,142.91,22.31,P024,EQ017
2025-09-12 03:40:00,1.12,100.79,329.57,2671.12,30.85,44.58,1064.77,1260.46,259.3,149.23,27.31,P038,EQ024
2025-09-12 03:50:00,1.18,103.54,340.12,2450.32,27.7,40.22,1090.38,1276.38,252.2,164.73,27.66,P003,EQ031
2025-09-12 04:00:00,1.39,96.72,334.29,2529.38,27.23,43.43,1122.09,1267.65,248.66,155.37,27.2,P025,EQ038
2025-09-12 04:10:00,1.15,98.22,350.62,2670.64,31.05,43.87,1107.74,1229.27,257.76,154.74,26.19,P013,EQ045
2025-09-12 04:20:00,1.11,101.34,353.58,2442.82,26.12,46.86,1123.29,1242.88,248.7,158.25,28.92,P001,EQ003
2025-09-12 04:30:00,1.18,100.19,337.58,2567.04,29.59,43.84,1114.35,1262.6,248.2,143.59,21.09,P003,EQ010
2025-09-12 04:40:00,1.25,97.18,340.51,2614.99,30.33,44.95,1097.24,1240.93,247.38,144.91,27.33,P016,EQ017
2025-09-12 04:50:00,1.19,101.51,346.43,2464.3,31.69,48.4,1092.27,1319.88,248.12,139.36,22.23,P021,EQ024
2025-09-12 05:00:00,1.27,99.87,351.53,2432.04,27.55,45.51,1115.88,1281.15,244.63,143.6,19.8,P031,EQ031
2025-09-12 05:10:00,1.43,98.88,346.54,2451.77,28.19,43.66,1053.43,1259.26,251.89,152.34,24.74,P023,EQ038
2025-09-12 05:20:00,1.21,99.96,346.99,2554.24,31.5,48.24,1096.79,1252.79,256.25,156.24,22.05,P037,EQ045
2025-09-12 05:30:00,1.12,100.72,317.97,2608.27,30.35,49.98,1088.33,1253.71,256.36,148.95,24.28,P014,EQ003
2025-09-12 05:40:00,1.37,103.2,344.79,2633.39,29.13,43.11,1096.97,1250.47,253.04,155.98,24.37,P017,EQ010
2025-09-12 05:50:00,1.1,102.17,346.25,2453.04,30.82,46.81,1105.7,1244.66,250.04,143.83,24.88,P008,EQ017
2025-09-12 06:00:00,1.24,102.58,352.42,2300.99,29.4,44.73,1044.81,1260.55,250.06,142.66,27.17,P033,EQ024
2025-09-12 06:10:00,1.21,98.57,327.82,2504.86,29.96,48.76,1104.04,1309.81,249.63,151.06,30.02,P022,EQ031
2025-09-12 06:20:00,1.17,100.21,340.67,2483.03,29.73,46.75,1097.01,1250.49,251.18,160.2,29.56,P012,EQ038
2025-09-12 06:30:00,1.14,98.0,340.47,2601.16,29.62,42.27,1083.89,1267.84,252.18,148.94,22.64,P032,EQ045
2025-09-12 06:40:00,1.08,103.11,322.17,2347.65,30.79,45.2,1087.05,1248.86,255.65,151.96,27.79,P030,EQ003
2025-09-12 06:50:00,1.12,97.62,350.01,2451.13,27.25,44.78,1117.87,1236.39,257.98,141.84,26.67,P022,EQ010
2025-09-12 07:00:00,1.25,97.69,340.5,2537.66,28.84,41.37,1092.09,1231.32,255.1,160.04,27.25,P017,EQ017
2025-09-12 07:10:00,1.23,99.45,340.96,2577.35,26.07,55.21,1072.17,1250.42,255.19,156.26,20.67,P024,EQ024
2025-09-12 07:20:00,1.36,99.81,349.45,2325.54,29.61,47.47,1151.52,1305.12,249.96,168.32,24.86,P002,EQ031
2025-09-12 07:30:00,1.19,102.04,350.36,2499.35,30.41,38.54,1170.08,1239.39,251.1,141.56,28.97,P009,EQ038
2025-09-12 07:40:00,1.31,100.16,346.91,2618.02,29.68,47.14,1103.73,1253.4,254.66,149.25,20.99,P030,EQ045
2025-09-12 07:50:00,1.19,101.06,343.65,2530.14,27.38,47.33,1031.62,1224.83,250.62,153.22,27.28,P008,EQ003
2025-09-12 08:00:00,1.22,102.77,343.11,2341.83,28.61,46.67,1107.98,1239.8,252.46,153.37,25.07,P019,EQ010
2025-09-12 08:10:00,1.28,99.99,348.04,2471.01,29.69,42.62,1111.67,1255.84,243.85,143.04,20.45,P023,EQ017
2025-09-12 08:20:00,1.21,102.69,341.98,2631.34,29.64,42.16,1065.77,1274.69,259.52,164.8,23.96,P028,EQ024
2025-09-12 08:30:00,1.27,96.86,349.68,2351.45,27.77,46.87,1092.62,1282.48,255.2,153.85,26.24,P006,EQ031
2025-09-12 08:40:00,1.3,102.05,338.11,2312.86,27.83,40.94,1102.62,1229.73,252.25,139.45,28.89,P033,EQ038
2025-09-12 08:50:00,1.17,99.03,343.37,2556.41,29.57,41.9,1072.37,1244.84,247.73,140.94,21.13,P033,EQ045
2025-09-12 09:00:00,1.23,100.73,335.45,2631.66,30.97,42.3,1088.42,1268.39,254.55,152.36,22.25,P015,EQ003
2025-09-12 09:10:00,1.36,101.17,345.14,2412.75,28.34,45.38,1121.04,1266.13,252.8,164.53,27.9,P013,EQ010
2025-09-12 09:20:00,1.22,101.59,354.21,2458.75,29.78,45.5,1048.56,1263.33,249.54,154.22,27.06,P023,EQ017
2025-09-12 09:30:00,1.32,99.52,339.8,2355.24,32.2,46.02,1148.08,1218.78,239.68,133.06,23.17,P010,EQ024
2025-09-12 09:40:00,1.37,101.64,332.72,2522.94,27.55,41.48,1099.44,1224.97,247.83,128.04,24.43,P034,EQ031
2025-09-12 09:50:00,1.18,100.29,338.74,2422.91,28.21,39.23,1133.87,1237.06,254.33,144.31,24.95,P035,EQ038
2025-09-12 10:00:00,1.22,97.3,339.86,2415.16,30.78,39.76,1040.58,1222.49,252.0,151.57,22.85,P015,EQ045
2025-09-12 10:10:00,1.12,104.55,346.6,2400.48,27.79,44.97,1104.03,1267.11,243.16,154.02,26.06,P034,EQ003
2025-09-12 10:20:00,1.23,101.8,342.65,2531.98,30.34,46.02,1143.01,1214.49,246.81,144.43,20.39,P011,EQ010
2025-09-12 10:30:00,1.06,100.43,338.27,2319.24,31.94,43.27,1067.4,1253.98,256.15,154.67,21.18,P011,EQ017
2025-09-12 10:40:00,1.23,95.64,356.56,2475.59,31.53,45.14,1112.78,1245.99,259.55,147.42,26.76,P040,EQ024
2025-09-12 10:50:00,1.14,100.1,333.91,2539.1,31.07,44.73,1123.25,1243.29,251.4,154.49,21.85,P010,EQ031
2025-09-12 11:00:00,1.32,100.53,334.85,2540.61,27.99,44.99,1163.58,1259.73,247.37,157.86,24.86,P040,EQ038
2025-09-12 11:10:00,1.29,100.4,343.19,2417.77,31.37,44.71,1118.43,1244.06,255.35,141.25,24.18,P013,EQ045
2025-09-12 11:20:00,1.17,101.84,355.6,2329.26,28.05,45.15,1066.38,1229.51,252.08,143.14,22.17,P026,EQ003
2025-09-12 11:30:00,1.25,100.89,332.78,2445.92,26.96,44.02,1131.14,1295.02,250.22,148.38,23.37,P034,EQ010
2025-09-12 11:40:00,1.1,99.28,330.47,2530.9,32.38,48.5,1124.22,1265.24,248.13,160.03,29.3,P031,EQ017
2025-09-12 11:50:00,1.25,101.95,356.55,2479.81,34.14,48.0,1123.21,1261.58,248.11,131.08,24.26,P009,EQ024
2025-09-12 12:00:00,1.22,101.22,332.39,2458.24,29.56,47.99,1125.92,1226.69,257.86,156.57,27.03,P020,EQ031
2025-09-12 12:10:00,1.28,100.74,328.76,2571.11,30.01,43.56,1080.95,1237.16,247.08,137.42,19.2,P017,EQ038
2025-09-12 12:20:00,1.03,101.26,330.89,2547.76,29.42,42.73,1073.89,1235.24,251.41,146.95,26.41,P020,EQ045
2025-09-12 12:30:00,1.13,100.83,338.02,2417.15,31.72,42.54,1127.27,1261.66,248.92,156.9,21.78,P040,EQ003
2025-09-12 12:40:00,0.99,103.29,335.05,2425.06,28.65,44.78,1114.6,1263.14,254.8,164.53,26.21,P005,EQ010
2025-09-12 12:50:00,1.26,101.61,339.22,2504.42,28.71,43.69,1112.4,1245.71,246.21,155.3,19.83,P027,EQ017
2025-09-12 13:00:00,1.18,98.73,353.3,2502.47,30.56,45.38,1086.02,1236.88,253.66,143.53,21.09,P031,EQ024
2025-09-12 13:10:00,1.1,101.71,332.43,2433.86,28.41,45.04,1099.63,1217.33,252.0,160.02,27.19,P016,EQ031
2025-09-12 13:20:00,1.11,99.86,322.57,2517.15,29.93,46.53,1095.45,1240.76,249.33,150.35,23.23,P011,EQ038
2025-09-12 13:30:00,1.16,100.09,325.08,2441.14,28.83,47.17,1085.15,1238.76,251.9,163.05,25.93,P026,EQ045
2025-09-12 13:40:00,1.16,97.23,356.99,2514.93,27.47,48.33,1110.4,1244.52,259.52,154.62,26.28,P016,EQ003
2025-09-12 13:50:00,1.12,99.29,333.96,2638.01,26.46,41.14,1079.74,1276.93,258.68,144.59,29.4,P005,EQ010
2025-09-12 14:00:00,1.14,101.45,344.14,2601.69,30.7,47.22,1030.06,1265.11,251.15,149.04,22.21,P018,EQ017
2025-09-12 14:10:00,1.23,96.85,327.97,2494.25,29.19,37.81,1094.46,1247.87,254.12,143.86,21.31,P026,EQ024
2025-09-12 14:20:00,1.15,98.16,329.68,2524.73,30.53,46.43,1134.56,1280.21,245.27,144.05,20.94,P038,EQ031
2025-09-12 14:30:00,1.29,97.13,341.3,2547.52,29.32,45.17,1079.12,1219.06,250.48,159.41,28.23,P010,EQ038
2025-09-12 14:40:00,0.82,101.37,334.45,2524.46,30.23,52.04,1150.48,1257.57,252.03,158.31,21.95,P010,EQ045
2025-09-12 14:50:00,1.25,100.96,340.76,2598.07,30.53,41.89,1157.89,1259.78,257.21,141.75,27.19,P021,EQ003
2025-09-12 15:00:00,1.15,99.77,337.18,2542.39,30.56,49.58,1103.87,1257.64,245.24,154.87,19.47,P008,EQ010
2025-09-12 15:10:00,1.26,99.07,344.47,2454.34,28.34,49.84,1078.98,1282.55,248.58,160.26,25.23,P034,EQ017
2025-09-12 15:20:00,1.18,99.44,342.51,2472.89,28.82,50.61,1096.69,1283.29,253.14,162.66,21.45,P039,EQ024
2025-09-12 15:30:00,1.11,103.13,342.08,2642.99,32.77,45.15,1074.11,1260.89,247.95,142.6,24.26,P029,EQ031
2025-09-12 15:40:00,1.38,99.99,323.9,2547.9,27.99,44.5,1050.46,1226.62,253.1,158.58,22.41,P008,EQ038
2025-09-12 15:50:00,1.32,98.9,334.01,2599.56,31.94,49.99,1110.43,1241.85,253.19,151.33,25.09,P040,EQ045
2025-09-12 16:00:00,1.08,101.16,337.61,2449.55,27.12,44.88,1133.34,1234.72,246.98,148.87,23.5,P005,EQ003
2025-09-12 16:10:00,1.14,100.61,353.63,2438.29,27.34,40.25,1084.35,1250.97,235.79,155.12,26.68,P022,EQ010
2025-09-12 16:20:00,1.2,99.15,333.61,2519.57,29.78,50.81,1115.82,1264.52,255.21,137.09,29.14,P003,EQ017
2025-09-12 16:30:00,1.09,98.26,314.69,2433.21,30.51,43.62,1089.55,1238.42,242.91,143.28,22.5,P017,EQ024
2025-09-12 16:40:00,1.1,99.43,346.92,2525.39,31.82,41.82,1117.97,1259.64,247.68,146.79,20.7,P030,EQ031
2025-09-12 16:50:00,1.17,98.5,348.71,2622.44,32.73,44.21,1085.13,1271.42,245.24,158.93,23.75,P011,EQ038
2025-09-12 17:00:00,1.13,98.85,323.34,2676.51,30.89,46.05,1108.39,1236.78,250.72,140.15,28.01,P032,EQ045
2025-09-12 17:10:00,1.18,100.67,337.84,2434.36,29.21,43.6,1101.68,1258.38,257.3,144.27,28.04,P015,EQ003
2025-09-12 17:20:00,1.2,99.18,348.2,2405.75,30.16,45.53,1083.74,1235.2,247.87,148.03,24.25,P006,EQ010
2025-09-12 17:30:00,1.39,99.82,342.52,2517.28,27.51,44.59,1131.62,1233.12,246.11,154.94,28.57,P039,EQ017
2025-09-12 17:40:00,1.11,98.91,317.25,2583.19,29.53,44.51,1116.25,1243.78,259.82,153.83,30.03,P024,EQ024
2025-09-12 17:50:00,1.16,103.73,362.14,2546.26,30.92,40.01,1093.08,1228.18,246.43,151.86,21.3,P032,EQ031
2025-09-12 18:00:00,1.3,99.68,339.04,2576.65,29.77,48.8,1086.51,1226.59,245.79,145.36,26.85,P028,EQ038
2025-09-12 18:10:00,1.15,98.19,341.44,2655.26,26.16,38.95,1145.57,1259.19,248.75,171.04,23.82,P007,EQ045
2025-09-12 18:20:00,1.14,97.37,339.37,2601.6,32.75,41.57,1079.08,1256.38,246.25,148.62,27.83,P018,EQ003
2025-09-12 18:30:00,1.12,100.22,337.95,2546.37,27.29,47.63,1108.02,1208.61,249.64,146.61,26.93,P018,EQ010
2025-09-12 18:40:00,1.05,100.13,336.81,2386.76,29.1,43.56,1077.1,1230.6,252.58,164.23,28.35,P033,EQ017
2025-09-12 18:50:00,1.34,101.1,335.23,2599.6,28.89,46.65,1124.5,1266.09,251.37,135.43,23.27,P017,EQ024
2025-09-12 19:00:00,1.14,100.79,320.55,2434.17,30.49,45.34,1128.73,1230.49,256.03,146.51,29.51,P006,EQ031
2025-09-12 19:10:00,1.3,97.36,355.02,2572.03,32.66,41.43,1103.13,1271.35,244.26,155.91,19.63,P032,EQ038
2025-09-12 19:20:00,1.19,99.18,350.83,2492.52,31.02,43.13,1076.92,1236.4,251.35,143.15,21.89,P032,EQ045
2025-09-12 19:30:00,1.13,100.22,352.63,2570.54,30.83,42.66,1122.2,1251.7,255.74,146.46,22.33,P028,EQ003
2025-09-12 19:40:00,1.14,104.85,325.43,2635.97,30.1,47.28,1123.65,1253.35,251.94,130.72,26.43,P007,EQ010
2025-09-12 19:50:00,1.26,102.24,356.24,2548.15,31.86,43.75,1127.45,1261.7,257.11,152.12,30.53,P032,EQ017
2025-09-12 20:00:00,1.25,97.24,345.16,2614.09,29.81,46.09,1062.82,1244.19,254.26,151.49,25.44,P037,EQ024
2025-09-12 20:10:00,1.26,100.91,344.08,2394.44,34.16,36.86,1108.23,1246.62,249.43,165.81,23.2,P034,EQ031
2025-09-12 20:20:00,1.18,100.61,335.88,2432.43,28.62,48.31,1077.61,1275.12,247.35,161.15,28.43,P025,EQ038
2025-09-12 20:30:00,1.12,106.17,338.37,2449.26,29.75,48.8,1093.62,1240.3,258.38,146.84,20.55,P007,EQ045
2025-09-12 20:40:00,1.01,97.82,347.38,2473.98,28.34,46.82,1025.48,1233.78,241.44,156.28,24.23,P007,EQ003
2025-09-12 20:50:00,1.2,98.68,345.22,2619.02,31.18,46.51,1110.8,1228.66,241.09,134.37,23.96,P008,EQ010
2025-09-12 21:00:00,1.09,103.08,322.8,2384.22,30.81,45.96,1103.34,1245.16,256.61,158.83,29.77,P016,EQ017
2025-09-12 21:10:00,1.17,100.79,335.08,2612.7,30.22,42.01,1107.99,1265.89,251.48,139.07,23.6,P039,EQ024
2025-09-12 21:20:00,1.14,98.21,342.77,2457.22,30.63,42.86,1134.8,1235.21,251.85,151.54,23.66,P026,EQ031
2025-09-12 21:30:00,0.98,99.88,350.18,2627.84,31.66,48.01,1072.17,1235.75,252.76,152.2,26.66,P003,EQ038
2025-09-12 21:40:00,1.03,101.11,330.78,2429.2,29.02,47.74,1120.58,1225.72,251.85,160.26,22.75,P029,EQ045
2025-09-12 21:50:00,1.31,99.09,335.82,2614.28,31.19,44.52,1060.23,1238.57,250.23,127.71,27.76,P037,EQ003
2025-09-12 22:00:00,1.18,99.99,340.42,2408.45,31.31,43.99,1095.32,1227.66,254.97,144.65,28.14,P003,EQ010
2025-09-12 22:10:00,1.25,102.25,329.41,2578.16,30.68,52.64,1146.27,1234.35,239.1,166.75,27.25,P028,EQ017
2025-09-12 22:20:00,1.2,98.35,354.85,2442.16,33.03,40.28,1067.85,1258.63,254.15,147.13,26.81,P002,EQ024
2025-09-12 22:30:00,0.99,99.96,340.15,2308.62,27.51,49.95,1109.5,1264.98,255.73,164.42,22.51,P012,EQ031
2025-09-12 22:40:00,1.3,101.28,339.59,2548.11,31.55,43.33,1101.95,1207.21,250.93,162.11,19.25,P022,EQ038
2025-09-12 22:50:00,1.23,100.16,340.34,2499.5,30.67,42.4,1106.29,1302.03,243.56,152.86,20.9,P027,EQ045
2025-09-12 23:00:00,1.14,101.14,328.82,2490.7,29.32,44.05,1104.78,1240.88,260.66,164.54,28.46,P030,EQ003
2025-09-12 23:10:00,1.27,100.85,344.15,2503.74,31.54,39.03,1084.7,1235.24,237.71,150.3,26.27,P017,EQ010
2025-09-12 23:20:00,1.01,98.22,327.45,2569.15,29.17,45.74,1137.31,1238.68,249.16,144.87,22.86,P023,EQ017
2025-09-12 23:30:00,1.46,100.42,332.61,2518.76,29.51,39.52,1080.39,1243.01,255.94,147.26,23.5,P016,EQ024
2025-09-12 23:40:00,1.26,101.8,343.49,2463.28,26.74,48.35,1135.14,1260.83,256.48,146.33,23.12,P004,EQ031
2025-09-12 23:50:00,1.34,101.54,353.66,2561.82,27.77,38.52,1044.88,1250.12,247.3,154.73,22.57,P017,EQ038
2025-09-13 00:00:00,1.26,100.64,355.2,2602.53,30.68,49.24,1143.23,1245.17,249.78,149.72,27.04,P011,EQ045
2025-09-13 00:10:00,1.34,98.22,349.59,2487.98,26.46,45.5,1105.87,1285.44,249.76,155.69,22.27,P036,EQ003
2025-09-13 00:20:00,1.26,100.56,336.31,2503.02,29.21,36.67,1042.42,1282.12,241.1,140.27,25.71,P026,EQ010
2025-09-13 00:30:00,1.45,97.49,342.43,2489.43,26.8,43.04,1129.97,1254.28,252.25,139.73,27.35,P012,EQ017
2025-09-13 00:40:00,1.19,99.07,358.66,2478.54,27.89,44.37,1057.86,1271.64,255.51,145.78,29.02,P006,EQ024
2025-09-13 00:50:00,1.2,97.05,344.14,2443.8,27.53,47.06,1087.89,1239.76,255.44,152.78,23.21,P040,EQ031
2025-09-13 01:00:00,1.36,102.61,329.59,2602.71,32.9,45.34,1120.26,1259.32,247.39,139.21,24.83,P015,EQ038
2025-09-13 01:10:00,1.33,103.99,340.77,2511.53,27.48,46.78,1080.62,1210.46,251.27,132.58,22.12,P020,EQ045
2025-09-13 01:20:00,1.16,103.92,322.23,2300.03,27.24,42.03,1079.73,1229.41,248.99,129.9,20.2,P006,EQ003
2025-09-13 01:30:00,1.12,100.81,329.45,2466.37,29.15,50.88,1113.6,1248.09,246.67,166.29,25.52,P021,EQ010
2025-09-13 01:40:00,1.22,97.42,330.98,2483.23,26.33,38.74,1113.7,1239.36,248.52,143.55,25.36,P012,EQ017
2025-09-13 01:50:00,1.29,101.8,344.78,2448.0,28.78,43.35,1062.85,1277.64,246.2,160.03,27.23,P013,EQ024
2025-09-13 02:00:00,1.29,102.98,334.27,2446.74,31.8,47.61,1075.58,1223.31,236.99,149.24,20.62,P032,EQ031
2025-09-13 02:10:00,1.24,102.92,319.72,2494.49,28.64,45.2,1158.57,1272.06,255.5,149.59,23.99,P029,EQ038
2025-09-13 02:20:00,1.12,96.86,332.6,2452.02,31.62,48.7,1133.18,1243.72,246.87,137.66,27.92,P011,EQ045
2025-09-13 02:30:00,1.32,97.52,341.4,2568.43,31.69,42.11,1141.45,1270.47,247.02,167.98,29.16,P021,EQ003
2025-09-13 02:40:00,1.25,100.78,343.77,2428.02,27.96,48.61,1152.64,1236.34,252.2,143.73,19.74,P013,EQ010
2025-09-13 02:50:00,1.27,103.25,336.24,2597.05,29.52,45.22,1088.28,1249.9,251.79,141.72,25.51,P033,EQ017
2025-09-13 03:00:00,1.02,96.18,345.12,2511.77,32.68,45.39,1098.05,1237.56,251.63,149.77,26.4,P036,EQ024
2025-09-13 03:10:00,1.23,98.89,323.52,2581.39,27.54,46.22,1118.0,1263.94,254.51,158.57,23.19,P036,EQ031
2025-09-13 03:20:00,1.23,106.6,341.28,2544.34,30.27,45.76,1143.29,1280.97,249.1,133.21,25.43,P026,EQ038
2025-09-13 03:30:00,1.33,99.92,370.98,2555.76,27.48,46.39,1056.25,1242.06,244.7,159.75,24.99,P005,EQ045
2025-09-13 03:40:00,1.06,97.9,345.85,2243.42,29.27,44.01,1121.41,1260.44,246.78,155.55,21.47,P006,EQ003
2025-09-13 03:50:00,1.24,97.01,331.18,2514.43,33.0,44.05,1130.66,1231.9,263.48,156.61,27.64,P026,EQ010
2025-09-13 04:00:00,1.17,98.33,337.56,2588.06,30.6,40.77,1120.09,1252.64,252.78,151.84,28.36,P010,EQ017
2025-09-13 04:10:00,1.2,98.5,324.21,2635.99,27.97,43.24,1045.88,1289.66,252.36,170.09,27.75,P035,EQ024
2025-09-13 04:20:00,1.43,100.49,340.57,2517.01,28.04,42.95,1074.28,1249.47,242.9,146.94,22.43,P009,EQ031
2025-09-13 04:30:00,1.19,102.15,349.86,2554.55,27.78,44.8,1108.61,1237.55,245.1,145.82,27.82,P007,EQ038
2025-09-13 04:40:00,1.13,99.8,353.21,2567.38,29.5,42.2,1133.68,1246.24,251.29,163.11,27.98,P019,EQ045
2025-09-13 04:50:00,1.21,101.11,347.44,2544.72,29.43,43.98,1116.35,1252.4,241.94,152.15,24.87,P006,EQ003
2025-09-13 05:00:00,1.26,98.84,328.16,2443.4,28.67,43.28,1119.22,1267.99,253.35,152.85,23.44,P015,EQ010
2025-09-13 05:10:00,1.3,102.62,337.62,2312.61,27.62,42.0,1101.18,1217.0,253.1,150.41,23.62,P003,EQ017
2025-09-13 05:20:00,1.1,98.18,337.89,2549.77,28.65,43.27,1105.97,1262.86,249.27,150.86,22.2,P010,EQ024
2025-09-13 05:30:00,1.16,98.83,327.49,2373.36,27.51,42.16,1172.14,1246.58,255.83,124.48,26.71,P018,EQ031
2025-09-13 05:40:00,1.26,98.99,327.36,2328.53,30.07,39.76,1084.13,1263.11,255.55,154.89,20.54,P015,EQ038
2025-09-13 05:50:00,1.03,98.9,334.66,2714.22,27.28,43.12,1121.4,1265.39,261.14,143.73,29.4,P015,EQ045
2025-09-13 06:00:00,1.22,97.46,339.27,2468.04,31.21,43.99,1053.07,1250.36,248.23,148.85,21.88,P015,EQ003
2025-09-13 06:10:00,1.19,100.74,345.98,2632.73,31.24,40.35,1111.04,1278.98,248.46,165.86,24.35,P014,EQ010
2025-09-13 06:20:00,1.13,101.6,340.62,2764.2,32.44,44.61,1107.48,1239.11,249.31,158.43,20.81,P019,EQ017
2025-09-13 06:30:00,1.11,101.78,345.69,2506.55,30.03,45.85,1097.31,1246.93,250.56,127.37,22.01,P002,EQ024
2025-09-13 06:40:00,1.26,98.24,342.1,2606.62,30.73,41.63,1118.36,1252.16,247.15,171.19,27.77,P031,EQ031
2025-09-13 06:50:00,1.25,98.65,350.44,2450.77,33.59,46.05,1110.3,1227.61,249.18,164.73,27.26,P027,EQ038
2025-09-13 07:00:00,1.22,99.71,338.7,2581.64,31.3,45.4,1090.19,1251.88,257.28,141.77,25.85,P037,EQ045
2025-09-13 07:10:00,1.22,97.42,331.88,2385.18,29.21,45.35,1104.49,1225.27,259.11,158.08,21.85,P012,EQ003
2025-09-13 07:20:00,1.2,98.71,338.65,2665.46,27.15,49.76,1106.54,1243.89,243.74,161.05,27.11,P038,EQ010
2025-09-13 07:30:00,1.38,99.51,350.23,2405.99,30.3,45.84,1121.49,1263.28,256.02,145.24,24.37,P037,EQ017
2025-09-13 07:40:00,1.13,98.82,344.89,2553.23,27.2,46.9,1102.92,1265.78,249.92,166.41,28.69,P025,EQ024
2025-09-13 07:50:00,1.12,99.27,325.94,2521.54,33.5,47.59,1073.68,1226.83,255.4,147.01,27.02,P024,EQ031
2025-09-13 08:00:00,1.25,96.75,332.65,2326.84,31.35,44.85,1118.73,1259.05,254.12,155.99,28.16,P017,EQ038
2025-09-13 08:10:00,1.16,99.79,335.5,2454.08,31.9,48.51,1085.86,1246.07,252.99,160.76,24.07,P024,EQ045
2025-09-13 08:20:00,1.22,101.84,343.64,2622.54,28.84,47.7,1066.64,1275.5,252.49,143.36,29.33,P016,EQ003
2025-09-13 08:30:00,1.25,103.44,335.88,2434.74,31.27,43.57,1072.0,1272.98,236.34,150.57,21.92,P023,EQ010
2025-09-13 08:40:00,1.26,94.42,350.27,2554.89,34.69,45.5,1104.41,1240.88,246.6,137.26,19.96,P009,EQ017
2025-09-13 08:50:00,1.06,99.69,317.36,2525.04,30.65,50.5,1061.39,1220.77,250.81,140.86,22.32,P016,EQ024
2025-09-13 09:00:00,1.13,98.25,352.85,2345.5,28.33,47.23,1119.75,1255.3,244.2,167.85,26.91,P038,EQ031
2025-09-13 09:10:00,1.22,101.0,350.24,2557.99,31.28,44.89,1087.48,1249.62,250.92,137.13,20.96,P033,EQ038
2025-09-13 09:20:00,1.2,97.95,345.53,2551.68,27.37,45.27,1108.75,1257.37,253.82,150.94,27.14,P035,EQ045
2025-09-13 09:30:00,1.43,100.62,347.23,2525.39,32.46,39.56,1054.11,1279.92,255.31,162.0,23.74,P039,EQ003
2025-09-13 09:40:00,1.33,102.77,348.49,2630.58,30.72,45.21,1101.01,1259.82,264.3,148.74,23.29,P023,EQ010
2025-09-13 09:50:00,1.07,99.55,343.55,2499.75,25.2,52.25,1128.86,1282.37,243.32,144.29,26.63,P036,EQ017
2025-09-13 10:00:00,1.12,100.32,333.36,2429.5,32.13,41.65,1040.58,1264.86,250.6,150.47,28.08,P015,EQ024
2025-09-13 10:10:00,1.18,97.09,342.89,2465.39,30.65,49.82,1058.02,1228.69,251.3,139.06,23.9,P037,EQ031
2025-09-13 10:20:00,1.33,101.1,330.06,2507.54,28.84,46.01,1098.27,1233.7,250.5,149.24,27.53,P030,EQ038
2025-09-13 10:30:00,1.13,100.96,329.77,2476.64,29.69,43.3,1152.57,1255.13,260.19,149.47,26.85,P032,EQ045
2025-09-13 10:40:00,1.36,99.98,344.72,2494.08,31.05,45.38,1121.5,1242.71,257.82,152.57,26.07,P005,EQ003
2025-09-13 10:50:00,1.32,97.26,350.97,2572.8,25.16,46.11,1075.45,1246.78,255.95,156.5,29.59,P011,EQ010
2025-09-13 11:00:00,1.42,96.04,316.69,2437.72,30.85,44.89,1087.69,1204.51,244.06,141.24,18.67,P029,EQ017
2025-09-13 11:10:00,1.21,96.98,333.95,2439.15,29.68,47.08,1148.18,1285.71,248.75,162.34,25.7,P004,EQ024
2025-09-13 11:20:00,1.17,98.93,351.21,2556.69,31.71,48.76,1094.17,1240.94,252.44,138.9,28.48,P031,EQ031
2025-09-13 11:30:00,1.25,100.15,342.25,2473.31,30.38,42.93,1086.27,1262.84,251.37,135.71,28.58,P010,EQ038
2025-09-13 11:40:00,1.18,101.97,344.51,2475.59,29.57,46.25,1091.5,1267.3,250.96,152.55,20.61,P023,EQ045
2025-09-13 11:50:00,1.2,104.23,347.93,2359.83,30.73,45.01,1112.73,1291.59,245.4,143.0,20.56,P018,EQ003
2025-09-13 12:00:00,1.23,100.91,330.79,2628.75,27.8,43.89,1086.86,1190.38,254.39,138.3,24.43,P002,EQ010
2025-09-13 12:10:00,1.17,98.38,367.21,2436.13,29.54,48.47,1093.1,1262.25,251.38,155.84,27.04,P032,EQ017
2025-09-13 12:20:00,1.24,99.2,330.46,2676.18,32.2,43.43,1139.5,1224.56,253.5,149.65,23.69,P009,EQ024
2025-09-13 12:30:00,1.12,103.74,347.34,2412.02,32.29,50.74,1049.83,1231.79,247.74,149.95,28.61,P014,EQ031
2025-09-13 12:40:00,1.16,99.57,330.54,2537.87,28.87,41.04,1088.24,1206.32,244.82,140.15,24.68,P020,EQ038
2025-09-13 12:50:00,1.35,100.75,342.38,2463.09,29.66,44.73,1108.67,1216.39,249.47,139.73,24.19,P020,EQ045
2025-09-13 13:00:00,1.25,98.49,340.86,2635.97,30.7,46.71,1064.9,1234.29,248.26,143.05,22.42,P037,EQ003
2025-09-13 13:10:00,1.07,101.5,333.65,2351.82,28.65,43.63,1064.44,1228.8,252.62,139.95,27.28,P033,EQ010
2025-09-13 13:20:00,1.02,99.42,336.36,2488.98,34.28,45.41,1150.68,1232.81,247.28,158.09,28.2,P010,EQ017
2025-09-13 13:30:00,1.16,100.43,326.82,2400.53,26.44,48.39,1123.04,1238.77,249.43,157.02,26.84,P038,EQ024
2025-09-13 13:40:00,1.39,98.88,336.82,2502.78,29.74,45.01,1089.64,1250.98,241.95,148.95,22.0,P001,EQ031
2025-09-13 13:50:00,1.22,103.01,335.45,2413.08,29.31,44.58,1111.46,1273.96,256.64,148.4,30.5,P004,EQ038
2025-09-13 14:00:00,1.24,101.86,332.18,2435.95,30.27,39.8,1130.65,1228.65,250.71,145.33,26.23,P023,EQ045
2025-09-13 14:10:00,1.29,99.4,367.79,2626.32,29.47,43.05,1125.09,1246.39,250.96,160.75,25.41,P005,EQ003
2025-09-13 14:20:00,1.23,99.73,334.31,2354.81,29.52,50.35,1106.85,1242.3,241.28,140.65,24.6,P034,EQ010
2025-09-13 14:30:00,1.12,97.37,336.24,2493.09,26.72,50.81,1113.91,1238.6,247.47,146.65,23.23,P011,EQ017
2025-09-13 14:40:00,1.25,100.78,340.94,2533.99,32.64,48.26,1089.61,1231.48,253.61,147.34,26.8,P016,EQ024
2025-09-13 14:50:00,0.96,99.97,356.91,2556.33,32.86,45.02,1061.35,1285.43,252.49,154.96,30.37,P012,EQ031
2025-09-13 15:00:00,1.12,97.39,326.83,2431.77,28.35,40.78,1115.69,1254.05,260.53,142.97,29.09,P002,EQ038
2025-09-13 15:10:00,1.2,99.2,336.61,2685.73,29.1,47.78,1123.89,1258.76,254.37,122.15,26.64,P032,EQ045
2025-09-13 15:20:00,1.3,98.05,353.91,2384.72,28.83,47.33,1091.64,1238.13,257.92,153.38,27.36,P022,EQ003
2025-09-13 15:30:00,1.06,101.25,336.62,2529.91,27.56,40.95,1150.16,1262.85,258.17,141.58,21.39,P026,EQ010
2025-09-13 15:40:00,1.21,100.61,350.88,2430.65,27.63,44.97,1096.36,1224.01,256.68,139.99,25.39,P025,EQ017
2025-09-13 15:50:00,1.18,99.98,341.21,2554.77,26.98,39.68,1086.85,1226.89,250.63,130.19,27.08,P025,EQ024
2025-09-13 16:00:00,1.03,101.84,346.03,2540.02,32.38,44.41,1105.04,1263.65,259.65,142.49,27.78,P009,EQ031
2025-09-13 16:10:00,1.06,101.81,359.21,2574.42,32.66,43.65,1111.19,1253.16,253.77,142.24,28.43,P012,EQ038
2025-09-13 16:20:00,1.14,102.03,352.07,2360.84,29.53,41.35,1080.15,1247.8,255.48,171.82,20.98,P023,EQ045
2025-09-13 16:30:00,1.27,100.29,353.14,2509.74,31.89,40.47,1120.68,1293.46,245.85,129.53,21.74,P028,EQ003
2025-09-13 16:40:00,1.1,100.11,344.27,2479.05,31.08,46.42,1103.96,1247.81,252.43,158.68,28.48,P032,EQ010
2025-09-13 16:50:00,1.14,99.24,339.14,2476.29,28.94,42.15,1120.3,1248.03,255.83,143.77,20.96,P017,EQ017
2025-09-13 17:00:00,1.24,99.77,321.94,2473.63,29.36,44.54,1110.92,1231.91,256.73,162.07,23.85,P015,EQ024
2025-09-13 17:10:00,1.21,98.82,355.55,2540.27,27.98,47.57,1161.48,1276.97,253.65,154.82,23.91,P006,EQ031
2025-09-13 17:20:00,1.16,100.72,339.13,2584.25,27.78,43.2,1091.0,1250.66,247.55,160.9,22.75,P007,EQ038
2025-09-13 17:30:00,1.22,99.98,342.61,2520.2,32.64,45.63,1113.24,1243.69,250.78,149.79,24.72,P002,EQ045
2025-09-13 17:40:00,1.12,100.36,351.84,2543.11,29.66,44.1,1077.98,1275.76,248.83,153.55,28.7,P004,EQ003
2025-09-13 17:50:00,1.09,98.09,339.3,2717.8,26.62,42.79,1071.2,1253.01,253.5,149.08,29.74,P004,EQ010
2025-09-13 18:00:00,0.98,100.56,353.76,2658.83,28.55,49.69,1146.52,1268.05,246.45,152.16,26.33,P007,EQ017
2025-09-13 18:10:00,1.28,100.4,342.09,2764.07,29.49,46.26,1099.63,1260.76,250.14,157.3,21.47,P034,EQ024
2025-09-13 18:20:00,1.13,100.25,333.31,2424.65,28.25,54.22,1142.8,1279.02,241.11,149.1,19.49,P021,EQ031
2025-09-13 18:30:00,1.29,99.72,346.24,2534.3,29.36,40.06,1119.11,1283.44,246.34,151.09,23.67,P002,EQ038
2025-09-13 18:40:00,1.21,100.16,346.29,2479.13,30.97,49.62,1040.0,1240.97,251.26,164.93,27.41,P037,EQ045
2025-09-13 18:50:00,1.35,94.18,346.89,2391.78,31.68,43.1,1123.36,1274.88,255.93,157.52,26.26,P005,EQ003
2025-09-13 19:00:00,1.22,99.98,348.39,2411.43,29.02,42.02,1062.48,1297.14,240.75,151.26,28.98,P013,EQ010
2025-09-13 19:10:00,1.29,97.87,336.99,2594.15,28.84,42.61,1094.49,1245.16,258.71,159.63,26.67,P032,EQ017
2025-09-13 19:20:00,1.26,97.47,352.35,2479.94,28.2,47.84,1092.95,1232.88,248.57,145.04,20.99,P014,EQ024
2025-09-13 19:30:00,1.26,101.53,338.49,2474.9,29.45,47.23,1136.92,1249.58,249.81,146.89,29.17,P007,EQ031
2025-09-13 19:40:00,1.23,98.54,347.2,2641.02,31.71,43.68,1138.23,1262.24,246.95,150.26,28.11,P010,EQ038
2025-09-13 19:50:00,1.36,100.14,342.93,2485.53,30.3,44.11,1086.01,1263.3,240.28,168.68,24.78,P037,EQ045
2025-09-13 20:00:00,1.36,100.76,328.01,2536.1,30.84,47.55,1110.36,1275.35,248.33,152.52,21.65,P029,EQ003
2025-09-13 20:10:00,1.23,96.43,359.01,2473.39,27.1,46.7,1103.47,1250.64,239.81,153.19,25.49,P012,EQ010
2025-09-13 20:20:00,1.23,97.21,328.36,2482.92,29.87,38.71,1065.32,1233.9,247.19,159.8,24.01,P029,EQ017
2025-09-13 20:30:00,1.06,100.2,344.76,2474.14,29.46,45.78,1140.11,1244.34,245.99,159.48,19.51,P003,EQ024
2025-09-13 20:40:00,1.21,101.45,335.08,2554.66,27.2,43.68,1082.39,1243.69,254.21,142.29,29.14,P008,EQ031
2025-09-13 20:50:00,1.11,98.17,359.09,2452.39,29.26,45.07,1122.64,1257.7,251.36,133.1,27.87,P020,EQ038
2025-09-13 21:00:00,1.23,101.6,337.91,2434.49,29.73,39.62,1086.28,1214.21,256.48,147.32,28.7,P007,EQ045
2025-09-13 21:10:00,1.3,103.3,340.19,2536.86,28.29,40.06,1047.99,1246.81,254.18,138.47,23.38,P012,EQ003
2025-09-13 21:20:00,1.2,102.68,338.37,2605.43,31.44,43.8,1090.21,1261.52,249.28,148.25,25.58,P011,EQ010
2025-09-13 21:30:00,1.14,100.11,347.13,2559.77,27.0,42.73,1129.1,1252.42,249.13,151.56,28.41,P032,EQ017
2025-09-13 21:40:00,1.24,101.27,357.32,2441.11,31.02,43.25,1071.8,1234.6,255.42,157.01,21.72,P010,EQ024
2025-09-13 21:50:00,0.93,100.59,329.37,2432.5,32.88,46.25,1055.79,1247.94,238.21,130.42,27.98,P022,EQ031
2025-09-13 22:00:00,1.14,97.11,328.54,2370.28,30.25,45.78,1084.56,1256.33,255.65,156.03,29.63,P036,EQ038
2025-09-13 22:10:00,1.18,99.2,340.36,2463.52,30.51,45.79,1091.05,1222.55,253.74,136.98,27.58,P029,EQ045
2025-09-13 22:20:00,1.17,100.64,335.15,2312.62,29.03,43.88,1085.69,1225.98,249.1,146.39,28.23,P036,EQ003
2025-09-13 22:30:00,1.28,100.94,335.32,2639.46,30.3,43.06,1089.2,1235.74,249.28,150.15,19.98,P016,EQ010
2025-09-13 22:40:00,1.01,104.79,328.48,2327.57,28.16,44.76,1077.95,1258.92,239.38,158.35,22.39,P016,EQ017
2025-09-13 22:50:00,1.18,102.07,345.22,2439.43,29.27,47.31,1102.95,1252.12,257.22,160.56,29.94,P032,EQ024
2025-09-13 23:00:00,1.26,102.33,332.2,2338.79,29.03,40.08,1114.86,1257.25,246.47,158.51,21.29,P026,EQ031
2025-09-13 23:10:00,1.41,102.05,352.29,2711.3,31.97,41.11,1106.23,1247.55,253.65,166.95,20.29,P004,EQ038
2025-09-13 23:20:00,1.33,97.63,336.52,2459.28,30.01,47.16,1091.8,1258.72,241.62,162.13,27.85,P031,EQ045
2025-09-13 23:30:00,1.19,99.91,343.95,2463.17,25.88,45.97,1045.47,1263.04,251.12,139.65,27.99,P038,EQ003
2025-09-13 23:40:00,1.19,100.84,332.38,2536.67,30.35,44.45,1070.65,1235.58,261.29,143.49,21.28,P034,EQ010
2025-09-13 23:50:00,1.19,96.29,330.14,2622.86,29.42,44.94,1124.45,1224.51,250.62,159.82,20.15,P021,EQ017
2025-09-14 00:00:00,1.26,102.57,343.63,2448.9,28.92,46.11,1080.42,1247.63,258.74,156.75,29.52,P037,EQ024
2025-09-14 00:10:00,1.12,98.81,330.04,2535.53,34.14,44.71,1067.02,1244.7,255.26,147.95,25.69,P035,EQ031
2025-09-14 00:20:00,1.12,101.05,344.54,2520.99,28.94,43.59,1145.37,1263.15,257.26,158.95,25.73,P035,EQ038
2025-09-14 00:30:00,1.03,102.24,325.6,2436.09,31.49,48.87,1093.54,1260.7,258.44,155.39,27.04,P019,EQ045
2025-09-14 00:40:00,1.08,101.34,344.95,2365.04,25.56,39.3,1116.72,1259.74,251.19,162.83,23.05,P029,EQ003
2025-09-14 00:50:00,1.18,99.92,330.62,2426.19,32.76,44.31,1106.57,1249.84,259.22,143.26,28.11,P019,EQ010
2025-09-14 01:00:00,1.16,103.34,332.75,2314.7,27.68,43.12,1030.09,1256.52,250.27,160.37,29.07,P028,EQ017
2025-09-14 01:10:00,1.05,100.8,339.2,2603.44,29.47,41.76,1038.57,1230.54,236.83,158.98,22.0,P025,EQ024
2025-09-14 01:20:00,1.05,97.4,340.24,2456.94,28.78,44.96,1153.65,1246.51,256.55,149.08,20.91,P002,EQ031
2025-09-14 01:30:00,1.31,100.47,338.31,2434.19,30.34,42.92,1100.29,1254.29,239.18,139.61,23.47,P021,EQ038
2025-09-14 01:40:00,1.13,98.72,348.34,2677.72,26.73,47.71,1090.39,1283.95,244.11,147.77,25.21,P040,EQ045
2025-09-14 01:50:00,1.24,100.2,326.7,2558.7,34.51,48.05,1109.88,1226.95,246.98,164.44,22.73,P032,EQ003
2025-09-14 02:00:00,1.2,102.42,345.93,2519.56,30.52,44.15,1094.09,1254.96,253.12,149.32,29.85,P019,EQ010
2025-09-14 02:10:00,1.47,103.01,360.86,2504.05,26.49,45.1,1096.88,1267.95,251.67,150.35,27.76,P004,EQ017
2025-09-14 02:20:00,1.16,99.74,344.32,2272.03,32.51,44.47,1146.72,1216.47,244.28,177.05,23.58,P003,EQ024
2025-09-14 02:30:00,1.2,100.43,316.15,2563.08,32.68,39.78,1130.68,1231.09,250.92,141.35,21.22,P006,EQ031
2025-09-14 02:40:00,1.18,99.67,346.72,2555.22,30.98,41.34,1104.54,1226.81,251.63,141.21,22.36,P038,EQ038
2025-09-14 02:50:00,1.32,99.37,345.39,2443.57,30.19,51.46,1079.59,1265.63,247.95,141.36,27.08,P037,EQ045
2025-09-14 03:00:00,1.16,102.78,328.81,2472.29,28.37,49.33,1098.85,1264.88,245.86,132.56,24.83,P021,EQ003
2025-09-14 03:10:00,1.28,96.6,348.53,2330.22,30.48,50.26,1083.6,1275.59,250.06,164.46,27.44,P035,EQ010
2025-09-14 03:20:00,1.07,101.73,358.43,2464.34,31.0,43.9,1141.95,1285.56,244.24,153.6,19.99,P020,EQ017
2025-09-14 03:30:00,1.24,99.25,350.9,2339.81,34.61,46.17,1143.2,1223.57,254.55,148.82,23.32,P023,EQ024
2025-09-14 03:40:00,1.17,99.84,321.31,2315.55,28.87,48.14,1106.44,1238.71,251.76,150.2,29.03,P004,EQ031
2025-09-14 03:50:00,1.26,100.05,341.31,2337.93,31.15,46.07,1106.36,1263.24,252.73,142.44,28.31,P028,EQ038
2025-09-14 04:00:00,1.11,100.66,352.95,2398.35,29.25,39.88,1103.46,1292.37,250.96,163.36,27.89,P034,EQ045
2025-09-14 04:10:00,1.03,99.79,330.39,2591.48,31.11,43.57,1059.65,1265.98,245.6,170.62,27.82,P033,EQ003
2025-09-14 04:20:00,0.99,99.74,356.53,2477.69,28.64,39.42,1135.16,1237.99,258.02,158.98,23.78,P003,EQ010
2025-09-14 04:30:00,1.01,98.83,330.14,2351.93,32.19,47.64,1092.03,1244.07,248.07,148.78,28.21,P007,EQ017
2025-09-14 04:40:00,1.22,97.65,330.21,2500.93,29.28,50.5,1071.91,1272.48,239.49,145.78,23.51,P012,EQ024
2025-09-14 04:50:00,1.25,101.24,340.2,2559.36,32.04,41.78,1145.81,1248.26,247.84,136.62,28.1,P021,EQ031
2025-09-14 05:00:00,1.09,99.58,335.98,2427.35,29.47,43.66,1061.66,1275.54,252.27,140.07,20.95,P014,EQ038
2025-09-14 05:10:00,1.44,103.13,342.81,2380.31,30.92,46.84,1108.45,1252.72,255.66,152.57,25.09,P037,EQ045
2025-09-14 05:20:00,1.28,99.11,342.68,2502.45,30.46,46.87,1024.52,1230.77,249.38,150.24,25.45,P001,EQ003
2025-09-14 05:30:00,1.21,99.48,326.67,2508.81,33.14,46.66,1103.55,1259.64,252.95,142.31,20.46,P025,EQ010
2025-09-14 05:40:00,1.41,97.77,338.96,2553.78,31.83,45.3,1093.25,1242.11,242.72,153.5,20.88,P008,EQ017
2025-09-14 05:50:00,1.24,99.65,336.9,2540.37,29.63,42.56,1086.98,1272.89,240.89,151.48,28.16,P001,EQ024
2025-09-14 06:00:00,1.27,99.24,345.38,2424.55,32.2,42.41,1065.97,1247.5,256.05,142.2,29.13,P022,EQ031
2025-09-14 06:10:00,1.25,100.38,336.45,2442.51,31.56,49.32,1109.93,1228.81,246.86,140.82,28.43,P025,EQ038
2025-09-14 06:20:00,1.19,99.38,341.11,2585.2,29.81,41.38,1091.85,1245.26,247.28,136.08,27.33,P024,EQ045
2025-09-14 06:30:00,1.24,97.86,332.06,2421.64,31.15,44.48,1093.94,1270.4,259.53,152.76,30.21,P026,EQ003
2025-09-14 06:40:00,1.38,103.06,340.02,2521.26,29.91,49.5,1103.85,1249.09,249.11,155.19,19.98,P010,EQ010
2025-09-14 06:50:00,1.25,101.43,346.96,2329.15,28.43,40.9,1043.95,1251.17,248.56,162.03,25.38,P040,EQ017
2025-09-14 07:00:00,1.18,97.5,345.81,2661.22,31.67,44.83,1106.21,1271.94,248.31,157.83,26.46,P028,EQ024
2025-09-14 07:10:00,1.2,104.45,347.56,2633.03,31.3,48.32,1107.13,1236.67,258.61,157.35,26.92,P020,EQ031
2025-09-14 07:20:00,1.11,99.85,343.32,2356.22,28.22,41.59,1087.93,1193.48,247.03,147.28,20.41,P018,EQ038
2025-09-14 07:30:00,1.24,98.93,311.43,2536.71,30.63,42.84,1111.42,1236.96,245.94,175.85,23.01,P001,EQ045
2025-09-14 07:40:00,1.22,101.64,338.1,2564.33,32.18,36.86,1065.33,1233.55,253.56,154.89,23.73,P027,EQ003
2025-09-14 07:50:00,1.27,99.54,325.15,2561.05,32.07,46.21,1111.86,1245.05,253.63,161.75,23.57,P013,EQ010
2025-09-14 08:00:00,1.22,97.31,340.37,2488.38,28.59,46.96,1130.66,1214.31,248.67,141.45,26.71,P032,EQ017
2025-09-14 08:10:00,1.08,100.7,332.0,2651.03,28.57,52.27,1082.45,1259.77,248.49,149.45,22.15,P001,EQ024
2025-09-14 08:20:00,1.25,99.53,346.88,2315.61,28.88,42.86,1080.34,1260.71,243.72,159.88,25.34,P026,EQ031
2025-09-14 08:30:00,1.09,101.91,339.42,2666.81,27.97,44.33,1118.46,1230.26,245.37,159.44,19.35,P029,EQ038
2025-09-14 08:40:00,1.18,99.85,358.15,2515.54,29.46,47.27,1092.88,1284.99,244.75,140.59,21.02,P015,EQ045
2025-09-14 08:50:00,1.07,97.23,348.49,2623.28,29.97,49.21,1146.08,1257.41,255.1,151.04,20.85,P008,EQ003
2025-09-14 09:00:00,1.1,101.36,326.41,2630.38,26.73,46.91,1090.79,1252.46,243.77,146.16,20.28,P032,EQ010
2025-09-14 09:10:00,1.23,97.63,341.36,2442.63,30.41,49.08,1082.95,1255.69,251.29,164.05,20.47,P035,EQ017
2025-09-14 09:20:00,1.34,98.82,345.93,2550.45,30.68,46.76,1122.61,1238.23,254.58,151.64,23.04,P017,EQ024
2025-09-14 09:30:00,1.28,100.42,349.04,2539.78,29.05,35.88,1136.52,1254.96,238.99,140.56,27.83,P026,EQ031
2025-09-14 09:40:00,1.13,100.15,335.35,2621.88,30.52,42.65,1068.02,1265.57,248.17,127.36,22.53,P019,EQ038
2025-09-14 09:50:00,1.22,98.49,315.06,2417.54,29.18,44.39,1127.73,1231.16,245.79,155.87,21.71,P037,EQ045
2025-09-14 10:00:00,1.27,100.1,341.81,2543.97,30.38,46.42,1101.2,1236.21,244.51,153.91,21.46,P008,EQ003
2025-09-14 10:10:00,1.25,96.92,331.69,2409.42,30.2,43.38,1139.95,1239.81,258.11,149.27,24.06,P013,EQ010
2025-09-14 10:20:00,0.99,97.53,344.92,2459.62,27.65,41.01,1081.56,1248.21,241.12,158.63,27.88,P036,EQ017
2025-09-14 10:30:00,1.08,101.67,329.87,2699.14,30.37,50.94,1092.04,1262.14,241.52,147.02,27.25,P013,EQ024
2025-09-14 10:40:00,1.19,104.12,346.04,2636.68,29.44,41.73,1124.17,1267.27,259.91,155.52,22.0,P003,EQ031
2025-09-14 10:50:00,1.13,102.21,337.27,2563.63,29.79,46.66,1116.58,1279.4,241.11,137.16,23.91,P007,EQ038
2025-09-14 11:00:00,1.38,101.92,350.48,2530.76,30.34,45.99,1095.4,1272.21,247.78,157.98,20.9,P003,EQ045
2025-09-14 11:10:00,1.13,101.18,342.82,2430.9,26.7,48.93,1077.68,1230.63,245.5,141.75,26.88,P012,EQ003
2025-09-14 11:20:00,1.22,100.94,334.48,2546.42,28.27,39.95,1120.66,1269.7,244.29,148.62,20.29,P005,EQ010
2025-09-14 11:30:00,1.25,98.75,337.36,2465.89,28.02,45.5,1055.81,1259.14,254.01,135.95,22.51,P040,EQ017
2025-09-14 11:40:00,1.39,98.61,353.98,2589.81,29.48,42.91,1090.56,1266.83,243.85,158.76,23.0,P010,EQ024
2025-09-14 11:50:00,1.22,98.6,339.26,2344.46,29.43,49.65,1064.15,1238.93,252.18,139.44,23.96,P003,EQ031
2025-09-14 12:00:00,1.19,97.9,331.99,2336.92,30.42,43.84,1085.87,1260.03,257.32,149.06,27.11,P033,EQ038
2025-09-14 12:10:00,1.16,100.87,350.52,2579.1,33.1,50.8,1079.19,1264.09,244.68,137.15,26.87,P013,EQ045
2025-09-14 12:20:00,1.11,101.77,343.42,2499.07,27.21,44.78,1091.01,1228.54,250.21,148.15,26.72,P021,EQ003
2025-09-14 12:30:00,1.39,101.02,324.26,2400.19,30.54,45.58,1091.43,1234.96,255.77,149.75,20.27,P001,EQ010
2025-09-14 12:40:00,1.04,101.67,345.69,2506.77,33.75,44.7,1136.46,1249.14,250.61,147.93,28.98,P022,EQ017
2025-09-14 12:50:00,1.14,100.51,332.62,2571.99,27.5,43.41,1152.37,1255.72,244.41,144.73,27.56,P017,EQ024
2025-09-14 13:00:00,1.3,102.71,352.18,2506.91,29.78,46.13,1080.13,1219.74,260.09,155.48,29.11,P023,EQ031
2025-09-14 13:10:00,1.16,98.93,345.62,2473.26,32.48,43.34,1098.69,1235.24,248.28,160.14,23.71,P004,EQ038
2025-09-14 13:20:00,1.25,99.82,356.53,2520.69,31.47,45.72,1118.4,1263.88,252.96,148.92,24.01,P010,EQ045
2025-09-14 13:30:00,1.18,102.32,316.22,2563.68,26.41,47.15,1114.57,1281.91,241.11,135.18,28.6,P033,EQ003
2025-09-14 13:40:00,1.18,100.52,348.18,2420.46,28.26,40.37,1106.91,1239.34,251.68,138.08,20.21,P012,EQ010
2025-09-14 13:50:00,1.31,101.11,358.97,2634.53,31.57,48.48,1119.73,1214.91,255.73,171.73,25.63,P022,EQ017
2025-09-14 14:00:00,1.05,98.88,342.35,2450.95,29.14,39.75,1101.48,1251.56,246.6,141.01,25.76,P029,EQ024
2025-09-14 14:10:00,1.11,101.45,347.3,2570.99,30.78,43.01,1102.98,1230.72,246.97,139.62,19.33,P029,EQ031
2025-09-14 14:20:00,1.2,98.38,353.0,2550.96,32.16,44.31,1119.87,1242.15,240.02,139.57,19.37,P016,EQ038
2025-09-14 14:30:00,0.91,97.52,355.53,2625.05,32.06,42.89,1055.5,1245.75,251.75,170.38,25.62,P019,EQ045
2025-09-14 14:40:00,1.21,100.22,332.84,2509.75,30.97,45.37,1089.28,1268.25,255.61,150.61,26.03,P010,EQ003
2025-09-14 14:50:00,1.24,102.82,345.42,2431.74,28.11,50.7,1092.32,1226.98,251.66,156.94,24.7,P021,EQ010
2025-09-14 15:00:00,1.29,101.42,332.48,2443.92,30.37,43.58,1040.21,1241.12,253.29,143.82,20.3,P005,EQ017
2025-09-14 15:10:00,1.3,95.74,355.43,2538.39,30.93,43.08,1101.92,1218.98,240.59,163.4,22.19,P035,EQ024
2025-09-14 15:20:00,1.39,98.18,328.84,2407.47,32.57,41.87,1095.03,1250.39,255.19,154.79,20.21,P011,EQ031
2025-09-14 15:30:00,1.17,100.11,330.01,2557.8,30.25,43.69,1065.6,1254.34,252.81,149.43,27.12,P021,EQ038
2025-09-14 15:40:00,1.07,103.49,342.79,2517.42,26.39,42.45,1127.87,1243.17,245.42,153.39,22.71,P010,EQ045
2025-09-14 15:50:00,1.17,103.55,340.83,2426.8,31.54,46.69,1080.01,1267.27,240.21,158.8,27.73,P015,EQ003
2025-09-14 16:00:00,1.22,100.51,348.46,2563.49,35.39,45.88,1047.26,1286.38,241.96,138.3,19.6,P001,EQ010
2025-09-14 16:10:00,1.23,99.33,350.54,2654.46,26.81,44.99,1097.71,1270.03,253.79,151.93,25.94,P025,EQ017
2025-09-14 16:20:00,1.33,102.58,329.6,2588.18,29.87,42.5,1101.48,1241.63,247.56,150.22,26.72,P008,EQ024
2025-09-14 16:30:00,1.26,99.06,345.31,2489.45,31.7,44.78,1115.63,1245.53,243.9,138.88,27.25,P003,EQ031
2025-09-14 16:40:00,1.37,100.34,336.79,2412.6,31.03,50.47,1077.34,1274.74,257.43,157.02,26.42,P005,EQ038
2025-09-14 16:50:00,1.17,101.22,337.17,2420.63,31.5,41.26,1091.47,1279.69,252.69,149.71,20.51,P031,EQ045
2025-09-14 17:00:00,1.11,100.56,345.33,2511.45,29.05,44.25,1122.84,1247.63,249.33,150.28,28.69,P025,EQ003
2025-09-14 17:10:00,1.27,101.02,353.62,2398.73,31.77,40.16,1120.2,1199.91,250.71,150.22,21.56,P040,EQ010
2025-09-14 17:20:00,1.06,98.15,328.07,2688.14,29.83,48.88,1081.94,1253.34,252.1,130.65,23.68,P016,EQ017
2025-09-14 17:30:00,1.31,97.38,354.09,2637.76,30.39,42.42,1145.66,1261.69,259.3,154.47,27.56,P040,EQ024
2025-09-14 17:40:00,1.19,95.58,361.42,2587.93,28.54,42.68,1094.15,1251.85,252.25,156.6,22.31,P030,EQ031
2025-09-14 17:50:00,1.25,96.17,331.58,2584.38,28.75,46.55,1117.44,1251.17,250.54,145.53,24.4,P010,EQ038
2025-09-14 18:00:00,1.18,96.52,355.1,2481.96,32.17,42.94,1101.96,1237.64,243.16,157.85,23.19,P024,EQ045
2025-09-14 18:10:00,1.16,100.87,328.99,2640.39,31.31,47.27,1147.95,1249.05,253.8,126.23,22.14,P019,EQ003
2025-09-14 18:20:00,1.21,101.67,348.47,2556.24,33.46,40.52,1078.76,1230.4,246.27,145.78,25.09,P012,EQ010
2025-09-14 18:30:00,1.22,101.85,345.87,2567.55,28.17,41.5,1201.0,1263.95,248.37,153.2,29.21,P025,EQ017
2025-09-14 18:40:00,1.15,96.53,352.05,2625.7,30.31,38.78,1075.37,1274.47,252.74,140.92,30.33,P011,EQ024
2025-09-14 18:50:00,1.08,103.03,315.71,2649.03,27.09,44.77,1082.04,1243.33,255.75,163.74,23.64,P002,EQ031
2025-09-14 19:00:00,1.28,95.1,320.01,2706.15,31.07,45.1,1089.81,1243.03,245.47,157.19,23.3,P020,EQ038
2025-09-14 19:10:00,1.21,104.74,337.44,2595.8,25.54,45.34,1164.14,1274.28,239.08,161.78,20.51,P030,EQ045
2025-09-14 19:20:00,1.21,100.42,336.19,2492.05,30.86,45.77,1112.68,1255.28,253.41,145.79,24.08,P035,EQ003
2025-09-14 19:30:00,1.13,103.75,347.9,2593.28,30.2,43.52,1108.24,1248.47,252.37,144.12,28.21,P026,EQ010
2025-09-14 19:40:00,1.22,102.67,325.13,2371.13,31.17,45.55,1079.78,1231.55,248.49,151.83,20.42,P023,EQ017
2025-09-14 19:50:00,1.25,104.29,340.13,2543.34,26.79,46.38,1092.39,1282.36,253.1,153.64,22.5,P026,EQ024
2025-09-14 20:00:00,1.24,98.24,362.81,2578.4,28.31,47.36,1095.64,1240.09,251.85,151.72,23.74,P027,EQ031
2025-09-14 20:10:00,1.29,98.66,347.05,2809.47,28.95,47.77,1103.4,1264.01,247.37,151.62,24.16,P029,EQ038
2025-09-14 20:20:00,1.2,98.21,345.18,2465.96,28.83,42.36,1097.97,1251.78,251.51,147.14,24.16,P025,EQ045
2025-09-14 20:30:00,1.19,100.27,340.72,2501.44,29.95,41.91,1130.1,1279.33,255.56,151.15,25.29,P022,EQ003
2025-09-14 20:40:00,1.24,100.96,339.15,2448.6,29.41,33.89,1141.59,1251.72,248.27,145.92,22.7,P026,EQ010
2025-09-14 20:50:00,1.13,100.36,334.04,2401.71,29.57,42.9,1083.06,1261.42,256.07,132.59,21.64,P034,EQ017
2025-09-14 21:00:00,1.04,98.01,333.41,2462.27,32.57,45.02,1116.02,1230.26,245.18,138.91,20.89,P014,EQ024
2025-09-14 21:10:00,1.09,101.16,349.21,2492.02,30.36,44.75,1118.26,1238.45,249.87,152.88,26.36,P037,EQ031
2025-09-14 21:20:00,1.28,100.22,342.76,2547.96,28.99,47.47,1101.51,1267.96,252.88,145.02,22.1,P040,EQ038
2025-09-14 21:30:00,1.1,103.41,347.36,2616.25,28.96,46.55,1071.03,1257.88,249.22,155.28,23.26,P030,EQ045
2025-09-14 21:40:00,1.21,101.58,334.52,2397.42,30.19,41.14,1137.48,1272.77,249.0,145.74,25.36,P027,EQ003
2025-09-14 21:50:00,1.2,98.32,343.84,2628.81,27.89,40.41,1112.77,1211.87,249.25,156.77,22.52,P020,EQ010
2025-09-14 22:00:00,1.29,95.39,342.58,2616.85,28.5,49.53,1111.4,1260.59,254.53,155.95,22.3,P010,EQ017
2025-09-14 22:10:00,1.12,100.33,353.03,2499.24,32.84,45.31,1180.67,1234.19,249.22,151.0,23.86,P035,EQ024
2025-09-14 22:20:00,1.24,97.23,354.85,2566.05,30.58,41.73,1083.75,1260.6,249.07,155.07,26.15,P020,EQ031
2025-09-14 22:30:00,1.22,100.91,356.21,2588.37,27.39,46.85,1065.46,1238.68,256.61,136.81,28.99,P040,EQ038
2025-09-14 22:40:00,1.18,96.21,340.85,2456.2,28.76,47.05,1120.7,1265.57,243.28,140.23,23.32,P013,EQ045
2025-09-14 22:50:00,1.09,100.4,340.52,2300.44,28.43,44.79,1106.96,1256.4,255.01,154.62,22.31,P036,EQ003
2025-09-14 23:00:00,1.1,102.25,333.89,2464.52,28.45,46.04,1133.79,1244.82,247.83,153.87,27.99,P025,EQ010
2025-09-14 23:10:00,1.27,98.72,343.28,2512.05,30.37,43.65,1108.22,1252.08,259.15,151.44,29.93,P028,EQ017
2025-09-14 23:20:00,1.23,101.19,337.19,2536.0,27.07,41.35,1119.32,1243.74,244.28,152.22,20.8,P029,EQ024
2025-09-14 23:30:00,1.14,100.73,350.34,2540.2,32.22,42.04,1084.37,1258.12,243.71,149.71,19.48,P014,EQ031
2025-09-14 23:40:00,1.15,99.51,334.83,2563.67,30.3,41.24,1117.92,1253.92,250.77,146.34,23.56,P012,EQ038
2025-09-14 23:50:00,1.21,105.63,337.89,2348.7,30.21,48.18,1076.45,1266.54,246.99,151.63,22.33,P037,EQ045
2025-09-15 00:00:00,1.37,98.12,349.54,2566.24,32.49,39.55,1098.52,1225.72,248.21,138.06,26.45,P026,EQ003
2025-09-15 00:10:00,1.06,96.69,305.04,2533.06,27.38,45.2,1174.56,1271.23,252.98,147.72,26.0,P013,EQ010
2025-09-15 00:20:00,1.3,97.15,329.36,2317.02,24.95,41.43,1079.41,1221.61,251.47,143.06,20.75,P021,EQ017
2025-09-15 00:30:00,1.22,99.14,345.61,2365.73,30.03,44.12,1110.86,1229.07,248.69,177.31,23.69,P009,EQ024
2025-09-15 00:40:00,0.98,95.02,323.91,2380.32,28.83,43.23,1168.39,1265.4,244.3,136.34,26.82,P032,EQ031
2025-09-15 00:50:00,1.34,101.51,352.27,2381.6,27.69,44.71,1112.5,1277.75,253.78,144.13,23.58,P040,EQ038
2025-09-15 01:00:00,1.25,101.06,347.71,2462.42,27.29,49.66,1090.91,1277.66,260.2,140.93,26.42,P003,EQ045
2025-09-15 01:10:00,1.27,101.48,351.63,2538.61,32.19,36.09,1150.79,1242.73,249.61,147.1,26.07,P005,EQ003
2025-09-15 01:20:00,1.07,97.47,337.75,2458.47,33.1,40.1,1111.37,1259.12,248.04,149.3,20.45,P001,EQ010
2025-09-15 01:30:00,1.27,96.58,348.31,2587.25,32.09,46.98,1126.92,1271.18,245.29,143.69,28.59,P004,EQ017
2025-09-15 01:40:00,1.16,97.98,329.75,2579.73,28.88,50.94,1105.02,1226.12,245.04,147.84,22.0,P006,EQ024
2025-09-15 01:50:00,1.17,101.3,335.2,2507.86,29.84,46.42,1086.52,1227.93,256.34,147.89,22.86,P023,EQ031
2025-09-15 02:00:00,1.16,101.7,340.95,2654.04,27.81,48.51,1169.59,1224.55,250.29,158.26,21.2,P010,EQ038
2025-09-15 02:10:00,1.19,102.41,329.4,2396.02,30.21,47.07,1107.02,1225.72,252.83,144.48,28.78,P020,EQ045
2025-09-15 02:20:00,1.29,101.07,331.84,2504.83,33.3,43.29,1070.83,1257.81,255.26,153.27,28.64,P024,EQ003
2025-09-15 02:30:00,1.1,100.81,339.35,2550.97,29.65,39.54,1115.96,1270.01,252.02,156.61,26.36,P021,EQ010
2025-09-15 02:40:00,1.17,99.57,330.87,2465.22,32.34,36.06,1040.04,1248.88,250.15,169.21,25.34,P029,EQ017
2025-09-15 02:50:00,1.24,98.49,343.71,2395.37,32.23,44.21,1064.93,1231.23,248.12,142.72,23.74,P012,EQ024
2025-09-15 03:00:00,1.32,100.87,342.8,2454.05,32.32,40.27,1103.66,1231.91,249.79,154.54,22.12,P007,EQ031
2025-09-15 03:10:00,1.01,101.3,347.54,2426.03,29.6,40.19,1108.3,1209.88,252.81,156.57,26.91,P011,EQ038
2025-09-15 03:20:00,1.22,99.46,330.63,2433.28,30.39,45.23,1098.01,1262.04,248.99,163.38,28.62,P010,EQ045
2025-09-15 03:30:00,1.33,99.98,328.11,2544.16,28.6,49.24,1100.64,1240.55,247.08,157.88,20.82,P008,EQ003
2025-09-15 03:40:00,1.26,101.36,341.96,2653.92,31.01,51.98,1134.21,1263.2,253.61,154.03,25.47,P040,EQ010
2025-09-15 03:50:00,1.28,99.64,321.66,2521.77,28.11,47.23,1086.7,1243.41,254.21,152.15,23.92,P036,EQ017
2025-09-15 04:00:00,1.26,97.41,350.81,2690.41,30.31,45.65,1078.0,1247.53,252.51,173.87,25.25,P031,EQ024
2025-09-15 04:10:00,1.25,103.29,337.3,2444.99,28.38,40.83,1124.42,1241.63,257.17,149.52,27.07,P018,EQ031
2025-09-15 04:20:00,1.07,102.15,318.46,2381.73,28.61,44.77,1115.15,1233.41,242.58,159.72,25.27,P016,EQ038
2025-09-15 04:30:00,1.23,101.04,329.81,2640.59,29.24,38.37,1092.73,1234.9,241.89,147.49,27.91,P010,EQ045
2025-09-15 04:40:00,1.03,100.97,350.17,2386.33,28.35,42.22,1080.08,1296.81,251.57,152.82,29.8,P007,EQ003
2025-09-15 04:50:00,1.34,100.77,356.34,2423.83,27.7,51.47,1079.74,1236.69,250.91,133.86,26.85,P009,EQ010
2025-09-15 05:00:00,1.23,98.95,337.39,2502.96,27.72,41.48,1189.27,1240.3,250.31,149.31,28.08,P031,EQ017
2025-09-15 05:10:00,1.35,100.99,359.06,2400.53,28.55,47.45,1097.14,1227.16,243.35,144.11,22.31,P011,EQ024
2025-09-15 05:20:00,1.29,101.64,335.33,2471.38,31.29,47.95,1110.0,1258.71,247.4,160.14,27.06,P038,EQ031
2025-09-15 05:30:00,1.14,99.38,332.34,2333.52,27.2,45.6,1090.82,1250.38,253.98,148.14,26.81,P024,EQ038
2025-09-15 05:40:00,1.3,100.54,328.5,2479.25,33.41,45.95,1103.84,1267.57,249.06,129.69,29.05,P038,EQ045
2025-09-15 05:50:00,1.24,99.33,348.4,2478.84,30.8,47.25,1113.28,1247.59,262.24,147.37,26.42,P029,EQ003
2025-09-15 06:00:00,1.05,100.66,330.03,2313.07,27.32,42.44,1112.36,1230.87,251.83,141.95,28.17,P032,EQ010
2025-09-15 06:10:00,1.18,98.8,352.35,2509.98,30.73,45.79,1090.2,1242.46,251.88,133.11,28.96,P037,EQ017
2025-09-15 06:20:00,1.27,101.42,346.09,2571.09,29.28,44.01,1102.89,1256.25,252.82,149.97,23.37,P022,EQ024
2025-09-15 06:30:00,1.25,100.45,342.77,2579.35,32.86,46.09,1137.72,1261.43,258.88,154.31,30.64,P024,EQ031
2025-09-15 06:40:00,1.17,98.59,333.05,2490.65,31.74,45.21,1040.99,1260.58,251.83,151.59,20.62,P009,EQ038
2025-09-15 06:50:00,1.27,99.67,346.49,2472.13,29.09,44.51,1042.1,1228.63,255.75,137.07,25.89,P026,EQ045
2025-09-15 07:00:00,1.02,99.16,333.76,2489.12,34.32,45.7,1008.8,1235.75,242.45,158.43,27.44,P008,EQ003
2025-09-15 07:10:00,1.2,101.39,336.12,2597.82,27.68,40.08,1052.32,1250.93,249.54,127.58,29.34,P013,EQ010
2025-09-15 07:20:00,1.2,98.29,324.57,2642.38,28.89,44.5,1095.76,1269.26,246.73,148.08,29.12,P021,EQ017
2025-09-15 07:30:00,1.37,98.63,350.12,2402.13,32.5,42.64,1136.11,1239.96,250.4,157.95,22.35,P006,EQ024
2025-09-15 07:40:00,1.13,96.84,312.46,2554.32,28.76,41.46,1127.34,1250.69,253.58,147.69,23.45,P032,EQ031
2025-09-15 07:50:00,1.23,101.25,334.16,2261.97,33.42,43.7,1058.85,1262.58,246.51,145.67,19.7,P038,EQ038
2025-09-15 08:00:00,1.26,97.81,335.38,2738.2,32.22,42.57,1104.88,1252.53,253.34,164.8,24.09,P011,EQ045
2025-09-15 08:10:00,1.22,103.02,338.11,2487.9,28.19,49.17,1108.97,1255.73,250.54,156.21,23.37,P017,EQ003
2025-09-15 08:20:00,1.19,98.72,338.02,2633.49,33.44,50.29,1145.84,1236.9,253.05,162.88,21.54,P018,EQ010
2025-09-15 08:30:00,1.3,101.26,359.91,2388.36,32.1,44.53,1100.68,1278.49,241.85,160.23,28.95,P002,EQ017
2025-09-15 08:40:00,1.17,100.44,354.84,2623.31,31.26,42.55,1106.55,1255.9,255.46,145.98,25.08,P011,EQ024
2025-09-15 08:50:00,1.42,98.3,336.03,2636.09,29.29,48.2,1029.63,1263.47,241.39,131.25,19.65,P016,EQ031
2025-09-15 09:00:00,1.17,97.48,336.89,2416.43,31.89,48.75,1079.81,1245.35,253.16,148.07,26.73,P017,EQ038
2025-09-15 09:10:00,1.17,97.92,351.97,2634.19,27.93,38.9,1098.39,1236.01,244.0,153.7,23.19,P028,EQ045
2025-09-15 09:20:00,1.04,103.56,351.21,2658.87,30.71,46.88,1119.1,1265.54,248.44,157.78,23.08,P018,EQ003
2025-09-15 09:30:00,1.37,99.77,330.09,2372.04,31.34,46.06,1115.17,1261.24,250.54,148.28,27.29,P030,EQ010
2025-09-15 09:40:00,1.22,100.78,336.89,2544.32,24.11,43.53,1160.66,1246.4,244.82,141.09,25.48,P022,EQ017
2025-09-15 09:50:00,1.4,101.34,342.4,2431.93,28.26,46.7,1092.6,1250.08,244.99,147.69,24.53,P009,EQ024
2025-09-15 10:00:00,1.07,98.76,344.36,2588.61,29.94,43.36,1063.93,1248.2,253.74,154.83,28.56,P040,EQ031
2025-09-15 10:10:00,1.45,100.16,347.58,2549.19,30.02,46.97,1101.88,1283.63,258.54,149.67,20.95,P037,EQ038
2025-09-15 10:20:00,1.33,101.57,353.27,2559.56,31.57,41.27,1087.91,1260.03,256.0,151.61,20.45,P025,EQ045
2025-09-15 10:30:00,1.19,101.9,333.97,2444.38,32.03,46.07,1101.47,1249.93,243.29,162.06,21.0,P031,EQ003
2025-09-15 10:40:00,1.18,98.83,341.68,2587.9,29.99,44.97,1095.37,1211.72,258.52,155.59,23.41,P003,EQ010
2025-09-15 10:50:00,1.33,101.35,321.14,2688.37,25.79,42.25,1109.77,1233.31,251.72,149.68,26.27,P018,EQ017
2025-09-15 11:00:00,1.17,100.65,338.53,2637.66,25.86,46.51,1065.05,1232.27,238.9,175.34,24.93,P022,EQ024
2025-09-15 11:10:00,1.22,102.34,359.08,2732.69,31.54,44.12,1118.16,1245.21,246.93,148.79,22.85,P033,EQ031
2025-09-15 11:20:00,1.15,96.5,343.18,2442.72,32.19,42.78,1086.19,1269.34,255.49,140.88,29.06,P028,EQ038
2025-09-15 11:30:00,1.19,99.14,331.53,2342.5,29.88,48.82,1109.02,1248.87,251.03,147.93,23.7,P022,EQ045
2025-09-15 11:40:00,1.34,102.54,341.48,2628.1,29.36,46.13,1133.14,1232.81,251.75,147.57,20.78,P023,EQ003
2025-09-15 11:50:00,1.18,101.24,346.54,2616.21,32.02,43.28,1103.55,1255.95,242.54,160.68,26.01,P036,EQ010
2025-09-15 12:00:00,1.26,99.77,330.06,2608.82,31.01,46.98,1159.49,1249.76,241.45,133.47,20.78,P019,EQ017
2025-09-15 12:10:00,0.98,97.67,352.25,2543.35,32.37,48.45,1065.71,1265.71,253.44,143.87,22.83,P029,EQ024
2025-09-15 12:20:00,1.21,99.71,332.6,2430.82,29.92,46.33,1079.07,1254.26,254.37,147.64,29.24,P006,EQ031
2025-09-15 12:30:00,1.1,100.06,317.66,2426.02,33.14,45.99,1174.99,1265.69,245.45,152.3,27.37,P021,EQ038
2025-09-15 12:40:00,1.3,98.09,348.4,2513.31,30.53,40.8,1104.15,1269.49,242.95,163.19,27.71,P008,EQ045
2025-09-15 12:50:00,1.34,96.23,345.16,2575.25,30.1,41.33,1148.37,1259.62,254.89,148.87,20.39,P009,EQ003
2025-09-15 13:00:00,1.3,101.12,320.08,2491.3,28.22,43.73,1129.06,1286.24,260.01,152.59,29.47,P007,EQ010
2025-09-15 13:10:00,1.3,99.65,343.02,2376.21,31.32,47.27,1074.76,1255.38,244.67,157.5,21.63,P012,EQ017
2025-09-15 13:20:00,0.9,101.35,354.21,2335.88,30.67,48.07,1116.47,1253.06,255.34,159.75,23.84,P010,EQ024
2025-09-15 13:30:00,1.26,102.73,336.03,2446.09,29.34,45.19,1074.07,1253.15,247.48,152.61,25.05,P016,EQ031
2025-09-15 13:40:00,1.24,99.06,313.81,2539.93,31.03,47.86,1067.86,1253.4,250.38,132.44,27.38,P005,EQ038
2025-09-15 13:50:00,1.09,99.64,324.16,2570.56,27.37,42.01,1101.1,1256.61,254.68,126.17,20.2,P001,EQ045
2025-09-15 14:00:00,1.29,97.28,324.48,2510.86,29.17,47.6,1070.41,1246.91,249.75,140.13,26.76,P022,EQ003
2025-09-15 14:10:00,1.28,101.43,347.45,2635.99,32.24,46.67,1131.87,1260.22,255.06,146.52,28.97,P040,EQ010
2025-09-15 14:20:00,1.37,103.53,348.95,2482.28,29.09,39.25,1063.86,1249.44,260.45,147.59,21.16,P038,EQ017
2025-09-15 14:30:00,1.2,96.73,332.42,2336.69,31.1,42.7,1099.95,1221.98,252.39,153.87,25.43,P030,EQ024
2025-09-15 14:40:00,1.37,101.93,349.03,2504.01,34.99,44.11,1150.65,1265.52,257.21,138.07,26.89,P022,EQ031
2025-09-15 14:50:00,1.18,96.74,321.52,2693.02,27.95,52.02,1107.9,1215.45,254.64,155.16,27.08,P007,EQ038
2025-09-15 15:00:00,1.18,100.59,339.87,2679.77,30.5,46.47,1125.51,1251.88,246.08,151.92,25.27,P004,EQ045
2025-09-15 15:10:00,1.12,97.63,347.78,2307.53,31.86,43.87,1027.49,1270.0,245.73,158.01,26.5,P013,EQ003
2025-09-15 15:20:00,1.08,100.92,338.95,2720.38,31.26,43.53,1113.08,1282.38,248.61,142.26,29.21,P006,EQ010
2025-09-15 15:30:00,1.23,97.9,344.78,2556.16,29.16,46.94,1158.86,1217.86,250.05,142.76,20.9,P006,EQ017
2025-09-15 15:40:00,1.03,98.04,348.45,2593.4,28.3,43.86,1070.67,1261.69,253.48,147.23,20.12,P015,EQ024
2025-09-15 15:50:00,1.3,98.52,335.88,2465.79,26.41,44.61,1077.29,1250.6,250.44,147.58,21.74,P006,EQ031
2025-09-15 16:00:00,1.35,98.01,345.12,2627.71,28.83,41.67,1059.93,1209.91,253.31,146.13,22.97,P034,EQ038
2025-09-15 16:10:00,1.1,100.21,346.05,2549.13,26.84,41.0,1117.18,1252.75,247.8,146.54,21.37,P013,EQ045
2025-09-15 16:20:00,1.13,99.43,320.21,2593.01,30.82,42.82,1115.32,1213.59,244.36,161.62,25.22,P032,EQ003
2025-09-15 16:30:00,1.23,101.33,331.49,2324.75,28.82,42.18,1113.68,1267.39,256.46,164.97,26.59,P012,EQ010
2025-09-15 16:40:00,1.17,100.02,335.18,2647.91,27.79,42.6,1087.77,1243.69,256.33,158.12,24.72,P038,EQ017
2025-09-15 16:50:00,1.22,98.16,344.71,2545.1,30.39,53.12,1069.96,1238.49,250.32,154.3,27.89,P004,EQ024
2025-09-15 17:00:00,1.27,100.4,321.17,2487.78,33.25,44.1,1106.53,1255.53,256.6,150.67,24.71,P033,EQ031
2025-09-15 17:10:00,1.19,97.53,329.14,2467.48,27.72,50.02,1106.05,1247.31,249.58,143.39,19.61,P012,EQ038
2025-09-15 17:20:00,1.05,96.19,340.35,2389.0,29.64,46.28,1141.94,1217.19,243.47,156.65,27.68,P017,EQ045
2025-09-15 17:30:00,1.31,99.73,344.37,2289.93,27.96,44.08,1130.83,1256.39,245.38,154.82,20.75,P035,EQ003
2025-09-15 17:40:00,1.15,98.86,331.49,2522.34,34.05,42.18,1099.33,1278.37,256.09,151.81,26.47,P013,EQ010
2025-09-15 17:50:00,1.24,101.32,328.48,2571.02,31.51,46.57,1088.02,1261.73,239.04,142.15,25.57,P005,EQ017
2025-09-15 18:00:00,1.18,101.66,358.74,2658.3,27.0,43.18,1136.77,1265.48,253.66,147.11,22.06,P021,EQ024
2025-09-15 18:10:00,1.31,101.33,337.58,2648.48,31.19,39.72,1078.03,1252.7,252.82,160.88,27.41,P015,EQ031
2025-09-15 18:20:00,1.12,100.56,342.22,2491.53,30.14,44.05,1061.39,1259.82,236.79,142.02,20.26,P038,EQ038
2025-09-15 18:30:00,1.19,100.99,332.93,2379.0,29.66,45.57,1075.89,1256.04,257.18,154.87,23.3,P027,EQ045
2025-09-15 18:40:00,1.3,100.61,324.9,2507.01,28.07,45.62,1095.99,1253.12,253.8,149.35,25.03,P019,EQ003
2025-09-15 18:50:00,1.17,101.44,332.96,2584.17,31.12,46.07,1148.91,1285.45,253.44,138.13,22.69,P017,EQ010
2025-09-15 19:00:00,1.25,100.57,324.14,2461.47,29.97,39.13,1070.32,1270.24,247.15,160.3,27.84,P016,EQ017
2025-09-15 19:10:00,1.11,99.91,337.57,2506.42,32.41,43.77,1136.76,1265.79,247.43,150.87,24.89,P017,EQ024
2025-09-15 19:20:00,1.26,102.65,328.75,2363.36,32.02,46.88,1077.46,1225.26,253.14,148.75,22.22,P011,EQ031
2025-09-15 19:30:00,1.16,100.1,326.82,2518.15,27.82,48.74,1123.55,1261.69,252.6,160.65,20.66,P005,EQ038
2025-09-15 19:40:00,1.18,99.34,341.69,2463.13,27.17,46.42,1108.8,1215.25,251.54,146.45,23.94,P004,EQ045
2025-09-15 19:50:00,1.2,98.95,325.21,2466.13,30.6,45.11,1079.32,1234.82,249.05,156.52,25.3,P028,EQ003
2025-09-15 20:00:00,1.28,101.46,349.24,2493.82,33.85,46.86,1149.24,1244.45,242.24,154.49,19.69,P029,EQ010
2025-09-15 20:10:00,1.05,100.04,343.6,2424.19,33.4,39.82,1122.18,1233.6,250.54,139.26,19.53,P006,EQ017
2025-09-15 20:20:00,1.07,96.6,343.74,2643.19,28.93,49.07,1098.35,1238.6,239.64,157.28,21.61,P024,EQ024
2025-09-15 20:30:00,1.28,99.68,355.43,2486.34,30.13,42.89,1159.0,1221.86,250.61,159.2,25.94,P039,EQ031
2025-09-15 20:40:00,1.24,98.99,327.06,2514.37,31.37,43.93,1124.31,1242.0,248.19,159.99,25.92,P005,EQ038
2025-09-15 20:50:00,1.13,97.3,333.02,2579.91,30.93,43.5,1074.21,1257.54,251.95,155.76,25.56,P021,EQ045
2025-09-15 21:00:00,1.16,100.96,353.93,2513.42,28.22,47.09,1104.08,1287.51,251.1,143.84,24.88,P031,EQ003
2025-09-15 21:10:00,1.03,99.5,343.3,2519.33,26.51,50.56,1122.9,1260.19,248.75,157.43,23.33,P020,EQ010
2025-09-15 21:20:00,1.28,98.58,337.36,2430.4,30.73,48.33,1109.3,1266.58,252.37,157.46,27.74,P021,EQ017
2025-09-15 21:30:00,1.21,102.54,348.14,2538.45,29.03,42.82,1079.06,1228.73,253.14,149.46,24.87,P013,EQ024
2025-09-15 21:40:00,1.16,98.93,361.79,2353.57,30.45,45.7,1070.86,1255.1,251.4,148.58,22.08,P011,EQ031
2025-09-15 21:50:00,1.3,100.75,354.24,2603.56,32.21,48.0,1106.48,1248.04,246.7,144.6,19.75,P023,EQ038
2025-09-15 22:00:00,1.2,100.31,356.51,2706.24,28.96,44.18,1129.69,1270.7,254.58,139.87,24.48,P030,EQ045
2025-09-15 22:10:00,1.2,98.39,335.59,2585.2,30.88,47.81,1080.4,1240.74,246.62,152.08,22.33,P026,EQ003
2025-09-15 22:20:00,1.22,103.51,321.41,2436.56,30.88,46.61,1115.82,1249.2,258.6,152.03,24.99,P030,EQ010
2025-09-15 22:30:00,1.03,99.82,347.59,2490.01,33.53,48.36,1106.45,1243.84,252.39,135.02,24.17,P010,EQ017
2025-09-15 22:40:00,1.19,101.67,340.43,2433.88,31.79,47.32,1067.56,1236.59,255.42,145.43,27.15,P025,EQ024
2025-09-15 22:50:00,1.2,101.59,341.46,2529.78,28.38,44.04,1108.91,1243.4,249.55,141.39,23.57,P002,EQ031
2025-09-15 23:00:00,1.11,101.38,335.84,2446.69,29.58,43.79,1057.34,1236.02,247.81,139.34,27.64,P021,EQ038
2025-09-15 23:10:00,1.25,99.94,334.53,2445.7,30.03,53.52,1067.21,1253.89,253.36,161.74,23.76,P010,EQ045
2025-09-15 23:20:00,1.04,101.96,330.93,2419.13,28.18,47.4,1164.73,1251.82,254.39,142.04,23.99,P001,EQ003
2025-09-15 23:30:00,1.18,98.1,326.51,2551.84,29.33,44.45,1047.85,1226.38,256.07,160.02,24.01,P012,EQ010
2025-09-15 23:40:00,1.14,100.34,334.86,2470.79,29.95,47.11,1119.11,1249.15,249.65,149.03,21.06,P012,EQ017
2025-09-15 23:50:00,1.1,100.67,336.62,2655.12,27.19,40.4,1076.72,1235.79,247.43,154.0,21.29,P002,EQ024
2025-09-16 00:00:00,1.17,97.6,338.1,2635.54,27.94,41.94,1093.35,1247.7,251.33,146.51,23.55,P010,EQ031
2025-09-16 00:10:00,1.03,99.57,346.96,2575.97,31.05,43.28,1101.77,1235.91,251.13,169.85,22.13,P013,EQ038
2025-09-16 00:20:00,1.15,102.47,345.04,2601.38,30.03,43.69,1091.98,1246.58,255.51,128.9,20.22,P026,EQ045
2025-09-16 00:30:00,1.24,101.68,321.87,2260.3,30.15,41.74,1059.49,1246.19,259.1,158.77,21.88,P036,EQ003
2025-09-16 00:40:00,1.0,100.46,350.5,2370.75,30.26,45.22,1094.22,1230.29,253.08,141.55,22.27,P013,EQ010
2025-09-16 00:50:00,1.14,96.85,372.44,2479.07,33.31,49.6,1117.2,1230.56,253.99,139.1,24.4,P032,EQ017
2025-09-16 01:00:00,1.25,99.62,348.9,2392.75,30.27,43.84,1060.16,1262.21,255.29,153.42,24.62,P011,EQ024
2025-09-16 01:10:00,1.11,101.62,345.01,2423.89,29.16,42.73,1086.41,1256.78,241.38,136.58,23.69,P004,EQ031
2025-09-16 01:20:00,1.24,100.36,352.5,2482.99,30.21,43.16,1107.72,1240.15,252.18,171.62,23.11,P007,EQ038
2025-09-16 01:30:00,1.22,102.64,351.49,2568.4,31.6,42.24,1083.7,1230.08,245.79,152.65,19.62,P021,EQ045
2025-09-16 01:40:00,1.32,99.11,328.34,2334.59,30.36,48.84,1059.87,1199.51,253.3,147.29,25.82,P039,EQ003
2025-09-16 01:50:00,1.22,104.33,338.76,2436.38,29.22,46.43,1090.86,1242.92,260.29,158.33,23.26,P016,EQ010
2025-09-16 02:00:00,1.33,101.51,351.26,2498.45,31.96,41.64,1109.19,1272.35,247.49,134.97,24.9,P032,EQ017
2025-09-16 02:10:00,1.12,96.24,339.89,2487.82,27.69,44.58,1128.93,1220.41,260.75,158.92,28.01,P027,EQ024
2025-09-16 02:20:00,1.08,100.05,329.77,2385.19,28.29,41.07,1090.84,1246.24,261.38,125.98,25.47,P020,EQ031
2025-09-16 02:30:00,1.39,96.67,325.27,2338.24,31.08,48.79,1107.03,1259.32,250.27,145.23,26.04,P022,EQ038
2025-09-16 02:40:00,1.19,100.53,349.92,2548.96,32.02,45.5,1097.22,1223.02,256.87,154.69,25.95,P040,EQ045
2025-09-16 02:50:00,1.15,100.22,350.55,2433.78,26.19,43.51,1113.93,1207.33,248.89,146.71,22.92,P008,EQ003
2025-09-16 03:00:00,1.42,95.9,338.63,2406.28,31.68,45.6,1126.52,1248.74,250.02,145.65,25.48,P034,EQ010
2025-09-16 03:10:00,1.12,100.5,331.73,2495.02,27.31,41.91,1072.28,1238.36,252.88,145.95,22.44,P024,EQ017
2025-09-16 03:20:00,1.18,97.63,345.9,2603.66,31.99,39.78,1066.79,1249.49,243.65,161.57,26.83,P009,EQ024
2025-09-16 03:30:00,1.19,99.65,351.72,2498.0,29.73,41.13,1131.95,1250.86,246.1,150.78,22.9,P031,EQ031
2025-09-16 03:40:00,1.26,95.44,358.84,2485.3,30.29,41.93,1109.6,1254.16,258.23,145.3,20.98,P029,EQ038
2025-09-16 03:50:00,1.23,102.68,338.54,2598.86,27.9,48.16,1053.65,1288.75,256.65,129.85,24.61,P016,EQ045
2025-09-16 04:00:00,1.29,98.52,333.1,2633.1,31.81,42.59,1065.53,1250.17,252.0,144.91,21.86,P021,EQ003
2025-09-16 04:10:00,1.23,98.59,334.74,2566.58,26.37,45.28,1103.28,1280.36,238.9,133.34,25.82,P021,EQ010
2025-09-16 04:20:00,1.14,102.68,344.11,2592.66,29.14,46.75,1099.0,1294.25,242.46,150.7,25.95,P031,EQ017
2025-09-16 04:30:00,1.33,98.92,324.42,2433.34,33.2,47.72,1113.3,1253.62,250.54,154.03,27.48,P036,EQ024
2025-09-16 04:40:00,1.06,97.78,350.33,2515.87,28.87,49.34,1109.16,1245.18,248.31,151.25,22.73,P022,EQ031
2025-09-16 04:50:00,1.24,99.35,342.34,2548.0,25.42,45.65,1081.54,1226.73,247.81,152.73,25.76,P009,EQ038
2025-09-16 05:00:00,1.29,99.4,341.48,2617.62,29.84,42.2,1146.49,1258.75,252.33,147.41,29.58,P037,EQ045
2025-09-16 05:10:00,1.19,98.55,352.17,2231.95,28.24,45.29,1088.57,1247.0,248.84,132.93,28.95,P015,EQ003
2025-09-16 05:20:00,1.29,103.32,339.65,2426.3,26.8,45.73,1102.67,1253.94,258.65,155.01,27.58,P040,EQ010
2025-09-16 05:30:00,1.33,101.37,332.46,2537.83,29.52,38.89,1098.45,1247.35,254.1,137.33,22.26,P016,EQ017
2025-09-16 05:40:00,1.27,96.44,334.52,2358.74,30.67,46.6,1041.3,1256.92,250.07,154.87,24.56,P031,EQ024
2025-09-16 05:50:00,1.22,100.71,349.52,2564.15,29.56,42.72,1065.15,1245.19,249.52,163.83,28.2,P021,EQ031
2025-09-16 06:00:00,1.19,100.33,328.43,2491.74,29.12,47.02,1128.96,1251.33,249.87,160.82,24.65,P007,EQ038
2025-09-16 06:10:00,1.18,103.41,348.42,2571.48,29.84,45.37,1069.91,1219.6,259.44,151.73,23.69,P010,EQ045
2025-09-16 06:20:00,1.22,98.09,349.2,2529.51,25.99,47.33,1088.86,1242.16,251.21,150.92,25.71,P006,EQ003
2025-09-16 06:30:00,1.29,100.75,319.7,2447.68,31.34,49.62,1081.02,1234.76,247.57,168.98,24.28,P030,EQ010
2025-09-16 06:40:00,1.26,97.92,330.08,2550.92,27.38,49.42,1156.9,1276.12,245.84,140.21,25.64,P018,EQ017
2025-09-16 06:50:00,1.29,98.48,352.49,2397.3,30.34,50.37,1073.05,1266.88,253.22,142.48,20.82,P025,EQ024
2025-09-16 07:00:00,1.21,100.99,343.53,2568.41,33.72,37.7,1091.24,1271.41,250.9,152.9,27.82,P018,EQ031
2025-09-16 07:10:00,0.98,100.97,338.51,2391.01,30.16,47.46,1057.15,1263.92,248.88,161.92,26.79,P024,EQ038
2025-09-16 07:20:00,1.38,98.57,351.18,2370.02,28.85,41.53,1093.52,1234.42,244.68,156.86,27.01,P004,EQ045
2025-09-16 07:30:00,1.02,102.82,345.34,2335.03,32.96,47.55,1171.25,1243.52,249.68,160.85,24.12,P015,EQ003
2025-09-16 07:40:00,1.09,95.71,332.4,2609.37,24.31,43.68,1117.06,1251.0,248.92,142.2,25.75,P021,EQ010
2025-09-16 07:50:00,1.27,95.58,338.71,2566.33,26.92,45.35,1103.11,1237.39,248.63,151.11,22.76,P040,EQ017
2025-09-16 08:00:00,1.11,98.34,341.71,2553.19,28.79,46.53,1068.29,1274.88,250.44,143.46,24.89,P010,EQ024
2025-09-16 08:10:00,1.2,101.0,344.93,2560.63,33.73,42.75,1102.91,1216.72,245.51,136.37,26.11,P021,EQ031
2025-09-16 08:20:00,1.15,101.85,346.8,2534.15,30.0,42.89,1015.01,1260.83,251.46,141.76,24.74,P021,EQ038
2025-09-16 08:30:00,1.27,102.38,322.51,2621.34,28.36,42.63,1072.45,1225.43,244.09,172.71,24.46,P035,EQ045
2025-09-16 08:40:00,1.26,98.15,347.16,2323.65,33.38,46.52,1092.29,1255.65,245.4,159.83,21.29,P013,EQ003
2025-09-16 08:50:00,1.23,103.31,341.42,2449.62,26.68,44.25,1137.03,1235.9,248.06,157.07,28.47,P039,EQ010
2025-09-16 09:00:00,1.26,98.96,345.72,2621.42,27.91,45.72,1099.13,1227.14,247.65,158.75,24.86,P019,EQ017
2025-09-16 09:10:00,1.06,98.51,361.77,2559.31,28.18,49.59,1091.61,1212.15,244.31,151.47,25.42,P013,EQ024
2025-09-16 09:20:00,1.12,101.43,328.02,2503.92,26.93,46.27,1121.65,1273.06,257.42,155.72,25.97,P033,EQ031
2025-09-16 09:30:00,1.37,98.76,360.43,2537.74,28.12,44.26,1100.51,1226.77,247.51,167.34,21.76,P025,EQ038
2025-09-16 09:40:00,1.22,98.55,334.32,2514.41,26.81,45.33,1120.09,1236.66,252.18,143.82,23.73,P001,EQ045
2025-09-16 09:50:00,1.12,95.97,345.75,2480.65,32.2,47.13,1139.85,1248.74,254.38,142.88,22.92,P014,EQ003
2025-09-16 10:00:00,1.03,98.85,341.06,2403.47,30.07,52.11,1057.23,1258.16,252.73,142.1,21.41,P002,EQ010
2025-09-16 10:10:00,1.33,97.59,345.32,2493.49,31.23,41.46,1137.48,1259.29,249.96,155.75,20.05,P027,EQ017
2025-09-16 10:20:00,1.25,98.02,336.03,2487.57,26.5,46.06,1053.38,1250.45,255.76,139.62,20.87,P030,EQ024
2025-09-16 10:30:00,1.25,102.26,340.39,2546.53,27.59,44.65,1092.5,1284.9,242.02,134.8,27.1,P010,EQ031
2025-09-16 10:40:00,1.35,100.95,321.37,2306.1,31.09,51.07,1076.25,1256.94,244.56,154.08,23.62,P025,EQ038
2025-09-16 10:50:00,1.22,98.92,347.2,2442.07,30.79,46.26,1072.12,1238.25,254.65,153.9,25.3,P039,EQ045
2025-09-16 11:00:00,1.23,100.34,350.2,2569.42,31.28,44.12,1091.76,1272.97,252.11,155.39,24.63,P021,EQ003
2025-09-16 11:10:00,1.24,98.11,345.0,2742.35,32.12,47.28,1099.57,1288.43,247.34,145.4,21.09,P018,EQ010
2025-09-16 11:20:00,1.27,98.91,321.82,2508.44,27.71,48.16,1124.9,1249.55,247.56,152.02,23.86,P013,EQ017
2025-09-16 11:30:00,1.13,100.76,336.35,2596.54,30.39,43.93,1084.91,1254.73,245.03,149.39,26.13,P030,EQ024
2025-09-16 11:40:00,1.31,99.07,337.37,2429.34,29.7,42.66,1092.57,1221.34,252.44,160.64,22.12,P038,EQ031
2025-09-16 11:50:00,1.17,99.38,338.49,2325.27,29.63,45.22,1071.52,1214.38,248.17,145.02,20.14,P002,EQ038
2025-09-16 12:00:00,1.2,98.2,329.33,2538.5,32.04,45.93,1132.84,1238.71,256.72,144.21,21.21,P021,EQ045
2025-09-16 12:10:00,1.26,97.73,334.59,2358.19,29.34,44.16,1140.79,1265.6,252.51,155.17,25.61,P024,EQ003
2025-09-16 12:20:00,1.26,100.56,337.3,2440.1,34.15,43.91,1081.61,1235.76,249.89,154.44,20.77,P025,EQ010
2025-09-16 12:30:00,1.13,100.69,320.56,2455.83,25.89,48.59,1083.86,1259.14,246.94,136.13,24.9,P028,EQ017
2025-09-16 12:40:00,1.11,101.27,334.38,2493.6,30.31,46.41,1100.2,1248.31,252.11,152.74,26.15,P026,EQ024
2025-09-16 12:50:00,1.26,101.13,349.36,2434.38,27.4,41.13,1095.06,1242.87,245.66,143.62,20.88,P040,EQ031
2025-09-16 13:00:00,1.02,100.48,329.81,2496.91,31.0,46.66,1126.6,1271.11,235.07,136.88,26.61,P003,EQ038
2025-09-16 13:10:00,1.23,97.9,323.65,2600.96,27.47,42.13,1109.05,1268.88,251.61,162.93,26.5,P021,EQ045
2025-09-16 13:20:00,1.2,100.98,348.23,2657.8,26.61,44.83,1125.07,1254.0,244.11,158.5,24.66,P037,EQ003
2025-09-16 13:30:00,1.01,96.51,328.85,2623.84,31.17,46.12,1110.17,1252.94,253.25,157.31,20.32,P033,EQ010
2025-09-16 13:40:00,1.19,103.49,346.06,2372.4,27.9,40.67,1091.26,1277.51,249.41,166.81,20.57,P009,EQ017
2025-09-16 13:50:00,0.99,101.16,339.01,2612.3,30.14,46.49,1138.98,1273.75,252.59,153.29,25.22,P005,EQ024
2025-09-16 14:00:00,1.32,101.47,343.64,2530.94,27.99,43.06,1063.63,1227.32,256.52,146.07,21.15,P007,EQ031
2025-09-16 14:10:00,1.14,97.6,334.81,2485.49,31.46,44.95,1116.19,1276.85,260.7,127.41,26.37,P016,EQ038
2025-09-16 14:20:00,1.22,97.79,351.43,2605.74,28.87,39.97,1107.26,1257.2,251.94,150.37,20.8,P024,EQ045
2025-09-16 14:30:00,1.07,98.66,342.09,2578.52,29.83,51.48,1068.28,1206.11,253.62,142.7,28.55,P022,EQ003
2025-09-16 14:40:00,1.2,97.74,342.36,2449.72,31.52,43.55,1108.25,1246.5,254.48,146.19,20.73,P022,EQ010
2025-09-16 14:50:00,1.17,100.16,350.75,2440.92,24.44,42.96,1107.97,1244.88,250.17,147.92,26.9,P032,EQ017
2025-09-16 15:00:00,1.21,103.29,334.03,2447.85,30.49,43.41,1063.0,1294.47,244.44,139.49,23.85,P004,EQ024
2025-09-16 15:10:00,1.06,97.2,345.82,2607.72,31.15,47.85,1074.56,1239.18,251.35,177.5,24.69,P026,EQ031
2025-09-16 15:20:00,1.11,98.16,353.38,2508.95,28.95,44.71,1086.74,1235.92,253.65,135.6,26.52,P036,EQ038
2025-09-16 15:30:00,1.22,101.05,337.68,2381.34,33.55,43.69,1133.26,1263.13,249.72,154.17,27.96,P014,EQ045
2025-09-16 15:40:00,1.08,95.52,339.35,2388.76,31.12,45.02,1096.35,1261.73,245.14,162.71,23.78,P008,EQ003
2025-09-16 15:50:00,1.18,101.53,333.82,2320.3,27.47,47.01,1115.85,1238.39,248.91,155.45,26.74,P017,EQ010
2025-09-16 16:00:00,1.02,100.01,349.01,2480.52,30.58,50.5,1104.7,1266.77,251.91,156.24,22.32,P004,EQ017
2025-09-16 16:10:00,1.38,101.43,338.77,2614.87,24.29,44.58,1148.14,1252.28,249.89,150.68,25.99,P036,EQ024
2025-09-16 16:20:00,1.25,104.31,332.74,2460.56,26.16,40.83,1030.91,1238.94,238.87,141.47,18.81,P015,EQ031
2025-09-16 16:30:00,1.38,99.81,333.0,2594.7,28.45,45.44,1105.84,1211.74,250.15,133.79,23.59,P003,EQ038
2025-09-16 16:40:00,1.35,100.43,348.24,2404.73,31.86,46.95,1066.11,1229.09,248.7,148.86,21.3,P015,EQ045
2025-09-16 16:50:00,1.17,99.12,343.36,2614.27,30.06,44.25,1107.47,1241.13,244.31,140.77,28.09,P009,EQ003
2025-09-16 17:00:00,1.22,98.03,318.68,2502.47,30.1,50.11,1085.47,1216.79,252.28,138.09,24.1,P021,EQ010
2025-09-16 17:10:00,1.41,101.2,341.58,2344.96,26.23,44.39,1126.07,1267.15,257.47,147.85,24.46,P026,EQ017
2025-09-16 17:20:00,1.22,99.57,335.52,2421.1,29.9,40.58,1110.07,1241.8,244.02,159.04,19.21,P019,EQ024
2025-09-16 17:30:00,1.08,99.75,361.97,2498.72,29.91,44.97,1084.4,1266.54,246.09,156.02,24.39,P027,EQ031
2025-09-16 17:40:00,1.21,98.56,329.16,2382.54,28.59,40.66,1103.36,1237.0,249.92,141.28,24.75,P003,EQ038
2025-09-16 17:50:00,1.27,98.59,335.67,2430.17,30.53,47.32,1113.21,1248.66,243.4,176.09,21.0,P003,EQ045
2025-09-16 18:00:00,1.18,97.31,331.2,2575.31,28.3,46.81,1123.17,1263.54,247.26,150.35,21.67,P038,EQ003
2025-09-16 18:10:00,1.13,95.39,352.28,2458.1,29.09,43.34,1103.45,1239.68,250.29,142.06,24.27,P023,EQ010
2025-09-16 18:20:00,1.09,97.0,365.36,2487.83,28.56,49.04,1131.5,1232.05,252.1,139.16,26.35,P038,EQ017
2025-09-16 18:30:00,0.99,101.42,345.34,2531.99,31.3,41.5,1088.34,1259.77,254.52,140.1,29.01,P033,EQ024
2025-09-16 18:40:00,0.96,99.69,341.31,2633.3,28.2,44.65,1083.86,1265.76,247.61,146.43,28.53,P011,EQ031
2025-09-16 18:50:00,1.26,103.48,332.47,2572.19,30.89,45.29,1103.28,1233.57,251.92,142.41,23.39,P010,EQ038
2025-09-16 19:00:00,1.34,99.84,348.77,2651.21,33.43,46.42,1084.36,1281.14,243.59,151.49,24.85,P040,EQ045
2025-09-16 19:10:00,1.15,98.9,327.0,2562.51,28.96,44.01,1080.88,1248.65,244.01,146.93,21.83,P036,EQ003
2025-09-16 19:20:00,1.22,102.68,336.39,2614.15,29.29,51.21,1084.03,1274.35,243.67,157.03,23.15,P025,EQ010
2025-09-16 19:30:00,1.18,102.18,344.77,2498.13,26.72,43.61,1115.09,1232.99,241.03,143.69,20.16,P013,EQ017
2025-09-16 19:40:00,1.17,101.2,347.61,2498.28,28.88,40.45,1118.31,1241.55,245.91,142.9,26.4,P017,EQ024
2025-09-16 19:50:00,1.35,103.03,341.91,2585.43,27.67,46.36,1097.02,1263.34,245.42,133.57,22.73,P021,EQ031
2025-09-16 20:00:00,1.24,100.4,333.04,2240.32,29.7,41.15,1119.23,1251.69,254.29,141.84,28.96,P026,EQ038
2025-09-16 20:10:00,1.24,101.04,328.14,2465.05,29.85,41.51,1124.33,1254.52,249.19,150.76,20.8,P019,EQ045
2025-09-16 20:20:00,1.27,102.28,350.59,2432.27,31.33,42.14,1055.0,1253.3,238.4,130.78,23.0,P029,EQ003
2025-09-16 20:30:00,1.34,98.31,339.8,2614.99,27.06,41.53,1052.67,1261.3,250.52,159.8,25.83,P033,EQ010
2025-09-16 20:40:00,1.2,99.39,325.57,2298.72,30.96,44.93,1081.39,1267.11,262.2,137.69,28.9,P014,EQ017
2025-09-16 20:50:00,1.34,100.44,353.74,2520.09,31.33,46.6,1069.16,1289.44,252.48,134.13,22.33,P003,EQ024
2025-09-16 21:00:00,1.16,99.42,337.22,2604.39,29.21,41.78,1140.15,1248.67,247.29,155.04,23.15,P007,EQ031
2025-09-16 21:10:00,1.3,101.25,352.28,2541.21,30.51,45.71,1071.2,1253.21,247.4,144.08,26.7,P014,EQ038
2025-09-16 21:20:00,1.17,100.11,336.57,2629.71,32.13,43.08,1102.21,1250.32,247.22,162.85,21.35,P037,EQ045
2025-09-16 21:30:00,1.23,99.09,333.64,2453.37,28.5,50.24,1088.61,1253.23,251.93,148.0,27.12,P020,EQ003
2025-09-16 21:40:00,1.16,101.17,344.16,2633.3,28.21,45.14,1102.2,1240.85,244.4,148.65,26.98,P014,EQ010
2025-09-16 21:50:00,1.25,103.59,327.44,2210.08,36.2,43.47,1025.34,1231.04,249.38,144.99,27.83,P020,EQ017
2025-09-16 22:00:00,1.39,103.78,356.11,2605.88,29.54,47.49,1101.51,1260.37,252.17,138.22,23.56,P004,EQ024
2025-09-16 22:10:00,1.24,97.1,349.5,2532.98,30.71,47.55,1085.44,1256.47,255.6,148.83,26.7,P015,EQ031
2025-09-16 22:20:00,1.22,98.85,333.62,2331.71,30.47,44.86,1147.21,1231.24,244.2,167.48,24.23,P017,EQ038
2025-09-16 22:30:00,0.97,102.65,363.71,2366.57,30.89,44.08,1154.01,1231.15,256.21,140.83,21.96,P002,EQ045
2025-09-16 22:40:00,1.16,101.53,331.07,2734.7,32.42,42.16,1155.28,1252.73,250.2,163.65,22.73,P014,EQ003
2025-09-16 22:50:00,1.23,97.12,346.74,2596.22,28.72,40.71,1088.81,1242.93,245.02,173.7,27.06,P022,EQ010
2025-09-16 23:00:00,1.25,101.48,351.7,2332.3,34.02,44.52,1071.63,1251.23,245.85,153.17,21.31,P025,EQ017
2025-09-16 23:10:00,1.11,100.61,342.51,2548.01,26.77,45.94,1105.06,1246.28,246.6,144.3,26.25,P030,EQ024
2025-09-16 23:20:00,1.42,101.06,339.63,2417.78,31.16,45.24,1140.97,1250.26,241.31,160.69,28.27,P039,EQ031
2025-09-16 23:30:00,1.22,101.1,329.69,2548.82,29.17,43.49,1082.66,1210.96,254.93,146.45,26.69,P032,EQ038
2025-09-16 23:40:00,1.18,100.26,339.46,2650.19,31.0,43.62,1141.18,1245.71,248.61,144.28,24.12,P039,EQ045
2025-09-16 23:50:00,1.12,100.15,337.52,2531.62,30.85,43.22,1064.13,1214.14,255.2,151.59,22.23,P016,EQ003
2025-09-17 00:00:00,1.2,100.03,345.44,2450.57,27.61,46.03,1064.01,1250.95,238.92,154.94,19.5,P007,EQ010
2025-09-17 00:10:00,1.14,98.8,316.12,2509.22,30.46,44.83,1120.88,1257.63,250.21,151.53,28.5,P002,EQ017
2025-09-17 00:20:00,0.91,97.89,355.25,2516.73,28.47,47.07,1148.59,1232.18,254.02,137.16,25.74,P001,EQ024
2025-09-17 00:30:00,1.02,99.42,345.07,2541.48,30.35,43.74,1061.33,1282.99,252.21,130.0,29.94,P001,EQ031
2025-09-17 00:40:00,1.21,100.33,342.77,2494.21,29.11,44.24,1085.06,1249.07,249.09,160.16,22.5,P025,EQ038
2025-09-17 00:50:00,1.04,98.47,346.33,2525.93,29.8,41.0,1117.06,1220.1,245.66,164.85,25.68,P011,EQ045
2025-09-17 01:00:00,1.04,102.68,342.22,2533.66,32.92,45.53,1084.55,1260.32,253.89,165.06,21.07,P024,EQ003
2025-09-17 01:10:00,1.12,100.27,336.1,2567.48,30.51,45.72,1140.07,1303.84,249.74,155.44,22.65,P013,EQ010
2025-09-17 01:20:00,1.12,93.34,342.07,2592.49,28.81,41.56,1068.8,1259.66,261.3,131.57,30.71,P024,EQ017
2025-09-17 01:30:00,1.19,99.44,335.27,2609.78,31.64,46.4,1123.56,1241.24,243.81,133.04,19.73,P027,EQ024
2025-09-17 01:40:00,1.16,100.28,347.82,2529.27,30.89,41.98,1073.63,1245.84,247.5,147.84,25.69,P020,EQ031
2025-09-17 01:50:00,1.11,102.45,349.29,2481.12,30.86,48.64,1062.48,1242.95,251.82,135.94,27.23,P008,EQ038
2025-09-17 02:00:00,1.1,101.85,347.56,2345.8,31.27,46.88,1128.99,1259.27,247.86,158.38,22.56,P017,EQ045
2025-09-17 02:10:00,1.24,98.61,330.18,2522.72,32.6,40.61,1132.45,1237.8,242.54,163.25,23.16,P014,EQ003
2025-09-17 02:20:00,1.09,100.5,345.19,2421.62,31.15,43.38,1111.48,1240.1,242.97,137.71,20.06,P002,EQ010
2025-09-17 02:30:00,1.29,102.18,354.41,2554.81,29.67,46.99,1102.57,1237.8,250.64,149.14,28.06,P031,EQ017
2025-09-17 02:40:00,1.16,100.39,333.6,2535.86,28.72,45.62,1131.61,1245.51,252.82,166.98,21.5,P008,EQ024
2025-09-17 02:50:00,1.13,99.58,317.65,2515.54,32.11,40.37,1170.03,1250.21,249.18,154.69,20.41,P016,EQ031
2025-09-17 03:00:00,1.19,101.15,332.14,2488.08,26.93,43.23,1083.89,1269.75,250.44,144.96,24.52,P038,EQ038
2025-09-17 03:10:00,1.09,98.58,341.65,2448.62,30.07,50.14,1072.02,1280.37,246.79,160.01,26.74,P018,EQ045
2025-09-17 03:20:00,1.18,97.11,355.04,2543.36,30.82,43.72,1092.7,1262.11,255.33,149.72,22.97,P037,EQ003
2025-09-17 03:30:00,1.23,100.75,321.91,2350.7,29.99,44.17,1052.89,1229.77,246.45,149.29,23.6,P010,EQ010
2025-09-17 03:40:00,1.22,100.31,349.11,2413.57,28.33,47.37,1103.92,1210.69,252.95,151.36,21.3,P026,EQ017
2025-09-17 03:50:00,1.24,98.54,340.02,2594.55,29.08,47.38,1087.74,1242.94,256.52,155.44,26.81,P002,EQ024
2025-09-17 04:00:00,1.29,98.52,349.17,2689.46,31.08,44.46,1069.82,1292.11,250.54,151.99,20.71,P028,EQ031
2025-09-17 04:10:00,1.3,103.99,342.37,2511.88,28.7,43.77,1128.47,1228.11,241.16,137.32,26.32,P027,EQ038
2025-09-17 04:20:00,1.18,97.73,328.72,2419.83,30.38,39.35,1088.21,1215.32,252.59,158.95,20.97,P001,EQ045
2025-09-17 04:30:00,1.23,99.12,337.89,2393.89,34.81,44.18,1074.36,1216.25,252.21,138.64,24.82,P003,EQ003
2025-09-17 04:40:00,1.28,99.39,349.52,2334.82,34.61,41.79,1098.0,1270.24,254.87,148.78,27.01,P018,EQ010
2025-09-17 04:50:00,1.19,98.41,337.03,2338.97,30.03,48.05,1119.64,1273.83,261.94,160.06,28.39,P031,EQ017
2025-09-17 05:00:00,1.21,100.75,345.33,2384.52,30.82,43.27,1106.23,1212.67,245.85,152.17,20.62,P018,EQ024
2025-09-17 05:10:00,1.21,102.61,335.79,2575.62,28.71,43.03,1125.21,1222.84,251.25,156.48,19.53,P018,EQ031
2025-09-17 05:20:00,1.13,100.6,337.65,2466.04,31.33,45.48,1102.88,1250.04,251.99,148.73,29.31,P013,EQ038
2025-09-17 05:30:00,1.3,100.5,345.6,2527.38,35.13,39.27,1093.29,1257.72,245.01,145.18,21.62,P029,EQ045
2025-09-17 05:40:00,1.18,97.9,330.38,2557.64,32.41,46.08,1084.92,1252.68,249.95,125.23,27.63,P003,EQ003
2025-09-17 05:50:00,1.34,101.82,328.76,2487.57,32.45,48.74,1109.53,1257.54,241.26,147.45,27.37,P028,EQ010
2025-09-17 06:00:00,1.23,98.58,336.11,2589.88,34.91,40.37,1123.66,1246.0,251.63,132.9,25.19,P032,EQ017
2025-09-17 06:10:00,1.25,99.85,330.1,2594.49,31.87,41.41,1164.8,1271.85,245.86,134.4,27.41,P004,EQ024
2025-09-17 06:20:00,1.24,99.58,344.95,2600.78,31.76,47.44,1122.52,1261.61,257.89,156.47,23.36,P006,EQ031
2025-09-17 06:30:00,1.16,103.58,328.69,2459.88,27.98,45.88,1151.45,1277.59,253.36,174.82,26.41,P030,EQ038
2025-09-17 06:40:00,1.32,100.78,333.83,2567.28,30.8,52.87,1079.26,1271.0,253.19,136.8,28.5,P035,EQ045
2025-09-17 06:50:00,1.13,101.42,338.39,2454.12,34.43,46.3,1112.61,1258.35,246.87,172.46,21.11,P024,EQ003
2025-09-17 07:00:00,1.12,98.6,341.31,2614.84,29.35,40.72,1117.16,1273.29,246.85,133.6,26.91,P035,EQ010
2025-09-17 07:10:00,1.24,100.83,326.16,2483.15,31.22,42.97,1121.69,1242.76,256.39,152.72,21.47,P023,EQ017
2025-09-17 07:20:00,1.1,102.5,342.78,2383.33,31.03,48.1,1046.94,1293.28,249.22,167.7,24.36,P038,EQ024
2025-09-17 07:30:00,1.22,100.29,337.75,2705.01,32.55,52.39,1114.59,1244.38,253.93,147.14,23.83,P030,EQ031
2025-09-17 07:40:00,1.24,100.82,339.54,2354.97,30.76,42.84,1076.34,1276.92,255.7,139.76,30.59,P019,EQ038
2025-09-17 07:50:00,1.14,99.44,329.42,2455.51,32.64,43.87,1084.1,1262.65,254.67,152.09,21.68,P032,EQ045
2025-09-17 08:00:00,1.08,98.84,329.6,2631.52,30.05,51.42,1099.45,1250.46,245.06,144.73,25.75,P027,EQ003
2025-09-17 08:10:00,1.22,101.65,348.29,2489.15,31.0,41.07,1077.14,1243.23,258.44,147.84,23.81,P028,EQ010
2025-09-17 08:20:00,1.09,97.54,345.83,2595.75,35.87,37.69,1098.25,1232.04,252.49,144.21,20.38,P017,EQ017
2025-09-17 08:30:00,1.33,101.41,341.23,2337.78,27.39,49.32,1110.03,1231.76,245.04,154.0,27.34,P022,EQ024
2025-09-17 08:40:00,1.35,101.37,331.18,2548.69,27.98,40.28,1105.79,1273.61,244.97,149.73,28.65,P030,EQ031
2025-09-17 08:50:00,1.15,101.36,330.75,2351.6,30.39,46.46,1090.54,1266.05,253.48,161.13,24.7,P035,EQ038
2025-09-17 09:00:00,1.02,97.3,332.05,2522.5,29.82,46.1,1094.62,1281.96,251.63,154.49,28.99,P011,EQ045
2025-09-17 09:10:00,1.24,100.94,336.11,2624.97,28.82,43.11,1079.79,1278.5,250.38,137.63,29.05,P022,EQ003
2025-09-17 09:20:00,1.23,100.4,339.3,2354.05,27.56,42.59,1119.58,1258.89,251.77,148.5,24.94,P010,EQ010
2025-09-17 09:30:00,1.07,104.33,348.16,2409.82,28.7,45.81,1068.89,1241.96,248.05,142.89,25.14,P035,EQ017
2025-09-17 09:40:00,1.26,96.03,342.09,2488.82,29.17,45.82,1056.21,1232.4,249.63,147.29,25.43,P011,EQ024
2025-09-17 09:50:00,1.29,100.43,334.99,2386.36,27.67,47.7,1087.88,1258.63,265.57,147.21,29.92,P037,EQ031
2025-09-17 10:00:00,1.08,100.32,336.52,2413.18,32.2,45.32,1138.26,1211.98,257.03,159.9,20.93,P014,EQ038
2025-09-17 10:10:00,1.06,101.03,346.59,2670.98,29.3,49.65,1062.2,1256.84,242.95,143.97,27.08,P026,EQ045
2025-09-17 10:20:00,1.23,102.67,333.58,2581.27,27.98,43.42,1040.92,1252.92,247.09,145.09,20.24,P027,EQ003
2025-09-17 10:30:00,1.17,101.18,339.28,2482.21,30.66,42.85,1104.12,1274.5,246.74,151.48,28.45,P033,EQ010
2025-09-17 10:40:00,1.14,100.21,329.99,2562.91,31.47,43.95,1098.37,1266.86,262.77,152.53,26.59,P034,EQ017
2025-09-17 10:50:00,1.02,101.41,359.5,2396.85,25.58,39.47,1060.46,1261.98,251.67,140.12,20.98,P001,EQ024
2025-09-17 11:00:00,1.29,101.26,326.96,2698.49,27.66,45.29,1110.64,1257.46,254.22,143.53,22.63,P036,EQ031
2025-09-17 11:10:00,1.2,102.78,328.41,2621.59,35.03,43.63,1080.28,1246.86,247.93,139.51,25.87,P011,EQ038
2025-09-17 11:20:00,1.18,96.72,332.25,2440.58,32.01,45.17,1071.02,1303.67,251.64,145.36,28.22,P022,EQ045
2025-09-17 11:30:00,1.2,97.96,337.27,2536.51,25.5,42.98,1083.98,1246.63,251.95,154.65,24.55,P021,EQ003
2025-09-17 11:40:00,1.22,100.68,333.01,2414.9,29.6,44.63,1088.45,1217.12,254.46,147.03,26.57,P024,EQ010
2025-09-17 11:50:00,1.29,99.36,351.11,2586.52,33.33,43.54,1074.96,1219.82,246.9,147.55,24.1,P026,EQ017
2025-09-17 12:00:00,1.3,102.45,346.23,2484.18,31.73,41.69,1158.58,1237.49,254.11,153.97,24.91,P026,EQ024
2025-09-17 12:10:00,1.43,99.7,357.44,2636.12,30.42,46.23,1137.43,1256.12,252.94,163.96,22.14,P023,EQ031
2025-09-17 12:20:00,1.18,100.67,343.26,2461.82,28.57,42.32,1092.84,1246.55,249.52,147.11,26.86,P007,EQ038
2025-09-17 12:30:00,1.26,99.33,342.27,2503.55,30.76,45.86,1078.68,1233.95,246.71,160.33,21.28,P030,EQ045
2025-09-17 12:40:00,1.15,100.67,309.89,2600.43,28.04,45.15,1111.87,1278.38,252.5,149.36,21.85,P013,EQ003
2025-09-17 12:50:00,1.18,98.09,338.54,2449.22,32.21,45.73,1158.46,1255.32,251.53,134.9,26.93,P033,EQ010
2025-09-17 13:00:00,1.15,96.64,332.47,2528.67,33.54,48.1,1117.36,1229.11,248.66,151.63,26.87,P032,EQ017
2025-09-17 13:10:00,1.26,100.91,322.53,2456.64,29.32,44.87,1131.89,1269.02,246.01,170.03,21.02,P005,EQ024
2025-09-17 13:20:00,1.15,97.17,331.33,2574.9,33.54,44.26,1108.7,1249.07,245.4,140.31,25.94,P020,EQ031
2025-09-17 13:30:00,1.21,99.66,349.68,2519.94,28.38,50.71,1090.22,1256.48,253.85,141.64,22.45,P026,EQ038
2025-09-17 13:40:00,1.14,101.06,340.42,2515.85,28.62,51.72,1075.95,1230.1,248.21,170.92,22.08,P014,EQ045
2025-09-17 13:50:00,1.25,100.14,340.01,2346.39,28.66,48.03,1141.73,1253.93,250.3,135.77,25.05,P007,EQ003
2025-09-17 14:00:00,1.24,99.74,334.57,2594.63,30.66,45.38,1105.87,1260.67,263.53,155.09,30.79,P013,EQ010
2025-09-17 14:10:00,1.26,98.91,331.16,2591.72,28.84,46.6,1084.31,1202.18,249.76,158.68,19.08,P002,EQ017
2025-09-17 14:20:00,1.28,103.56,336.75,2423.39,29.31,41.45,1147.39,1248.63,247.63,158.87,22.29,P014,EQ024
2025-09-17 14:30:00,1.27,99.65,347.26,2453.35,30.12,40.61,1057.83,1224.71,248.87,138.41,20.92,P005,EQ031
2025-09-17 14:40:00,1.2,99.48,340.03,2615.55,35.44,42.09,1090.93,1247.52,256.11,149.64,20.74,P029,EQ038
2025-09-17 14:50:00,1.03,98.18,341.8,2514.63,31.76,46.82,1071.07,1206.15,253.73,152.24,28.36,P028,EQ045
2025-09-17 15:00:00,1.25,98.86,337.76,2588.25,33.14,45.29,1097.23,1222.23,245.38,131.27,27.73,P026,EQ003
2025-09-17 15:10:00,1.28,101.52,338.86,2538.93,30.24,46.54,1088.6,1274.98,253.49,131.12,20.4,P039,EQ010
2025-09-17 15:20:00,1.02,99.84,355.43,2541.84,29.91,43.93,1133.53,1254.65,251.53,152.14,22.79,P025,EQ017
2025-09-17 15:30:00,1.31,101.41,337.72,2555.46,27.38,48.32,1119.18,1253.86,250.86,156.22,23.46,P020,EQ024
2025-09-17 15:40:00,1.34,98.16,341.39,2540.89,34.9,47.23,1094.82,1235.12,250.99,143.74,23.64,P038,EQ031
2025-09-17 15:50:00,1.39,98.37,351.77,2470.94,29.88,46.77,1090.79,1220.55,247.68,152.67,27.71,P040,EQ038
2025-09-17 16:00:00,1.27,97.74,331.26,2609.4,29.15,44.02,1139.44,1248.28,254.22,131.75,25.84,P032,EQ045
2025-09-17 16:10:00,1.13,100.28,333.56,2476.64,29.91,45.43,1073.34,1248.82,252.27,134.31,29.45,P032,EQ003
2025-09-17 16:20:00,1.11,102.6,335.56,2414.66,29.98,43.87,1095.23,1217.59,249.96,145.54,22.17,P002,EQ010
2025-09-17 16:30:00,1.3,99.66,347.6,2533.5,28.12,47.82,1090.57,1246.22,246.38,162.09,21.75,P031,EQ017
2025-09-17 16:40:00,1.19,98.36,353.38,2501.96,29.72,37.82,1060.28,1239.27,248.16,141.73,27.63,P025,EQ024
2025-09-17 16:50:00,1.29,100.49,334.4,2572.69,29.13,46.73,1118.17,1271.84,250.3,136.86,27.52,P007,EQ031
2025-09-17 17:00:00,1.29,99.04,343.56,2606.84,26.87,43.51,1106.07,1242.62,245.13,149.86,23.17,P038,EQ038
2025-09-17 17:10:00,1.19,96.1,348.54,2495.05,29.45,47.79,1085.72,1242.4,255.95,150.94,26.16,P023,EQ045
2025-09-17 17:20:00,1.13,99.49,336.18,2398.31,29.25,48.71,1049.88,1237.34,247.55,161.32,28.36,P032,EQ003
2025-09-17 17:30:00,1.28,101.6,347.71,2432.75,32.6,46.16,1126.92,1233.17,252.06,141.02,29.23,P025,EQ010
2025-09-17 17:40:00,1.12,101.51,328.06,2329.19,31.92,45.76,1022.78,1217.07,243.04,159.81,18.94,P032,EQ017
2025-09-17 17:50:00,1.3,100.14,350.11,2661.59,30.22,47.06,1103.8,1232.76,236.51,135.98,25.26,P006,EQ024
2025-09-17 18:00:00,1.11,99.43,327.93,2600.25,27.42,40.98,1140.48,1247.67,248.44,153.07,24.09,P035,EQ031
2025-09-17 18:10:00,1.22,99.7,343.16,2520.74,29.0,47.51,1099.27,1248.05,256.1,163.06,21.0,P016,EQ038
2025-09-17 18:20:00,1.11,102.98,335.1,2566.14,27.13,43.56,1105.08,1233.09,255.58,142.54,26.96,P007,EQ045
2025-09-17 18:30:00,1.28,99.59,336.17,2356.17,33.19,43.69,1096.74,1267.75,247.93,153.39,24.23,P022,EQ003
2025-09-17 18:40:00,0.99,97.36,340.24,2585.23,30.3,42.06,1143.46,1266.52,245.38,132.31,21.87,P031,EQ010
2025-09-17 18:50:00,1.19,102.56,344.75,2590.37,27.18,38.75,1128.34,1261.26,246.25,162.1,19.84,P020,EQ017
2025-09-17 19:00:00,1.11,95.87,360.23,2402.03,26.4,43.78,1130.16,1251.65,251.35,150.23,25.22,P029,EQ024
2025-09-17 19:10:00,1.09,97.81,334.99,2454.45,31.08,46.02,1113.9,1234.33,249.49,151.64,21.43,P027,EQ031
2025-09-17 19:20:00,1.18,96.22,349.52,2310.93,31.2,43.26,1079.61,1225.69,247.85,161.47,19.98,P009,EQ038
2025-09-17 19:30:00,1.14,101.95,350.11,2691.45,28.7,46.49,1078.6,1248.48,252.84,145.58,25.71,P002,EQ045
2025-09-17 19:40:00,1.23,101.87,352.2,2399.58,28.49,43.37,1112.77,1246.81,247.86,159.14,28.49,P029,EQ003
2025-09-17 19:50:00,1.09,95.46,348.15,2561.59,26.81,40.95,1128.82,1288.67,247.86,143.1,20.75,P012,EQ010
2025-09-17 20:00:00,1.22,99.7,365.89,2460.71,30.57,50.07,1127.17,1229.2,247.86,169.8,23.56,P037,EQ017
2025-09-17 20:10:00,1.05,98.56,340.49,2637.8,30.52,48.98,1153.86,1243.03,252.07,138.29,23.5,P035,EQ024
2025-09-17 20:20:00,1.05,100.78,337.8,2455.16,32.23,45.03,1069.39,1242.03,231.77,147.18,23.99,P004,EQ031
2025-09-17 20:30:00,1.44,100.1,350.9,2362.85,30.22,50.48,1140.71,1275.37,243.58,151.18,21.98,P008,EQ038
2025-09-17 20:40:00,1.16,101.85,337.96,2483.19,27.38,45.63,1095.61,1258.64,250.51,144.28,26.71,P032,EQ045
2025-09-17 20:50:00,1.26,97.48,327.52,2456.84,33.79,42.15,1062.26,1265.46,248.52,142.85,21.47,P029,EQ003
2025-09-17 21:00:00,1.35,102.5,346.61,2624.61,29.23,43.02,1142.6,1245.35,240.87,159.97,21.6,P011,EQ010
2025-09-17 21:10:00,1.18,104.37,357.5,2517.98,27.78,44.68,1073.35,1272.88,251.13,147.7,20.47,P039,EQ017
2025-09-17 21:20:00,1.17,105.16,326.06,2302.44,30.63,46.6,1061.57,1244.28,245.18,152.05,22.33,P008,EQ024
2025-09-17 21:30:00,1.32,100.25,336.3,2615.98,30.39,40.87,1069.08,1276.7,246.45,172.01,26.55,P005,EQ031
2025-09-17 21:40:00,1.34,99.55,340.94,2591.84,29.1,46.12,1096.38,1253.77,238.55,154.12,20.65,P032,EQ038
2025-09-17 21:50:00,1.27,97.47,343.86,2661.84,28.73,45.68,1117.83,1237.05,251.2,139.47,21.94,P025,EQ045
2025-09-17 22:00:00,1.15,99.01,349.16,2430.32,29.5,42.22,1066.76,1267.75,250.62,133.82,27.69,P012,EQ003
2025-09-17 22:10:00,1.21,98.97,330.93,2481.87,25.16,43.81,1079.92,1247.84,247.59,150.28,26.9,P003,EQ010
2025-09-17 22:20:00,1.19,101.66,324.19,2371.51,32.87,43.52,1092.39,1249.87,252.54,130.57,22.82,P015,EQ017
2025-09-17 22:30:00,1.16,100.46,332.0,2484.53,32.06,47.95,1109.48,1241.9,247.33,154.74,22.57,P038,EQ024
2025-09-17 22:40:00,1.15,98.81,344.98,2572.08,29.51,50.07,1105.05,1244.59,250.58,167.05,27.87,P015,EQ031
2025-09-17 22:50:00,1.05,99.34,352.75,2698.57,32.86,48.38,1105.1,1242.09,249.28,127.78,26.38,P008,EQ038
2025-09-17 23:00:00,1.17,99.65,326.57,2662.04,28.21,46.83,1138.03,1244.48,248.18,145.85,20.38,P009,EQ045
2025-09-17 23:10:00,1.07,96.87,347.74,2298.97,28.74,45.76,1129.38,1226.17,243.26,139.94,19.97,P039,EQ003
2025-09-17 23:20:00,1.22,100.12,340.54,2383.25,28.96,51.04,1140.89,1261.32,245.88,144.62,24.96,P029,EQ010
2025-09-17 23:30:00,1.28,98.36,335.15,2514.55,27.82,45.54,1065.07,1231.41,255.23,130.16,24.63,P028,EQ017
2025-09-17 23:40:00,1.23,95.1,334.89,2398.96,30.22,43.63,1093.1,1262.18,255.21,146.57,20.44,P034,EQ024
2025-09-17 23:50:00,1.27,99.6,343.07,2726.51,32.21,46.74,1116.34,1275.07,248.83,158.01,28.87,P024,EQ031
2025-09-18 00:00:00,1.07,99.23,331.45,2587.2,29.12,45.12,1100.78,1243.32,255.35,151.53,26.27,P007,EQ038
2025-09-18 00:10:00,1.18,100.84,341.19,2294.87,31.4,44.89,1071.84,1245.87,247.4,144.33,23.41,P003,EQ045
2025-09-18 00:20:00,1.27,97.35,364.36,2472.68,32.41,44.73,1082.68,1263.61,249.42,154.95,22.55,P036,EQ003
2025-09-18 00:30:00,1.25,98.59,359.35,2584.24,28.16,41.17,1084.38,1252.41,252.94,153.25,26.88,P005,EQ010
2025-09-18 00:40:00,1.23,99.72,350.11,2540.27,30.77,45.79,1138.87,1251.79,247.31,152.69,20.08,P017,EQ017
2025-09-18 00:50:00,1.34,99.73,341.77,2490.23,30.32,43.48,1136.21,1277.76,248.47,153.84,28.69,P023,EQ024
2025-09-18 01:00:00,1.2,99.88,332.77,2617.71,29.68,41.06,1157.94,1248.44,251.46,133.54,24.39,P033,EQ031
2025-09-18 01:10:00,1.31,100.07,340.98,2327.95,32.6,47.25,1055.25,1258.01,252.3,159.29,29.09,P009,EQ038
2025-09-18 01:20:00,1.15,101.86,353.18,2609.49,29.36,42.36,1079.17,1258.81,247.53,128.89,20.75,P011,EQ045
2025-09-18 01:30:00,1.0,98.24,321.19,2478.69,33.08,40.95,1083.08,1265.54,250.05,159.66,20.73,P012,EQ003
2025-09-18 01:40:00,1.23,101.93,353.22,2330.52,28.86,45.51,1100.27,1285.49,248.43,152.66,26.72,P029,EQ010
2025-09-18 01:50:00,1.14,97.89,348.69,2713.25,31.14,42.27,1072.45,1205.18,264.79,155.0,26.65,P035,EQ017
2025-09-18 02:00:00,1.23,101.44,332.4,2398.11,29.32,38.11,1112.22,1222.05,251.79,130.84,22.93,P017,EQ024
2025-09-18 02:10:00,1.35,100.97,350.5,2433.36,26.38,39.94,1131.06,1236.63,250.63,144.04,24.11,P012,EQ031
2025-09-18 02:20:00,1.1,105.17,323.58,2477.57,29.84,44.32,1132.89,1258.85,254.81,151.59,26.01,P008,EQ038
2025-09-18 02:30:00,1.09,99.8,332.98,2559.99,31.11,45.47,1058.73,1249.38,251.58,139.03,25.26,P015,EQ045
2025-09-18 02:40:00,1.22,97.1,355.73,2502.87,28.23,43.33,1059.56,1239.31,246.6,151.67,21.14,P020,EQ003
2025-09-18 02:50:00,1.24,100.49,353.56,2474.12,31.9,42.49,1148.56,1244.5,256.85,156.48,21.41,P026,EQ010
2025-09-18 03:00:00,1.23,102.88,336.77,2481.0,29.02,41.62,1085.32,1256.97,240.77,148.13,19.11,P004,EQ017
2025-09-18 03:10:00,1.29,97.69,347.24,2474.71,30.36,49.03,1156.0,1236.74,247.18,142.93,24.1,P001,EQ024
2025-09-18 03:20:00,1.23,99.89,352.4,2663.72,30.45,43.98,1145.18,1246.5,253.92,162.44,21.0,P018,EQ031
2025-09-18 03:30:00,1.18,99.64,325.64,2620.55,28.33,46.94,1095.96,1227.87,257.55,127.86,25.67,P001,EQ038
2025-09-18 03:40:00,1.09,100.29,347.92,2487.76,29.4,43.26,1070.34,1253.66,252.44,150.45,22.89,P009,EQ045
2025-09-18 03:50:00,1.1,102.4,342.1,2269.63,31.61,49.15,1110.37,1269.44,245.76,164.52,22.72,P016,EQ003
2025-09-18 04:00:00,1.06,99.53,337.63,2528.82,28.41,48.67,1092.38,1253.3,245.38,144.54,27.62,P014,EQ010
2025-09-18 04:10:00,1.17,99.76,343.66,2651.27,27.56,38.81,1072.6,1283.71,251.27,150.24,22.17,P031,EQ017
2025-09-18 04:20:00,1.22,99.84,357.61,2449.73,27.41,50.37,1107.52,1219.4,248.44,132.82,23.57,P014,EQ024
2025-09-18 04:30:00,1.35,100.98,332.84,2626.39,30.75,46.67,1054.96,1272.34,260.13,127.74,21.81,P025,EQ031
2025-09-18 04:40:00,1.24,101.9,355.62,2632.19,26.42,40.86,1090.14,1234.59,241.46,144.9,23.9,P035,EQ038
2025-09-18 04:50:00,1.16,99.88,344.12,2560.64,30.06,43.4,1086.83,1266.92,245.16,152.83,27.88,P005,EQ045
2025-09-18 05:00:00,1.05,101.17,323.33,2404.12,32.65,42.7,1147.89,1229.95,254.78,138.92,21.12,P009,EQ003
2025-09-18 05:10:00,1.14,100.52,329.69,2466.78,28.87,42.26,1093.15,1223.38,252.07,161.72,27.67,P010,EQ010
2025-09-18 05:20:00,1.2,101.88,333.39,2322.25,28.84,41.25,1078.27,1278.25,246.23,144.81,28.28,P005,EQ017
2025-09-18 05:30:00,1.22,99.33,325.66,2438.33,28.98,38.02,1100.48,1244.45,253.32,154.16,24.53,P005,EQ024
2025-09-18 05:40:00,1.26,98.76,336.07,2508.12,30.57,40.73,1106.52,1273.18,257.14,146.06,26.38,P016,EQ031
2025-09-18 05:50:00,1.21,103.76,317.69,2454.83,31.97,44.63,1142.5,1246.68,247.04,133.69,25.4,P027,EQ038
2025-09-18 06:00:00,0.82,98.85,331.3,2489.54,30.97,49.88,1074.31,1280.22,248.41,156.58,28.36,P024,EQ045
2025-09-18 06:10:00,1.02,99.33,347.85,2472.13,31.53,46.69,1071.48,1259.92,257.34,172.86,29.91,P017,EQ003
2025-09-18 06:20:00,1.35,104.07,338.24,2689.15,26.95,45.32,1136.95,1254.34,242.78,143.95,23.01,P028,EQ010
2025-09-18 06:30:00,1.21,100.37,335.07,2608.96,29.28,46.27,1124.57,1248.49,250.47,151.88,20.06,P021,EQ017
2025-09-18 06:40:00,1.31,94.01,335.82,2616.33,24.77,50.2,1094.43,1238.86,241.59,145.45,26.13,P002,EQ024
2025-09-18 06:50:00,1.33,102.57,345.86,2453.88,30.18,40.7,1038.28,1239.31,241.8,156.05,20.63,P024,EQ031
2025-09-18 07:00:00,1.34,100.9,355.04,2367.78,29.41,43.79,1124.31,1243.38,242.52,140.45,22.64,P039,EQ038
2025-09-18 07:10:00,1.1,99.15,345.24,2433.18,33.01,46.62,1133.31,1235.2,239.97,133.43,26.4,P015,EQ045
2025-09-18 07:20:00,1.11,98.38,357.71,2462.45,30.02,45.83,1172.33,1234.77,256.68,147.0,27.35,P009,EQ003
2025-09-18 07:30:00,1.37,100.47,352.43,2494.99,28.98,41.91,1118.05,1262.28,252.52,169.15,24.82,P033,EQ010
2025-09-18 07:40:00,1.33,99.08,328.7,2549.61,30.33,44.52,1070.53,1236.85,250.44,157.43,28.1,P011,EQ017
2025-09-18 07:50:00,1.33,100.44,329.31,2483.79,32.01,44.23,1121.45,1266.38,249.0,145.12,22.19,P034,EQ024
2025-09-18 08:00:00,1.36,98.26,347.64,2694.98,31.65,37.79,1114.92,1270.3,250.61,163.69,22.87,P005,EQ031
2025-09-18 08:10:00,1.21,101.64,348.09,2640.09,33.96,47.4,1123.5,1273.9,252.75,142.51,24.6,P002,EQ038
2025-09-18 08:20:00,1.18,99.98,342.39,2376.07,30.57,45.89,1181.42,1272.18,254.31,151.27,24.56,P036,EQ045
2025-09-18 08:30:00,1.16,101.34,333.39,2384.29,29.87,46.92,1064.23,1253.89,247.42,151.41,20.31,P010,EQ003
2025-09-18 08:40:00,1.17,99.33,341.27,2569.46,28.03,51.33,1119.4,1255.2,245.95,143.3,26.88,P003,EQ010
2025-09-18 08:50:00,1.18,100.14,351.55,2496.91,27.55,47.67,1085.91,1266.06,255.52,145.23,24.07,P026,EQ017
2025-09-18 09:00:00,1.26,101.33,345.52,2315.57,30.69,44.74,1154.87,1230.92,244.38,142.31,21.54,P022,EQ024
2025-09-18 09:10:00,1.19,97.65,340.2,2650.17,32.07,41.8,1114.12,1282.35,251.73,144.95,23.35,P035,EQ031
2025-09-18 09:20:00,1.15,98.64,356.75,2408.48,29.83,41.32,1091.46,1286.45,257.21,156.22,27.07,P020,EQ038
2025-09-18 09:30:00,1.04,98.14,329.88,2630.52,31.3,44.5,1110.52,1266.18,249.16,166.29,28.29,P031,EQ045
2025-09-18 09:40:00,1.26,104.74,332.57,2542.59,30.88,43.4,1125.04,1281.47,259.02,126.2,26.18,P025,EQ003
2025-09-18 09:50:00,1.23,101.15,341.75,2532.36,31.6,47.63,1067.62,1207.02,256.0,143.23,26.75,P038,EQ010
2025-09-18 10:00:00,1.19,99.56,342.04,2613.64,28.57,45.7,1094.57,1288.46,253.53,163.62,27.65,P039,EQ017
2025-09-18 10:10:00,1.21,101.59,349.76,2475.09,32.58,43.5,1098.71,1226.9,252.89,164.92,25.32,P037,EQ024
2025-09-18 10:20:00,1.12,100.52,340.05,2378.94,28.65,47.35,1049.72,1266.1,253.51,130.99,21.54,P022,EQ031
2025-09-18 10:30:00,1.03,98.63,336.63,2560.7,31.13,47.25,1109.07,1220.19,239.25,151.81,19.17,P032,EQ038
2025-09-18 10:40:00,1.21,99.93,352.7,2474.93,33.85,42.48,1111.98,1198.79,253.32,149.75,28.37,P035,EQ045
2025-09-18 10:50:00,1.23,98.43,342.28,2538.81,30.41,48.53,1104.48,1242.52,247.47,147.23,24.3,P005,EQ003
2025-09-18 11:00:00,1.18,99.92,335.75,2389.98,30.87,40.32,1094.54,1254.39,254.05,141.86,22.53,P018,EQ010
2025-09-18 11:10:00,1.16,97.27,333.98,2556.68,31.44,45.77,1121.92,1253.85,245.99,152.39,28.42,P019,EQ017
2025-09-18 11:20:00,1.13,101.97,335.42,2459.03,30.96,45.26,1114.69,1213.85,247.55,155.12,24.48,P015,EQ024
2025-09-18 11:30:00,1.17,102.11,341.15,2540.41,28.91,48.17,1078.87,1265.6,242.04,158.14,22.25,P021,EQ031
2025-09-18 11:40:00,1.34,95.94,339.17,2444.3,29.56,41.84,1065.63,1245.28,258.38,153.47,29.37,P037,EQ038
2025-09-18 11:50:00,1.27,98.23,350.86,2541.51,30.43,49.91,1103.51,1271.03,242.55,157.16,21.21,P020,EQ045
2025-09-18 12:00:00,1.0,101.14,327.88,2504.07,30.43,42.59,1142.86,1246.44,250.75,148.44,21.51,P022,EQ003
2025-09-18 12:10:00,1.17,96.19,341.94,2374.23,33.11,47.75,1079.73,1247.77,245.14,145.33,24.18,P027,EQ010
2025-09-18 12:20:00,1.14,99.81,343.45,2507.42,28.99,43.43,1137.05,1216.93,241.97,151.2,21.07,P039,EQ017
2025-09-18 12:30:00,1.22,99.76,349.91,2510.45,30.45,49.2,1144.84,1251.3,254.92,155.89,24.28,P013,EQ024
2025-09-18 12:40:00,1.09,99.14,343.0,2361.78,27.41,44.54,1158.77,1226.86,250.31,127.94,26.69,P009,EQ031
2025-09-18 12:50:00,1.24,100.75,353.12,2355.02,31.18,46.17,1137.01,1257.84,251.89,146.76,27.88,P019,EQ038
2025-09-18 13:00:00,1.23,98.56,328.26,2389.87,31.39,46.94,1070.22,1229.58,251.62,145.95,21.27,P024,EQ045
2025-09-18 13:10:00,1.23,98.58,355.31,2453.64,31.78,41.03,1098.92,1260.55,246.0,149.28,26.41,P036,EQ003
2025-09-18 13:20:00,1.25,101.98,343.19,2497.86,28.85,49.14,1091.45,1244.4,249.54,155.41,22.63,P030,EQ010
2025-09-18 13:30:00,1.23,104.39,357.18,2630.34,31.37,42.6,1105.6,1232.67,246.39,157.57,24.62,P012,EQ017
2025-09-18 13:40:00,1.18,97.42,341.88,2541.96,28.54,49.8,1105.01,1245.4,257.03,147.03,21.28,P019,EQ024
2025-09-18 13:50:00,1.12,100.41,342.85,2469.87,31.55,45.93,1099.48,1247.44,248.28,161.52,25.66,P014,EQ031
2025-09-18 14:00:00,1.18,99.31,333.46,2457.39,32.77,49.79,1098.0,1260.95,260.11,133.19,26.76,P022,EQ038
2025-09-18 14:10:00,1.05,99.79,336.15,2471.7,29.99,43.79,1065.26,1237.12,244.16,148.22,20.71,P032,EQ045
2025-09-18 14:20:00,1.17,103.79,342.31,2400.27,28.31,46.89,1121.92,1236.91,251.54,137.78,23.2,P026,EQ003
2025-09-18 14:30:00,1.21,102.82,345.52,2515.14,26.16,42.99,1101.87,1270.99,250.61,149.43,24.85,P018,EQ010
2025-09-18 14:40:00,1.27,101.58,325.87,2503.6,30.69,43.53,1073.86,1256.26,250.59,154.39,28.99,P030,EQ017
2025-09-18 14:50:00,1.16,101.0,339.53,2457.19,27.58,44.14,1080.67,1295.59,250.43,153.17,25.85,P010,EQ024
2025-09-18 15:00:00,1.42,98.6,331.1,2422.31,30.18,45.55,1117.1,1252.66,257.48,159.98,22.83,P005,EQ031
2025-09-18 15:10:00,1.28,104.59,350.33,2466.05,32.81,46.67,1049.0,1275.78,242.02,141.79,21.84,P025,EQ038
2025-09-18 15:20:00,1.09,98.7,337.56,2325.44,27.28,48.15,1143.69,1249.58,251.12,157.24,27.72,P026,EQ045
2025-09-18 15:30:00,1.32,100.86,318.77,2554.93,30.06,43.81,1079.55,1230.46,240.8,153.67,18.64,P013,EQ003
2025-09-18 15:40:00,1.36,98.83,360.91,2386.39,30.47,42.85,1116.33,1253.46,253.26,140.85,28.03,P017,EQ010
2025-09-18 15:50:00,1.16,100.37,338.42,2575.26,28.94,48.92,1113.17,1220.36,245.14,161.73,27.5,P030,EQ017
2025-09-18 16:00:00,1.16,100.6,330.64,2516.07,30.98,41.06,1092.94,1210.77,259.27,147.34,28.93,P036,EQ024
2025-09-18 16:10:00,1.1,101.36,348.0,2635.0,30.52,44.88,1130.17,1214.32,243.27,157.44,23.96,P018,EQ031
2025-09-18 16:20:00,1.23,101.8,357.97,2562.56,33.18,45.44,1028.56,1270.98,242.81,154.6,24.33,P027,EQ038
2025-09-18 16:30:00,1.12,99.87,343.85,2547.03,30.5,42.32,1106.24,1273.5,242.88,157.55,21.36,P004,EQ045
2025-09-18 16:40:00,1.12,98.08,344.03,2475.28,29.33,45.1,1122.64,1263.41,241.36,154.55,28.55,P032,EQ003
2025-09-18 16:50:00,1.15,98.44,345.13,2458.85,29.77,50.24,1090.45,1262.27,259.67,134.17,26.71,P031,EQ010
2025-09-18 17:00:00,1.22,101.33,344.24,2490.76,29.26,44.01,1048.26,1226.14,244.3,141.77,22.92,P021,EQ017
2025-09-18 17:10:00,1.23,97.58,357.1,2695.9,27.54,48.98,1115.57,1221.89,258.32,154.38,21.01,P012,EQ024
2025-09-18 17:20:00,1.1,101.21,333.07,2523.5,31.72,43.44,1085.45,1249.91,247.42,158.93,20.61,P004,EQ031
2025-09-18 17:30:00,1.3,97.82,343.24,2500.47,27.29,41.2,1112.58,1257.27,259.83,157.52,20.94,P005,EQ038
2025-09-18 17:40:00,1.05,100.04,350.23,2433.21,29.85,44.03,1131.3,1234.47,243.14,142.49,21.46,P036,EQ045
2025-09-18 17:50:00,1.22,103.33,336.18,2607.23,30.62,45.12,1135.76,1256.62,244.89,154.21,24.5,P009,EQ003
2025-09-18 18:00:00,1.23,101.71,338.6,2444.77,29.41,46.54,1093.68,1243.42,250.1,139.83,27.18,P028,EQ010
2025-09-18 18:10:00,1.25,101.22,342.35,2421.74,28.64,42.86,1134.94,1266.65,250.01,173.31,21.92,P037,EQ017
2025-09-18 18:20:00,1.29,100.43,347.53,2513.08,29.86,45.73,1050.57,1260.32,243.61,138.14,19.86,P008,EQ024
2025-09-18 18:30:00,1.28,98.04,337.02,2568.59,29.63,43.8,1139.7,1263.05,250.26,138.63,23.2,P040,EQ031
2025-09-18 18:40:00,1.2,99.42,333.49,2460.47,29.82,41.03,1086.36,1259.4,243.95,156.32,26.24,P019,EQ038
2025-09-18 18:50:00,1.21,102.91,333.29,2521.98,30.03,48.73,1055.22,1241.11,254.44,151.17,24.09,P015,EQ045
2025-09-18 19:00:00,1.2,99.01,341.75,2669.16,31.05,46.13,1074.63,1247.95,252.03,159.34,21.93,P039,EQ003
2025-09-18 19:10:00,1.28,100.53,344.07,2548.82,28.8,46.48,1105.81,1256.67,257.67,142.05,26.14,P018,EQ010
2025-09-18 19:20:00,1.26,99.68,352.43,2457.16,29.29,44.35,1048.92,1209.09,256.79,142.3,28.54,P023,EQ017
2025-09-18 19:30:00,1.18,98.79,342.28,2394.22,30.46,46.9,1102.03,1236.03,251.29,158.38,27.71,P010,EQ024
2025-09-18 19:40:00,1.15,95.27,351.07,2421.49,32.4,42.88,1109.18,1249.47,250.7,154.36,19.9,P038,EQ031
2025-09-18 19:50:00,1.19,102.71,335.81,2340.27,28.89,43.29,1094.98,1264.45,245.38,138.4,22.57,P015,EQ038
2025-09-18 20:00:00,1.18,102.55,340.75,2565.86,28.29,48.58,1102.29,1279.83,253.93,135.97,22.16,P025,EQ045
2025-09-18 20:10:00,1.29,99.69,334.07,2435.55,29.12,41.81,1039.26,1251.93,247.81,157.71,21.46,P040,EQ003
2025-09-18 20:20:00,1.16,98.76,332.32,2540.94,31.06,37.2,1096.99,1262.7,255.34,140.65,20.42,P011,EQ010
2025-09-18 20:30:00,1.15,97.19,335.73,2568.28,31.54,43.58,1114.39,1253.41,245.53,131.94,20.21,P040,EQ017
2025-09-18 20:40:00,1.35,101.55,337.01,2510.68,31.23,50.79,1114.42,1274.89,252.95,161.18,30.16,P018,EQ024
2025-09-18 20:50:00,1.23,103.02,341.24,2503.06,29.65,46.67,1111.9,1220.64,248.45,144.65,26.75,P008,EQ031
2025-09-18 21:00:00,1.22,99.94,327.51,2370.24,26.33,43.94,1071.98,1250.36,253.39,166.87,20.85,P027,EQ038
2025-09-18 21:10:00,1.12,98.66,343.66,2582.14,29.31,42.99,1143.76,1218.97,242.94,131.04,20.65,P030,EQ045
2025-09-18 21:20:00,1.1,101.85,341.15,2382.63,32.04,40.67,1105.91,1276.12,241.09,149.97,25.21,P012,EQ003
2025-09-18 21:30:00,1.31,100.55,346.62,2456.13,26.42,45.64,1090.19,1258.74,247.07,151.86,28.49,P018,EQ010
2025-09-18 21:40:00,1.25,101.26,353.36,2540.67,29.4,48.74,1167.42,1254.66,254.69,149.93,21.15,P016,EQ017
2025-09-18 21:50:00,1.3,98.64,319.99,2483.91,31.1,43.55,1068.85,1241.14,243.62,149.41,25.36,P028,EQ024
2025-09-18 22:00:00,1.3,101.6,319.9,2559.98,29.91,41.06,1120.88,1236.24,249.1,138.23,24.94,P039,EQ031
2025-09-18 22:10:00,1.23,97.92,353.41,2722.21,33.67,39.46,1132.62,1258.91,249.74,156.95,28.13,P029,EQ038
2025-09-18 22:20:00,1.29,96.91,350.44,2653.22,32.66,44.54,1152.66,1264.12,232.92,154.62,20.46,P007,EQ045
2025-09-18 22:30:00,1.07,98.45,319.93,2470.88,29.01,39.52,1085.46,1280.06,248.71,130.07,28.46,P027,EQ003
2025-09-18 22:40:00,1.2,100.95,329.05,2577.66,25.62,45.49,1097.89,1244.11,257.14,150.22,27.25,P029,EQ010
2025-09-18 22:50:00,1.1,102.55,343.98,2445.52,33.19,49.33,1070.11,1240.74,251.17,149.14,21.04,P025,EQ017
2025-09-18 23:00:00,1.25,101.27,313.88,2512.27,29.56,44.43,1123.94,1248.4,250.96,153.07,28.04,P025,EQ024
2025-09-18 23:10:00,1.1,101.66,357.07,2629.57,30.16,40.97,1105.45,1250.43,245.73,140.71,19.52,P018,EQ031
2025-09-18 23:20:00,1.16,95.57,333.05,2351.43,28.13,45.95,1114.11,1252.78,245.98,142.17,21.34,P032,EQ038
2025-09-18 23:30:00,1.36,98.19,349.78,2656.64,29.11,44.12,1088.46,1246.74,254.34,149.68,24.26,P034,EQ045
2025-09-18 23:40:00,1.14,99.23,325.23,2368.12,33.14,49.62,1121.98,1212.11,250.53,146.38,22.33,P002,EQ003
2025-09-18 23:50:00,1.02,99.83,339.51,2337.63,30.7,43.17,1090.59,1236.4,252.21,155.06,24.47,P040,EQ010
2025-09-19 00:00:00,1.28,98.34,339.54,2529.47,31.8,39.27,1082.32,1293.64,265.47,145.96,25.75,P029,EQ017
2025-09-19 00:10:00,1.01,100.19,329.6,2655.65,30.27,42.59,1101.77,1253.53,245.74,145.82,25.21,P024,EQ024
2025-09-19 00:20:00,1.25,98.49,332.31,2450.05,29.32,45.43,1095.19,1285.83,245.97,172.42,21.3,P005,EQ031
2025-09-19 00:30:00,1.33,99.45,349.98,2507.25,30.52,45.27,1114.3,1266.71,244.34,166.96,25.28,P025,EQ038
2025-09-19 00:40:00,1.19,102.05,343.95,2459.38,29.75,45.1,1083.71,1223.65,248.9,159.35,20.74,P026,EQ045
2025-09-19 00:50:00,1.13,98.68,328.38,2539.67,30.34,42.59,1121.04,1204.45,246.17,148.06,20.55,P021,EQ003
2025-09-19 01:00:00,1.21,102.47,321.38,2451.81,28.56,50.1,1130.78,1257.25,251.89,128.59,23.4,P018,EQ010
2025-09-19 01:10:00,1.2,99.1,348.74,2516.34,33.28,50.89,1121.02,1253.88,247.88,155.51,21.95,P019,EQ017
2025-09-19 01:20:00,1.14,98.92,339.79,2472.22,27.73,45.51,1098.17,1296.82,239.4,142.92,28.26,P025,EQ024
2025-09-19 01:30:00,1.14,99.03,348.4,2703.81,30.38,45.18,1083.52,1246.45,253.41,142.54,25.79,P031,EQ031
2025-09-19 01:40:00,1.16,101.22,342.84,2386.31,32.2,43.76,1086.53,1268.29,251.26,163.84,29.63,P037,EQ038
2025-09-19 01:50:00,1.3,100.94,352.53,2644.66,32.22,47.2,1160.01,1231.24,246.89,153.84,21.42,P005,EQ045
2025-09-19 02:00:00,1.16,97.89,333.33,2357.99,29.8,45.26,1095.78,1246.09,250.31,157.12,24.02,P002,EQ003
2025-09-19 02:10:00,1.11,101.81,347.21,2504.04,28.42,44.06,1098.32,1223.98,247.75,147.82,22.75,P023,EQ010
2025-09-19 02:20:00,1.16,100.36,345.21,2477.99,31.32,41.85,1066.8,1246.6,246.26,165.14,22.74,P002,EQ017
2025-09-19 02:30:00,1.08,100.72,345.83,2358.51,26.92,44.27,1075.5,1239.56,246.15,141.31,23.87,P029,EQ024
2025-09-19 02:40:00,1.25,99.97,342.62,2426.69,31.82,43.05,1106.87,1233.19,246.1,173.21,27.72,P006,EQ031
2025-09-19 02:50:00,1.27,99.81,345.39,2493.64,31.18,47.26,1133.85,1215.26,260.7,144.61,24.25,P023,EQ038
2025-09-19 03:00:00,1.27,101.29,353.72,2657.64,26.85,48.22,1113.64,1256.93,254.13,153.16,22.35,P024,EQ045
2025-09-19 03:10:00,1.26,101.27,333.49,2350.61,28.61,42.47,1117.51,1245.57,257.38,138.02,29.31,P017,EQ003
2025-09-19 03:20:00,1.13,98.05,320.92,2396.75,29.29,47.42,1034.5,1232.13,252.8,155.09,24.24,P011,EQ010
2025-09-19 03:30:00,1.31,101.79,332.56,2324.61,33.92,48.75,1053.33,1283.38,249.52,150.9,22.31,P038,EQ017
2025-09-19 03:40:00,1.14,101.92,343.72,2641.79,26.01,47.84,1091.23,1249.89,244.43,154.0,25.37,P039,EQ024
2025-09-19 03:50:00,1.33,98.5,332.85,2568.06,31.26,44.84,1155.54,1246.84,254.2,158.89,25.19,P013,EQ031
2025-09-19 04:00:00,1.14,100.02,348.04,2599.91,30.89,46.17,1091.99,1234.58,257.4,145.76,28.4,P025,EQ038
2025-09-19 04:10:00,1.11,97.92,339.19,2528.21,30.26,47.69,1101.32,1270.94,249.88,172.16,23.58,P015,EQ045
2025-09-19 04:20:00,1.11,99.85,334.29,2585.2,32.11,42.47,1105.11,1271.69,250.43,129.17,20.9,P011,EQ003
2025-09-19 04:30:00,1.27,99.27,357.12,2491.96,31.21,49.95,1118.18,1280.52,252.15,162.46,21.21,P036,EQ010
2025-09-19 04:40:00,1.35,99.9,333.3,2431.32,29.35,42.87,1132.66,1246.94,244.18,137.08,19.6,P006,EQ017
2025-09-19 04:50:00,1.32,100.03,336.45,2674.94,28.58,49.13,1111.26,1277.1,246.77,150.23,24.99,P017,EQ024
2025-09-19 05:00:00,1.0,97.99,344.17,2335.93,32.7,39.77,1066.61,1272.63,253.23,149.72,24.82,P019,EQ031
2025-09-19 05:10:00,0.89,99.76,357.36,2370.52,30.13,45.53,1102.84,1258.11,251.56,174.17,21.28,P028,EQ038
2025-09-19 05:20:00,1.15,99.51,353.02,2618.8,28.3,42.84,1115.51,1212.19,247.6,151.08,21.47,P012,EQ045
2025-09-19 05:30:00,1.12,96.95,347.64,2293.61,31.92,41.39,1107.37,1240.04,245.59,129.55,21.32,P020,EQ003
2025-09-19 05:40:00,1.24,98.19,338.49,2440.2,30.3,44.84,1086.67,1233.83,248.19,145.64,20.83,P005,EQ010
2025-09-19 05:50:00,1.26,102.1,345.67,2550.41,31.0,41.59,1079.84,1239.15,250.16,128.65,21.72,P006,EQ017
2025-09-19 06:00:00,1.24,97.96,341.37,2449.87,26.9,45.33,1123.0,1277.72,245.06,135.78,25.77,P037,EQ024
2025-09-19 06:10:00,1.18,98.97,345.45,2660.35,30.31,46.33,1074.61,1265.55,258.35,148.98,27.25,P012,EQ031
2025-09-19 06:20:00,1.2,97.97,325.12,2417.93,30.37,45.96,1123.68,1251.03,250.7,141.86,22.53,P031,EQ038
2025-09-19 06:30:00,1.26,100.84,322.04,2423.54,31.19,40.73,1091.17,1234.39,251.25,161.17,28.65,P011,EQ045
2025-09-19 06:40:00,1.03,97.16,330.02,2337.62,31.59,49.14,1082.38,1233.36,233.78,149.14,20.25,P013,EQ003
2025-09-19 06:50:00,1.24,101.76,337.66,2326.51,28.64,49.01,1085.84,1256.65,253.62,148.04,26.05,P005,EQ010
2025-09-19 07:00:00,1.13,100.46,341.21,2388.93,28.93,46.7,1086.48,1231.17,251.56,145.78,20.11,P007,EQ017
2025-09-19 07:10:00,1.34,103.4,337.77,2452.93,27.65,51.84,1107.48,1260.37,246.92,143.55,22.17,P012,EQ024
2025-09-19 07:20:00,1.24,96.35,345.71,2644.42,31.39,35.46,1098.28,1267.19,257.02,169.96,25.91,P030,EQ031
2025-09-19 07:30:00,1.07,99.05,344.29,2480.8,29.46,44.92,1073.1,1281.12,243.09,140.57,24.97,P024,EQ038
2025-09-19 07:40:00,1.39,98.99,336.18,2683.02,34.3,43.75,1117.04,1255.19,246.82,168.81,26.49,P010,EQ045
2025-09-19 07:50:00,1.1,98.96,351.73,2500.88,30.34,42.57,1109.66,1267.21,245.34,150.12,24.73,P012,EQ003
2025-09-19 08:00:00,1.1,99.86,323.85,2465.25,29.39,48.6,1143.71,1275.99,249.24,154.01,22.43,P001,EQ010
2025-09-19 08:10:00,1.25,96.99,353.14,2514.67,30.09,47.89,1080.97,1229.37,247.66,155.64,22.23,P011,EQ017
2025-09-19 08:20:00,1.33,97.81,346.28,2407.33,31.33,44.72,1088.49,1256.29,251.63,149.31,27.46,P033,EQ024
2025-09-19 08:30:00,1.03,95.12,348.7,2604.74,30.14,42.92,1123.26,1284.58,250.63,152.67,28.44,P033,EQ031
2025-09-19 08:40:00,1.18,99.23,358.59,2679.06,32.65,44.67,1076.06,1239.67,244.63,134.03,23.85,P004,EQ038
2025-09-19 08:50:00,1.16,100.94,343.55,2495.35,28.95,45.58,1101.02,1282.99,248.71,159.48,23.98,P011,EQ045
2025-09-19 09:00:00,1.04,99.85,342.83,2498.59,30.83,46.31,1100.91,1239.34,254.68,162.51,20.3,P010,EQ003
2025-09-19 09:10:00,1.13,101.82,343.0,2408.74,29.38,43.89,1041.61,1291.81,240.97,155.49,27.82,P016,EQ010
2025-09-19 09:20:00,1.12,99.39,349.97,2501.34,28.13,46.15,1069.68,1231.04,250.46,146.45,27.71,P024,EQ017
2025-09-19 09:30:00,1.29,97.91,343.23,2696.86,32.41,44.97,1085.07,1227.57,251.16,155.44,24.92,P018,EQ024
2025-09-19 09:40:00,1.05,100.79,344.82,2274.44,31.14,43.96,1100.87,1244.06,245.47,162.02,23.61,P030,EQ031
2025-09-19 09:50:00,1.32,101.39,339.88,2716.65,32.19,42.76,1129.34,1267.54,254.59,162.81,22.04,P008,EQ038
2025-09-19 10:00:00,1.27,101.75,336.98,2484.7,32.21,43.69,1096.03,1272.68,241.89,160.13,26.23,P011,EQ045
2025-09-19 10:10:00,1.12,100.99,349.95,2493.64,32.69,42.89,1138.11,1276.23,254.01,150.63,26.87,P003,EQ003
2025-09-19 10:20:00,1.28,97.52,337.27,2654.37,27.32,47.44,1087.19,1255.32,251.55,142.83,20.5,P025,EQ010
2025-09-19 10:30:00,1.06,98.74,314.57,2430.4,31.03,40.62,1111.92,1236.99,246.33,149.66,20.44,P019,EQ017
2025-09-19 10:40:00,1.2,102.15,345.13,2517.87,28.15,43.43,1085.83,1269.85,256.37,156.81,25.15,P032,EQ024
2025-09-19 10:50:00,1.12,102.81,334.63,2277.27,33.37,42.3,1144.81,1282.08,253.27,149.39,27.3,P026,EQ031
2025-09-19 11:00:00,1.28,97.89,323.34,2599.04,33.14,47.25,1117.33,1223.81,254.68,140.84,24.96,P026,EQ038
2025-09-19 11:10:00,1.25,101.18,340.45,2646.18,32.38,43.55,1152.63,1268.75,253.83,164.53,29.21,P030,EQ045
2025-09-19 11:20:00,1.15,101.07,338.79,2413.39,29.59,42.56,1085.83,1236.13,247.39,149.89,28.44,P034,EQ003
2025-09-19 11:30:00,1.09,102.17,339.13,2510.28,30.67,41.63,1091.21,1242.46,253.6,163.87,23.29,P039,EQ010
2025-09-19 11:40:00,1.03,99.06,346.53,2461.57,28.91,45.14,1102.88,1227.31,252.44,152.06,25.07,P026,EQ017
2025-09-19 11:50:00,1.08,101.2,332.76,2488.3,31.85,43.5,1121.55,1230.7,253.54,146.83,26.96,P034,EQ024
2025-09-19 12:00:00,1.16,96.13,352.42,2596.4,30.21,47.93,1093.12,1259.71,252.82,147.0,29.37,P011,EQ031
2025-09-19 12:10:00,1.16,100.53,327.05,2418.8,30.74,48.18,1095.84,1238.79,250.86,142.87,24.43,P032,EQ038
2025-09-19 12:20:00,1.16,99.37,342.46,2577.77,30.7,45.53,1107.77,1239.49,250.26,144.89,20.71,P003,EQ045
2025-09-19 12:30:00,1.18,98.3,328.87,2555.52,30.04,50.74,1090.42,1257.89,249.72,142.79,21.77,P039,EQ003
2025-09-19 12:40:00,1.17,100.26,318.19,2456.01,32.86,47.42,1133.78,1255.29,251.73,142.28,29.71,P020,EQ010
2025-09-19 12:50:00,1.1,99.54,349.34,2626.26,25.1,45.84,1166.22,1249.22,253.81,138.07,21.06,P027,EQ017
2025-09-19 13:00:00,1.01,101.79,336.87,2362.97,28.81,46.32,1050.51,1276.02,255.17,139.78,24.36,P020,EQ024
2025-09-19 13:10:00,1.29,100.47,349.52,2540.33,30.09,44.02,1094.13,1263.81,252.12,155.58,23.75,P021,EQ031
2025-09-19 13:20:00,1.32,99.88,346.7,2587.54,30.67,43.67,1133.31,1199.36,243.41,141.63,22.8,P002,EQ038
2025-09-19 13:30:00,1.24,102.36,336.55,2478.56,27.46,45.8,1070.35,1236.44,241.43,148.0,20.77,P010,EQ045
2025-09-19 13:40:00,1.11,100.48,330.44,2595.12,28.98,45.17,1109.85,1253.02,247.96,161.52,23.9,P038,EQ003
2025-09-19 13:50:00,1.36,100.92,333.46,2546.28,29.25,44.57,1112.65,1246.52,252.97,154.72,27.63,P009,EQ010
2025-09-19 14:00:00,1.13,99.98,338.34,2596.86,32.26,47.38,1114.26,1254.62,248.44,131.19,25.93,P020,EQ017
2025-09-19 14:10:00,1.26,97.35,340.54,2461.36,28.68,41.66,1111.25,1234.44,243.21,126.54,22.59,P010,EQ024
2025-09-19 14:20:00,1.21,100.06,346.56,2500.16,28.63,44.39,1118.71,1266.11,256.03,134.57,20.52,P015,EQ031
2025-09-19 14:30:00,1.25,96.43,340.95,2548.88,29.17,48.37,1091.12,1246.93,242.48,142.24,27.57,P017,EQ038
2025-09-19 14:40:00,1.18,99.15,337.98,2599.66,31.68,41.17,1096.58,1258.2,244.02,142.45,23.97,P030,EQ045
2025-09-19 14:50:00,1.08,98.72,323.53,2478.55,34.39,43.33,1115.02,1257.35,254.77,147.78,27.29,P024,EQ003
2025-09-19 15:00:00,1.3,95.85,340.49,2452.95,30.38,40.29,1107.05,1257.98,250.11,140.31,28.48,P030,EQ010
2025-09-19 15:10:00,1.28,99.04,332.63,2505.35,27.52,49.57,1096.55,1249.63,254.02,144.81,21.23,P004,EQ017
2025-09-19 15:20:00,1.15,98.37,350.34,2590.79,32.58,42.51,1042.55,1257.06,249.58,157.47,22.12,P010,EQ024
2025-09-19 15:30:00,1.12,99.07,337.52,2477.42,27.7,45.66,1111.4,1243.88,239.06,146.84,27.05,P007,EQ031
2025-09-19 15:40:00,1.6,98.7,353.85,2397.38,30.09,41.28,1050.53,1230.06,262.2,156.17,23.25,P004,EQ038
2025-09-19 15:50:00,1.2,99.21,334.18,2668.17,33.99,41.02,1078.1,1260.73,248.97,148.41,23.17,P025,EQ045
2025-09-19 16:00:00,1.12,100.37,333.47,2538.24,29.41,38.45,1080.26,1256.19,251.32,177.3,28.62,P028,EQ003
2025-09-19 16:10:00,1.43,99.29,335.08,2569.67,30.88,43.53,1063.56,1225.7,253.77,147.89,20.3,P019,EQ010
2025-09-19 16:20:00,1.16,102.4,336.47,2412.07,31.09,42.34,1070.45,1281.11,252.01,166.42,23.87,P033,EQ017
2025-09-19 16:30:00,1.21,100.06,321.99,2499.58,27.44,40.09,1139.51,1256.33,253.43,164.56,25.51,P003,EQ024
2025-09-19 16:40:00,1.31,99.12,349.97,2552.84,31.0,45.54,1085.62,1235.01,245.96,126.26,27.98,P031,EQ031
2025-09-19 16:50:00,1.17,103.47,337.79,2258.67,30.58,41.65,1043.15,1232.72,238.84,139.68,19.12,P022,EQ038
2025-09-19 17:00:00,1.24,99.08,334.27,2558.69,30.84,42.62,1055.06,1231.68,251.63,157.48,21.35,P033,EQ045
2025-09-19 17:10:00,1.12,101.13,350.58,2448.61,27.21,45.49,1096.48,1266.06,250.12,149.81,21.54,P007,EQ003
2025-09-19 17:20:00,1.34,99.68,347.96,2655.06,30.87,44.52,1111.87,1253.29,238.68,142.76,20.16,P036,EQ010
2025-09-19 17:30:00,0.92,102.56,342.88,2269.68,28.65,45.54,1117.35,1274.04,247.82,141.08,22.5,P002,EQ017
2025-09-19 17:40:00,1.14,96.45,349.57,2520.08,29.44,43.07,1094.95,1263.83,252.37,140.82,25.13,P034,EQ024
2025-09-19 17:50:00,1.12,100.99,338.96,2443.14,28.03,39.77,1096.63,1245.3,251.34,136.87,23.3,P029,EQ031
2025-09-19 18:00:00,1.21,98.18,350.5,2422.59,30.25,41.46,1065.16,1238.82,246.62,153.61,23.06,P040,EQ038
2025-09-19 18:10:00,1.14,100.64,335.36,2235.4,32.97,42.35,1084.36,1280.46,243.12,150.3,24.05,P040,EQ045
2025-09-19 18:20:00,1.44,99.25,344.96,2609.3,32.65,46.38,1122.83,1239.93,252.17,137.97,22.84,P024,EQ003
2025-09-19 18:30:00,1.22,96.52,343.18,2560.26,29.27,45.91,1099.13,1256.65,240.49,163.13,19.46,P034,EQ010
2025-09-19 18:40:00,1.37,101.16,337.44,2449.37,25.89,45.13,1115.64,1230.55,251.48,162.2,25.12,P029,EQ017
2025-09-19 18:50:00,1.08,100.11,349.69,2437.41,29.9,44.58,1117.86,1246.37,249.08,148.57,26.89,P028,EQ024
2025-09-19 19:00:00,1.25,98.38,343.38,2449.68,28.27,50.01,1086.7,1277.97,257.63,145.1,28.57,P003,EQ031
2025-09-19 19:10:00,1.16,101.52,328.58,2576.67,29.31,39.65,1138.39,1267.05,249.94,148.73,26.51,P036,EQ038
2025-09-19 19:20:00,1.27,99.37,338.47,2350.52,30.47,52.24,1080.72,1248.55,249.9,158.96,26.73,P037,EQ045
2025-09-19 19:30:00,1.37,98.66,334.86,2366.98,29.02,39.68,1066.09,1263.89,245.88,152.24,24.45,P010,EQ003
2025-09-19 19:40:00,1.28,100.12,342.69,2504.07,28.23,49.08,1091.69,1244.03,254.15,151.73,29.12,P025,EQ010
2025-09-19 19:50:00,1.25,99.78,334.68,2601.67,29.61,49.52,1097.97,1257.07,256.18,152.29,23.56,P029,EQ017
2025-09-19 20:00:00,1.19,99.02,339.91,2527.15,31.83,45.96,1106.71,1294.85,257.83,155.17,28.63,P018,EQ024
2025-09-19 20:10:00,1.21,100.5,336.68,2581.77,31.81,51.27,1164.38,1245.48,250.61,132.63,21.01,P013,EQ031
2025-09-19 20:20:00,1.16,103.05,347.38,2640.75,34.4,43.08,1077.45,1268.38,245.77,157.96,20.49,P025,EQ038
2025-09-19 20:30:00,1.29,101.13,325.76,2570.17,28.12,46.13,1094.1,1252.16,262.65,146.17,23.5,P015,EQ045
2025-09-19 20:40:00,1.29,100.42,335.83,2614.13,27.7,42.27,1120.36,1260.14,246.07,148.73,19.88,P020,EQ003
2025-09-19 20:50:00,1.17,103.23,339.15,2539.63,28.21,47.26,1108.82,1259.4,236.85,154.81,18.85,P009,EQ010
2025-09-19 21:00:00,1.23,99.39,349.17,2711.03,34.8,45.2,1109.7,1240.42,243.34,140.61,20.8,P037,EQ017
2025-09-19 21:10:00,1.13,99.35,329.31,2326.68,32.33,47.26,1090.86,1248.73,247.96,145.13,21.33,P010,EQ024
2025-09-19 21:20:00,1.51,100.21,352.04,2531.92,32.05,46.9,1143.68,1243.44,243.35,142.66,23.06,P037,EQ031
2025-09-19 21:30:00,1.14,99.74,335.11,2516.2,30.2,49.2,1108.12,1234.12,249.63,166.51,21.82,P014,EQ038
2025-09-19 21:40:00,1.25,100.04,343.12,2542.67,28.27,46.11,1057.96,1293.35,253.66,156.5,20.61,P005,EQ045
2025-09-19 21:50:00,1.39,99.06,350.27,2556.61,31.82,48.93,1120.77,1287.85,247.71,152.28,21.67,P003,EQ003
2025-09-19 22:00:00,1.21,101.87,330.65,2609.29,32.71,48.41,1058.95,1229.75,252.36,157.43,22.08,P031,EQ010
2025-09-19 22:10:00,1.29,98.33,347.44,2535.93,29.68,43.82,1082.46,1245.22,252.2,138.26,27.48,P015,EQ017
2025-09-19 22:20:00,1.22,96.79,335.16,2527.32,30.07,44.04,1102.36,1260.14,247.23,145.76,24.15,P011,EQ024
2025-09-19 22:30:00,1.18,101.51,331.42,2625.39,33.82,44.86,1096.37,1237.89,253.33,162.77,28.8,P032,EQ031
2025-09-19 22:40:00,1.31,98.52,330.08,2420.83,28.04,40.68,1127.9,1247.69,255.52,138.78,21.16,P030,EQ038
2025-09-19 22:50:00,1.22,100.28,338.0,2616.8,31.96,43.81,1104.26,1220.56,247.64,165.28,26.69,P022,EQ045
2025-09-19 23:00:00,1.25,97.42,340.61,2446.5,33.27,44.58,1081.85,1252.31,251.84,151.59,25.91,P024,EQ003
2025-09-19 23:10:00,1.06,99.35,345.58,2468.98,32.23,43.28,1131.32,1229.84,246.3,158.76,27.11,P017,EQ010
2025-09-19 23:20:00,1.07,97.26,331.07,2591.41,29.77,49.16,1048.91,1243.25,242.51,152.9,24.4,P036,EQ017
2025-09-19 23:30:00,1.11,96.86,325.46,2527.4,35.3,48.74,1099.31,1250.12,247.23,169.34,28.04,P022,EQ024
2025-09-19 23:40:00,1.39,102.37,341.24,2494.05,33.99,44.42,1137.96,1273.53,251.63,151.28,26.48,P021,EQ031
2025-09-19 23:50:00,1.2,100.13,350.71,2307.96,31.07,47.17,1076.16,1247.15,253.16,152.56,25.05,P038,EQ038
2025-09-20 00:00:00,1.26,100.15,349.05,2425.56,24.47,44.48,1087.6,1256.72,259.74,142.9,25.83,P018,EQ045
2025-09-20 00:10:00,1.05,97.14,343.78,2592.5,27.52,44.76,1083.76,1241.6,250.69,143.53,27.43,P016,EQ003
2025-09-20 00:20:00,1.35,97.93,342.55,2591.25,29.82,46.14,1140.45,1254.5,245.88,155.8,21.56,P002,EQ010
2025-09-20 00:30:00,1.19,98.41,329.29,2635.64,28.38,41.85,1088.78,1241.1,243.68,136.87,23.11,P018,EQ017
2025-09-20 00:40:00,1.2,99.56,354.28,2330.72,33.25,43.08,1064.98,1245.73,246.31,155.29,22.43,P033,EQ024
2025-09-20 00:50:00,1.22,103.21,336.75,2424.56,29.32,41.28,1071.56,1261.34,245.09,155.35,22.33,P026,EQ031
2025-09-20 01:00:00,1.26,101.62,334.38,2510.42,29.27,47.07,1060.93,1242.76,252.1,156.34,20.18,P038,EQ038
2025-09-20 01:10:00,1.21,97.96,335.91,2618.26,28.8,44.96,1136.5,1244.38,255.6,147.67,22.97,P017,EQ045
2025-09-20 01:20:00,1.19,98.56,343.14,2544.43,29.41,51.17,1080.32,1240.45,248.34,159.79,20.38,P010,EQ003
2025-09-20 01:30:00,1.27,99.47,342.26,2390.15,28.74,44.5,1126.33,1216.69,249.34,160.77,24.34,P015,EQ010
2025-09-20 01:40:00,1.23,99.98,341.31,2476.54,34.23,45.64,1108.55,1275.9,251.7,153.86,29.05,P016,EQ017
2025-09-20 01:50:00,1.08,99.71,336.7,2504.74,27.49,42.89,1074.49,1236.2,246.55,142.87,23.58,P010,EQ024
2025-09-20 02:00:00,1.29,98.73,345.02,2412.26,29.78,42.3,1137.97,1232.31,247.24,141.41,27.99,P035,EQ031
2025-09-20 02:10:00,1.2,99.87,339.69,2649.92,31.62,42.79,1103.03,1253.12,252.52,160.04,24.9,P027,EQ038
2025-09-20 02:20:00,1.26,99.15,350.63,2514.46,27.38,41.14,1105.86,1248.75,239.8,139.12,25.79,P027,EQ045
2025-09-20 02:30:00,1.12,99.32,344.69,2680.4,29.96,48.26,1065.02,1252.32,258.44,143.51,26.08,P020,EQ003
2025-09-20 02:40:00,1.06,100.59,339.45,2576.89,26.23,45.79,1090.71,1274.51,241.03,143.77,20.07,P011,EQ010
2025-09-20 02:50:00,1.09,100.01,342.66,2546.4,31.89,42.35,1116.15,1237.72,248.76,157.22,25.36,P005,EQ017
2025-09-20 03:00:00,1.24,102.5,336.1,2454.4,32.57,46.79,1077.78,1248.0,251.1,160.92,27.31,P004,EQ024
2025-09-20 03:10:00,1.22,99.61,333.85,2437.63,29.04,40.56,1094.97,1287.81,250.7,162.16,24.69,P028,EQ031
2025-09-20 03:20:00,1.25,99.54,343.24,2549.78,26.67,47.69,1096.7,1222.61,250.66,148.82,20.73,P031,EQ038
2025-09-20 03:30:00,1.38,101.5,343.03,2645.76,32.54,47.12,1067.28,1262.39,258.6,157.09,30.53,P022,EQ045
2025-09-20 03:40:00,1.42,97.62,330.92,2392.63,31.97,41.2,1079.33,1271.15,248.85,129.92,29.18,P008,EQ003
2025-09-20 03:50:00,1.17,99.62,350.88,2497.68,27.23,42.5,1072.14,1205.48,252.5,158.94,22.06,P032,EQ010
2025-09-20 04:00:00,1.21,98.64,346.61,2673.76,30.41,41.85,1080.13,1243.71,247.78,148.03,27.86,P032,EQ017
2025-09-20 04:10:00,1.04,99.57,339.5,2489.19,29.12,45.35,1135.26,1229.78,253.71,152.59,28.68,P026,EQ024
2025-09-20 04:20:00,1.08,102.63,338.27,2618.43,31.15,47.11,1119.28,1239.43,255.24,142.86,25.71,P026,EQ031
2025-09-20 04:30:00,1.3,99.51,340.7,2394.94,29.78,39.98,1092.15,1264.07,247.51,131.74,23.87,P016,EQ038
2025-09-20 04:40:00,1.17,99.78,329.47,2395.41,26.99,46.96,1113.2,1234.04,253.84,139.1,22.49,P040,EQ045
2025-09-20 04:50:00,1.1,100.14,323.24,2529.36,28.57,52.65,1140.97,1271.25,252.17,133.91,28.23,P022,EQ003
2025-09-20 05:00:00,1.34,100.96,322.56,2508.96,31.36,48.08,1076.57,1229.07,253.81,155.44,21.15,P021,EQ010
2025-09-20 05:10:00,1.21,102.01,360.05,2394.42,30.75,45.02,1071.57,1252.37,252.91,150.14,25.79,P006,EQ017
2025-09-20 05:20:00,1.17,99.89,336.33,2508.65,31.78,48.29,1110.8,1252.43,251.06,123.15,20.74,P006,EQ024
2025-09-20 05:30:00,1.12,98.07,351.44,2495.32,30.11,43.38,1056.27,1229.54,248.85,158.31,26.86,P001,EQ031
2025-09-20 05:40:00,1.14,97.0,337.66,2390.63,31.47,47.68,1092.92,1259.47,259.86,146.61,22.1,P028,EQ038
2025-09-20 05:50:00,1.2,102.4,340.12,2456.41,30.38,48.47,1089.05,1249.7,258.29,139.18,25.26,P006,EQ045
2025-09-20 06:00:00,1.14,97.41,324.11,2574.6,29.93,47.14,1133.31,1227.0,249.49,157.53,28.21,P010,EQ003
2025-09-20 06:10:00,1.22,99.24,332.97,2588.51,31.4,43.65,1114.45,1269.79,251.65,143.32,30.02,P001,EQ010
2025-09-20 06:20:00,1.06,103.47,350.88,2516.12,28.42,40.3,1137.01,1244.49,248.74,157.57,24.02,P003,EQ017
2025-09-20 06:30:00,1.14,98.97,332.59,2436.52,30.0,46.57,1062.24,1224.2,258.78,143.13,21.22,P024,EQ024
2025-09-20 06:40:00,1.0,98.68,335.38,2438.61,28.93,44.97,1110.32,1292.28,253.58,160.16,27.56,P023,EQ031
2025-09-20 06:50:00,1.27,99.37,337.65,2587.79,31.45,46.54,1128.76,1269.28,247.43,147.47,26.29,P006,EQ038
2025-09-20 07:00:00,1.26,102.48,326.49,2608.72,29.94,47.33,1093.21,1253.34,254.44,152.58,20.43,P020,EQ045
2025-09-20 07:10:00,1.03,99.86,332.56,2455.79,32.52,45.23,1118.67,1230.97,255.26,152.19,22.99,P003,EQ003
2025-09-20 07:20:00,1.16,99.35,329.76,2692.66,32.89,45.95,1080.51,1216.17,262.66,131.89,30.05,P006,EQ010
2025-09-20 07:30:00,1.27,98.58,347.96,2574.12,30.27,43.89,1084.66,1259.92,250.89,138.77,29.66,P040,EQ017
2025-09-20 07:40:00,1.13,105.2,351.92,2626.68,30.14,47.29,1091.05,1215.25,253.12,168.04,19.32,P013,EQ024
2025-09-20 07:50:00,1.11,99.86,329.99,2554.21,26.77,44.98,1106.25,1264.42,250.92,148.98,27.79,P026,EQ031
2025-09-20 08:00:00,1.03,97.86,328.0,2593.4,28.84,49.01,1129.88,1249.44,239.39,162.07,26.52,P032,EQ038
2025-09-20 08:10:00,1.29,101.06,349.21,2621.9,30.89,42.74,1080.47,1256.57,244.25,166.84,20.31,P038,EQ045
2025-09-20 08:20:00,1.07,102.01,340.81,2477.62,30.67,45.51,1102.18,1255.97,254.19,162.14,22.97,P034,EQ003
2025-09-20 08:30:00,1.2,103.18,346.7,2529.55,29.45,47.04,1124.23,1259.23,249.58,145.4,20.44,P040,EQ010
2025-09-20 08:40:00,1.29,98.34,357.32,2509.88,28.73,42.81,1139.93,1272.15,247.12,150.51,22.55,P005,EQ017
2025-09-20 08:50:00,1.28,98.17,342.66,2335.49,31.17,44.14,1074.54,1256.85,251.16,153.82,24.41,P017,EQ024
2025-09-20 09:00:00,1.3,97.81,323.13,2394.6,31.28,46.03,1061.48,1240.74,252.75,151.73,21.24,P033,EQ031
2025-09-20 09:10:00,1.29,101.33,344.83,2427.7,28.07,42.79,1141.32,1314.43,247.87,143.73,21.44,P039,EQ038
2025-09-20 09:20:00,1.25,100.24,344.91,2471.89,31.19,48.75,1098.15,1270.74,253.6,156.07,22.5,P019,EQ045
2025-09-20 09:30:00,1.44,98.34,344.27,2752.39,31.78,37.31,1091.35,1223.6,256.84,162.73,20.05,P022,EQ003
2025-09-20 09:40:00,1.19,99.35,346.08,2440.43,31.32,47.56,1108.55,1245.03,247.86,154.29,25.82,P031,EQ010
2025-09-20 09:50:00,1.29,103.0,337.3,2400.04,33.6,50.81,1085.43,1231.47,255.92,144.26,27.81,P023,EQ017
2025-09-20 10:00:00,1.27,98.37,345.28,2427.46,29.47,42.8,1128.36,1248.88,253.49,155.65,29.34,P020,EQ024
2025-09-20 10:10:00,1.17,97.74,343.12,2701.0,30.83,40.36,1095.8,1268.08,250.89,162.94,22.91,P026,EQ031
2025-09-20 10:20:00,1.13,97.26,341.98,2697.37,28.77,44.41,1165.63,1237.28,249.54,157.99,23.44,P016,EQ038
2025-09-20 10:30:00,1.23,99.62,333.92,2531.11,31.01,41.74,1119.21,1251.68,256.4,132.89,28.16,P020,EQ045
2025-09-20 10:40:00,1.15,98.41,334.52,2503.47,25.0,50.0,1099.31,1224.51,244.0,153.94,25.01,P014,EQ003
2025-09-20 10:50:00,1.47,100.78,328.56,2516.11,31.64,44.28,1089.36,1258.73,261.59,168.07,23.17,P010,EQ010
2025-09-20 11:00:00,1.05,94.94,366.09,2515.91,27.73,42.45,1109.04,1234.16,248.03,146.94,25.98,P003,EQ017
2025-09-20 11:10:00,1.07,99.8,351.28,2527.1,35.37,44.34,1015.21,1277.16,247.96,142.58,20.68,P038,EQ024
2025-09-20 11:20:00,1.09,101.96,344.53,2710.72,31.18,46.21,1084.84,1256.97,251.37,155.64,28.53,P010,EQ031
2025-09-20 11:30:00,1.19,98.41,335.27,2570.41,28.48,46.05,1106.82,1264.4,245.81,149.7,20.57,P029,EQ038
2025-09-20 11:40:00,1.12,98.97,334.19,2595.14,28.69,44.57,1158.12,1257.52,257.71,165.86,21.64,P005,EQ045
2025-09-20 11:50:00,1.26,96.9,333.51,2432.45,30.0,42.04,1049.6,1277.1,247.69,144.86,22.67,P022,EQ003
2025-09-20 12:00:00,1.08,102.71,356.11,2560.17,28.87,51.4,1101.44,1235.84,254.21,151.73,26.51,P038,EQ010
2025-09-20 12:10:00,1.2,100.07,351.15,2371.23,29.47,47.4,1058.27,1255.36,247.38,151.74,21.84,P031,EQ017
2025-09-20 12:20:00,1.08,99.78,344.85,2550.17,28.43,49.17,1125.73,1235.68,246.8,144.41,23.32,P008,EQ024
2025-09-20 12:30:00,1.05,99.49,330.53,2617.15,30.97,44.53,1059.6,1233.89,261.72,153.9,29.71,P036,EQ031
2025-09-20 12:40:00,1.12,100.41,352.74,2505.16,27.62,40.94,1114.07,1211.71,250.87,159.4,26.05,P020,EQ038
2025-09-20 12:50:00,1.29,101.62,341.55,2553.29,33.54,43.33,1136.5,1274.39,255.97,168.11,30.09,P014,EQ045
2025-09-20 13:00:00,1.16,102.75,347.87,2498.14,30.15,46.11,1074.9,1251.91,251.79,143.91,28.66,P003,EQ003
2025-09-20 13:10:00,1.17,100.44,350.26,2554.79,28.82,45.74,1158.33,1248.17,255.06,149.97,23.63,P026,EQ010
2025-09-20 13:20:00,1.33,99.15,326.29,2478.08,28.36,44.86,1060.82,1232.1,246.55,171.3,20.9,P005,EQ017
2025-09-20 13:30:00,1.25,98.81,368.71,2454.07,24.81,46.3,1072.86,1264.44,253.81,143.72,20.65,P017,EQ024
2025-09-20 13:40:00,1.24,100.91,332.25,2421.19,29.85,45.94,1102.3,1265.5,246.81,145.55,23.44,P032,EQ031
2025-09-20 13:50:00,1.26,102.34,345.79,2411.87,30.55,42.93,1091.53,1285.71,248.28,161.81,24.69,P026,EQ038
2025-09-20 14:00:00,1.19,100.23,335.64,2588.18,33.68,48.08,1094.64,1246.95,248.91,160.83,27.13,P021,EQ045
2025-09-20 14:10:00,1.24,101.33,336.6,2405.43,33.33,48.04,1076.07,1257.4,240.96,162.25,23.3,P021,EQ003
2025-09-20 14:20:00,1.31,98.49,349.63,2491.16,35.11,43.65,1119.35,1232.94,247.77,169.19,26.33,P028,EQ010
2025-09-20 14:30:00,1.23,102.12,349.18,2517.74,26.76,39.88,1085.66,1250.86,255.69,171.85,26.7,P037,EQ017
2025-09-20 14:40:00,1.19,100.09,335.56,2498.97,31.16,39.79,1111.25,1251.47,251.97,137.86,28.4,P012,EQ024
2025-09-20 14:50:00,1.16,101.9,330.26,2486.96,29.47,41.38,1118.36,1274.54,234.95,147.65,18.88,P011,EQ031
2025-09-20 15:00:00,1.29,100.8,341.43,2718.96,28.93,42.28,1087.11,1241.75,258.14,144.4,29.74,P027,EQ038
2025-09-20 15:10:00,1.11,103.15,356.03,2450.77,30.91,42.41,1140.83,1242.37,242.1,151.79,19.77,P022,EQ045
2025-09-20 15:20:00,1.25,100.23,328.11,2601.67,30.88,40.16,1131.4,1255.99,247.07,147.03,20.93,P009,EQ003
2025-09-20 15:30:00,1.16,96.77,364.12,2369.71,27.05,46.84,1113.81,1253.3,249.11,158.63,21.96,P039,EQ010
2025-09-20 15:40:00,1.2,102.16,336.88,2382.58,28.49,43.01,1078.74,1262.77,253.66,145.99,25.1,P018,EQ017
2025-09-20 15:50:00,1.15,97.33,324.91,2502.37,31.4,45.31,1065.51,1232.33,255.79,155.97,28.78,P012,EQ024
2025-09-20 16:00:00,1.35,100.63,324.55,2576.42,31.8,44.5,1142.01,1252.92,254.61,143.57,24.22,P001,EQ031
2025-09-20 16:10:00,1.37,100.53,332.04,2215.3,27.6,43.22,1064.05,1272.89,245.67,146.88,25.84,P022,EQ038
2025-09-20 16:20:00,1.26,98.27,345.32,2629.23,33.73,49.51,1047.74,1259.92,256.23,145.32,28.39,P024,EQ045
2025-09-20 16:30:00,1.18,101.77,328.11,2444.41,32.41,42.21,1118.19,1277.44,245.48,159.91,23.01,P007,EQ003
2025-09-20 16:40:00,1.24,100.22,330.33,2465.27,31.82,50.26,1119.2,1250.55,242.7,150.64,23.66,P033,EQ010
2025-09-20 16:50:00,1.4,99.62,345.37,2572.8,26.95,39.86,1105.85,1225.86,253.47,150.14,21.48,P010,EQ017
2025-09-20 17:00:00,1.21,101.73,330.73,2580.26,33.89,40.5,1074.24,1247.51,250.72,167.98,22.91,P033,EQ024
2025-09-20 17:10:00,1.18,98.41,339.72,2418.52,29.33,46.09,1129.76,1227.67,245.04,148.7,21.47,P026,EQ031
2025-09-20 17:20:00,1.19,97.24,316.07,2619.19,28.03,40.23,1103.15,1228.85,249.88,153.54,27.86,P038,EQ038
2025-09-20 17:30:00,1.08,101.68,347.41,2487.69,31.38,46.99,1057.81,1247.02,253.22,155.89,25.9,P040,EQ045
2025-09-20 17:40:00,1.08,99.11,365.47,2426.76,30.07,39.2,1125.67,1242.99,236.92,159.38,20.31,P003,EQ003
2025-09-20 17:50:00,1.07,97.81,347.41,2408.31,27.49,45.11,1092.31,1250.77,245.05,167.13,23.63,P038,EQ010
2025-09-20 18:00:00,1.25,99.5,342.33,2437.26,28.39,44.28,1138.83,1252.71,238.0,154.33,23.85,P035,EQ017
2025-09-20 18:10:00,1.34,100.17,352.37,2460.5,34.13,43.25,1091.99,1217.69,243.93,158.99,27.95,P030,EQ024
2025-09-20 18:20:00,1.25,104.21,346.53,2488.67,27.98,46.84,1058.29,1205.12,249.35,143.03,19.29,P022,EQ031
2025-09-20 18:30:00,1.06,103.17,335.82,2550.87,30.84,42.71,1048.51,1250.18,240.54,139.56,19.05,P038,EQ038
2025-09-20 18:40:00,1.31,99.96,327.93,2477.55,28.53,44.83,1075.97,1265.99,260.75,139.76,27.23,P005,EQ045
2025-09-20 18:50:00,1.16,98.15,328.88,2473.69,28.91,44.6,1096.22,1275.82,244.69,163.33,24.26,P027,EQ003
2025-09-20 19:00:00,0.89,101.67,351.25,2574.71,28.71,46.42,1121.26,1266.66,247.04,143.93,28.78,P039,EQ010
2025-09-20 19:10:00,1.14,98.14,317.34,2392.99,32.42,41.65,1034.13,1278.03,255.27,156.83,26.35,P021,EQ017
2025-09-20 19:20:00,1.24,103.46,332.6,2348.89,27.71,45.21,1079.84,1264.15,253.86,168.85,28.57,P015,EQ024
2025-09-20 19:30:00,1.18,98.34,326.81,2597.11,32.81,45.57,1076.62,1230.78,250.26,142.31,23.69,P020,EQ031
2025-09-20 19:40:00,1.32,98.72,350.26,2582.82,28.36,39.35,1100.59,1282.25,259.18,163.06,30.17,P003,EQ038
2025-09-20 19:50:00,1.27,99.23,336.3,2402.26,30.03,42.07,1068.33,1256.5,250.17,136.66,27.8,P038,EQ045
2025-09-20 20:00:00,1.21,97.8,330.41,2646.58,32.35,46.51,1119.21,1254.84,254.51,159.63,22.6,P017,EQ003
2025-09-20 20:10:00,1.23,102.07,322.57,2526.2,28.98,47.37,1085.21,1251.68,249.49,136.47,19.65,P015,EQ010
2025-09-20 20:20:00,1.24,101.2,344.93,2559.95,29.51,44.22,1084.55,1288.27,249.45,168.96,20.59,P029,EQ017
2025-09-20 20:30:00,1.25,102.72,331.93,2382.38,29.61,48.22,1072.55,1218.23,251.23,129.01,21.52,P001,EQ024
2025-09-20 20:40:00,1.22,102.91,349.22,2413.08,29.82,42.93,1126.08,1253.14,250.21,142.37,23.92,P005,EQ031
2025-09-20 20:50:00,1.07,100.9,338.63,2524.65,27.63,38.92,1056.75,1204.4,252.41,149.64,26.75,P018,EQ038
2025-09-20 21:00:00,1.25,99.18,337.28,2437.66,31.0,43.29,1090.96,1264.47,261.56,155.0,26.33,P035,EQ045
2025-09-20 21:10:00,1.41,97.3,347.17,2441.12,31.46,42.32,1156.5,1232.38,243.17,140.85,27.66,P002,EQ003
2025-09-20 21:20:00,1.18,100.33,343.66,2573.45,31.87,44.96,1145.32,1244.56,252.76,155.01,24.71,P020,EQ010
2025-09-20 21:30:00,1.35,100.39,365.0,2527.97,30.62,48.28,1093.44,1260.71,252.49,162.76,27.68,P004,EQ017
2025-09-20 21:40:00,1.24,99.23,351.9,2507.15,32.42,45.76,1063.36,1218.19,241.91,143.1,23.1,P038,EQ024
2025-09-20 21:50:00,1.17,100.26,335.78,2684.75,27.37,46.78,1126.5,1302.51,252.56,141.62,22.86,P036,EQ031
2025-09-20 22:00:00,1.24,103.65,341.27,2527.49,30.99,44.94,1062.83,1276.41,245.34,142.26,22.49,P008,EQ038
2025-09-20 22:10:00,1.09,99.56,342.66,2500.18,32.04,44.49,1109.74,1258.44,251.0,141.9,28.32,P025,EQ045
2025-09-20 22:20:00,1.31,98.67,333.01,2618.51,32.67,44.23,1005.66,1233.13,258.31,151.54,25.61,P022,EQ003
2025-09-20 22:30:00,1.19,102.97,326.91,2602.03,33.48,43.92,1088.87,1269.56,251.1,153.74,21.79,P013,EQ010
2025-09-20 22:40:00,1.16,100.99,334.58,2390.72,29.58,47.47,1094.62,1281.04,250.72,154.33,20.31,P028,EQ017
2025-09-20 22:50:00,1.1,101.95,348.85,2377.78,30.46,41.39,1147.15,1241.92,249.0,153.66,20.19,P016,EQ024
2025-09-20 23:00:00,1.28,100.4,326.29,2376.97,30.35,43.6,1113.54,1256.32,248.56,144.48,28.89,P002,EQ031
2025-09-20 23:10:00,1.22,99.96,309.67,2521.18,32.66,44.52,1146.39,1245.16,258.24,144.64,21.2,P017,EQ038
2025-09-20 23:20:00,1.42,100.08,344.99,2578.4,28.12,47.32,1061.05,1230.56,254.46,129.16,21.33,P019,EQ045
2025-09-20 23:30:00,1.14,101.25,344.35,2599.02,31.16,50.61,1040.18,1267.02,252.61,142.06,26.85,P027,EQ003
2025-09-20 23:40:00,1.18,100.46,342.89,2644.52,26.48,37.31,1113.97,1260.85,245.9,159.44,21.05,P028,EQ010
2025-09-20 23:50:00,1.15,95.26,334.74,2330.27,30.59,45.54,1090.11,1263.41,242.13,160.55,21.17,P011,EQ017
2025-09-21 00:00:00,1.11,101.39,355.95,2604.17,28.36,45.32,1078.96,1251.77,246.46,155.8,22.88,P019,EQ024
2025-09-21 00:10:00,1.15,100.22,328.22,2425.94,29.63,48.84,1143.03,1250.78,248.0,146.4,22.49,P035,EQ031
2025-09-21 00:20:00,1.25,99.49,337.45,2468.54,29.26,45.87,1127.92,1220.06,255.06,154.2,26.3,P005,EQ038
2025-09-21 00:30:00,1.15,99.23,324.48,2396.16,31.69,51.32,1060.93,1234.67,251.68,142.64,20.26,P010,EQ045
2025-09-21 00:40:00,1.34,100.4,342.63,2558.93,30.95,46.68,1104.24,1253.19,245.29,148.66,27.73,P001,EQ003
2025-09-21 00:50:00,1.17,101.62,341.57,2458.0,29.1,45.09,1128.67,1212.74,245.23,140.45,27.58,P005,EQ010
2025-09-21 01:00:00,1.24,99.84,333.21,2531.9,31.13,41.43,1084.9,1218.37,253.24,161.54,26.92,P018,EQ017
2025-09-21 01:10:00,1.1,102.85,344.9,2568.84,28.43,47.5,1140.12,1245.77,251.53,140.75,29.17,P008,EQ024
2025-09-21 01:20:00,1.14,97.83,331.29,2598.17,31.8,43.74,1113.93,1224.29,258.23,139.14,27.45,P022,EQ031
2025-09-21 01:30:00,1.26,99.84,332.06,2539.75,26.19,50.14,1142.3,1272.34,254.25,152.45,21.55,P035,EQ038
2025-09-21 01:40:00,1.28,99.82,324.18,2445.33,33.73,43.2,1104.51,1264.74,241.5,144.28,23.64,P008,EQ045
2025-09-21 01:50:00,1.09,98.57,344.8,2425.54,28.61,41.05,1111.84,1233.65,250.99,150.1,24.12,P040,EQ003
2025-09-21 02:00:00,1.23,98.81,364.02,2546.94,30.42,41.6,1082.59,1203.0,249.57,160.55,21.48,P006,EQ010
2025-09-21 02:10:00,1.04,104.51,335.04,2517.88,33.3,44.63,1110.0,1285.71,248.48,134.79,23.64,P006,EQ017
2025-09-21 02:20:00,1.15,101.09,351.43,2346.94,29.88,46.42,1113.71,1293.06,254.71,149.59,24.34,P025,EQ024
2025-09-21 02:30:00,1.27,101.29,344.23,2388.51,30.46,47.22,1118.85,1266.86,252.94,162.95,28.24,P035,EQ031
2025-09-21 02:40:00,1.19,99.5,339.94,2456.64,30.94,43.04,1122.75,1238.22,244.33,149.08,27.98,P002,EQ038
2025-09-21 02:50:00,1.27,98.54,338.97,2585.41,29.07,41.98,1131.06,1220.59,246.36,134.17,27.49,P040,EQ045
2025-09-21 03:00:00,1.11,100.66,323.67,2506.49,28.23,43.23,1104.08,1244.61,251.5,143.85,27.56,P006,EQ003
2025-09-21 03:10:00,1.24,97.14,346.87,2467.79,27.26,43.13,1110.9,1274.35,248.8,156.21,29.79,P011,EQ010
2025-09-21 03:20:00,1.36,99.36,336.73,2486.49,32.35,46.65,1090.83,1227.73,246.05,147.85,20.35,P011,EQ017
2025-09-21 03:30:00,1.04,101.53,350.06,2322.93,29.32,44.33,1067.14,1258.62,249.33,140.07,24.85,P035,EQ024
2025-09-21 03:40:00,1.26,98.32,353.17,2618.91,32.74,43.95,1155.01,1259.46,249.53,148.89,21.65,P023,EQ031
2025-09-21 03:50:00,1.2,98.37,334.92,2559.49,24.49,44.71,1086.28,1290.63,248.37,151.41,20.43,P025,EQ038
2025-09-21 04:00:00,1.19,96.45,351.91,2316.33,31.3,42.23,1087.27,1256.59,256.47,148.23,28.26,P028,EQ045
2025-09-21 04:10:00,1.16,97.23,346.29,2362.29,30.97,43.86,1099.67,1222.54,252.83,158.19,20.42,P033,EQ003
2025-09-21 04:20:00,1.22,104.26,340.45,2584.27,32.05,44.46,1116.4,1235.17,251.54,142.74,27.08,P026,EQ010
2025-09-21 04:30:00,1.27,103.63,341.55,2457.96,32.55,40.19,1045.26,1251.03,249.99,141.42,21.73,P013,EQ017
2025-09-21 04:40:00,1.15,102.26,342.69,2586.94,27.09,43.97,1122.36,1260.99,248.36,160.07,25.78,P031,EQ024
2025-09-21 04:50:00,1.05,97.98,355.85,2314.85,30.37,41.56,1084.12,1236.04,249.32,158.6,26.84,P005,EQ031
2025-09-21 05:00:00,1.18,101.01,328.25,2484.59,31.52,46.62,1099.96,1266.02,253.04,152.89,29.94,P015,EQ038
2025-09-21 05:10:00,0.96,99.15,336.56,2561.39,29.72,48.63,1121.86,1230.17,255.93,164.4,28.02,P032,EQ045
2025-09-21 05:20:00,1.19,104.38,345.04,2432.11,30.45,41.82,1107.28,1244.0,253.4,149.72,25.31,P030,EQ003
2025-09-21 05:30:00,1.25,98.66,327.88,2304.37,29.83,41.83,1098.24,1277.58,247.74,163.17,23.73,P024,EQ010
2025-09-21 05:40:00,1.37,95.83,347.34,2521.38,30.99,49.86,1095.03,1266.82,251.62,151.36,22.01,P003,EQ017
2025-09-21 05:50:00,1.16,98.42,321.21,2454.9,28.41,46.24,1106.48,1238.28,251.71,155.43,19.93,P013,EQ024
2025-09-21 06:00:00,1.19,99.18,334.47,2555.05,32.8,42.27,1072.87,1248.66,243.43,155.92,19.12,P023,EQ031
2025-09-21 06:10:00,1.19,99.39,329.88,2530.08,28.84,45.24,1137.85,1299.09,255.56,152.38,21.03,P024,EQ038
2025-09-21 06:20:00,1.52,98.73,340.82,2539.29,28.22,50.47,1117.38,1209.42,250.27,158.0,25.17,P027,EQ045
2025-09-21 06:30:00,1.38,98.1,337.36,2512.32,27.75,43.75,1128.87,1284.92,240.86,142.85,26.72,P001,EQ003
2025-09-21 06:40:00,1.21,99.81,339.04,2501.82,29.12,49.43,1104.04,1258.17,257.78,161.12,30.24,P030,EQ010
2025-09-21 06:50:00,1.27,99.79,337.85,2287.05,31.94,47.33,1137.06,1219.09,255.82,163.1,20.42,P007,EQ017
2025-09-21 07:00:00,1.18,100.2,352.93,2482.88,30.66,44.73,1114.44,1271.46,246.98,143.12,25.58,P036,EQ024
2025-09-21 07:10:00,1.18,99.93,345.81,2607.23,30.84,45.4,1129.85,1234.56,252.1,134.92,27.03,P038,EQ031
2025-09-21 07:20:00,1.24,101.8,342.01,2624.11,29.19,41.48,1056.18,1243.51,252.34,140.34,21.04,P032,EQ038
2025-09-21 07:30:00,1.14,99.84,348.73,2422.19,32.82,46.47,1121.23,1263.74,247.56,148.31,25.09,P036,EQ045
2025-09-21 07:40:00,1.3,102.33,344.21,2524.63,28.43,42.48,1094.05,1263.01,259.98,147.08,28.11,P022,EQ003
2025-09-21 07:50:00,1.03,99.77,354.73,2563.93,33.26,47.93,1073.46,1259.87,251.57,152.62,21.1,P003,EQ010
2025-09-21 08:00:00,1.01,98.15,327.51,2604.24,26.44,46.0,1088.99,1283.75,250.11,149.65,28.09,P021,EQ017
2025-09-21 08:10:00,1.24,98.52,350.7,2325.83,29.12,51.25,1130.32,1251.73,249.72,139.58,22.05,P035,EQ024
2025-09-21 08:20:00,1.29,98.33,343.75,2500.32,29.61,38.17,1098.81,1282.85,246.15,157.41,27.98,P019,EQ031
2025-09-21 08:30:00,1.3,99.01,341.71,2474.67,30.71,43.81,1073.84,1267.61,243.26,162.28,19.74,P007,EQ038
2025-09-21 08:40:00,1.39,96.39,346.8,2547.31,29.34,44.42,1095.32,1237.06,260.23,151.57,20.77,P020,EQ045
2025-09-21 08:50:00,0.95,99.59,335.86,2484.03,30.5,46.93,1089.81,1256.73,240.72,160.16,25.31,P009,EQ003
2025-09-21 09:00:00,1.16,97.82,342.24,2560.43,31.67,46.29,1107.58,1264.59,256.39,149.37,27.45,P025,EQ010
2025-09-21 09:10:00,1.16,97.97,349.42,2470.21,29.68,44.39,1138.89,1225.86,249.77,144.33,28.84,P018,EQ017
2025-09-21 09:20:00,1.39,100.83,314.89,2599.1,31.39,47.94,1100.32,1279.02,249.09,137.87,23.41,P027,EQ024
2025-09-21 09:30:00,1.16,97.84,329.16,2651.25,30.62,39.36,1075.45,1288.08,243.06,152.43,29.31,P034,EQ031
2025-09-21 09:40:00,1.19,100.98,327.62,2501.91,28.71,43.1,1040.05,1257.13,249.29,147.36,23.26,P032,EQ038
2025-09-21 09:50:00,1.09,100.19,341.31,2448.76,28.54,39.9,1093.82,1288.78,252.23,146.07,23.56,P020,EQ045
2025-09-21 10:00:00,1.28,101.01,334.68,2601.88,28.53,44.84,1077.82,1235.74,250.48,151.27,23.39,P002,EQ003
2025-09-21 10:10:00,1.1,102.83,335.14,2661.62,31.32,47.09,1105.73,1201.05,245.11,134.3,27.56,P021,EQ010
2025-09-21 10:20:00,1.16,101.34,345.83,2494.49,31.88,42.29,1144.29,1239.53,249.31,151.0,21.2,P006,EQ017
2025-09-21 10:30:00,1.15,101.65,342.0,2510.58,32.01,43.44,1082.08,1253.19,250.72,141.91,28.31,P034,EQ024
2025-09-21 10:40:00,1.16,100.54,343.05,2319.84,34.1,46.83,1104.0,1233.5,247.44,152.17,24.95,P007,EQ031
2025-09-21 10:50:00,1.21,101.49,367.76,2506.69,29.19,44.37,1134.61,1277.14,245.87,170.64,23.29,P007,EQ038
2025-09-21 11:00:00,1.19,102.28,338.6,2469.49,30.3,52.25,1064.95,1266.23,252.44,162.16,29.86,P022,EQ045
2025-09-21 11:10:00,1.19,99.03,344.42,2471.71,33.81,39.9,1139.87,1251.3,247.88,154.57,22.58,P008,EQ003
2025-09-21 11:20:00,1.3,101.24,344.92,2452.09,31.08,43.21,1107.16,1267.15,253.38,147.19,22.0,P014,EQ010
2025-09-21 11:30:00,1.28,100.09,319.98,2408.65,27.97,47.73,1085.64,1246.03,248.77,139.66,25.13,P006,EQ017
2025-09-21 11:40:00,1.13,102.03,350.83,2520.4,28.47,45.26,1061.2,1263.28,253.49,151.08,22.44,P018,EQ024
2025-09-21 11:50:00,1.23,103.21,339.53,2600.13,34.69,37.59,1086.85,1262.21,255.54,157.3,23.41,P036,EQ031
2025-09-21 12:00:00,1.24,100.97,335.02,2552.38,31.65,47.95,1115.27,1261.13,256.94,130.36,28.03,P006,EQ038
2025-09-21 12:10:00,1.13,98.9,327.28,2459.34,30.17,44.95,1097.83,1257.39,250.58,150.77,27.82,P036,EQ045
2025-09-21 12:20:00,1.28,99.78,315.21,2618.52,33.07,45.77,1072.97,1290.86,249.72,138.79,29.71,P035,EQ003
2025-09-21 12:30:00,1.18,99.71,331.88,2581.99,30.48,48.41,1114.28,1243.2,258.67,159.0,23.2,P036,EQ010
2025-09-21 12:40:00,1.07,97.15,336.98,2251.68,29.1,42.33,1100.22,1221.53,253.0,155.41,25.79,P007,EQ017
2025-09-21 12:50:00,1.09,97.43,338.19,2596.83,31.89,43.01,1073.41,1217.31,253.37,147.53,28.04,P003,EQ024
2025-09-21 13:00:00,1.37,99.82,344.64,2446.33,29.52,41.59,1130.63,1264.91,247.32,152.53,22.71,P027,EQ031
2025-09-21 13:10:00,1.18,97.7,331.16,2603.72,31.06,50.16,1084.44,1258.62,251.18,158.92,20.78,P022,EQ038
2025-09-21 13:20:00,1.02,97.64,334.41,2377.97,28.6,46.26,1104.82,1248.72,244.95,135.6,21.79,P004,EQ045
2025-09-21 13:30:00,1.3,101.8,349.84,2454.57,31.97,51.55,1094.39,1235.53,250.18,154.11,20.74,P007,EQ003
2025-09-21 13:40:00,1.24,98.2,364.35,2578.78,29.13,47.25,1073.78,1222.81,251.95,151.39,28.53,P038,EQ010
2025-09-21 13:50:00,1.07,100.36,344.96,2479.32,30.28,47.06,1117.03,1257.69,247.16,160.31,19.56,P031,EQ017
2025-09-21 14:00:00,1.24,99.23,347.51,2411.16,29.77,40.81,1065.39,1259.56,250.73,164.85,20.25,P024,EQ024
2025-09-21 14:10:00,1.21,96.79,324.84,2553.89,32.08,39.85,1101.71,1268.81,248.51,141.46,23.82,P007,EQ031
2025-09-21 14:20:00,1.3,97.07,345.52,2414.84,29.84,49.08,1155.84,1254.86,241.33,152.38,21.53,P038,EQ038
2025-09-21 14:30:00,1.28,98.72,340.95,2531.37,28.45,43.13,1091.82,1270.46,252.13,152.63,29.57,P016,EQ045
2025-09-21 14:40:00,1.25,100.16,349.49,2447.09,31.6,44.03,1086.72,1282.72,246.3,140.96,20.65,P011,EQ003
2025-09-21 14:50:00,1.31,98.59,334.48,2563.14,30.27,40.06,1113.37,1251.37,249.92,149.84,21.46,P037,EQ010
2025-09-21 15:00:00,1.21,103.26,343.64,2498.87,30.56,39.92,1087.16,1278.18,253.29,118.1,27.45,P007,EQ017
2025-09-21 15:10:00,1.27,100.05,325.39,2494.99,30.9,47.03,1087.14,1264.69,254.15,150.71,26.55,P002,EQ024
2025-09-21 15:20:00,1.33,102.33,336.07,2343.27,28.27,45.12,1149.03,1252.71,242.34,140.44,23.55,P009,EQ031
2025-09-21 15:30:00,1.37,101.92,342.82,2636.56,29.35,44.83,1090.35,1217.52,244.64,152.26,20.29,P033,EQ038
2025-09-21 15:40:00,1.25,101.01,338.86,2345.84,34.1,43.17,1100.94,1267.63,255.55,181.31,22.77,P027,EQ045
2025-09-21 15:50:00,1.28,99.68,328.38,2564.49,27.84,47.54,1050.9,1252.1,251.08,158.25,19.8,P034,EQ003
2025-09-21 16:00:00,1.34,100.84,337.24,2642.25,29.04,43.03,1071.54,1198.12,252.33,149.61,27.29,P037,EQ010
2025-09-21 16:10:00,1.17,99.74,352.63,2620.82,30.99,43.34,1112.26,1245.37,246.96,159.87,26.99,P013,EQ017
2025-09-21 16:20:00,0.97,100.88,337.56,2632.98,29.16,48.38,1097.5,1273.4,253.8,161.76,25.3,P016,EQ024
2025-09-21 16:30:00,1.01,102.21,368.73,2573.13,31.76,48.24,1084.86,1258.54,250.67,160.72,20.4,P014,EQ031
2025-09-21 16:40:00,1.16,101.75,343.44,2342.92,30.66,47.32,1068.18,1256.32,247.94,160.51,25.56,P025,EQ038
2025-09-21 16:50:00,1.27,98.77,312.65,2620.22,31.43,43.65,1112.45,1249.82,245.92,152.78,21.16,P034,EQ045
2025-09-21 17:00:00,1.23,98.41,349.43,2347.66,27.78,48.71,1148.5,1270.11,246.27,158.66,22.52,P009,EQ003
2025-09-21 17:10:00,1.36,102.8,330.14,2557.5,33.62,40.96,1117.55,1250.45,245.23,128.33,23.15,P038,EQ010
2025-09-21 17:20:00,1.0,98.88,354.48,2694.25,29.34,48.28,1083.88,1250.43,251.57,144.07,23.82,P038,EQ017
2025-09-21 17:30:00,1.36,104.55,349.35,2396.4,29.15,45.17,1124.57,1243.14,249.75,154.13,22.3,P016,EQ024
2025-09-21 17:40:00,1.3,99.03,345.38,2491.52,30.36,43.64,1097.27,1275.31,253.54,151.02,26.56,P008,EQ031
2025-09-21 17:50:00,1.23,99.63,335.0,2582.76,31.13,47.98,1082.63,1264.05,249.25,147.12,26.78,P017,EQ038
2025-09-21 18:00:00,1.26,97.41,335.67,2382.87,26.08,43.91,1105.38,1236.68,245.93,146.8,25.29,P032,EQ045
2025-09-21 18:10:00,1.23,99.29,351.26,2498.9,29.95,44.95,1099.48,1262.95,248.51,169.53,19.72,P008,EQ003
2025-09-21 18:20:00,1.12,99.0,346.8,2431.18,30.67,45.62,1064.62,1274.16,245.32,142.01,23.61,P013,EQ010
2025-09-21 18:30:00,1.12,99.33,324.8,2531.24,33.11,46.33,1072.89,1259.2,251.26,149.24,27.29,P009,EQ017
2025-09-21 18:40:00,1.14,97.55,333.1,2534.79,31.08,49.06,1092.52,1276.1,255.34,150.85,26.36,P038,EQ024
2025-09-21 18:50:00,1.28,97.47,364.27,2460.26,28.27,47.54,1131.09,1266.44,256.19,151.93,21.6,P016,EQ031
2025-09-21 19:00:00,1.16,101.69,345.37,2738.16,29.95,45.8,1079.65,1235.09,246.07,139.87,20.35,P003,EQ038
2025-09-21 19:10:00,1.21,100.97,330.9,2379.59,30.33,47.27,1074.58,1219.59,251.14,152.03,21.46,P016,EQ045
2025-09-21 19:20:00,1.09,99.22,333.61,2451.88,33.97,48.57,1081.97,1237.24,248.89,158.96,26.54,P005,EQ003
2025-09-21 19:30:00,1.14,101.62,354.29,2565.35,29.11,50.55,1105.18,1274.57,246.0,133.12,26.43,P009,EQ010
2025-09-21 19:40:00,1.3,98.81,323.37,2466.1,27.52,44.33,1103.05,1256.73,247.07,151.89,28.91,P018,EQ017
2025-09-21 19:50:00,1.25,100.46,340.21,2562.9,30.93,49.26,1117.94,1230.07,254.23,149.41,29.06,P037,EQ024
2025-09-21 20:00:00,1.26,98.26,332.2,2527.88,27.59,44.64,1115.73,1233.51,250.53,150.37,19.43,P014,EQ031
2025-09-21 20:10:00,1.13,97.44,321.48,2407.42,28.36,47.58,1057.61,1285.45,251.3,152.87,27.56,P001,EQ038
2025-09-21 20:20:00,1.32,101.65,329.7,2561.98,28.01,45.0,1080.59,1207.72,246.37,151.18,22.55,P022,EQ045
2025-09-21 20:30:00,1.46,102.53,326.78,2370.86,27.6,46.55,1083.24,1222.06,256.03,147.78,21.68,P010,EQ003
2025-09-21 20:40:00,1.24,97.65,336.58,2640.68,29.67,40.86,1088.19,1263.64,256.64,147.49,21.86,P008,EQ010
2025-09-21 20:50:00,1.37,103.37,333.19,2534.57,30.93,38.08,1126.31,1275.34,246.81,139.43,28.35,P021,EQ017
2025-09-21 21:00:00,1.27,102.64,322.13,2494.39,28.25,44.48,1085.19,1234.08,249.45,145.9,28.78,P025,EQ024
2025-09-21 21:10:00,1.25,100.35,342.4,2457.14,29.68,43.27,1140.23,1241.01,251.88,155.07,26.1,P018,EQ031
2025-09-21 21:20:00,1.28,100.92,327.75,2508.87,34.81,44.98,1077.48,1269.75,250.39,143.68,24.39,P013,EQ038
2025-09-21 21:30:00,1.31,98.84,342.59,2410.67,27.72,39.92,1054.48,1264.69,251.46,152.7,28.54,P010,EQ045
2025-09-21 21:40:00,1.22,98.64,331.48,2515.69,30.78,50.02,1091.64,1262.13,246.02,156.77,21.52,P023,EQ003
2025-09-21 21:50:00,1.16,101.55,333.32,2471.28,26.43,44.81,1101.42,1268.06,251.05,147.71,21.87,P016,EQ010
2025-09-21 22:00:00,1.14,98.77,351.15,2389.95,27.41,43.85,1071.19,1287.61,248.66,140.55,25.03,P018,EQ017
2025-09-21 22:10:00,1.24,92.95,358.77,2550.15,29.06,44.2,1067.09,1259.42,241.67,147.52,23.29,P017,EQ024
2025-09-21 22:20:00,1.16,102.19,330.58,2537.14,33.7,46.28,1124.76,1225.14,258.12,136.98,19.89,P030,EQ031
2025-09-21 22:30:00,1.23,99.77,341.29,2531.97,28.28,41.88,1026.1,1265.75,246.25,142.4,21.13,P004,EQ038
2025-09-21 22:40:00,1.26,100.46,337.14,2549.5,29.73,46.75,1032.76,1238.04,243.41,150.12,26.01,P034,EQ045
2025-09-21 22:50:00,1.19,98.7,348.63,2575.25,30.93,44.65,1118.2,1238.65,250.2,159.15,22.28,P027,EQ003
2025-09-21 23:00:00,1.31,100.87,333.45,2516.89,30.18,45.6,1093.04,1228.24,266.44,142.16,21.69,P019,EQ010
2025-09-21 23:10:00,1.1,101.18,332.48,2390.6,31.74,42.71,1137.17,1234.07,250.97,140.29,20.82,P018,EQ017
2025-09-21 23:20:00,1.36,103.32,332.72,2452.4,26.96,42.36,1140.56,1242.44,254.67,136.91,21.63,P001,EQ024
2025-09-21 23:30:00,1.17,99.57,362.8,2685.54,31.51,43.75,1125.34,1249.44,256.89,146.3,24.93,P034,EQ031
2025-09-21 23:40:00,1.15,100.75,340.54,2354.91,28.3,45.49,1044.68,1235.8,254.09,162.23,20.36,P030,EQ038
2025-09-21 23:50:00,1.01,102.06,349.14,2555.7,27.9,36.98,1087.45,1288.38,250.36,147.54,23.78,P015,EQ045
2025-09-22 00:00:00,1.28,99.16,343.77,2439.42,31.88,44.27,1004.84,1275.05,250.04,163.48,24.52,P018,EQ003
2025-09-22 00:10:00,1.36,102.61,328.08,2578.02,31.55,41.75,1126.97,1235.53,252.71,167.63,27.84,P025,EQ010
2025-09-22 00:20:00,1.16,100.96,319.82,2596.56,28.66,41.61,1099.29,1295.87,253.61,158.21,23.42,P031,EQ017
2025-09-22 00:30:00,1.12,99.26,341.27,2586.62,30.65,42.13,1185.28,1253.24,251.18,156.49,21.95,P009,EQ024
2025-09-22 00:40:00,1.06,100.19,347.48,2632.08,28.93,46.78,1098.66,1260.65,256.23,164.07,20.46,P016,EQ031
2025-09-22 00:50:00,1.19,99.09,338.94,2648.59,30.64,45.68,1082.01,1218.85,261.86,155.61,26.51,P025,EQ038
2025-09-22 01:00:00,1.05,101.23,338.65,2799.55,31.87,42.96,1092.36,1250.2,245.5,134.19,21.38,P036,EQ045
2025-09-22 01:10:00,1.28,98.69,349.4,2708.51,29.41,50.96,1065.22,1230.39,244.2,150.36,23.68,P010,EQ003
2025-09-22 01:20:00,1.13,98.28,338.91,2436.48,31.6,47.34,1077.79,1228.09,250.12,166.61,20.35,P024,EQ010
2025-09-22 01:30:00,1.25,99.89,323.16,2586.31,28.55,41.56,1036.37,1233.02,247.86,151.78,24.2,P007,EQ017
2025-09-22 01:40:00,1.18,100.48,353.77,2518.17,28.3,44.48,1131.47,1262.72,246.55,144.39,22.21,P034,EQ024
2025-09-22 01:50:00,1.24,100.37,349.19,2403.34,32.89,42.28,1150.2,1244.8,244.68,152.51,26.77,P026,EQ031
2025-09-22 02:00:00,1.03,97.2,333.49,2571.08,28.18,47.18,1067.28,1258.18,244.87,142.62,19.54,P037,EQ038
2025-09-22 02:10:00,1.28,102.73,350.61,2530.73,31.47,40.47,1064.88,1284.27,253.15,144.88,30.19,P007,EQ045
2025-09-22 02:20:00,1.08,99.08,339.29,2658.91,27.96,39.45,1080.54,1246.88,253.15,150.28,22.21,P019,EQ003
2025-09-22 02:30:00,1.29,99.45,354.31,2510.06,30.37,40.56,1128.57,1279.36,259.86,154.23,23.51,P016,EQ010
2025-09-22 02:40:00,1.15,100.85,348.89,2330.46,32.43,47.61,1122.82,1206.83,258.82,151.64,27.05,P036,EQ017
2025-09-22 02:50:00,1.25,98.62,335.78,2528.5,31.24,43.31,1119.64,1251.38,259.52,145.77,29.12,P037,EQ024
2025-09-22 03:00:00,1.28,100.36,342.82,2478.29,27.96,45.0,1128.42,1232.68,251.46,155.16,27.24,P034,EQ031
2025-09-22 03:10:00,1.16,101.15,306.29,2513.26,31.89,47.66,1139.07,1244.99,254.69,142.83,29.09,P032,EQ038
2025-09-22 03:20:00,1.04,99.58,343.04,2542.6,28.02,48.16,1128.25,1239.43,262.27,144.14,30.39,P001,EQ045
2025-09-22 03:30:00,1.31,97.34,353.29,2470.95,29.13,47.85,1109.43,1226.02,239.56,147.24,19.82,P002,EQ003
2025-09-22 03:40:00,1.22,98.67,347.61,2506.04,29.26,46.82,1078.83,1253.34,249.72,158.41,22.87,P036,EQ010
2025-09-22 03:50:00,1.16,99.8,349.94,2475.79,31.4,43.3,1146.39,1223.4,256.51,142.06,23.84,P022,EQ017
2025-09-22 04:00:00,1.11,98.3,326.73,2451.09,28.07,51.72,1096.97,1256.61,252.5,137.23,19.94,P013,EQ024
2025-09-22 04:10:00,1.2,97.83,336.58,2347.79,27.54,43.0,1135.43,1264.84,242.17,141.28,21.04,P020,EQ031
2025-09-22 04:20:00,1.1,100.39,333.27,2556.24,30.87,43.21,1087.29,1260.44,249.75,166.16,26.89,P028,EQ038
2025-09-22 04:30:00,1.05,100.63,334.75,2527.31,29.73,45.34,1134.5,1227.78,251.57,171.43,21.83,P018,EQ045
2025-09-22 04:40:00,1.0,98.87,330.46,2501.63,28.9,45.99,1117.97,1259.69,260.93,136.88,26.69,P026,EQ003
2025-09-22 04:50:00,1.29,100.44,356.04,2540.57,28.45,40.78,1056.74,1265.2,245.73,130.04,26.06,P039,EQ010
2025-09-22 05:00:00,1.17,97.65,337.44,2537.56,27.16,46.82,1064.64,1249.3,256.99,146.48,25.86,P023,EQ017
2025-09-22 05:10:00,1.29,101.67,351.25,2526.62,31.19,40.25,1093.11,1289.48,247.47,152.78,21.0,P031,EQ024
2025-09-22 05:20:00,1.11,98.49,325.64,2565.78,31.01,47.66,1123.79,1252.14,243.88,148.43,25.17,P016,EQ031
2025-09-22 05:30:00,1.08,99.11,335.86,2537.84,29.9,43.12,1108.72,1266.05,249.79,157.85,23.08,P022,EQ038
2025-09-22 05:40:00,1.15,101.52,353.57,2579.97,34.07,46.18,1142.12,1241.2,252.26,132.1,23.17,P016,EQ045
2025-09-22 05:50:00,1.34,99.69,350.37,2465.23,31.34,48.26,1156.08,1269.8,246.17,145.57,24.86,P032,EQ003
2025-09-22 06:00:00,1.21,99.59,339.1,2669.8,32.17,44.24,1105.13,1266.53,240.87,139.99,21.34,P036,EQ010
2025-09-22 06:10:00,1.1,99.48,323.02,2468.49,28.19,44.38,1148.11,1244.58,250.16,148.88,19.71,P005,EQ017
2025-09-22 06:20:00,1.12,100.74,336.22,2469.11,31.03,39.2,1068.1,1214.16,246.31,126.84,19.75,P009,EQ024
2025-09-22 06:30:00,1.23,99.96,339.14,2647.55,30.55,48.68,1072.57,1250.81,256.25,159.75,22.46,P003,EQ031
2025-09-22 06:40:00,1.18,97.24,330.56,2592.69,28.11,49.97,1058.31,1256.66,246.14,160.14,21.42,P027,EQ038
2025-09-22 06:50:00,1.34,101.44,338.12,2414.85,30.98,41.5,1084.52,1221.69,251.64,151.73,24.47,P005,EQ045
2025-09-22 07:00:00,1.2,101.15,345.05,2545.62,30.07,42.63,1126.46,1280.01,247.28,170.71,20.9,P036,EQ003
2025-09-22 07:10:00,1.12,97.43,346.86,2574.45,30.62,40.04,1016.75,1278.9,246.98,140.04,24.21,P009,EQ010
2025-09-22 07:20:00,1.3,101.29,351.81,2516.54,32.59,41.14,1051.8,1228.9,250.16,164.15,21.44,P014,EQ017
2025-09-22 07:30:00,1.22,98.43,343.01,2644.4,29.59,43.11,1169.57,1230.14,253.71,169.57,21.74,P007,EQ024
2025-09-22 07:40:00,1.08,100.53,350.18,2611.06,32.06,42.22,1157.86,1245.93,243.98,148.83,19.44,P001,EQ031
2025-09-22 07:50:00,1.25,98.21,339.68,2450.61,29.29,50.19,1108.08,1192.44,247.04,151.56,26.99,P027,EQ038
2025-09-22 08:00:00,1.24,99.08,351.4,2400.94,30.63,44.08,1062.27,1282.71,257.15,154.63,21.96,P018,EQ045
2025-09-22 08:10:00,1.21,97.71,366.62,2416.38,31.35,45.46,1087.12,1249.85,251.75,152.08,26.11,P029,EQ003
2025-09-22 08:20:00,1.19,95.92,336.0,2666.26,30.67,46.0,1135.19,1238.82,251.8,136.82,28.34,P006,EQ010
2025-09-22 08:30:00,1.15,98.05,333.54,2613.55,29.3,43.8,1069.55,1223.49,248.43,146.56,22.34,P016,EQ017
2025-09-22 08:40:00,1.05,101.56,336.45,2490.28,32.17,50.48,1116.62,1301.71,254.41,145.89,27.16,P006,EQ024
2025-09-22 08:50:00,1.37,97.47,329.4,2494.36,31.79,47.53,1106.89,1242.94,247.76,146.35,27.13,P039,EQ031
2025-09-22 09:00:00,1.38,102.93,342.08,2457.06,31.58,40.59,1041.32,1267.45,248.49,166.89,25.09,P016,EQ038
2025-09-22 09:10:00,1.24,99.85,333.92,2328.64,27.79,48.27,1072.92,1266.28,255.97,160.12,20.8,P018,EQ045
2025-09-22 09:20:00,1.27,100.58,341.02,2500.16,31.91,46.51,1117.4,1238.68,250.66,134.52,24.77,P001,EQ003
2025-09-22 09:30:00,1.26,99.4,327.89,2353.32,27.05,39.49,1093.35,1238.61,250.2,151.74,28.47,P032,EQ010
2025-09-22 09:40:00,0.98,100.6,348.64,2593.28,33.08,47.01,1110.63,1238.78,246.19,136.95,26.98,P014,EQ017
2025-09-22 09:50:00,1.21,96.68,324.04,2452.43,30.4,45.22,1144.75,1271.87,241.7,152.65,26.99,P022,EQ024
2025-09-22 10:00:00,1.35,101.81,343.61,2384.77,32.32,46.65,1093.36,1285.8,247.98,152.96,21.03,P033,EQ031
2025-09-22 10:10:00,1.18,100.96,348.38,2715.55,29.75,41.88,1122.94,1234.26,252.72,149.61,25.3,P037,EQ038
2025-09-22 10:20:00,1.2,100.87,330.45,2583.92,28.82,39.7,1133.37,1222.46,255.36,139.97,22.33,P028,EQ045
2025-09-22 10:30:00,1.19,103.04,339.72,2611.83,32.61,44.69,1101.13,1241.29,247.29,156.08,25.99,P023,EQ003
2025-09-22 10:40:00,1.11,100.61,335.79,2564.25,31.36,44.27,1139.32,1251.98,252.53,164.23,27.33,P036,EQ010
2025-09-22 10:50:00,1.21,97.85,341.43,2327.47,28.76,45.26,1103.24,1245.06,256.84,154.18,27.07,P002,EQ017
2025-09-22 11:00:00,1.26,101.7,342.15,2370.33,29.06,46.89,1131.55,1251.46,247.54,137.58,26.64,P037,EQ024
2025-09-22 11:10:00,1.26,96.0,345.57,2577.41,31.31,43.36,1160.05,1226.84,249.27,160.05,19.41,P018,EQ031
2025-09-22 11:20:00,1.16,101.46,322.52,2404.39,29.53,45.79,1043.06,1239.13,244.08,150.43,20.82,P011,EQ038
2025-09-22 11:30:00,1.09,101.29,335.51,2504.4,30.96,47.4,1118.65,1224.15,252.4,150.5,21.68,P003,EQ045
2025-09-22 11:40:00,1.22,101.79,356.35,2404.29,29.43,44.42,1121.94,1216.9,245.33,153.02,25.61,P013,EQ003
2025-09-22 11:50:00,1.34,103.47,333.73,2712.82,28.21,45.91,1090.55,1221.03,257.06,147.48,27.86,P013,EQ010
2025-09-22 12:00:00,1.21,99.48,340.44,2549.78,25.72,43.48,1110.83,1269.96,253.89,142.46,21.59,P030,EQ017
2025-09-22 12:10:00,1.35,102.69,343.35,2424.3,28.31,46.55,1051.05,1267.39,250.81,145.23,20.57,P029,EQ024
2025-09-22 12:20:00,1.25,103.2,349.02,2324.38,31.53,46.01,1056.66,1246.74,257.76,133.46,22.46,P009,EQ031
2025-09-22 12:30:00,1.13,98.74,347.16,2505.3,26.71,44.31,1139.72,1235.29,246.79,134.18,19.45,P014,EQ038
2025-09-22 12:40:00,1.22,102.6,326.15,2500.86,31.22,47.95,1070.69,1264.4,245.78,160.47,23.09,P020,EQ045
2025-09-22 12:50:00,1.07,97.71,325.53,2555.33,32.76,46.17,1099.97,1258.07,248.14,144.62,27.79,P028,EQ003
2025-09-22 13:00:00,1.35,97.75,312.63,2528.55,29.7,45.05,1071.19,1257.96,253.08,160.41,21.53,P005,EQ010
2025-09-22 13:10:00,1.21,102.66,338.47,2475.76,31.95,41.44,1081.5,1264.32,252.58,148.49,28.41,P011,EQ017
2025-09-22 13:20:00,1.15,101.58,346.26,2380.85,27.4,47.89,1069.03,1268.82,250.55,149.16,24.69,P001,EQ024
2025-09-22 13:30:00,1.28,96.46,339.79,2373.67,31.61,48.57,1123.25,1256.88,249.07,142.96,21.34,P003,EQ031
2025-09-22 13:40:00,1.16,99.98,351.21,2570.46,27.39,52.44,1146.99,1280.01,250.91,148.07,25.54,P027,EQ038
2025-09-22 13:50:00,1.22,99.4,317.15,2492.36,27.9,47.89,1076.29,1279.19,247.09,143.36,20.93,P011,EQ045
2025-09-22 14:00:00,1.05,95.85,342.07,2515.07,27.53,44.26,1029.47,1224.25,245.07,151.84,20.84,P010,EQ003
2025-09-22 14:10:00,1.24,101.69,333.38,2569.67,29.85,40.6,1060.41,1248.81,246.89,139.99,23.38,P028,EQ010
2025-09-22 14:20:00,1.25,101.07,320.48,2374.88,27.91,46.56,1069.51,1263.85,256.55,147.97,22.7,P011,EQ017
2025-09-22 14:30:00,1.35,99.46,326.99,2205.46,30.36,44.52,1121.93,1231.82,254.12,142.14,22.27,P034,EQ024
2025-09-22 14:40:00,1.14,99.58,342.72,2475.21,31.26,48.98,1122.47,1225.37,251.88,161.42,26.3,P034,EQ031
2025-09-22 14:50:00,1.23,103.78,346.45,2497.52,28.89,41.24,1113.31,1271.53,239.6,153.94,28.22,P038,EQ038
2025-09-22 15:00:00,1.21,103.42,341.57,2365.79,32.23,40.0,1128.88,1256.24,248.95,155.58,28.47,P038,EQ045
2025-09-22 15:10:00,1.17,98.74,339.03,2379.65,32.65,45.14,1105.64,1228.84,251.37,148.54,28.95,P029,EQ003
2025-09-22 15:20:00,1.27,100.3,339.86,2688.38,30.25,41.64,1114.33,1281.33,244.92,143.57,21.26,P039,EQ010
2025-09-22 15:30:00,1.18,100.07,323.03,2539.66,27.23,49.72,1082.62,1227.12,249.38,153.6,24.34,P037,EQ017
2025-09-22 15:40:00,1.4,101.02,321.32,2386.71,32.75,48.1,1081.36,1248.89,248.9,148.81,21.63,P029,EQ024
2025-09-22 15:50:00,1.18,102.69,349.42,2488.54,31.59,48.66,1211.9,1240.91,247.57,149.18,23.39,P040,EQ031
2025-09-22 16:00:00,1.16,98.0,345.19,2563.68,30.24,47.5,1127.39,1252.41,250.02,141.55,27.89,P029,EQ038
2025-09-22 16:10:00,1.16,101.93,359.55,2655.95,31.93,41.59,1064.61,1252.47,247.24,159.97,22.16,P017,EQ045
2025-09-22 16:20:00,1.33,99.98,343.95,2420.4,26.27,42.37,1098.07,1239.66,262.28,158.76,26.61,P002,EQ003
2025-09-22 16:30:00,1.34,102.07,346.75,2504.99,28.45,51.31,1122.08,1235.72,256.62,144.79,21.87,P019,EQ010
2025-09-22 16:40:00,1.25,102.42,348.99,2503.8,28.36,48.09,1103.02,1283.8,249.32,165.84,23.88,P035,EQ017
2025-09-22 16:50:00,1.25,102.79,344.74,2526.51,27.84,48.67,1134.06,1229.03,245.63,150.54,23.37,P006,EQ024
2025-09-22 17:00:00,1.35,100.59,347.52,2513.93,30.69,49.63,1143.33,1252.96,241.35,136.54,27.3,P008,EQ031
2025-09-22 17:10:00,1.05,100.54,354.33,2431.15,33.52,45.43,1096.66,1282.0,238.55,164.82,26.86,P009,EQ038
2025-09-22 17:20:00,1.17,95.95,350.58,2396.68,31.89,44.12,1083.46,1257.89,253.74,140.07,29.07,P015,EQ045
2025-09-22 17:30:00,1.05,97.55,321.51,2598.68,30.09,44.67,1098.66,1261.38,241.7,173.19,26.2,P035,EQ003
2025-09-22 17:40:00,1.26,98.96,350.5,2590.96,32.55,41.18,1084.76,1235.54,247.68,156.46,28.34,P008,EQ010
2025-09-22 17:50:00,1.2,102.57,353.15,2527.11,30.8,45.93,1100.6,1274.19,254.98,149.88,26.12,P026,EQ017
2025-09-22 18:00:00,1.33,101.11,336.95,2710.79,30.62,45.14,1070.93,1272.76,251.59,156.4,29.25,P038,EQ024
2025-09-22 18:10:00,1.37,100.22,338.52,2392.83,31.32,40.17,1103.34,1262.29,238.68,154.21,25.66,P009,EQ031
2025-09-22 18:20:00,1.21,100.88,329.1,2524.53,31.27,45.8,1075.54,1255.05,240.8,147.93,19.48,P012,EQ038
2025-09-22 18:30:00,1.28,99.53,325.92,2522.25,29.52,46.18,1136.08,1257.84,248.46,142.31,24.92,P015,EQ045
2025-09-22 18:40:00,1.2,98.15,341.24,2639.2,29.45,46.5,1095.59,1289.22,249.6,145.68,28.28,P016,EQ003
2025-09-22 18:50:00,1.11,101.55,333.91,2684.5,29.55,49.37,1119.13,1266.18,250.24,146.37,28.93,P033,EQ010
2025-09-22 19:00:00,1.26,100.81,340.37,2713.52,29.5,45.34,1128.3,1261.74,260.39,170.68,29.49,P035,EQ017
2025-09-22 19:10:00,1.24,100.29,338.34,2432.45,30.06,50.5,1125.17,1233.46,247.12,150.24,27.61,P016,EQ024
2025-09-22 19:20:00,1.3,98.56,355.68,2586.81,29.38,44.91,1112.24,1291.94,255.47,147.57,26.31,P006,EQ031
2025-09-22 19:30:00,1.19,100.13,341.5,2454.46,30.16,43.2,1050.9,1238.06,256.91,160.81,23.36,P035,EQ038
2025-09-22 19:40:00,1.3,101.15,330.18,2552.28,31.61,47.19,1061.05,1232.85,245.64,171.68,19.91,P017,EQ045
2025-09-22 19:50:00,1.24,96.3,336.45,2555.35,24.41,45.39,1063.3,1257.81,249.37,148.71,22.97,P009,EQ003
2025-09-22 20:00:00,1.18,102.49,336.26,2550.38,29.13,45.56,1144.21,1246.53,252.8,173.24,27.98,P003,EQ010
2025-09-22 20:10:00,1.01,99.07,323.66,2440.29,29.55,43.42,1114.13,1253.66,261.37,159.55,24.98,P014,EQ017
2025-09-22 20:20:00,1.27,100.9,341.03,2523.74,32.04,44.34,1074.4,1234.25,253.98,157.12,21.06,P015,EQ024
2025-09-22 20:30:00,1.36,100.98,340.44,2495.38,28.87,43.68,1089.57,1263.31,247.09,145.25,26.45,P006,EQ031
2025-09-22 20:40:00,1.27,99.23,330.68,2342.88,27.2,49.42,1112.42,1286.95,247.56,150.78,25.19,P040,EQ038
2025-09-22 20:50:00,1.31,100.05,356.08,2639.69,32.11,45.62,1151.52,1257.74,253.45,154.94,24.45,P028,EQ045
2025-09-22 21:00:00,1.16,99.35,352.07,2435.81,29.9,49.71,1129.78,1251.81,238.68,153.76,25.53,P035,EQ003
2025-09-22 21:10:00,1.25,100.79,343.65,2429.48,29.58,41.85,1122.28,1252.4,249.72,159.01,20.43,P021,EQ010
2025-09-22 21:20:00,1.13,100.24,350.62,2537.22,30.64,47.61,1090.98,1262.01,233.16,140.24,22.74,P018,EQ017
2025-09-22 21:30:00,1.3,102.21,330.64,2512.33,31.79,45.68,1067.18,1261.89,245.57,154.87,29.12,P022,EQ024
2025-09-22 21:40:00,1.23,99.19,327.46,2351.6,25.99,40.79,1038.68,1280.56,245.55,142.49,20.04,P001,EQ031
2025-09-22 21:50:00,1.14,101.11,330.6,2610.2,30.52,39.62,1153.25,1270.29,256.19,145.0,28.41,P002,EQ038
2025-09-22 22:00:00,1.21,99.76,327.89,2396.79,29.74,44.96,1116.94,1281.53,239.33,146.73,27.57,P002,EQ045
2025-09-22 22:10:00,0.91,100.97,350.14,2594.34,35.69,42.28,1068.59,1231.75,256.97,158.32,20.71,P011,EQ003
2025-09-22 22:20:00,1.4,99.49,339.5,2468.49,30.47,47.96,1116.25,1222.98,248.67,138.99,26.33,P038,EQ010
2025-09-22 22:30:00,1.18,98.39,334.8,2375.87,28.46,48.86,1098.27,1273.87,252.44,149.21,21.01,P013,EQ017
2025-09-22 22:40:00,1.37,101.93,355.07,2500.81,30.76,45.93,1109.54,1247.81,251.24,157.84,24.42,P007,EQ024
2025-09-22 22:50:00,1.19,98.52,334.01,2331.12,30.32,43.32,1145.57,1269.17,255.87,134.42,24.87,P035,EQ031
2025-09-22 23:00:00,1.14,100.65,357.91,2404.75,27.87,42.53,1133.95,1262.2,250.69,150.82,26.31,P004,EQ038
2025-09-22 23:10:00,1.2,100.24,320.73,2570.71,30.48,49.57,1096.3,1261.96,251.13,154.17,27.74,P039,EQ045
2025-09-22 23:20:00,1.15,102.87,343.05,2388.58,29.61,47.23,1104.79,1233.19,255.91,153.5,20.07,P010,EQ003
2025-09-22 23:30:00,1.02,99.25,325.83,2516.5,31.01,47.66,1162.69,1246.96,254.16,155.26,29.74,P021,EQ010
2025-09-22 23:40:00,1.19,99.57,346.43,2464.26,27.62,49.14,1054.74,1270.29,247.26,147.36,23.46,P008,EQ017
2025-09-22 23:50:00,1.29,98.5,352.45,2359.74,26.05,46.67,1105.63,1270.36,253.25,173.32,28.23,P033,EQ024
2025-09-23 00:00:00,1.17,98.48,352.11,2718.74,31.76,46.14,1131.28,1241.69,258.69,150.85,26.68,P019,EQ031
2025-09-23 00:10:00,1.17,99.82,334.57,2361.15,31.36,38.32,1099.01,1214.98,250.88,156.79,21.64,P006,EQ038
2025-09-23 00:20:00,1.14,101.44,314.78,2557.87,30.23,41.06,1065.78,1197.72,249.28,155.68,23.87,P010,EQ045
2025-09-23 00:30:00,1.09,99.43,343.68,2538.91,30.82,43.01,1146.01,1232.0,244.24,154.83,24.57,P037,EQ003
2025-09-23 00:40:00,1.12,99.2,331.89,2694.02,26.36,43.11,1109.9,1240.76,255.68,135.25,25.3,P019,EQ010
2025-09-23 00:50:00,1.18,101.37,345.65,2471.27,34.13,48.36,1117.26,1252.9,246.67,157.96,24.17,P005,EQ017
2025-09-23 01:00:00,1.22,95.77,345.94,2533.7,32.82,48.06,1082.13,1258.47,244.2,152.53,20.75,P019,EQ024
2025-09-23 01:10:00,1.33,97.98,335.21,2516.01,29.94,44.85,1065.06,1248.93,251.77,140.46,24.7,P003,EQ031
2025-09-23 01:20:00,1.32,101.16,348.86,2589.02,32.48,48.24,1144.72,1229.85,252.11,148.81,22.53,P031,EQ038
2025-09-23 01:30:00,1.21,99.54,357.69,2493.03,29.8,42.24,1096.24,1250.73,255.08,155.96,20.44,P028,EQ045
2025-09-23 01:40:00,1.26,99.75,348.61,2431.49,25.72,42.78,1037.3,1238.83,255.56,137.07,24.53,P003,EQ003
2025-09-23 01:50:00,1.31,97.97,348.67,2390.96,27.84,45.62,1085.68,1250.67,235.46,137.77,24.03,P001,EQ010
2025-09-23 02:00:00,1.17,98.92,323.31,2527.89,31.17,49.32,1114.89,1243.97,240.31,137.61,24.99,P016,EQ017
2025-09-23 02:10:00,1.14,100.93,332.69,2336.76,28.71,44.56,1093.14,1243.77,249.75,136.59,23.19,P022,EQ024
2025-09-23 02:20:00,1.32,99.35,364.26,2411.44,29.79,42.43,1070.89,1248.28,253.96,144.87,20.79,P034,EQ031
2025-09-23 02:30:00,1.22,101.74,347.75,2506.44,30.62,46.64,1122.3,1240.71,253.76,154.49,22.49,P010,EQ038
2025-09-23 02:40:00,1.05,97.9,335.05,2555.94,31.29,39.47,1068.69,1235.2,258.0,137.3,24.07,P037,EQ045
2025-09-23 02:50:00,1.2,97.18,336.04,2446.82,29.68,46.87,1113.76,1224.71,249.44,155.19,20.36,P027,EQ003
2025-09-23 03:00:00,1.11,98.54,340.99,2663.26,35.57,45.9,1078.82,1229.68,249.18,145.11,20.68,P018,EQ010
2025-09-23 03:10:00,1.3,98.28,325.68,2372.42,31.36,44.45,1083.34,1276.58,263.29,147.73,26.51,P021,EQ017
2025-09-23 03:20:00,1.3,98.42,358.51,2590.95,29.08,47.77,1096.71,1254.26,252.26,162.12,23.54,P004,EQ024
2025-09-23 03:30:00,1.03,96.38,346.76,2406.47,27.84,42.04,1128.4,1247.02,246.35,136.85,22.82,P011,EQ031
2025-09-23 03:40:00,1.23,100.84,337.67,2482.39,32.25,41.28,1087.77,1243.11,251.09,140.17,27.3,P025,EQ038
2025-09-23 03:50:00,1.18,104.35,341.75,2471.12,28.01,47.67,1123.26,1209.38,256.27,135.37,26.56,P036,EQ045
2025-09-23 04:00:00,1.29,96.36,338.08,2414.62,31.95,42.57,1066.54,1230.63,246.49,131.15,25.85,P031,EQ003
2025-09-23 04:10:00,1.27,101.9,336.64,2642.65,24.87,45.88,1084.73,1256.7,255.55,153.8,20.7,P014,EQ010
2025-09-23 04:20:00,1.06,100.53,355.07,2764.56,25.73,44.37,1076.93,1250.25,248.99,149.3,21.9,P039,EQ017
2025-09-23 04:30:00,1.17,102.31,323.48,2452.52,30.95,46.94,1106.3,1253.1,252.02,164.82,28.32,P036,EQ024
2025-09-23 04:40:00,1.21,101.88,339.31,2373.05,29.73,41.15,1164.74,1252.82,235.48,161.0,22.79,P023,EQ031
2025-09-23 04:50:00,1.1,97.91,329.82,2530.73,26.91,45.54,1068.19,1256.37,251.64,156.34,27.66,P002,EQ038
2025-09-23 05:00:00,1.24,99.34,348.38,2430.31,31.42,41.06,1124.95,1211.95,257.24,154.19,27.14,P034,EQ045
2025-09-23 05:10:00,1.17,101.61,341.91,2484.28,30.76,43.53,1115.98,1238.8,237.97,148.96,20.22,P005,EQ003
2025-09-23 05:20:00,1.21,95.85,336.16,2598.78,29.96,43.13,1117.71,1246.19,257.78,158.12,20.79,P004,EQ010
2025-09-23 05:30:00,1.31,102.01,328.63,2549.24,29.2,43.29,1099.71,1261.27,244.69,150.89,28.38,P026,EQ017
2025-09-23 05:40:00,1.2,97.03,335.22,2543.2,28.68,46.73,1098.04,1238.05,254.9,134.64,22.32,P034,EQ024
2025-09-23 05:50:00,1.22,102.15,336.05,2510.87,31.49,44.87,1121.83,1261.64,242.99,150.39,20.45,P036,EQ031
2025-09-23 06:00:00,1.2,100.71,329.56,2515.19,31.19,40.63,1117.5,1267.26,244.3,162.17,28.34,P001,EQ038
2025-09-23 06:10:00,1.23,100.17,336.77,2548.56,29.93,48.16,1131.58,1268.37,253.32,140.19,22.82,P017,EQ045
2025-09-23 06:20:00,1.44,100.58,339.96,2417.93,32.0,42.21,1109.25,1242.81,248.38,156.9,28.71,P012,EQ003
2025-09-23 06:30:00,1.26,102.13,345.01,2473.36,26.3,45.16,1148.07,1249.22,253.79,160.64,25.36,P031,EQ010
2025-09-23 06:40:00,1.39,97.49,347.62,2488.81,31.22,43.93,1106.76,1253.24,248.63,162.21,24.44,P016,EQ017
2025-09-23 06:50:00,1.11,98.84,347.05,2376.98,29.6,42.29,1098.27,1250.01,246.78,155.85,24.37,P025,EQ024
2025-09-23 07:00:00,1.1,101.46,323.4,2442.81,30.51,37.73,1146.41,1251.17,255.05,148.3,27.24,P013,EQ031
2025-09-23 07:10:00,1.18,101.48,341.76,2378.38,33.63,47.28,1109.39,1231.06,244.13,145.64,23.86,P005,EQ038
2025-09-23 07:20:00,1.07,103.73,346.14,2496.01,28.38,42.87,1074.77,1263.44,246.17,149.36,23.44,P016,EQ045
2025-09-23 07:30:00,1.08,98.31,357.04,2739.53,29.43,45.48,1138.14,1238.98,247.21,153.91,20.72,P005,EQ003
2025-09-23 07:40:00,1.16,100.18,345.75,2361.13,28.72,46.73,1085.8,1247.19,253.28,154.26,21.24,P026,EQ010
2025-09-23 07:50:00,0.95,100.37,327.65,2495.23,31.92,41.85,1080.84,1255.65,251.94,149.87,26.02,P019,EQ017
2025-09-23 08:00:00,1.33,101.17,347.94,2519.12,27.62,44.62,1111.42,1253.61,249.06,157.62,26.73,P034,EQ024
2025-09-23 08:10:00,1.29,100.22,334.42,2380.9,28.42,45.25,1130.63,1237.82,250.6,151.33,25.05,P020,EQ031
2025-09-23 08:20:00,1.3,100.96,346.03,2500.33,29.68,46.86,1092.21,1252.42,240.72,159.33,22.79,P011,EQ038
2025-09-23 08:30:00,1.2,103.08,331.3,2474.12,27.85,48.64,1095.91,1236.6,250.28,142.17,19.64,P027,EQ045
2025-09-23 08:40:00,1.21,101.15,333.13,2444.44,27.36,43.18,1045.51,1262.78,246.09,151.42,26.9,P009,EQ003
2025-09-23 08:50:00,1.27,101.51,347.94,2555.14,28.8,44.07,1157.7,1227.17,246.57,177.77,22.5,P034,EQ010
2025-09-23 09:00:00,1.08,104.18,353.91,2613.14,30.28,45.06,1076.46,1213.58,240.03,150.11,22.23,P007,EQ017
2025-09-23 09:10:00,1.02,103.63,336.67,2503.83,33.23,50.78,1081.84,1252.61,253.04,142.4,22.99,P017,EQ024
2025-09-23 09:20:00,1.34,100.62,316.27,2595.77,32.15,46.77,1090.89,1267.56,241.41,151.92,20.01,P003,EQ031
2025-09-23 09:30:00,1.23,100.03,334.09,2700.56,30.0,41.51,1081.11,1264.96,253.23,136.71,28.38,P019,EQ038
2025-09-23 09:40:00,1.19,98.68,353.16,2420.93,33.42,43.9,1080.48,1272.72,249.97,163.89,29.42,P025,EQ045
2025-09-23 09:50:00,1.19,98.61,344.45,2450.36,29.95,51.88,1106.07,1236.78,238.92,164.26,20.01,P024,EQ003
2025-09-23 10:00:00,1.35,99.53,335.45,2413.25,28.36,48.95,1073.95,1264.94,251.25,138.99,27.52,P003,EQ010
2025-09-23 10:10:00,1.28,97.75,356.17,2378.39,31.15,47.15,1121.82,1239.46,255.14,160.02,21.71,P015,EQ017
2025-09-23 10:20:00,1.17,102.74,348.68,2564.94,29.6,50.57,1086.95,1269.83,256.79,153.57,27.86,P024,EQ024
2025-09-23 10:30:00,1.37,98.23,352.01,2487.39,31.61,47.85,1051.92,1217.11,241.81,146.33,21.62,P012,EQ031
2025-09-23 10:40:00,1.24,95.95,322.61,2459.08,31.17,42.05,1104.28,1251.71,257.51,154.77,23.22,P002,EQ038
2025-09-23 10:50:00,1.1,97.88,344.26,2657.35,32.15,45.14,1064.36,1250.26,248.08,163.66,25.99,P031,EQ045
2025-09-23 11:00:00,1.26,100.53,335.95,2739.8,27.59,39.24,1076.55,1264.63,243.19,160.84,22.96,P027,EQ003
2025-09-23 11:10:00,1.22,96.31,331.83,2456.43,29.94,50.83,1114.52,1245.7,251.33,143.78,27.45,P019,EQ010
2025-09-23 11:20:00,1.27,94.21,337.53,2532.09,31.1,44.8,1090.59,1263.77,261.01,154.11,26.03,P034,EQ017
2025-09-23 11:30:00,1.08,99.12,346.56,2540.25,30.04,48.0,1051.78,1234.56,252.79,167.59,24.55,P002,EQ024
2025-09-23 11:40:00,1.22,100.7,343.31,2478.36,34.54,40.65,1129.0,1228.24,240.36,141.23,25.7,P007,EQ031
2025-09-23 11:50:00,1.11,100.92,351.08,2448.01,29.47,45.06,1125.18,1247.4,242.58,154.16,22.5,P036,EQ038
2025-09-23 12:00:00,1.04,97.46,349.9,2512.97,29.41,44.93,1110.23,1260.32,250.77,152.64,26.77,P034,EQ045
2025-09-23 12:10:00,1.1,99.63,329.8,2543.77,29.35,45.16,1131.5,1268.0,251.73,138.16,21.83,P018,EQ003
2025-09-23 12:20:00,1.14,102.79,340.01,2389.31,30.78,47.77,1067.61,1240.72,253.59,150.49,23.03,P009,EQ010
2025-09-23 12:30:00,1.15,100.03,347.39,2495.51,31.63,44.9,1107.11,1244.06,256.88,159.27,24.74,P004,EQ017
2025-09-23 12:40:00,1.06,99.46,343.56,2548.8,25.75,39.91,1085.39,1255.36,252.02,141.17,26.56,P022,EQ024
2025-09-23 12:50:00,1.1,100.25,338.9,2525.56,31.87,42.68,1132.16,1239.0,250.26,140.09,19.84,P004,EQ031
2025-09-23 13:00:00,1.0,97.91,333.69,2472.88,28.93,44.58,1078.03,1241.42,248.68,143.99,29.01,P019,EQ038
2025-09-23 13:10:00,1.07,99.31,329.72,2408.58,27.6,43.27,1076.29,1305.86,252.51,150.74,23.18,P014,EQ045
2025-09-23 13:20:00,1.19,97.78,348.82,2641.88,29.45,47.52,1114.81,1269.01,253.97,149.94,22.35,P023,EQ003
2025-09-23 13:30:00,1.11,100.33,337.99,2538.61,30.07,49.0,1118.4,1229.72,248.94,145.71,21.09,P034,EQ010
2025-09-23 13:40:00,1.02,98.06,340.99,2612.81,30.76,41.37,1109.63,1233.88,252.59,147.87,22.09,P021,EQ017
2025-09-23 13:50:00,1.08,97.06,355.33,2638.18,33.19,46.16,1083.28,1262.17,248.55,154.36,28.4,P008,EQ024
2025-09-23 14:00:00,1.2,99.63,326.03,2646.4,29.16,44.89,1115.75,1283.71,251.87,137.06,24.31,P015,EQ031
2025-09-23 14:10:00,1.26,102.2,349.18,2660.57,29.58,42.41,1085.64,1239.79,250.17,156.53,27.33,P007,EQ038
2025-09-23 14:20:00,1.25,101.8,333.81,2459.09,29.02,43.14,1074.11,1233.6,243.59,134.63,19.72,P039,EQ045
2025-09-23 14:30:00,1.3,102.49,345.61,2361.82,24.4,49.02,1055.63,1258.6,254.62,146.55,24.7,P030,EQ003
2025-09-23 14:40:00,1.09,99.91,344.57,2307.68,28.02,51.35,1109.71,1277.17,241.46,147.14,26.35,P008,EQ010
2025-09-23 14:50:00,1.26,97.77,362.46,2445.46,27.26,51.21,1109.75,1273.89,254.74,162.15,25.93,P039,EQ017
2025-09-23 15:00:00,1.39,100.71,341.7,2499.62,28.83,39.73,1092.01,1254.36,251.74,135.12,29.5,P016,EQ024
2025-09-23 15:10:00,1.19,99.88,350.84,2568.39,29.7,44.92,1046.14,1267.16,250.23,140.95,25.82,P013,EQ031
2025-09-23 15:20:00,1.18,98.53,355.59,2484.23,29.33,46.53,1126.75,1248.84,247.9,141.6,24.23,P009,EQ038
2025-09-23 15:30:00,1.12,97.52,344.38,2568.49,31.77,45.43,1148.96,1248.23,247.99,161.61,23.38,P021,EQ045
2025-09-23 15:40:00,1.26,102.67,332.78,2501.02,30.78,46.43,1093.79,1275.36,255.94,157.06,30.74,P003,EQ003
2025-09-23 15:50:00,1.21,99.32,341.26,2479.53,29.52,45.14,1093.54,1286.92,250.63,160.36,29.19,P003,EQ010
2025-09-23 16:00:00,1.17,101.72,343.98,2350.0,29.09,42.77,1123.49,1243.43,241.55,163.89,25.68,P006,EQ017
2025-09-23 16:10:00,1.0,98.54,334.84,2337.31,27.84,47.74,1115.53,1239.76,247.44,163.09,28.11,P040,EQ024
2025-09-23 16:20:00,1.23,101.87,342.25,2822.36,30.7,41.6,1119.45,1254.39,248.24,174.02,27.0,P032,EQ031
2025-09-23 16:30:00,1.21,98.59,330.25,2433.52,34.19,44.47,1125.46,1258.73,249.21,139.35,27.17,P021,EQ038
2025-09-23 16:40:00,1.21,100.86,352.56,2454.45,27.83,46.56,1077.38,1255.55,239.33,162.28,28.23,P007,EQ045
2025-09-23 16:50:00,1.09,97.61,340.26,2400.47,28.99,41.69,1086.46,1248.15,251.96,164.88,24.31,P033,EQ003
2025-09-23 17:00:00,1.2,103.09,355.28,2609.95,28.66,46.9,1095.19,1287.4,248.81,143.54,28.75,P036,EQ010
2025-09-23 17:10:00,1.2,99.71,327.91,2438.72,29.1,48.42,1110.07,1237.8,252.8,141.33,26.73,P034,EQ017
2025-09-23 17:20:00,1.34,102.22,336.55,2532.43,31.51,43.31,1092.01,1262.32,251.74,151.25,28.86,P001,EQ024
2025-09-23 17:30:00,0.94,96.98,339.43,2593.46,29.86,48.1,1115.19,1246.99,241.88,148.56,27.57,P014,EQ031
2025-09-23 17:40:00,1.19,98.92,333.73,2569.31,30.68,46.48,1046.6,1232.39,248.06,150.23,27.07,P002,EQ038
2025-09-23 17:50:00,1.32,104.04,333.2,2431.79,31.63,44.01,1051.92,1241.99,250.8,140.05,25.29,P022,EQ045
2025-09-23 18:00:00,1.21,97.28,336.36,2406.61,30.88,49.28,1077.22,1239.44,243.88,147.69,26.37,P008,EQ003
2025-09-23 18:10:00,1.36,98.83,345.94,2564.64,27.13,48.03,1145.2,1252.19,255.73,156.99,25.64,P039,EQ010
2025-09-23 18:20:00,1.06,99.75,325.34,2426.35,29.06,46.19,1041.3,1235.64,247.7,137.98,24.26,P001,EQ017
2025-09-23 18:30:00,1.27,99.99,342.76,2455.25,30.92,50.1,1092.69,1252.36,247.37,151.92,21.83,P025,EQ024
2025-09-23 18:40:00,1.2,102.29,326.91,2603.11,29.57,43.23,1119.26,1247.3,242.67,133.71,22.18,P032,EQ031
2025-09-23 18:50:00,1.17,101.52,341.35,2610.28,29.9,49.96,1104.76,1238.23,244.99,145.71,21.56,P019,EQ038
2025-09-23 19:00:00,0.99,99.08,335.85,2465.66,29.93,46.97,1062.22,1232.6,249.53,155.32,27.26,P039,EQ045
2025-09-23 19:10:00,1.34,102.37,341.48,2460.86,31.44,45.33,1127.84,1250.26,251.04,130.65,20.89,P027,EQ003
2025-09-23 19:20:00,1.21,101.73,341.04,2490.65,30.15,43.4,1085.33,1223.55,244.51,152.2,27.4,P040,EQ010
2025-09-23 19:30:00,1.35,98.16,317.39,2484.22,29.96,43.34,1060.31,1264.98,254.25,169.86,27.07,P026,EQ017
2025-09-23 19:40:00,1.29,95.42,337.34,2429.78,25.95,53.61,1102.44,1246.81,256.43,152.86,23.77,P023,EQ024
2025-09-23 19:50:00,1.25,101.75,320.83,2562.33,26.04,45.46,1125.96,1270.63,250.55,140.5,21.33,P004,EQ031
2025-09-23 20:00:00,1.26,96.01,336.99,2540.2,26.81,44.08,1100.34,1309.42,238.06,134.88,20.32,P039,EQ038
2025-09-23 20:10:00,1.28,97.69,329.98,2444.32,27.03,49.63,1081.53,1254.85,250.85,137.8,20.47,P008,EQ045
2025-09-23 20:20:00,1.02,102.15,331.35,2436.82,30.88,41.03,1055.72,1291.31,252.66,152.56,29.41,P037,EQ003
2025-09-23 20:30:00,1.23,102.4,345.8,2408.91,32.46,43.07,1098.11,1278.92,250.91,152.49,23.04,P035,EQ010
2025-09-23 20:40:00,1.21,95.96,334.72,2345.15,29.46,40.09,1138.84,1279.35,239.2,122.79,22.03,P015,EQ017
2025-09-23 20:50:00,1.2,100.27,365.42,2622.7,29.27,47.85,1126.1,1244.45,238.65,131.33,22.35,P031,EQ024
2025-09-23 21:00:00,1.18,100.11,334.36,2529.06,32.18,51.01,1011.08,1255.86,254.8,150.25,23.54,P002,EQ031
2025-09-23 21:10:00,1.06,102.74,343.55,2490.13,29.0,49.61,1076.54,1258.83,249.72,156.87,25.53,P027,EQ038
2025-09-23 21:20:00,1.2,98.83,325.48,2523.61,33.09,44.44,1082.66,1233.23,253.31,158.8,21.53,P011,EQ045
2025-09-23 21:30:00,1.24,96.29,348.97,2582.75,29.35,42.73,1121.65,1300.01,254.05,141.45,30.51,P039,EQ003
2025-09-23 21:40:00,1.33,101.44,349.94,2473.59,28.31,37.56,1083.67,1232.05,246.94,153.07,24.86,P010,EQ010
2025-09-23 21:50:00,1.28,98.01,335.76,2556.87,27.99,45.97,1101.85,1262.44,251.4,145.93,20.66,P029,EQ017
2025-09-23 22:00:00,1.1,103.96,358.56,2614.73,30.0,42.61,1170.09,1275.15,249.81,128.32,22.76,P022,EQ024
2025-09-23 22:10:00,1.17,99.97,329.4,2581.12,29.89,42.67,1010.58,1253.72,246.59,154.86,23.48,P006,EQ031
2025-09-23 22:20:00,1.33,100.21,346.64,2495.0,31.2,45.8,1102.53,1243.82,254.94,145.13,22.45,P003,EQ038
2025-09-23 22:30:00,1.04,97.73,325.71,2502.71,25.83,46.1,1101.96,1231.82,249.79,147.24,26.04,P019,EQ045
2025-09-23 22:40:00,1.16,100.37,332.01,2559.17,27.73,42.65,1101.84,1242.97,254.5,164.35,21.16,P035,EQ003
2025-09-23 22:50:00,1.23,97.93,336.71,2380.85,32.93,43.23,1121.95,1232.33,246.34,153.84,22.95,P003,EQ010
2025-09-23 23:00:00,1.2,104.43,329.44,2493.3,30.03,46.52,1094.1,1219.42,253.48,147.73,27.46,P002,EQ017
2025-09-23 23:10:00,1.25,101.99,337.96,2570.98,30.77,41.92,1125.63,1254.73,246.67,150.1,27.0,P022,EQ024
2025-09-23 23:20:00,1.06,101.71,355.42,2728.58,29.43,42.03,1036.03,1190.55,247.83,162.7,20.73,P026,EQ031
2025-09-23 23:30:00,1.13,103.15,358.27,2594.74,29.41,46.0,1107.62,1239.46,248.55,150.17,23.49,P003,EQ038
2025-09-23 23:40:00,1.32,97.71,355.75,2452.63,27.62,41.24,1084.72,1223.89,254.64,143.69,24.65,P007,EQ045
2025-09-23 23:50:00,1.17,101.42,333.91,2404.76,29.81,40.44,1130.1,1248.96,245.57,146.1,20.38,P009,EQ003
2025-09-24 00:00:00,0.95,100.44,352.06,2557.34,27.72,42.13,1120.98,1266.24,256.61,139.06,24.76,P002,EQ010
2025-09-24 00:10:00,1.24,103.19,361.16,2506.47,32.65,43.95,1096.4,1268.12,249.49,144.43,29.2,P013,EQ017
2025-09-24 00:20:00,1.13,107.23,342.88,2434.52,27.82,51.33,1126.09,1253.77,257.95,157.33,29.19,P004,EQ024
2025-09-24 00:30:00,1.11,98.26,342.46,2365.38,30.86,45.93,1141.31,1242.81,253.44,146.68,24.93,P014,EQ031
2025-09-24 00:40:00,1.08,99.34,333.49,2530.6,29.59,44.01,1149.64,1273.65,255.49,139.38,24.13,P026,EQ038
2025-09-24 00:50:00,1.2,100.49,331.7,2145.66,28.74,50.97,1111.32,1260.5,248.82,143.78,28.41,P006,EQ045
2025-09-24 01:00:00,1.24,101.26,354.21,2528.29,30.19,42.61,1107.83,1258.51,258.76,147.77,28.82,P002,EQ003
2025-09-24 01:10:00,1.06,101.7,352.2,2587.06,28.08,45.51,1068.65,1289.67,243.88,146.11,23.57,P030,EQ010
2025-09-24 01:20:00,1.06,99.43,343.12,2560.91,32.05,45.21,1051.17,1270.71,244.11,134.72,20.19,P014,EQ017
2025-09-24 01:30:00,1.19,96.82,340.96,2284.1,30.48,41.46,1047.43,1255.95,245.15,160.62,20.3,P012,EQ024
2025-09-24 01:40:00,1.12,97.27,336.81,2489.21,30.46,49.0,1104.84,1261.27,250.85,152.95,27.5,P017,EQ031
2025-09-24 01:50:00,1.38,100.57,345.67,2334.33,29.3,45.5,1070.04,1254.69,244.38,153.17,27.9,P023,EQ038
2025-09-24 02:00:00,1.12,101.57,336.11,2428.77,30.5,45.07,1087.9,1242.09,251.35,153.93,20.12,P028,EQ045
2025-09-24 02:10:00,1.17,101.2,339.34,2406.19,28.03,42.11,1100.21,1271.51,254.01,158.1,25.45,P012,EQ003
2025-09-24 02:20:00,1.14,100.89,323.15,2522.9,32.12,44.9,1081.74,1207.34,259.62,154.58,23.98,P007,EQ010
2025-09-24 02:30:00,1.26,100.44,343.38,2391.79,29.8,42.16,1100.29,1282.31,249.99,160.69,25.02,P032,EQ017
2025-09-24 02:40:00,1.08,98.64,340.09,2350.72,29.84,46.8,1086.4,1208.71,254.62,143.55,23.43,P036,EQ024
2025-09-24 02:50:00,1.27,99.55,340.33,2482.11,28.99,41.37,1113.21,1252.27,247.76,159.65,25.76,P010,EQ031
2025-09-24 03:00:00,1.19,99.68,344.66,2387.89,29.32,46.02,1057.56,1251.05,256.26,163.28,26.39,P034,EQ038
2025-09-24 03:10:00,1.18,105.51,316.32,2461.07,32.0,47.18,1082.62,1242.7,242.69,153.22,26.81,P019,EQ045
2025-09-24 03:20:00,1.11,98.65,319.1,2650.72,29.48,45.76,1050.91,1244.46,245.16,137.65,26.34,P003,EQ003
2025-09-24 03:30:00,1.29,100.81,332.31,2370.71,26.73,48.04,1099.35,1234.24,253.05,147.33,20.75,P020,EQ010
2025-09-24 03:40:00,1.27,97.61,323.46,2475.06,34.74,43.14,1087.03,1274.2,246.4,157.22,28.55,P001,EQ017
2025-09-24 03:50:00,1.22,98.66,333.72,2674.95,33.44,49.09,1086.47,1255.84,252.15,145.71,27.78,P029,EQ024
2025-09-24 04:00:00,1.21,98.29,326.21,2452.34,29.52,45.46,1101.91,1255.91,249.98,154.76,27.41,P022,EQ031
2025-09-24 04:10:00,1.15,101.53,349.47,2537.96,31.44,43.08,1102.76,1273.54,258.12,138.06,23.72,P031,EQ038
2025-09-24 04:20:00,1.11,101.59,337.85,2374.51,32.7,48.33,1106.71,1205.57,242.11,166.6,26.24,P036,EQ045
2025-09-24 04:30:00,1.21,96.29,357.81,2566.87,32.52,42.1,1031.85,1272.09,251.04,137.98,27.44,P034,EQ003
2025-09-24 04:40:00,1.29,97.6,346.54,2433.61,28.16,44.46,1170.45,1217.7,256.49,149.91,20.95,P003,EQ010
2025-09-24 04:50:00,1.36,99.19,340.71,2311.89,32.21,49.95,1066.41,1258.11,250.92,152.36,21.93,P024,EQ017
2025-09-24 05:00:00,1.25,98.25,337.97,2621.95,27.9,44.56,1111.21,1244.79,253.03,154.63,25.86,P008,EQ024
2025-09-24 05:10:00,1.03,97.45,349.21,2445.18,30.78,44.77,1077.23,1269.83,247.2,154.27,20.24,P024,EQ031
2025-09-24 05:20:00,1.23,103.09,321.18,2579.53,30.26,49.69,1050.97,1218.59,248.5,139.11,23.31,P002,EQ038
2025-09-24 05:30:00,1.24,97.12,332.89,2466.87,29.74,46.69,1130.73,1251.0,236.32,148.31,24.19,P004,EQ045
2025-09-24 05:40:00,1.11,96.91,326.71,2492.95,32.07,49.7,1121.42,1217.23,251.81,146.13,24.13,P037,EQ003
2025-09-24 05:50:00,1.2,99.11,333.52,2573.72,32.51,49.94,1123.68,1247.77,248.43,147.31,25.12,P005,EQ010
2025-09-24 06:00:00,1.11,98.92,360.91,2416.28,29.77,42.81,1110.41,1267.48,248.82,155.94,27.76,P019,EQ017
2025-09-24 06:10:00,1.34,99.55,350.99,2267.03,34.31,42.27,1106.5,1271.3,249.04,158.62,25.59,P002,EQ024
2025-09-24 06:20:00,1.3,99.07,335.26,2310.45,30.54,47.41,1054.06,1227.68,248.01,136.68,25.95,P029,EQ031
2025-09-24 06:30:00,1.33,97.96,337.16,2479.34,25.89,45.58,1154.37,1223.81,241.1,151.06,27.72,P038,EQ038
2025-09-24 06:40:00,1.25,100.45,342.17,2388.0,32.8,43.88,1102.44,1265.06,248.18,164.56,27.68,P026,EQ045
2025-09-24 06:50:00,1.26,100.99,328.92,2464.03,30.31,49.49,1077.64,1259.82,245.17,134.9,26.73,P037,EQ003
2025-09-24 07:00:00,1.25,100.75,336.96,2592.09,29.39,47.1,1078.83,1229.9,244.58,147.69,24.78,P027,EQ010
2025-09-24 07:10:00,1.22,98.11,339.01,2598.39,26.66,40.91,1121.79,1223.12,251.16,146.99,26.69,P037,EQ017
2025-09-24 07:20:00,1.17,102.08,339.69,2540.74,30.04,42.83,1126.78,1247.24,256.82,155.19,28.24,P019,EQ024
2025-09-24 07:30:00,1.2,102.21,346.46,2420.27,29.93,42.37,1129.29,1231.97,249.91,150.77,27.36,P039,EQ031
2025-09-24 07:40:00,1.27,100.28,353.31,2585.47,31.32,43.01,1112.02,1259.21,260.97,153.37,28.47,P030,EQ038
2025-09-24 07:50:00,1.2,98.93,351.32,2406.84,31.5,45.88,1076.25,1242.55,256.48,132.44,20.91,P034,EQ045
2025-09-24 08:00:00,1.17,100.35,340.3,2658.1,32.28,39.73,1065.93,1238.91,247.37,166.61,22.09,P035,EQ003
2025-09-24 08:10:00,1.32,98.25,330.77,2298.28,29.33,45.17,1067.42,1247.76,253.37,154.28,27.63,P038,EQ010
2025-09-24 08:20:00,1.14,100.3,342.35,2479.48,28.57,42.69,1108.34,1284.95,258.92,133.53,24.91,P037,EQ017
2025-09-24 08:30:00,1.14,100.28,364.18,2562.91,30.15,44.84,1100.25,1264.59,245.3,161.55,21.9,P022,EQ024
2025-09-24 08:40:00,1.1,98.05,343.58,2698.34,28.72,51.49,1112.66,1269.73,251.35,158.81,25.71,P019,EQ031
2025-09-24 08:50:00,1.17,99.2,339.14,2259.98,28.09,49.73,1076.39,1240.41,253.13,144.95,19.93,P033,EQ038
2025-09-24 09:00:00,1.41,96.42,336.4,2598.77,32.29,45.8,1131.38,1271.78,258.72,149.18,29.83,P037,EQ045
2025-09-24 09:10:00,1.3,98.46,341.04,2450.2,31.17,43.68,1102.31,1240.93,247.41,154.84,25.25,P013,EQ003
2025-09-24 09:20:00,1.13,103.23,350.68,2559.24,31.97,43.9,1089.72,1210.09,248.26,140.96,27.86,P013,EQ010
2025-09-24 09:30:00,1.2,98.2,341.39,2604.49,27.29,43.24,1067.57,1249.53,252.02,157.35,20.85,P015,EQ017
2025-09-24 09:40:00,1.04,104.37,366.15,2488.3,27.65,44.93,1081.18,1214.75,252.48,153.01,22.1,P010,EQ024
2025-09-24 09:50:00,1.08,98.71,338.25,2558.48,31.73,44.84,1075.25,1244.93,248.85,155.61,27.01,P028,EQ031
2025-09-24 10:00:00,1.35,101.12,344.66,2431.18,27.63,44.64,1103.78,1242.02,251.86,140.17,23.62,P036,EQ038
2025-09-24 10:10:00,1.28,102.2,334.09,2472.83,28.66,47.43,1116.71,1257.24,252.28,139.79,29.49,P004,EQ045
2025-09-24 10:20:00,1.23,100.36,324.36,2490.78,29.07,40.61,1091.88,1269.41,251.25,153.78,24.11,P002,EQ003
2025-09-24 10:30:00,1.25,99.02,336.34,2524.81,30.13,47.74,1097.62,1220.68,240.31,148.83,27.54,P031,EQ010
2025-09-24 10:40:00,1.25,102.11,334.76,2612.16,29.22,44.47,1110.52,1244.49,248.44,155.53,20.92,P008,EQ017
2025-09-24 10:50:00,1.19,102.65,334.07,2600.5,29.1,44.23,1129.61,1249.47,245.99,141.56,23.71,P027,EQ024
2025-09-24 11:00:00,1.22,98.45,346.4,2605.32,31.71,43.69,1045.88,1234.42,237.75,150.92,27.39,P002,EQ031
2025-09-24 11:10:00,1.25,96.38,344.1,2595.24,29.17,50.22,1094.64,1228.88,240.23,146.35,24.49,P012,EQ038
2025-09-24 11:20:00,1.21,101.92,332.33,2470.84,29.97,47.25,1028.52,1230.53,253.16,143.46,26.89,P020,EQ045
2025-09-24 11:30:00,1.06,99.73,345.26,2495.16,26.65,47.99,1071.8,1247.06,246.26,149.57,24.7,P015,EQ003
2025-09-24 11:40:00,1.36,98.86,336.32,2345.32,29.51,52.51,1114.14,1241.81,250.24,147.11,24.59,P015,EQ010
2025-09-24 11:50:00,1.21,100.02,349.01,2549.13,27.15,42.76,1060.06,1265.68,250.65,144.02,23.17,P039,EQ017
2025-09-24 12:00:00,1.34,102.22,343.04,2401.34,33.02,47.19,1109.79,1225.79,250.73,147.85,28.06,P016,EQ024
2025-09-24 12:10:00,1.14,98.81,354.99,2426.91,30.88,41.31,1114.57,1216.19,251.35,138.95,27.82,P034,EQ031
2025-09-24 12:20:00,1.17,99.85,347.99,2706.18,29.03,43.68,1068.74,1253.47,250.28,161.3,21.07,P036,EQ038
2025-09-24 12:30:00,1.22,100.28,340.7,2561.88,31.53,44.16,1087.78,1219.92,241.16,157.28,25.47,P019,EQ045
2025-09-24 12:40:00,1.2,97.43,331.88,2643.26,25.4,47.2,1132.54,1236.36,244.95,160.79,26.89,P023,EQ003
2025-09-24 12:50:00,1.17,101.08,331.74,2609.16,28.73,44.82,1080.29,1232.55,255.2,157.81,29.24,P008,EQ010
2025-09-24 13:00:00,1.3,102.78,347.44,2829.15,27.38,43.94,1092.02,1239.31,258.02,167.56,29.94,P037,EQ017
2025-09-24 13:10:00,1.06,101.59,342.3,2470.82,26.45,47.93,1117.72,1271.84,249.83,146.98,26.04,P022,EQ024
2025-09-24 13:20:00,1.06,96.34,336.88,2503.99,29.44,47.33,1096.11,1262.7,253.49,133.93,20.4,P010,EQ031
2025-09-24 13:30:00,1.3,99.02,343.95,2362.1,31.12,46.25,1115.29,1256.79,251.73,150.63,23.9,P023,EQ038
2025-09-24 13:40:00,1.24,99.08,331.97,2503.53,30.55,40.73,1170.89,1260.25,248.71,128.48,25.04,P010,EQ045
2025-09-24 13:50:00,1.28,101.52,335.97,2526.95,29.38,48.44,1072.96,1236.38,244.79,161.22,23.13,P018,EQ003
2025-09-24 14:00:00,1.02,101.41,340.41,2559.57,31.66,43.92,1093.57,1223.77,250.08,153.9,20.12,P036,EQ010
2025-09-24 14:10:00,1.21,98.65,348.72,2535.91,29.62,46.03,1081.67,1259.93,254.74,144.84,24.01,P025,EQ017
2025-09-24 14:20:00,1.22,101.29,330.83,2585.71,34.21,45.71,1077.63,1226.64,254.85,165.96,23.02,P005,EQ024
2025-09-24 14:30:00,1.11,98.97,329.98,2738.47,29.49,44.07,1106.59,1217.33,243.87,155.49,27.25,P014,EQ031
2025-09-24 14:40:00,1.05,96.8,338.16,2567.39,30.78,44.56,1056.56,1253.05,249.81,140.01,19.8,P031,EQ038
2025-09-24 14:50:00,1.18,99.47,329.12,2718.03,29.96,45.79,1106.13,1231.82,252.28,158.02,27.41,P007,EQ045
2025-09-24 15:00:00,1.26,100.51,352.09,2555.25,29.69,46.07,1073.57,1252.11,243.9,153.68,25.62,P010,EQ003
2025-09-24 15:10:00,1.16,97.04,338.62,2615.34,33.96,42.26,1069.48,1281.7,256.5,142.67,28.56,P034,EQ010
2025-09-24 15:20:00,1.16,94.81,337.7,2649.18,30.36,47.55,1103.69,1270.02,250.51,161.23,23.11,P022,EQ017
2025-09-24 15:30:00,1.38,99.09,343.56,2535.67,26.63,44.93,1079.12,1218.64,256.86,153.13,29.29,P008,EQ024
2025-09-24 15:40:00,1.24,99.58,337.54,2552.47,28.86,50.51,1067.1,1245.12,246.04,143.29,21.66,P013,EQ031
2025-09-24 15:50:00,1.23,96.76,348.61,2574.93,31.44,46.33,1120.53,1213.63,249.34,140.71,26.39,P026,EQ038
2025-09-24 16:00:00,1.32,99.45,342.42,2673.01,28.97,45.19,1101.21,1249.12,247.25,138.57,24.65,P016,EQ045
2025-09-24 16:10:00,1.21,100.36,346.46,2545.2,32.22,39.44,1051.75,1259.12,247.09,155.74,25.28,P020,EQ003
2025-09-24 16:20:00,1.19,99.39,318.86,2540.99,29.8,45.39,1076.28,1242.76,247.56,150.1,27.53,P018,EQ010
2025-09-24 16:30:00,1.14,101.59,326.48,2545.67,30.85,39.33,1089.79,1246.62,248.26,147.09,25.52,P003,EQ017
2025-09-24 16:40:00,1.27,96.67,344.66,2471.44,32.04,48.55,1122.55,1273.04,248.79,150.41,28.39,P011,EQ024
2025-09-24 16:50:00,1.13,102.32,340.96,2536.32,28.21,48.1,1086.23,1242.07,248.96,141.61,24.06,P015,EQ031
2025-09-24 17:00:00,1.22,98.76,350.84,2499.22,27.73,45.69,1116.78,1265.27,257.58,163.8,20.48,P033,EQ038
2025-09-24 17:10:00,1.29,100.89,343.89,2724.69,32.59,48.31,1096.44,1268.36,252.93,144.62,24.52,P026,EQ045
2025-09-24 17:20:00,1.42,100.87,361.23,2546.63,29.51,48.18,1124.52,1213.61,245.61,150.97,27.21,P025,EQ003
2025-09-24 17:30:00,1.28,96.81,340.31,2425.62,31.2,46.95,1090.62,1256.51,247.96,149.76,20.18,P004,EQ010
2025-09-24 17:40:00,1.19,100.17,351.53,2609.06,29.93,42.35,1133.53,1255.53,250.02,154.94,20.86,P025,EQ017
2025-09-24 17:50:00,1.22,93.33,357.47,2260.63,30.56,43.81,1058.83,1224.74,258.47,166.34,24.89,P005,EQ024
2025-09-24 18:00:00,1.14,102.12,350.62,2572.61,28.21,44.83,1123.83,1229.42,258.18,135.96,20.74,P013,EQ031
2025-09-24 18:10:00,1.06,104.01,349.0,2510.89,27.05,48.78,1093.18,1250.78,249.37,152.97,27.56,P022,EQ038
2025-09-24 18:20:00,1.3,97.36,344.34,2548.15,32.72,47.55,1081.45,1232.9,251.73,150.12,27.52,P002,EQ045
2025-09-24 18:30:00,1.42,101.92,354.7,2420.92,28.29,44.5,1105.55,1243.95,251.14,150.64,20.09,P005,EQ003
2025-09-24 18:40:00,1.06,100.87,334.66,2588.39,25.42,44.59,1072.58,1250.71,257.94,146.54,24.06,P004,EQ010
2025-09-24 18:50:00,1.04,96.93,334.56,2576.71,27.55,43.38,1091.76,1226.29,247.95,153.41,24.94,P018,EQ017
2025-09-24 19:00:00,1.22,101.95,338.68,2314.95,30.36,42.37,1195.42,1269.64,250.19,149.08,20.75,P039,EQ024
2025-09-24 19:10:00,1.05,101.41,333.22,2518.15,30.54,46.87,1114.93,1240.69,238.61,131.03,19.27,P021,EQ031
2025-09-24 19:20:00,1.46,100.24,338.01,2518.43,31.2,49.71,1070.66,1220.87,246.42,142.69,19.41,P027,EQ038
2025-09-24 19:30:00,1.32,99.59,341.67,2356.54,28.16,46.66,1078.75,1224.8,246.69,138.72,26.31,P034,EQ045
2025-09-24 19:40:00,1.18,97.9,336.09,2457.93,30.31,40.78,1080.01,1262.56,242.3,154.94,21.09,P038,EQ003
2025-09-24 19:50:00,1.33,104.25,337.09,2462.4,29.18,42.48,1079.22,1238.24,258.71,153.62,29.67,P027,EQ010
2025-09-24 20:00:00,1.16,102.38,342.62,2464.12,30.73,44.28,1063.34,1283.07,255.21,156.79,27.01,P004,EQ017
2025-09-24 20:10:00,1.14,102.77,353.08,2517.19,32.9,43.06,1091.14,1266.58,246.07,155.97,26.72,P015,EQ024
2025-09-24 20:20:00,1.3,104.28,342.73,2648.89,28.2,41.38,1126.41,1252.23,265.96,148.24,27.58,P018,EQ031
2025-09-24 20:30:00,1.21,97.96,341.12,2492.42,28.41,46.54,1070.23,1264.54,253.34,161.92,20.29,P032,EQ038
2025-09-24 20:40:00,1.28,100.29,328.15,2496.57,29.4,41.09,1069.74,1238.17,251.9,154.69,23.9,P039,EQ045
2025-09-24 20:50:00,1.34,100.15,332.33,2585.07,29.42,42.79,1124.04,1250.78,247.07,128.95,22.14,P011,EQ003
2025-09-24 21:00:00,1.12,98.44,345.0,2443.23,30.4,42.77,1117.21,1254.56,243.03,158.25,19.7,P029,EQ010
2025-09-24 21:10:00,1.16,106.05,337.16,2515.2,28.66,43.13,1070.5,1260.46,247.82,155.22,28.3,P026,EQ017
2025-09-24 21:20:00,1.29,98.12,343.43,2492.12,30.35,42.85,1091.75,1248.6,256.11,154.07,27.74,P027,EQ024
2025-09-24 21:30:00,1.12,98.46,341.1,2502.23,28.59,42.31,1075.84,1245.37,246.65,159.56,25.77,P039,EQ031
2025-09-24 21:40:00,1.01,97.47,341.27,2547.9,28.75,42.53,1138.25,1269.99,256.48,153.54,21.86,P002,EQ038
2025-09-24 21:50:00,1.43,100.8,336.18,2276.28,28.25,44.56,1049.2,1253.08,244.13,144.27,24.55,P006,EQ045
2025-09-24 22:00:00,1.07,101.26,335.74,2590.73,30.03,40.38,1083.16,1244.17,248.46,143.12,26.65,P032,EQ003
2025-09-24 22:10:00,1.16,97.94,336.8,2441.02,26.57,48.47,1108.57,1213.02,251.71,138.3,26.13,P031,EQ010
2025-09-24 22:20:00,1.14,101.39,344.33,2345.31,29.58,49.86,1098.91,1216.94,247.82,157.15,27.68,P004,EQ017
2025-09-24 22:30:00,1.09,96.51,333.19,2508.25,29.84,44.95,1048.38,1264.52,239.15,147.99,28.32,P037,EQ024
2025-09-24 22:40:00,1.04,97.06,338.57,2360.22,31.48,43.03,1122.88,1245.4,249.1,156.31,26.29,P039,EQ031
2025-09-24 22:50:00,1.19,97.94,327.87,2307.6,28.34,46.98,1120.77,1212.76,255.58,141.2,20.12,P017,EQ038
2025-09-24 23:00:00,1.24,103.02,321.46,2521.33,34.98,44.38,1077.67,1279.9,239.9,156.2,19.5,P034,EQ045
2025-09-24 23:10:00,1.29,102.02,355.04,2498.0,27.2,48.83,1087.66,1240.07,252.07,148.91,26.25,P017,EQ003
2025-09-24 23:20:00,1.16,102.9,348.79,2352.94,31.55,40.42,1085.05,1242.38,244.79,150.68,19.74,P013,EQ010
2025-09-24 23:30:00,1.23,103.82,351.08,2510.42,32.23,45.6,1090.17,1219.62,249.81,137.87,21.03,P030,EQ017
2025-09-24 23:40:00,1.25,97.94,336.93,2445.1,25.17,47.76,1133.77,1252.1,252.79,152.33,22.18,P009,EQ024
2025-09-24 23:50:00,1.27,100.63,325.17,2578.61,33.03,46.2,1136.38,1230.63,255.37,163.41,29.15,P021,EQ031
2025-09-25 00:00:00,1.13,100.41,344.66,2349.36,30.25,47.44,1063.53,1269.74,245.03,146.6,23.03,P011,EQ038
2025-09-25 00:10:00,1.19,98.83,354.1,2488.61,29.0,41.63,1046.21,1256.34,253.37,140.43,22.02,P026,EQ045
2025-09-25 00:20:00,1.19,101.49,348.78,2374.02,31.04,49.7,1086.59,1297.42,252.35,132.28,21.68,P035,EQ003
2025-09-25 00:30:00,1.16,100.47,350.79,2537.29,31.11,44.9,1059.57,1244.23,248.97,162.52,28.47,P030,EQ010
2025-09-25 00:40:00,1.19,102.22,357.25,2690.89,30.77,39.47,1108.5,1242.5,250.73,156.91,19.67,P011,EQ017
2025-09-25 00:50:00,1.17,98.14,343.5,2571.09,27.42,45.07,1121.39,1255.11,249.07,142.71,26.29,P006,EQ024
2025-09-25 01:00:00,1.33,100.52,351.66,2495.84,29.25,45.1,1164.47,1266.11,259.18,153.2,26.82,P001,EQ031
2025-09-25 01:10:00,1.04,97.48,349.43,2357.84,29.62,38.86,1126.64,1241.71,251.9,143.53,23.37,P015,EQ038
2025-09-25 01:20:00,1.18,100.13,323.4,2538.59,32.77,43.27,1092.78,1263.97,244.88,172.83,26.73,P016,EQ045
2025-09-25 01:30:00,1.14,102.07,342.68,2394.73,28.7,46.41,1122.11,1268.65,256.18,166.42,28.83,P021,EQ003
2025-09-25 01:40:00,1.19,99.37,348.17,2464.48,30.57,47.09,1123.61,1263.42,257.52,137.95,21.78,P032,EQ010
2025-09-25 01:50:00,1.22,100.19,345.37,2499.86,28.42,47.62,1095.31,1254.36,259.77,142.16,26.05,P023,EQ017
2025-09-25 02:00:00,1.36,101.03,332.34,2452.24,30.44,43.76,1156.25,1285.59,248.56,145.85,23.84,P013,EQ024
2025-09-25 02:10:00,1.28,99.11,339.95,2552.04,30.57,48.19,1112.03,1267.1,245.58,147.96,21.67,P005,EQ031
2025-09-25 02:20:00,1.09,99.87,324.6,2334.45,26.18,41.83,1108.63,1258.09,253.4,146.48,28.94,P035,EQ038
2025-09-25 02:30:00,1.25,100.34,353.52,2705.42,30.25,43.74,1072.08,1298.21,249.5,168.74,23.36,P017,EQ045
2025-09-25 02:40:00,1.3,101.17,338.27,2349.09,30.69,47.63,1039.92,1213.64,249.09,151.7,24.61,P011,EQ003
2025-09-25 02:50:00,1.07,103.92,349.91,2587.63,28.28,51.32,1081.51,1225.79,241.89,139.22,26.67,P021,EQ010
2025-09-25 03:00:00,1.24,104.98,336.59,2716.07,29.1,46.22,1127.78,1233.27,251.28,151.74,19.93,P026,EQ017
2025-09-25 03:10:00,1.06,102.36,324.02,2406.14,26.49,46.51,1105.0,1248.36,253.25,160.66,22.77,P003,EQ024
2025-09-25 03:20:00,1.21,96.41,344.92,2490.03,33.15,42.26,1067.27,1219.93,241.84,154.2,27.54,P007,EQ031
2025-09-25 03:30:00,1.21,98.3,339.96,2477.22,28.88,41.23,1111.69,1279.46,253.76,131.2,24.79,P019,EQ038
2025-09-25 03:40:00,1.07,99.77,332.02,2662.24,27.87,43.5,1102.02,1302.22,250.31,141.21,30.65,P016,EQ045
2025-09-25 03:50:00,1.08,99.37,334.13,2472.54,31.36,43.39,1138.79,1232.7,244.14,145.43,23.17,P017,EQ003
2025-09-25 04:00:00,1.33,100.05,338.35,2613.33,28.87,44.23,1168.25,1221.25,261.84,144.63,28.44,P026,EQ010
2025-09-25 04:10:00,1.07,99.17,339.02,2526.88,33.95,42.96,1101.55,1273.67,249.39,153.61,24.64,P007,EQ017
2025-09-25 04:20:00,1.18,98.75,327.58,2570.74,29.13,44.24,1123.36,1240.66,248.83,143.94,28.38,P030,EQ024
2025-09-25 04:30:00,1.23,95.65,345.39,2507.36,29.23,48.85,1045.03,1262.07,243.81,150.12,26.48,P032,EQ031
2025-09-25 04:40:00,1.29,102.17,343.19,2524.25,29.19,42.96,1107.79,1248.61,246.45,147.93,25.77,P011,EQ038
2025-09-25 04:50:00,1.36,105.21,327.19,2403.8,31.67,46.52,1179.95,1262.66,250.13,138.54,28.91,P005,EQ045
2025-09-25 05:00:00,1.03,102.56,338.13,2590.23,25.67,48.01,1124.38,1246.49,246.27,158.17,19.41,P011,EQ003
2025-09-25 05:10:00,1.28,100.73,340.47,2503.74,31.89,48.51,1092.12,1256.53,243.96,156.36,25.4,P032,EQ010
2025-09-25 05:20:00,1.21,98.56,324.33,2353.25,31.9,45.76,1125.87,1252.25,247.62,156.09,28.18,P038,EQ017
2025-09-25 05:30:00,1.13,99.94,347.97,2421.18,28.58,49.75,1075.11,1240.53,246.57,155.15,24.36,P012,EQ024
2025-09-25 05:40:00,1.26,100.71,337.6,2588.27,27.91,45.12,1068.44,1286.51,250.01,158.22,21.23,P013,EQ031
2025-09-25 05:50:00,1.15,99.14,321.18,2707.53,29.93,49.46,1119.02,1262.16,237.24,148.67,21.26,P027,EQ038
2025-09-25 06:00:00,1.27,101.66,342.89,2637.02,28.49,46.97,1114.13,1262.2,253.76,133.35,21.84,P035,EQ045
2025-09-25 06:10:00,1.25,100.44,344.76,2425.54,32.77,48.32,1068.02,1285.29,243.09,146.88,22.96,P032,EQ003
2025-09-25 06:20:00,1.37,99.59,347.05,2552.51,27.62,50.05,1140.45,1279.51,245.79,140.74,27.5,P039,EQ010
2025-09-25 06:30:00,1.2,99.3,357.11,2322.58,28.89,44.92,1091.0,1264.22,247.49,139.05,23.95,P028,EQ017
2025-09-25 06:40:00,1.25,100.51,342.4,2343.49,28.36,38.04,1100.61,1234.31,252.02,151.7,28.0,P015,EQ024
2025-09-25 06:50:00,1.16,98.13,356.94,2591.09,31.05,43.0,1107.73,1288.8,247.58,159.12,28.8,P035,EQ031
2025-09-25 07:00:00,1.33,101.11,337.03,2542.35,28.11,47.77,1089.31,1251.94,254.17,137.98,22.41,P008,EQ038
2025-09-25 07:10:00,1.21,98.75,342.44,2324.54,30.04,46.31,1114.28,1253.46,246.19,150.1,27.6,P012,EQ045
2025-09-25 07:20:00,1.32,100.91,330.47,2572.99,30.38,47.73,1104.17,1264.91,255.97,145.54,25.86,P021,EQ003
2025-09-25 07:30:00,1.11,99.43,340.14,2523.81,29.71,43.43,1072.88,1249.39,247.1,147.39,23.35,P022,EQ010
2025-09-25 07:40:00,1.15,100.19,356.27,2548.3,28.54,43.16,1070.93,1306.38,247.27,159.31,22.61,P029,EQ017
2025-09-25 07:50:00,1.27,101.28,336.07,2545.82,25.14,43.3,1142.44,1210.16,252.17,150.06,28.36,P002,EQ024
2025-09-25 08:00:00,1.16,99.89,325.97,2535.14,27.92,49.88,1112.57,1253.19,245.72,143.49,24.1,P038,EQ031
2025-09-25 08:10:00,1.16,100.36,337.97,2491.96,26.77,48.97,1111.26,1261.2,252.14,146.31,25.41,P028,EQ038
2025-09-25 08:20:00,1.28,96.25,351.07,2441.45,29.2,39.24,1109.06,1232.72,250.77,155.94,23.32,P008,EQ045
2025-09-25 08:30:00,1.36,99.52,333.26,2543.56,31.88,40.55,1092.94,1234.88,249.84,164.64,23.77,P004,EQ003
2025-09-25 08:40:00,1.23,101.61,332.91,2705.39,28.53,51.67,1113.34,1230.33,249.11,145.06,23.12,P032,EQ010
2025-09-25 08:50:00,1.17,99.69,319.9,2501.22,30.24,46.0,1109.24,1226.98,248.62,150.06,21.42,P026,EQ017
2025-09-25 09:00:00,1.22,98.29,336.35,2492.22,27.06,50.34,1139.83,1237.75,259.22,147.46,25.37,P010,EQ024
2025-09-25 09:10:00,1.18,97.77,339.59,2466.7,29.72,45.7,1130.16,1250.65,244.35,152.59,27.44,P001,EQ031
2025-09-25 09:20:00,1.31,99.29,322.4,2461.92,29.8,46.8,1071.9,1277.31,246.83,148.56,23.41,P001,EQ038
2025-09-25 09:30:00,1.2,102.37,352.8,2427.14,29.89,46.42,1115.41,1227.16,253.33,170.07,23.19,P010,EQ045
2025-09-25 09:40:00,1.16,98.0,342.17,2400.89,29.1,33.23,1098.26,1251.8,250.86,162.6,20.55,P011,EQ003
2025-09-25 09:50:00,1.19,99.23,331.62,2487.18,27.27,45.76,1132.05,1262.88,249.96,162.8,21.61,P023,EQ010
2025-09-25 10:00:00,1.09,99.83,335.75,2493.49,29.29,44.63,1079.44,1250.01,250.33,126.29,22.87,P011,EQ017
2025-09-25 10:10:00,1.24,99.75,336.4,2568.65,30.1,43.91,1140.6,1255.05,244.58,159.74,20.11,P026,EQ024
2025-09-25 10:20:00,1.19,97.3,363.84,2459.98,31.44,49.89,1080.64,1220.19,242.59,158.53,24.9,P024,EQ031
2025-09-25 10:30:00,1.29,99.82,329.04,2526.6,28.79,39.63,1112.64,1257.99,251.52,162.73,20.02,P022,EQ038
2025-09-25 10:40:00,1.33,99.93,354.91,2465.39,27.93,44.76,1108.88,1246.71,242.64,138.15,24.12,P029,EQ045
2025-09-25 10:50:00,1.11,100.64,336.47,2404.51,26.14,45.54,1149.6,1233.6,245.51,155.94,27.93,P017,EQ003
2025-09-25 11:00:00,1.3,98.9,352.44,2532.05,29.76,45.67,1067.11,1250.8,249.77,149.19,23.59,P010,EQ010
2025-09-25 11:10:00,1.07,100.46,338.85,2561.99,32.37,47.21,1073.76,1265.83,247.25,172.45,26.85,P034,EQ017
2025-09-25 11:20:00,1.46,103.82,347.29,2820.4,30.71,39.49,1114.85,1238.76,240.95,140.67,24.85,P012,EQ024
2025-09-25 11:30:00,1.25,99.16,359.24,2378.7,35.16,40.91,1167.73,1272.6,250.77,148.58,20.77,P037,EQ031
2025-09-25 11:40:00,1.26,102.11,337.66,2529.86,32.15,39.61,1133.99,1271.32,256.86,138.95,21.93,P037,EQ038
2025-09-25 11:50:00,1.31,97.62,337.77,2350.3,29.13,41.92,1085.93,1239.32,248.06,155.58,23.15,P030,EQ045
2025-09-25 12:00:00,1.2,99.83,352.84,2664.06,33.41,42.26,1137.34,1261.47,246.99,156.92,26.95,P003,EQ003
2025-09-25 12:10:00,1.1,103.15,356.45,2573.66,30.51,43.59,1101.68,1252.07,249.56,137.19,25.09,P035,EQ010
2025-09-25 12:20:00,1.09,96.31,328.4,2492.36,29.28,44.28,1101.27,1267.21,254.46,146.64,28.07,P018,EQ017
2025-09-25 12:30:00,1.31,100.84,330.82,2441.72,29.14,42.05,1080.0,1231.39,251.61,158.83,21.75,P040,EQ024
2025-09-25 12:40:00,1.26,98.99,334.28,2427.46,30.52,45.77,1063.8,1245.71,244.96,159.84,25.0,P019,EQ031
2025-09-25 12:50:00,1.14,97.56,352.29,2562.06,28.37,42.36,1083.23,1248.28,244.71,147.02,26.7,P002,EQ038
2025-09-25 13:00:00,1.22,102.79,339.0,2435.07,29.94,44.81,1155.99,1252.88,244.95,165.34,28.46,P009,EQ045
2025-09-25 13:10:00,1.2,102.25,334.99,2510.24,30.34,39.73,1098.51,1247.22,254.7,149.16,28.85,P003,EQ003
2025-09-25 13:20:00,1.39,99.24,336.1,2408.32,29.95,42.55,1139.13,1268.26,249.86,162.86,28.37,P003,EQ010
2025-09-25 13:30:00,1.19,98.67,340.21,2546.78,28.86,44.88,1114.86,1258.06,242.54,144.25,28.28,P015,EQ017
2025-09-25 13:40:00,1.09,101.93,332.15,2425.87,30.81,42.64,1087.48,1270.0,250.32,133.82,26.58,P035,EQ024
2025-09-25 13:50:00,1.31,99.96,336.57,2392.75,29.09,48.75,1076.99,1274.37,254.95,134.43,24.82,P039,EQ031
2025-09-25 14:00:00,1.0,97.69,339.71,2441.84,29.33,45.96,1092.72,1222.25,255.93,141.77,26.68,P017,EQ038
2025-09-25 14:10:00,1.28,99.29,329.47,2593.07,30.51,46.99,1090.2,1254.61,243.25,154.59,24.03,P019,EQ045
2025-09-25 14:20:00,1.14,97.98,345.62,2408.34,33.49,47.31,1125.44,1250.66,253.72,151.9,26.39,P020,EQ003
2025-09-25 14:30:00,1.11,98.41,326.44,2581.53,32.71,42.08,1084.55,1282.12,245.83,146.26,28.53,P022,EQ010
2025-09-25 14:40:00,1.2,98.69,342.1,2499.73,32.14,44.15,1135.73,1238.94,261.45,153.2,28.95,P040,EQ017
2025-09-25 14:50:00,1.43,101.86,340.89,2584.82,27.06,47.67,1092.36,1287.99,241.28,155.74,24.51,P005,EQ024
2025-09-25 15:00:00,1.09,101.71,343.4,2418.81,30.04,44.98,1109.84,1254.89,240.53,125.21,25.09,P019,EQ031
2025-09-25 15:10:00,1.39,98.75,344.61,2351.2,29.27,39.72,1132.23,1255.59,247.83,155.99,22.93,P035,EQ038
2025-09-25 15:20:00,1.34,98.64,347.59,2425.44,27.95,45.31,1118.02,1307.14,247.17,158.34,25.44,P003,EQ045
2025-09-25 15:30:00,1.1,98.65,359.45,2356.58,28.9,44.57,1104.58,1248.64,245.8,153.58,25.97,P029,EQ003
2025-09-25 15:40:00,1.13,98.69,342.72,2543.53,29.38,48.53,1122.2,1262.59,250.82,151.75,20.8,P012,EQ010
2025-09-25 15:50:00,1.14,101.62,326.94,2561.44,24.91,45.45,1094.26,1213.95,252.55,159.02,21.52,P035,EQ017
2025-09-25 16:00:00,1.13,101.35,337.54,2455.13,33.13,44.53,1090.49,1207.35,243.42,154.73,22.16,P025,EQ024
2025-09-25 16:10:00,1.37,97.87,350.79,2505.87,30.73,45.65,1127.66,1246.56,251.55,155.94,24.39,P035,EQ031
2025-09-25 16:20:00,0.98,97.39,350.97,2652.99,26.79,46.38,1089.87,1250.58,261.35,138.84,28.42,P012,EQ038
2025-09-25 16:30:00,1.25,101.24,322.61,2605.28,27.94,43.12,1091.16,1249.49,241.67,154.04,19.21,P040,EQ045
2025-09-25 16:40:00,1.21,99.05,351.81,2554.94,30.83,37.47,1118.63,1232.97,241.9,128.18,22.96,P025,EQ003
2025-09-25 16:50:00,1.27,100.39,339.03,2576.38,31.24,40.9,1086.68,1284.64,247.41,151.85,27.75,P040,EQ010
2025-09-25 17:00:00,1.22,101.88,333.3,2404.57,30.22,46.95,1104.24,1242.11,248.56,152.21,20.0,P030,EQ017
2025-09-25 17:10:00,1.21,100.23,335.56,2525.43,30.54,44.56,1151.48,1286.1,251.5,163.54,25.34,P035,EQ024
2025-09-25 17:20:00,1.16,101.13,340.49,2410.34,28.78,45.71,1090.64,1236.3,249.1,152.13,24.1,P035,EQ031
2025-09-25 17:30:00,1.22,99.46,362.59,2542.69,27.48,46.74,1113.06,1267.56,248.41,165.85,21.26,P040,EQ038
2025-09-25 17:40:00,1.33,102.19,332.46,2638.49,30.37,44.58,1171.48,1253.15,257.28,152.46,26.06,P028,EQ045
2025-09-25 17:50:00,1.33,98.28,342.11,2528.28,31.02,45.6,1066.13,1228.58,251.84,170.05,24.34,P010,EQ003
2025-09-25 18:00:00,1.1,101.79,368.27,2483.71,27.95,47.91,1091.78,1257.37,253.88,149.47,28.44,P009,EQ010
2025-09-25 18:10:00,1.09,102.63,320.31,2348.33,33.0,43.18,1080.9,1266.91,253.58,150.76,23.4,P037,EQ017
2025-09-25 18:20:00,1.16,98.47,339.31,2591.09,30.34,45.66,1118.3,1231.48,261.08,153.32,22.17,P003,EQ024
2025-09-25 18:30:00,1.13,102.33,359.66,2500.86,28.7,44.97,1085.07,1286.02,243.1,139.45,27.39,P035,EQ031
2025-09-25 18:40:00,1.04,96.79,346.2,2537.68,31.28,43.83,1042.58,1241.43,253.18,158.67,22.88,P034,EQ038
2025-09-25 18:50:00,1.17,95.93,332.03,2538.12,32.56,47.02,1057.26,1280.42,246.71,152.51,19.84,P012,EQ045
2025-09-25 19:00:00,1.17,100.38,338.87,2454.14,31.05,41.29,1067.43,1282.25,241.17,125.41,26.05,P016,EQ003
2025-09-25 19:10:00,1.47,94.55,339.62,2428.72,28.52,46.8,1115.48,1222.72,249.29,161.39,22.67,P018,EQ010
2025-09-25 19:20:00,1.45,96.07,325.51,2586.96,26.67,46.78,1100.43,1234.58,255.64,133.01,28.57,P024,EQ017
2025-09-25 19:30:00,1.08,97.76,327.73,2566.25,29.1,44.34,1144.75,1265.95,251.9,138.37,27.59,P025,EQ024
2025-09-25 19:40:00,1.05,100.64,355.25,2420.47,31.8,50.18,1083.59,1254.49,248.7,159.47,23.32,P040,EQ031
2025-09-25 19:50:00,1.12,100.73,320.27,2502.29,30.24,43.94,1067.87,1253.69,245.97,164.95,22.58,P030,EQ038
2025-09-25 20:00:00,1.28,97.73,340.57,2699.3,27.76,43.06,1125.93,1243.02,252.42,147.34,25.31,P002,EQ045
2025-09-25 20:10:00,1.14,102.06,344.1,2431.9,30.95,44.0,1088.37,1249.91,245.38,138.15,25.74,P011,EQ003
2025-09-25 20:20:00,1.36,99.99,344.47,2554.0,33.16,44.82,1104.64,1239.19,247.99,147.06,22.0,P035,EQ010
2025-09-25 20:30:00,1.1,97.64,344.58,2614.35,31.27,43.97,1119.03,1282.73,248.35,151.81,21.77,P022,EQ017
2025-09-25 20:40:00,1.16,99.79,349.7,2441.8,26.51,45.63,1064.57,1252.9,253.53,144.32,28.45,P018,EQ024
2025-09-25 20:50:00,1.21,100.71,344.4,2739.36,27.31,42.83,1160.31,1230.11,250.95,149.7,21.82,P034,EQ031
2025-09-25 21:00:00,1.12,94.64,343.81,2495.01,33.38,42.89,1058.43,1255.12,255.07,157.6,24.06,P038,EQ038
2025-09-25 21:10:00,1.3,100.71,338.11,2545.88,31.03,45.21,1097.41,1244.66,247.13,157.98,23.12,P009,EQ045
2025-09-25 21:20:00,1.36,101.41,333.68,2630.31,30.32,45.84,1068.57,1273.31,250.45,145.43,23.56,P040,EQ003
2025-09-25 21:30:00,1.17,96.51,334.96,2632.67,29.22,41.22,1100.35,1235.87,243.2,143.51,21.65,P016,EQ010
2025-09-25 21:40:00,1.3,104.28,326.47,2599.58,29.76,47.59,1092.79,1276.36,253.84,146.39,26.8,P009,EQ017
2025-09-25 21:50:00,1.22,102.94,325.46,2534.46,29.19,47.72,1058.98,1265.82,245.07,158.55,26.14,P037,EQ024
2025-09-25 22:00:00,1.11,101.54,327.75,2486.33,31.37,44.66,1125.08,1244.67,248.98,156.51,27.7,P026,EQ031
2025-09-25 22:10:00,1.18,96.26,343.99,2348.16,27.92,44.96,1041.89,1268.59,244.28,150.45,27.54,P015,EQ038
2025-09-25 22:20:00,1.31,97.12,331.18,2497.6,29.18,40.72,1171.97,1272.01,238.74,150.03,27.33,P013,EQ045
2025-09-25 22:30:00,1.26,101.19,333.58,2413.44,30.64,42.44,1123.23,1239.18,256.14,143.05,25.38,P037,EQ003
2025-09-25 22:40:00,1.27,98.93,341.0,2437.51,31.38,45.35,1080.02,1219.01,257.26,146.46,28.9,P022,EQ010
2025-09-25 22:50:00,1.31,99.42,334.4,2556.91,29.46,45.29,1098.84,1251.98,258.27,139.88,24.42,P017,EQ017
2025-09-25 23:00:00,1.21,98.74,331.64,2688.26,29.04,39.92,1094.61,1282.48,240.34,151.35,20.13,P021,EQ024
2025-09-25 23:10:00,1.24,98.28,341.06,2525.63,27.52,44.21,1072.49,1271.67,244.41,144.45,21.34,P022,EQ031
2025-09-25 23:20:00,1.06,99.98,333.4,2461.7,25.77,45.52,1107.36,1247.52,240.94,140.75,25.69,P031,EQ038
2025-09-25 23:30:00,0.94,98.24,337.59,2336.58,32.46,39.13,1087.7,1231.02,252.08,153.98,21.22,P022,EQ045
2025-09-25 23:40:00,1.25,98.59,343.02,2410.89,31.38,45.41,1104.47,1227.15,251.4,147.46,23.14,P037,EQ003
2025-09-25 23:50:00,1.17,101.17,337.46,2464.33,30.82,43.12,1105.67,1204.93,247.22,172.63,20.31,P038,EQ010
2025-09-26 00:00:00,1.19,99.97,330.02,2523.27,33.02,47.5,1108.34,1214.01,241.62,142.91,20.46,P015,EQ017
2025-09-26 00:10:00,1.19,100.23,354.6,2448.74,27.91,50.14,1088.32,1235.63,241.35,153.43,21.94,P039,EQ024
2025-09-26 00:20:00,1.17,98.72,334.85,2477.21,31.54,38.17,1115.67,1255.86,244.28,162.8,26.8,P024,EQ031
2025-09-26 00:30:00,1.34,96.87,343.94,2350.03,31.23,48.14,1142.88,1225.69,252.45,131.03,20.43,P033,EQ038
2025-09-26 00:40:00,1.26,102.57,333.18,2502.2,32.77,44.99,1119.12,1237.64,251.62,142.35,20.6,P026,EQ045
2025-09-26 00:50:00,1.35,98.06,339.63,2497.91,29.53,44.26,1089.94,1239.39,247.22,135.23,22.79,P002,EQ003
2025-09-26 01:00:00,1.33,100.82,340.75,2371.36,27.32,45.3,1019.66,1222.12,262.3,156.12,29.71,P032,EQ010
2025-09-26 01:10:00,1.06,100.1,339.97,2486.94,29.71,42.46,1100.76,1264.95,251.28,156.95,25.14,P025,EQ017
2025-09-26 01:20:00,1.12,97.21,348.98,2569.37,29.19,44.58,1111.55,1281.91,245.51,149.0,29.15,P036,EQ024
2025-09-26 01:30:00,1.23,97.56,352.52,2605.85,31.65,40.73,1106.33,1261.62,253.87,140.5,23.38,P040,EQ031
2025-09-26 01:40:00,1.35,101.89,336.99,2469.9,30.55,42.15,1066.54,1237.49,245.06,144.37,22.1,P032,EQ038
2025-09-26 01:50:00,1.25,102.04,330.84,2543.65,30.25,46.94,1140.8,1222.16,248.23,155.51,26.42,P019,EQ045
2025-09-26 02:00:00,1.3,100.5,341.01,2450.19,29.91,49.91,1065.36,1246.01,255.75,154.9,28.27,P015,EQ003
2025-09-26 02:10:00,1.25,99.98,346.55,2609.39,29.22,42.4,1118.59,1246.22,238.0,136.02,18.7,P020,EQ010
2025-09-26 02:20:00,1.25,100.34,327.28,2365.24,31.08,44.88,1117.4,1204.89,246.5,141.1,24.51,P008,EQ017
2025-09-26 02:30:00,1.19,100.29,336.78,2612.35,32.5,43.14,1105.03,1251.59,240.9,169.1,27.24,P033,EQ024
2025-09-26 02:40:00,1.14,101.65,346.53,2515.25,27.21,41.57,1076.17,1256.31,252.52,148.08,28.13,P005,EQ031
2025-09-26 02:50:00,1.2,98.73,333.6,2762.59,30.26,48.97,1094.92,1219.7,253.85,152.31,28.45,P008,EQ038
2025-09-26 03:00:00,1.15,102.62,352.22,2651.73,34.76,41.67,1116.35,1233.79,249.33,145.82,28.15,P039,EQ045
2025-09-26 03:10:00,1.2,99.75,340.59,2354.57,27.66,44.82,1070.97,1256.16,251.7,127.53,24.66,P004,EQ003
2025-09-26 03:20:00,1.15,102.85,330.67,2528.66,29.12,47.82,1148.71,1263.92,249.67,141.37,21.79,P022,EQ010
2025-09-26 03:30:00,1.4,98.73,327.49,2653.09,33.65,46.83,1071.33,1267.2,254.07,148.68,26.1,P018,EQ017
2025-09-26 03:40:00,1.16,98.63,339.71,2654.69,30.52,43.45,1101.18,1211.64,254.38,138.89,27.04,P006,EQ024
2025-09-26 03:50:00,1.11,99.69,346.59,2514.77,31.65,44.01,1076.68,1261.09,249.58,132.85,28.05,P014,EQ031
2025-09-26 04:00:00,1.12,100.99,342.74,2536.04,28.24,48.57,1069.19,1257.34,255.44,166.49,24.15,P006,EQ038
2025-09-26 04:10:00,1.05,99.81,351.74,2513.52,32.99,42.31,1079.6,1208.43,246.33,147.17,21.73,P030,EQ045
2025-09-26 04:20:00,1.05,96.99,326.37,2569.22,32.5,48.7,1099.32,1244.51,240.87,151.58,19.84,P021,EQ003
2025-09-26 04:30:00,1.1,102.75,347.28,2312.32,29.42,42.6,1078.61,1272.12,243.1,146.24,21.39,P014,EQ010
2025-09-26 04:40:00,1.17,98.22,323.51,2336.52,29.72,49.47,1178.28,1253.88,251.1,155.9,26.98,P024,EQ017
2025-09-26 04:50:00,1.21,100.28,346.46,2471.17,29.6,41.66,1122.0,1223.07,250.55,146.71,25.2,P014,EQ024
2025-09-26 05:00:00,1.02,102.63,359.39,2580.88,25.11,48.32,1078.99,1238.5,248.7,159.37,27.25,P031,EQ031
2025-09-26 05:10:00,1.18,100.12,345.05,2530.81,31.77,42.76,1084.59,1228.84,247.07,166.01,26.01,P034,EQ038
2025-09-26 05:20:00,1.16,99.72,350.58,2657.14,28.57,45.83,1177.93,1254.53,241.06,143.91,19.92,P028,EQ045
2025-09-26 05:30:00,1.36,102.16,329.21,2469.92,29.3,49.84,1095.41,1237.7,257.35,138.96,24.48,P021,EQ003
2025-09-26 05:40:00,1.17,100.71,350.29,2457.17,36.28,46.59,1099.0,1229.51,248.88,125.07,19.66,P040,EQ010
2025-09-26 05:50:00,1.11,99.89,323.91,2503.79,34.25,41.91,1097.79,1280.06,256.7,140.56,23.38,P010,EQ017
2025-09-26 06:00:00,1.09,100.88,331.37,2558.54,27.72,45.49,1111.9,1267.87,250.18,151.78,26.86,P007,EQ024
2025-09-26 06:10:00,1.36,97.71,317.42,2577.04,29.58,47.8,1098.62,1259.0,252.9,147.32,22.83,P006,EQ031
2025-09-26 06:20:00,1.16,100.04,338.22,2475.61,29.17,47.65,1120.14,1239.61,246.71,143.41,19.54,P023,EQ038
2025-09-26 06:30:00,1.23,100.21,329.37,2657.85,26.6,43.43,1108.0,1235.54,243.51,147.99,20.57,P025,EQ045
2025-09-26 06:40:00,1.24,99.83,346.62,2577.51,33.16,45.53,1050.4,1280.74,254.6,160.01,26.78,P008,EQ003
2025-09-26 06:50:00,1.1,100.14,347.17,2419.35,27.89,39.85,1113.02,1230.95,247.4,163.24,25.78,P034,EQ010
2025-09-26 07:00:00,1.23,99.71,338.21,2442.55,32.26,47.79,1085.07,1278.96,253.97,143.89,25.22,P004,EQ017
2025-09-26 07:10:00,1.31,99.71,353.8,2431.02,29.92,48.76,1108.44,1241.22,248.79,163.59,25.26,P009,EQ024
2025-09-26 07:20:00,1.36,96.49,345.86,2477.94,29.87,40.95,1043.76,1257.41,249.91,143.97,27.21,P001,EQ031
2025-09-26 07:30:00,1.28,100.04,343.21,2504.18,29.26,43.06,1107.32,1212.24,252.01,142.64,21.79,P009,EQ038
2025-09-26 07:40:00,1.04,99.79,344.83,2366.82,30.98,39.94,1142.92,1277.97,245.01,162.24,21.97,P033,EQ045
2025-09-26 07:50:00,1.26,97.69,340.26,2584.07,26.98,49.59,1131.11,1246.7,248.18,147.34,24.55,P023,EQ003
2025-09-26 08:00:00,1.44,100.44,342.76,2357.64,28.7,46.87,1098.15,1263.25,244.64,164.32,23.31,P009,EQ010
2025-09-26 08:10:00,1.17,97.53,327.5,2713.77,30.57,43.08,1115.62,1225.38,255.72,133.71,28.88,P036,EQ017
2025-09-26 08:20:00,1.22,98.54,346.86,2546.44,31.5,42.87,1111.27,1275.29,249.36,159.12,28.05,P028,EQ024
2025-09-26 08:30:00,1.24,98.86,347.65,2477.12,27.21,46.4,1042.43,1207.69,247.19,134.14,22.65,P021,EQ031
2025-09-26 08:40:00,1.15,98.92,334.56,2475.24,29.76,47.53,1111.59,1255.24,256.07,160.26,28.91,P038,EQ038
2025-09-26 08:50:00,1.29,100.76,345.67,2626.18,30.0,46.81,1115.85,1218.88,245.42,155.55,23.54,P029,EQ045
2025-09-26 09:00:00,0.97,104.7,345.22,2679.25,29.41,49.39,1028.94,1202.86,249.85,162.11,23.96,P018,EQ003
2025-09-26 09:10:00,1.05,98.93,345.21,2322.39,31.31,47.25,1063.47,1250.54,250.74,147.69,22.63,P011,EQ010
2025-09-26 09:20:00,1.18,98.92,335.04,2522.63,30.88,45.14,1064.25,1244.28,255.09,164.52,21.31,P022,EQ017
2025-09-26 09:30:00,1.26,99.07,365.71,2442.14,32.46,43.31,1156.61,1262.73,247.07,147.78,24.59,P018,EQ024
2025-09-26 09:40:00,1.33,96.73,349.7,2674.24,33.64,37.03,1081.16,1263.59,257.15,148.38,25.93,P022,EQ031
2025-09-26 09:50:00,1.04,100.14,332.35,2472.21,31.81,44.6,1077.12,1241.4,251.49,155.26,26.79,P028,EQ038
2025-09-26 10:00:00,1.3,101.22,353.38,2450.72,29.67,49.57,1101.11,1232.15,248.58,154.09,28.51,P021,EQ045
2025-09-26 10:10:00,1.24,102.32,336.65,2513.99,31.05,45.55,1075.28,1260.56,253.11,170.53,27.93,P040,EQ003
2025-09-26 10:20:00,1.26,101.61,353.78,2619.78,29.44,43.66,1155.96,1230.26,255.82,155.04,22.61,P033,EQ010
2025-09-26 10:30:00,1.03,103.22,347.41,2490.16,32.26,47.84,1151.04,1260.59,255.31,149.04,21.51,P040,EQ017
2025-09-26 10:40:00,1.3,104.73,346.56,2514.81,27.85,44.21,1097.27,1217.27,249.9,142.98,27.8,P006,EQ024
2025-09-26 10:50:00,1.26,101.44,332.74,2542.41,27.32,45.04,1120.79,1278.72,254.29,156.06,28.72,P028,EQ031
2025-09-26 11:00:00,1.33,101.25,323.87,2589.51,30.29,44.71,1095.63,1239.4,246.49,161.68,28.64,P002,EQ038
2025-09-26 11:10:00,1.12,100.86,345.86,2540.66,30.38,50.25,1089.59,1252.78,241.07,154.17,20.26,P001,EQ045
2025-09-26 11:20:00,1.1,97.52,345.14,2399.21,32.64,47.84,1080.87,1283.99,248.46,148.45,28.87,P003,EQ003
2025-09-26 11:30:00,1.12,98.64,335.2,2574.28,30.26,41.75,1081.33,1220.73,256.89,144.0,21.23,P020,EQ010
2025-09-26 11:40:00,1.06,99.99,337.51,2569.93,27.63,43.58,1053.24,1229.23,253.33,155.73,23.2,P015,EQ017
2025-09-26 11:50:00,1.36,98.53,356.74,2549.73,34.85,40.1,1094.51,1297.7,247.26,148.49,26.06,P015,EQ024
2025-09-26 12:00:00,1.17,98.34,366.98,2609.9,31.47,40.86,1073.69,1230.82,253.61,149.67,20.32,P016,EQ031
2025-09-26 12:10:00,1.17,103.26,339.15,2462.33,28.65,44.62,1069.15,1256.48,251.62,163.87,21.16,P008,EQ038
2025-09-26 12:20:00,1.25,96.14,339.14,2753.33,26.86,46.57,1089.79,1251.29,250.24,158.77,27.52,P021,EQ045
2025-09-26 12:30:00,1.4,101.88,331.97,2348.07,30.06,40.81,1136.01,1227.68,252.29,149.37,20.12,P001,EQ003
2025-09-26 12:40:00,1.22,103.49,337.0,2488.3,27.97,44.02,1069.4,1230.02,250.82,153.34,22.51,P031,EQ010
2025-09-26 12:50:00,1.29,99.63,349.3,2493.78,29.78,42.69,1074.78,1208.75,243.42,137.53,18.79,P014,EQ017
2025-09-26 13:00:00,1.34,97.62,351.31,2560.9,28.42,46.56,1089.63,1258.57,248.69,154.87,25.88,P028,EQ024
2025-09-26 13:10:00,1.07,101.51,351.02,2351.22,31.47,48.12,1100.49,1254.96,252.79,135.11,25.46,P012,EQ031
2025-09-26 13:20:00,1.03,102.52,324.78,2519.15,29.16,43.06,1130.72,1258.77,245.63,157.83,26.04,P019,EQ038
2025-09-26 13:30:00,1.12,98.76,332.43,2414.32,26.52,43.4,1102.25,1268.32,244.76,154.65,22.45,P034,EQ045
2025-09-26 13:40:00,1.28,98.2,340.24,2662.12,28.6,43.68,1075.94,1234.51,261.98,133.88,25.64,P025,EQ003
2025-09-26 13:50:00,1.01,96.65,347.95,2537.89,28.5,41.01,1134.96,1227.59,252.9,141.04,23.26,P040,EQ010
2025-09-26 14:00:00,1.33,101.84,332.92,2490.06,30.5,43.38,1102.58,1272.23,249.87,158.38,29.9,P032,EQ017
2025-09-26 14:10:00,1.17,103.23,331.27,2489.2,28.52,47.69,1126.99,1242.96,252.51,139.57,21.13,P015,EQ024
2025-09-26 14:20:00,1.29,101.8,340.7,2405.85,31.81,41.15,1127.99,1253.06,258.17,170.77,24.61,P029,EQ031
2025-09-26 14:30:00,1.04,100.57,340.12,2421.41,27.46,45.8,1082.11,1239.31,253.94,162.58,26.87,P019,EQ038
2025-09-26 14:40:00,1.07,101.5,345.25,2328.5,30.31,42.37,1137.68,1272.33,256.77,139.98,27.11,P010,EQ045
2025-09-26 14:50:00,1.19,101.36,326.01,2434.05,28.16,43.92,1106.83,1226.84,249.94,136.11,26.45,P009,EQ003
2025-09-26 15:00:00,1.17,101.96,350.2,2531.39,27.1,45.92,1082.33,1229.96,249.51,140.1,22.8,P033,EQ010
2025-09-26 15:10:00,1.11,99.51,338.78,2402.69,29.92,41.9,1058.48,1255.43,249.34,161.99,29.34,P011,EQ017
2025-09-26 15:20:00,1.27,98.72,368.93,2414.42,32.85,39.88,1107.14,1241.52,251.49,144.13,28.62,P019,EQ024
2025-09-26 15:30:00,1.17,102.97,340.4,2617.05,29.68,47.41,1136.02,1254.82,246.85,166.78,21.49,P005,EQ031
2025-09-26 15:40:00,1.29,103.28,342.34,2465.04,28.41,47.43,1101.86,1264.53,246.96,151.08,24.77,P012,EQ038
2025-09-26 15:50:00,1.39,99.74,341.51,2615.89,32.27,43.29,1126.52,1289.96,255.21,146.49,27.99,P007,EQ045
2025-09-26 16:00:00,1.05,97.86,326.77,2527.91,30.3,49.45,1045.45,1254.45,252.62,151.32,27.24,P013,EQ003
2025-09-26 16:10:00,1.33,99.23,346.77,2588.41,31.09,45.28,1095.78,1217.93,248.18,151.6,26.92,P009,EQ010
2025-09-26 16:20:00,1.3,100.49,345.59,2360.87,32.29,47.01,1077.38,1288.91,255.61,155.81,22.76,P010,EQ017
2025-09-26 16:30:00,1.13,101.57,335.26,2530.7,28.26,37.38,1118.06,1245.79,245.16,159.75,27.61,P001,EQ024
2025-09-26 16:40:00,1.08,101.51,368.05,2742.14,29.68,43.52,1094.55,1272.45,256.92,131.38,26.97,P040,EQ031
2025-09-26 16:50:00,1.35,98.05,354.69,2536.47,29.45,49.06,1107.68,1270.38,241.49,143.04,20.16,P025,EQ038
2025-09-26 17:00:00,1.05,97.83,336.99,2417.53,30.04,45.84,1088.53,1269.57,250.09,144.78,27.3,P006,EQ045
2025-09-26 17:10:00,1.27,99.09,353.26,2419.47,31.22,44.68,1088.01,1266.85,248.01,153.84,24.86,P027,EQ003
2025-09-26 17:20:00,1.25,100.75,336.8,2399.92,28.15,44.29,1089.13,1236.97,249.9,147.79,21.96,P011,EQ010
2025-09-26 17:30:00,1.13,99.6,341.55,2581.63,33.02,42.77,1130.09,1234.28,254.43,154.5,21.73,P036,EQ017
2025-09-26 17:40:00,1.12,97.32,345.82,2360.27,29.6,42.24,1083.84,1260.75,249.94,145.35,24.37,P002,EQ024
2025-09-26 17:50:00,1.3,99.01,330.95,2573.8,30.7,44.69,1124.41,1253.87,250.83,129.03,25.01,P031,EQ031
2025-09-26 18:00:00,1.16,98.33,345.29,2516.53,32.4,45.61,1087.82,1243.52,252.84,159.5,23.73,P006,EQ038
2025-09-26 18:10:00,1.2,97.5,349.06,2575.66,27.89,48.47,1073.2,1276.28,250.37,161.48,26.74,P012,EQ045
2025-09-26 18:20:00,1.27,101.29,325.71,2516.44,27.92,44.16,1103.22,1222.43,248.44,136.08,26.58,P023,EQ003
2025-09-26 18:30:00,1.28,95.57,325.65,2509.42,28.91,44.84,1072.47,1234.38,248.83,132.2,23.92,P021,EQ010
2025-09-26 18:40:00,1.11,101.76,332.5,2315.01,29.79,43.09,1116.44,1235.91,249.61,156.71,21.9,P024,EQ017
2025-09-26 18:50:00,1.03,98.22,328.75,2487.72,28.89,41.89,1070.98,1227.78,254.05,131.35,25.09,P018,EQ024
2025-09-26 19:00:00,1.24,101.36,328.98,2415.52,32.87,41.07,1052.77,1250.26,247.93,138.79,24.18,P025,EQ031
2025-09-26 19:10:00,1.06,97.76,345.31,2578.45,28.53,50.16,1074.81,1236.64,241.52,175.25,20.21,P037,EQ038
2025-09-26 19:20:00,1.1,102.29,333.08,2468.37,30.09,42.17,1079.2,1280.95,252.4,144.82,29.87,P021,EQ045
2025-09-26 19:30:00,1.24,98.3,334.45,2693.91,25.93,42.46,1133.44,1240.81,249.52,154.47,20.83,P006,EQ003
2025-09-26 19:40:00,1.07,101.77,337.86,2445.57,29.32,43.54,1059.8,1280.45,248.41,157.5,25.08,P030,EQ010
2025-09-26 19:50:00,1.13,99.86,331.41,2502.88,30.49,47.61,1135.45,1250.6,252.39,143.03,23.61,P036,EQ017
2025-09-26 20:00:00,1.37,97.16,325.87,2595.49,30.8,48.77,1082.8,1235.98,253.2,143.66,22.02,P007,EQ024
2025-09-26 20:10:00,1.23,100.49,320.05,2513.54,31.56,50.16,1096.65,1191.23,254.11,157.45,22.74,P036,EQ031
2025-09-26 20:20:00,1.25,104.75,327.86,2395.38,28.67,43.23,1056.57,1258.76,246.21,166.18,27.92,P029,EQ038
2025-09-26 20:30:00,1.19,104.47,312.89,2554.63,30.05,43.01,1074.97,1275.41,242.89,140.07,28.8,P031,EQ045
2025-09-26 20:40:00,1.34,97.19,340.26,2339.24,28.85,42.44,1094.35,1223.65,246.31,159.51,20.59,P030,EQ003
2025-09-26 20:50:00,1.25,101.27,334.86,2531.88,31.36,39.23,1125.75,1244.83,249.21,145.51,26.18,P013,EQ010
2025-09-26 21:00:00,1.16,101.87,332.02,2392.33,28.6,53.0,1076.97,1201.62,241.88,140.78,22.29,P014,EQ017
2025-09-26 21:10:00,1.25,98.84,348.56,2431.82,28.58,43.5,1162.47,1266.27,248.59,132.52,28.92,P038,EQ024
2025-09-26 21:20:00,1.11,102.84,343.98,2405.31,32.19,37.81,1130.32,1282.73,259.01,150.81,30.95,P002,EQ031
2025-09-26 21:30:00,1.28,100.35,327.25,2602.25,33.4,43.52,1153.24,1249.54,238.48,143.52,21.76,P012,EQ038
2025-09-26 21:40:00,1.32,101.7,368.48,2426.87,31.53,42.28,1118.26,1250.37,246.4,147.86,20.85,P037,EQ045
2025-09-26 21:50:00,1.34,99.51,351.56,2525.56,33.31,43.09,1187.97,1226.81,242.14,147.05,27.14,P014,EQ003
2025-09-26 22:00:00,1.06,100.37,347.36,2541.07,29.09,49.79,1144.97,1260.01,255.9,145.01,27.75,P011,EQ010
2025-09-26 22:10:00,1.26,99.53,339.81,2463.14,29.87,47.81,1125.6,1263.79,251.45,142.52,29.49,P028,EQ017
2025-09-26 22:20:00,1.15,99.05,325.37,2457.96,24.83,39.88,1148.56,1240.63,241.81,151.81,26.37,P038,EQ024
2025-09-26 22:30:00,1.25,97.02,350.26,2374.47,30.81,42.52,1077.83,1236.69,252.03,155.76,20.31,P020,EQ031
2025-09-26 22:40:00,1.18,100.69,340.24,2534.89,27.84,41.77,1069.68,1263.21,253.41,163.25,22.48,P036,EQ038
2025-09-26 22:50:00,1.15,99.38,333.75,2690.45,29.32,43.97,1107.82,1219.53,247.18,143.75,20.29,P011,EQ045
2025-09-26 23:00:00,1.21,100.1,329.96,2478.04,29.9,40.52,1118.69,1269.22,251.39,135.97,23.29,P024,EQ003
2025-09-26 23:10:00,1.27,97.49,337.65,2524.45,29.73,44.48,1086.97,1277.8,260.06,161.88,28.2,P016,EQ010
2025-09-26 23:20:00,1.17,102.52,339.31,2432.39,29.33,42.19,1132.98,1256.4,247.01,138.09,27.18,P035,EQ017
2025-09-26 23:30:00,1.21,99.82,357.2,2635.81,27.98,50.12,1071.49,1249.52,255.8,150.37,22.11,P036,EQ024
2025-09-26 23:40:00,1.23,99.86,312.87,2553.89,30.37,46.77,1092.14,1271.52,246.73,145.54,28.96,P018,EQ031
2025-09-26 23:50:00,1.27,95.33,336.84,2560.01,28.71,40.63,1126.26,1252.76,242.02,161.54,23.02,P032,EQ038
2025-09-27 00:00:00,1.24,99.3,330.23,2510.95,29.75,46.29,1058.83,1279.11,256.46,145.56,28.07,P030,EQ045
2025-09-27 00:10:00,1.17,100.26,352.57,2586.7,30.69,40.26,1080.26,1275.04,249.88,156.74,27.38,P032,EQ003
2025-09-27 00:20:00,1.21,99.69,332.91,2320.0,26.03,43.58,1088.11,1264.76,247.75,146.0,21.83,P026,EQ010
2025-09-27 00:30:00,1.14,100.49,330.08,2523.76,30.32,46.97,1121.3,1270.84,256.61,127.43,23.45,P002,EQ017
2025-09-27 00:40:00,1.09,101.04,341.1,2472.56,25.52,45.11,1089.62,1288.07,255.18,153.11,26.54,P017,EQ024
2025-09-27 00:50:00,1.02,102.06,319.95,2546.05,27.58,47.93,1088.05,1257.54,247.0,159.89,27.95,P037,EQ031
2025-09-27 01:00:00,1.32,98.41,349.75,2620.18,32.3,45.17,1082.67,1256.92,248.12,150.84,27.52,P032,EQ038
2025-09-27 01:10:00,1.29,101.01,330.44,2574.66,29.7,42.18,1107.68,1255.5,245.92,156.16,25.32,P008,EQ045
2025-09-27 01:20:00,1.32,98.94,338.97,2629.51,30.27,42.18,1115.12,1257.88,249.18,148.25,21.46,P029,EQ003
2025-09-27 01:30:00,1.25,100.28,329.06,2545.23,30.8,44.57,1125.31,1237.15,246.2,143.65,24.9,P038,EQ010
2025-09-27 01:40:00,1.21,97.57,335.99,2572.51,30.49,43.68,1109.72,1253.78,258.69,154.47,24.84,P012,EQ017
2025-09-27 01:50:00,1.21,98.11,333.55,2425.09,31.15,42.74,1105.1,1267.19,254.27,148.28,26.01,P029,EQ024
2025-09-27 02:00:00,1.2,100.16,336.2,2446.53,32.42,47.11,1107.1,1229.77,253.34,153.88,20.25,P004,EQ031
2025-09-27 02:10:00,1.37,99.07,344.94,2671.22,33.7,43.99,1067.43,1218.56,248.73,152.93,22.19,P039,EQ038
2025-09-27 02:20:00,1.23,97.54,339.7,2509.99,29.78,46.46,1144.53,1256.89,238.58,156.09,23.24,P034,EQ045
2025-09-27 02:30:00,1.12,99.29,362.33,2412.81,28.34,44.05,1126.32,1265.18,251.45,141.63,29.08,P008,EQ003
2025-09-27 02:40:00,1.15,98.8,333.55,2602.98,26.91,48.94,1090.97,1245.21,253.36,140.05,21.93,P021,EQ010
2025-09-27 02:50:00,1.15,99.19,354.84,2513.26,30.86,39.13,1107.81,1249.45,245.25,156.37,20.57,P036,EQ017
2025-09-27 03:00:00,1.26,102.2,354.62,2273.41,31.68,46.91,1088.69,1261.14,253.61,164.62,29.58,P034,EQ024
2025-09-27 03:10:00,1.28,99.18,363.55,2536.64,32.37,47.48,1061.92,1261.45,250.28,137.44,22.24,P010,EQ031
2025-09-27 03:20:00,1.21,100.05,342.28,2368.27,29.23,37.78,1084.98,1234.64,252.39,141.88,19.84,P007,EQ038
2025-09-27 03:30:00,1.19,97.78,322.75,2534.91,30.39,40.33,1092.83,1241.05,240.82,165.23,20.03,P024,EQ045
2025-09-27 03:40:00,1.16,101.99,343.41,2393.5,34.83,48.48,1118.7,1255.82,247.49,165.32,23.39,P004,EQ003
2025-09-27 03:50:00,1.43,100.64,353.08,2360.56,26.99,40.58,1100.58,1267.0,255.1,161.14,25.86,P012,EQ010
2025-09-27 04:00:00,1.17,99.09,339.63,2579.7,34.76,42.3,1133.41,1238.69,248.39,151.67,19.69,P003,EQ017
2025-09-27 04:10:00,1.36,99.57,338.45,2517.82,31.5,43.71,1056.58,1247.05,242.29,142.08,21.49,P036,EQ024
2025-09-27 04:20:00,1.24,101.56,332.37,2272.11,32.94,45.51,1097.39,1239.72,249.13,154.59,24.14,P030,EQ031
2025-09-27 04:30:00,1.23,101.47,331.49,2505.23,29.88,43.78,1107.67,1254.3,245.08,144.46,24.31,P033,EQ038
2025-09-27 04:40:00,1.17,100.33,347.45,2455.49,29.2,46.43,1083.14,1246.75,256.32,155.74,28.73,P029,EQ045
2025-09-27 04:50:00,1.24,100.31,344.5,2602.54,29.47,48.52,1092.81,1258.2,246.17,152.33,22.85,P014,EQ003
2025-09-27 05:00:00,1.03,99.17,325.63,2570.56,29.36,45.58,1084.08,1233.8,242.25,162.65,25.28,P024,EQ010
2025-09-27 05:10:00,1.0,100.35,349.3,2635.91,32.78,43.82,1094.68,1254.33,250.99,137.15,26.37,P023,EQ017
2025-09-27 05:20:00,1.28,99.36,340.48,2537.61,31.23,44.44,1087.14,1256.01,246.51,155.22,21.24,P035,EQ024
2025-09-27 05:30:00,1.24,100.41,332.95,2305.66,32.39,44.81,1084.45,1207.0,255.6,135.77,23.19,P004,EQ031
2025-09-27 05:40:00,1.15,99.78,331.45,2508.45,29.4,50.38,1082.08,1257.91,242.52,158.02,26.81,P003,EQ038
2025-09-27 05:50:00,1.07,98.79,334.47,2410.77,29.9,45.23,1114.94,1232.59,263.02,155.02,22.42,P018,EQ045
2025-09-27 06:00:00,1.21,97.31,361.69,2579.62,28.58,45.48,1085.48,1250.34,239.55,154.27,28.01,P016,EQ003
2025-09-27 06:10:00,1.02,98.28,326.45,2543.68,30.93,45.75,1147.81,1234.84,251.47,151.62,28.5,P006,EQ010
2025-09-27 06:20:00,1.31,100.11,317.54,2558.83,34.69,48.52,1132.45,1254.19,250.44,144.56,27.76,P037,EQ017
2025-09-27 06:30:00,1.19,102.63,345.65,2611.93,27.62,49.61,1088.26,1275.41,253.86,139.0,23.59,P030,EQ024
2025-09-27 06:40:00,1.07,98.19,351.87,2519.77,26.56,52.88,1127.28,1220.81,257.15,141.91,20.37,P011,EQ031
2025-09-27 06:50:00,1.04,100.11,348.15,2582.77,25.29,45.18,1165.63,1249.21,258.51,147.7,29.95,P037,EQ038
2025-09-27 07:00:00,1.25,101.98,344.9,2664.88,28.87,44.74,1078.83,1257.33,244.14,145.3,27.94,P006,EQ045
2025-09-27 07:10:00,1.36,99.74,348.76,2559.06,30.68,44.31,1102.41,1256.9,240.13,134.57,19.17,P010,EQ003
2025-09-27 07:20:00,1.11,98.01,337.11,2379.71,32.2,47.09,1068.65,1241.16,249.6,149.67,25.71,P011,EQ010
2025-09-27 07:30:00,1.21,99.18,342.2,2417.34,29.21,39.02,1123.4,1263.04,250.94,142.32,27.66,P038,EQ017
2025-09-27 07:40:00,1.2,100.83,346.25,2441.62,32.86,45.51,1147.69,1259.74,244.51,167.46,26.59,P002,EQ024
2025-09-27 07:50:00,1.17,99.54,341.98,2488.8,27.11,41.67,1049.21,1264.39,247.78,153.26,20.58,P013,EQ031
2025-09-27 08:00:00,1.24,98.03,334.8,2534.59,25.05,42.57,1102.59,1252.15,246.43,156.38,24.01,P033,EQ038
2025-09-27 08:10:00,1.24,97.63,333.86,2542.59,27.31,41.1,1091.12,1245.72,253.28,147.67,21.73,P040,EQ045
2025-09-27 08:20:00,1.36,102.45,336.85,2396.38,28.88,42.32,1095.52,1268.53,249.63,146.74,28.07,P001,EQ003
2025-09-27 08:30:00,1.18,96.88,344.96,2300.82,32.68,43.98,1102.82,1264.95,255.59,144.87,26.16,P031,EQ010
2025-09-27 08:40:00,1.23,99.96,339.8,2423.5,24.6,45.94,1049.7,1282.23,247.02,139.6,20.71,P038,EQ017
2025-09-27 08:50:00,1.11,102.09,342.23,2411.6,28.63,47.62,1137.11,1267.49,250.17,139.33,24.89,P039,EQ024
2025-09-27 09:00:00,1.33,99.08,343.65,2540.68,30.63,42.8,1042.8,1225.85,238.12,136.9,27.2,P010,EQ031
2025-09-27 09:10:00,1.34,99.27,325.38,2536.74,27.12,41.01,1081.03,1246.64,250.72,170.53,23.53,P010,EQ038
2025-09-27 09:20:00,1.29,99.53,348.61,2606.37,28.33,41.58,1072.84,1264.51,242.39,157.66,26.29,P008,EQ045
2025-09-27 09:30:00,1.33,101.35,333.08,2428.34,31.52,40.52,1142.77,1253.72,251.46,165.45,21.85,P008,EQ003
2025-09-27 09:40:00,1.28,101.75,332.48,2643.77,32.53,45.3,1109.99,1264.66,252.2,163.99,28.71,P030,EQ010
2025-09-27 09:50:00,1.09,102.28,336.7,2536.87,34.41,47.82,1193.6,1241.68,254.57,160.0,23.92,P009,EQ017
2025-09-27 10:00:00,1.2,98.11,322.04,2778.75,28.63,50.06,1085.07,1214.8,251.67,147.41,19.71,P039,EQ024
2025-09-27 10:10:00,1.32,101.33,329.96,2615.76,28.76,45.74,1134.22,1256.21,241.89,155.74,26.44,P006,EQ031
2025-09-27 10:20:00,1.2,102.61,351.0,2457.96,31.48,39.84,1145.27,1235.11,247.5,129.75,20.31,P025,EQ038
2025-09-27 10:30:00,1.08,100.48,348.14,2596.12,30.23,54.14,1124.94,1272.08,240.36,159.68,23.07,P009,EQ045
2025-09-27 10:40:00,1.25,99.31,335.91,2689.84,27.15,45.12,1123.11,1276.22,253.96,150.93,29.65,P003,EQ003
2025-09-27 10:50:00,1.16,101.1,326.13,2536.86,30.43,46.74,1131.96,1233.63,255.13,157.11,20.96,P003,EQ010
2025-09-27 11:00:00,1.48,94.27,342.95,2427.29,32.85,45.36,1062.4,1256.83,245.37,139.68,23.69,P022,EQ017
2025-09-27 11:10:00,1.34,101.95,373.22,2684.41,29.75,44.27,1058.8,1216.88,252.79,163.97,25.71,P034,EQ024
2025-09-27 11:20:00,1.17,100.09,335.85,2510.14,30.85,47.5,1113.76,1249.84,251.0,147.22,27.19,P016,EQ031
2025-09-27 11:30:00,1.08,98.52,349.41,2452.58,29.6,44.24,1094.03,1254.54,251.39,122.18,21.77,P040,EQ038
2025-09-27 11:40:00,1.33,102.6,345.0,2465.17,29.93,37.09,1094.04,1263.03,236.55,141.73,25.77,P014,EQ045
2025-09-27 11:50:00,1.26,101.97,339.47,2545.87,34.76,44.45,1100.07,1265.09,251.79,148.78,20.37,P037,EQ003
2025-09-27 12:00:00,1.25,103.75,337.91,2632.69,30.34,45.5,1111.03,1255.87,263.42,149.48,22.77,P025,EQ010
2025-09-27 12:10:00,1.34,100.44,355.55,2434.26,35.41,46.42,1160.81,1237.47,246.08,139.22,22.35,P035,EQ017
2025-09-27 12:20:00,1.22,102.27,334.01,2454.84,30.19,41.82,1081.69,1219.15,262.45,154.84,20.23,P012,EQ024
2025-09-27 12:30:00,1.36,97.73,327.61,2336.34,31.53,50.71,1147.19,1259.1,255.1,148.86,24.76,P020,EQ031
2025-09-27 12:40:00,1.45,100.38,331.07,2526.9,32.88,46.79,1172.57,1217.79,251.57,157.65,26.71,P007,EQ038
2025-09-27 12:50:00,1.17,100.27,335.22,2545.54,29.7,50.39,1038.14,1304.37,255.07,142.48,22.46,P019,EQ045
2025-09-27 13:00:00,1.32,103.28,342.07,2515.12,33.19,49.87,1092.44,1271.5,253.28,145.13,22.01,P006,EQ003
2025-09-27 13:10:00,1.15,99.64,335.78,2540.04,32.69,43.15,1081.15,1237.01,245.92,156.04,21.82,P036,EQ010
2025-09-27 13:20:00,1.2,104.21,329.81,2714.0,31.56,44.8,1069.6,1235.16,245.42,140.28,25.54,P034,EQ017
2025-09-27 13:30:00,1.24,99.23,328.62,2409.16,28.03,44.67,1078.82,1238.62,267.79,162.72,22.29,P022,EQ024
2025-09-27 13:40:00,1.21,103.08,352.84,2621.16,30.4,47.96,1129.22,1249.27,252.1,153.4,28.28,P037,EQ031
2025-09-27 13:50:00,1.16,98.15,339.7,2606.29,27.43,44.55,1076.23,1243.77,248.41,145.43,25.85,P009,EQ038
2025-09-27 14:00:00,1.21,98.71,339.67,2574.96,28.45,40.62,1099.29,1273.42,248.02,170.38,21.32,P019,EQ045
2025-09-27 14:10:00,1.44,103.06,352.86,2657.71,29.36,41.74,1085.74,1233.97,251.6,163.66,23.16,P002,EQ003
2025-09-27 14:20:00,1.25,99.97,349.31,2412.97,30.46,42.2,1092.56,1267.46,253.01,151.2,28.6,P038,EQ010
2025-09-27 14:30:00,1.32,103.01,329.11,2585.94,28.6,43.1,1111.15,1255.6,253.11,170.26,21.89,P024,EQ017
2025-09-27 14:40:00,1.11,101.9,350.29,2468.88,30.24,46.28,1142.26,1244.8,258.11,156.7,30.21,P023,EQ024
2025-09-27 14:50:00,1.14,98.84,346.52,2571.46,32.06,41.03,1114.4,1248.04,243.76,146.19,26.0,P005,EQ031
2025-09-27 15:00:00,1.26,101.89,347.98,2549.0,28.25,42.69,1064.32,1225.52,248.98,149.72,26.93,P001,EQ038
2025-09-27 15:10:00,1.19,99.61,342.7,2466.73,27.72,49.11,1104.65,1230.19,252.16,141.36,27.33,P014,EQ045
2025-09-27 15:20:00,1.36,100.18,343.68,2466.67,30.01,44.27,1122.18,1210.97,251.19,154.77,25.94,P037,EQ003
2025-09-27 15:30:00,1.11,99.7,350.5,2484.74,29.93,45.0,1136.92,1230.9,243.94,157.3,24.48,P009,EQ010
2025-09-27 15:40:00,1.23,100.52,350.5,2492.88,27.53,48.62,1066.46,1256.95,248.16,144.71,27.22,P038,EQ017
2025-09-27 15:50:00,1.28,97.95,338.24,2359.14,27.64,43.22,1138.52,1260.75,249.78,170.74,24.69,P002,EQ024
2025-09-27 16:00:00,1.15,100.15,349.98,2456.49,28.78,45.12,1069.54,1219.81,252.55,137.6,26.86,P015,EQ031
2025-09-27 16:10:00,1.15,98.26,335.82,2518.62,30.47,41.07,1113.22,1251.92,247.3,147.57,28.86,P008,EQ038
2025-09-27 16:20:00,1.36,98.53,331.45,2556.16,30.38,47.09,1132.39,1284.94,246.16,144.09,21.27,P013,EQ045
2025-09-27 16:30:00,1.15,99.33,326.3,2608.45,28.4,41.32,1143.51,1236.81,245.82,167.24,23.14,P023,EQ003
2025-09-27 16:40:00,1.26,99.28,333.45,2431.41,33.74,41.0,1106.47,1249.67,256.43,158.38,25.66,P035,EQ010
2025-09-27 16:50:00,1.22,100.39,344.11,2392.35,30.12,47.17,1120.59,1219.61,245.52,150.36,22.25,P020,EQ017
2025-09-27 17:00:00,1.26,102.18,344.37,2381.58,30.48,48.73,1103.17,1232.58,253.61,140.07,27.12,P009,EQ024
2025-09-27 17:10:00,1.08,96.9,349.93,2509.16,33.36,44.34,1139.65,1223.85,250.58,143.79,21.3,P002,EQ031
2025-09-27 17:20:00,1.16,100.37,354.01,2526.55,28.21,46.51,1080.36,1270.13,246.0,146.26,22.17,P005,EQ038
2025-09-27 17:30:00,1.21,97.12,338.84,2654.97,29.95,47.22,1120.3,1254.95,254.11,164.78,28.92,P010,EQ045
2025-09-27 17:40:00,1.12,99.02,341.14,2727.41,29.96,48.01,1106.19,1233.15,241.4,139.57,18.93,P031,EQ003
2025-09-27 17:50:00,1.25,105.17,333.09,2565.65,29.35,44.47,1078.88,1261.64,250.72,136.07,29.1,P028,EQ010
2025-09-27 18:00:00,1.14,98.75,358.51,2386.43,29.51,47.55,1139.23,1243.8,246.69,167.22,20.46,P040,EQ017
2025-09-27 18:10:00,1.25,98.86,369.19,2458.45,28.15,49.32,1103.52,1240.94,259.4,123.25,21.85,P015,EQ024
2025-09-27 18:20:00,1.25,105.07,345.76,2412.75,27.25,42.97,1104.36,1242.49,255.55,155.56,25.5,P018,EQ031
2025-09-27 18:30:00,1.13,100.06,325.23,2437.78,32.25,46.57,1150.81,1272.36,254.02,134.31,20.91,P039,EQ038
2025-09-27 18:40:00,1.24,103.57,336.22,2422.52,33.93,42.75,1097.2,1277.85,251.03,156.68,26.38,P029,EQ045
2025-09-27 18:50:00,1.28,98.99,350.14,2497.89,27.69,47.69,1163.65,1257.42,257.04,148.99,27.59,P006,EQ003
2025-09-27 19:00:00,1.07,100.21,334.71,2628.77,24.98,43.33,1115.63,1258.85,265.37,153.78,25.5,P038,EQ010
2025-09-27 19:10:00,1.3,99.57,326.24,2519.5,30.51,46.19,1071.0,1280.5,247.0,148.05,20.08,P015,EQ017
2025-09-27 19:20:00,1.25,98.98,337.9,2400.95,31.85,45.23,1064.43,1259.77,242.07,153.85,20.4,P019,EQ024
2025-09-27 19:30:00,1.11,99.78,355.15,2408.44,28.68,45.83,1107.17,1211.37,251.6,144.53,24.22,P007,EQ031
2025-09-27 19:40:00,1.29,99.44,349.36,2526.07,31.06,49.46,1099.78,1242.5,243.21,145.44,22.23,P017,EQ038
2025-09-27 19:50:00,1.24,99.64,323.72,2565.61,28.21,44.59,1107.16,1275.06,242.52,167.97,28.67,P011,EQ045
2025-09-27 20:00:00,1.32,97.54,332.89,2334.88,34.58,42.76,1058.82,1249.46,245.11,155.08,27.19,P001,EQ003
2025-09-27 20:10:00,1.38,97.27,332.77,2377.55,29.12,48.13,1108.0,1244.56,251.43,141.45,21.83,P019,EQ010
2025-09-27 20:20:00,1.05,100.73,348.09,2543.75,30.48,38.34,1118.18,1210.16,257.89,156.9,19.92,P004,EQ017
2025-09-27 20:30:00,1.07,98.37,342.52,2530.67,31.13,48.41,1078.85,1257.94,247.63,137.2,20.78,P040,EQ024
2025-09-27 20:40:00,1.35,98.71,344.21,2500.94,28.26,44.65,1125.06,1251.09,253.99,157.43,23.58,P026,EQ031
2025-09-27 20:50:00,1.25,104.83,327.38,2421.18,31.51,48.97,1114.02,1223.23,247.55,155.75,28.11,P037,EQ038
2025-09-27 21:00:00,1.14,100.43,335.96,2415.96,26.53,39.71,1093.93,1233.23,237.36,154.34,26.79,P029,EQ045
2025-09-27 21:10:00,1.0,100.02,338.32,2556.57,31.13,43.92,1107.1,1277.62,247.35,123.42,23.5,P020,EQ003
2025-09-27 21:20:00,1.35,100.45,329.8,2358.64,27.0,43.12,1077.61,1246.87,256.99,132.34,26.39,P024,EQ010
2025-09-27 21:30:00,1.22,101.41,340.16,2624.22,30.88,48.27,1126.55,1242.92,243.96,156.04,23.26,P023,EQ017
2025-09-27 21:40:00,1.07,98.5,336.61,2492.93,33.16,49.52,1075.39,1267.26,254.89,155.4,24.06,P028,EQ024
2025-09-27 21:50:00,1.12,100.71,332.06,2420.62,29.17,41.33,1009.64,1296.55,251.94,146.9,29.17,P016,EQ031
2025-09-27 22:00:00,1.22,97.52,341.81,2528.65,31.4,40.31,1108.88,1232.94,249.21,160.4,21.72,P007,EQ038
2025-09-27 22:10:00,1.25,101.56,337.52,2492.38,26.78,41.03,1100.14,1248.62,252.41,154.29,21.15,P017,EQ045
2025-09-27 22:20:00,1.19,100.18,322.45,2615.56,32.19,41.33,1148.84,1310.12,244.15,138.11,24.73,P001,EQ003
2025-09-27 22:30:00,1.2,102.3,346.02,2330.01,29.85,46.6,1091.08,1258.25,241.7,150.8,20.15,P036,EQ010
2025-09-27 22:40:00,1.33,100.52,343.05,2565.46,29.19,45.97,1100.56,1251.94,243.47,160.43,19.71,P008,EQ017
2025-09-27 22:50:00,1.03,101.18,342.82,2342.98,30.46,46.32,1083.18,1222.84,241.22,137.85,25.91,P033,EQ024
2025-09-27 23:00:00,1.08,97.78,343.39,2664.14,28.71,47.14,1129.98,1249.93,250.15,155.3,20.84,P014,EQ031
2025-09-27 23:10:00,1.21,98.73,330.32,2508.7,27.36,43.92,1102.62,1232.09,244.51,148.95,19.17,P027,EQ038
2025-09-27 23:20:00,1.1,99.36,343.97,2632.03,32.41,40.94,1077.88,1250.07,244.61,148.36,24.52,P007,EQ045
2025-09-27 23:30:00,1.32,102.73,350.85,2243.66,28.34,43.05,1087.86,1254.33,251.58,141.21,24.27,P018,EQ003
2025-09-27 23:40:00,1.07,102.73,358.42,2689.83,32.76,47.23,1119.3,1263.37,246.78,147.37,27.05,P006,EQ010
2025-09-27 23:50:00,1.1,99.44,337.83,2594.64,27.07,46.62,1083.45,1218.98,246.47,151.65,23.48,P028,EQ017
2025-09-28 00:00:00,1.26,104.68,348.16,2540.6,33.05,48.01,1098.34,1256.48,251.15,156.45,24.93,P035,EQ024
2025-09-28 00:10:00,1.07,99.3,344.99,2542.57,29.06,44.28,1087.09,1249.79,246.73,158.03,19.49,P007,EQ031
2025-09-28 00:20:00,1.33,97.13,356.78,2623.98,32.54,44.9,1134.34,1244.97,254.33,152.11,27.96,P024,EQ038
2025-09-28 00:30:00,1.31,101.67,333.24,2445.93,33.52,43.56,1117.95,1219.99,249.17,149.81,23.36,P010,EQ045
2025-09-28 00:40:00,1.16,101.49,339.71,2552.04,30.27,44.74,1152.78,1251.85,248.77,149.23,25.35,P007,EQ003
2025-09-28 00:50:00,1.23,100.04,362.58,2529.93,29.56,46.21,1143.32,1234.26,244.07,129.6,28.13,P004,EQ010
2025-09-28 01:00:00,1.22,98.48,360.18,2550.77,25.69,42.19,1137.56,1284.08,251.24,153.84,24.95,P013,EQ017
2025-09-28 01:10:00,1.14,96.77,326.24,2306.56,28.16,45.25,1095.22,1227.49,243.34,159.05,23.53,P027,EQ024
2025-09-28 01:20:00,1.26,99.44,344.37,2455.09,31.06,45.33,1085.98,1229.03,247.53,166.16,23.43,P016,EQ031
2025-09-28 01:30:00,1.31,103.67,341.95,2572.44,30.13,46.84,1138.25,1258.55,250.8,156.8,20.36,P015,EQ038
2025-09-28 01:40:00,1.25,96.9,326.24,2461.27,33.14,47.79,1118.88,1263.23,247.95,131.72,22.94,P004,EQ045
2025-09-28 01:50:00,1.07,101.87,341.0,2496.38,31.57,46.63,1059.61,1260.71,249.31,146.04,27.76,P019,EQ003
2025-09-28 02:00:00,1.04,97.71,322.66,2360.23,28.57,42.28,1106.01,1256.66,261.67,155.45,24.38,P034,EQ010
2025-09-28 02:10:00,1.22,101.86,336.43,2466.79,29.66,46.11,1112.32,1226.06,247.6,132.74,28.16,P032,EQ017
2025-09-28 02:20:00,1.1,100.21,324.63,2616.42,32.38,44.04,1129.36,1272.82,245.62,149.81,22.58,P026,EQ024
2025-09-28 02:30:00,1.25,99.04,363.19,2680.89,29.61,49.86,1106.83,1269.79,253.92,142.08,22.02,P013,EQ031
2025-09-28 02:40:00,1.26,99.98,323.23,2486.68,31.98,43.9,1108.36,1241.2,250.86,164.04,19.8,P037,EQ038
2025-09-28 02:50:00,1.18,98.59,316.51,2479.47,28.16,44.34,1077.89,1219.35,253.35,157.63,23.62,P023,EQ045
2025-09-28 03:00:00,1.21,98.32,328.53,2346.52,31.82,42.94,1097.17,1274.15,245.98,134.11,24.91,P034,EQ003
2025-09-28 03:10:00,1.37,101.39,337.41,2581.94,28.12,45.63,1141.94,1211.44,253.79,142.26,25.84,P029,EQ010
2025-09-28 03:20:00,1.15,99.36,329.43,2523.55,30.91,41.43,1111.98,1250.43,249.11,146.78,23.73,P028,EQ017
2025-09-28 03:30:00,1.3,101.57,345.19,2497.66,30.67,43.86,1090.21,1286.11,243.32,164.11,25.51,P032,EQ024
2025-09-28 03:40:00,1.2,100.39,337.72,2571.78,31.84,44.91,1107.08,1280.83,245.61,151.3,20.05,P008,EQ031
2025-09-28 03:50:00,1.3,99.45,322.63,2434.96,28.89,41.33,1070.99,1279.96,245.74,158.75,25.3,P022,EQ038
2025-09-28 04:00:00,1.31,98.61,323.65,2682.75,29.06,47.49,1067.18,1254.24,257.36,161.2,22.29,P013,EQ045
2025-09-28 04:10:00,1.08,98.94,338.55,2459.48,29.91,44.21,1084.25,1279.46,243.53,144.99,25.51,P011,EQ003
2025-09-28 04:20:00,1.07,99.06,342.22,2638.13,31.71,42.07,1138.74,1226.26,246.61,156.49,26.8,P029,EQ010
2025-09-28 04:30:00,1.14,98.26,338.72,2519.62,32.25,40.04,1066.22,1226.29,250.11,143.96,28.14,P028,EQ017
2025-09-28 04:40:00,1.18,96.55,346.06,2514.53,30.67,49.88,1100.32,1270.68,254.12,151.99,29.3,P028,EQ024
2025-09-28 04:50:00,1.39,98.93,339.72,2468.73,27.61,48.17,1122.74,1254.7,237.99,147.99,26.47,P006,EQ031
2025-09-28 05:00:00,1.18,100.64,333.8,2535.24,32.72,46.29,1098.92,1244.44,244.12,141.64,22.45,P005,EQ038
2025-09-28 05:10:00,1.23,101.36,352.75,2593.55,29.44,44.79,1120.68,1208.79,247.37,138.67,23.7,P009,EQ045
2025-09-28 05:20:00,1.12,102.36,332.8,2484.18,28.32,47.61,1105.16,1278.3,251.91,144.46,27.3,P031,EQ003
2025-09-28 05:30:00,1.17,102.75,351.64,2445.04,28.86,45.41,1111.55,1252.78,246.31,154.56,19.56,P004,EQ010
2025-09-28 05:40:00,1.19,101.38,336.88,2502.42,30.47,40.73,1095.45,1272.38,256.02,126.46,30.48,P026,EQ017
2025-09-28 05:50:00,1.19,105.07,336.18,2656.25,32.14,40.98,1129.23,1239.64,252.61,137.26,23.74,P007,EQ024
2025-09-28 06:00:00,1.17,99.06,336.3,2677.08,28.88,44.74,1116.48,1222.87,251.36,142.22,22.3,P022,EQ031
2025-09-28 06:10:00,1.2,99.32,328.14,2532.07,33.58,43.83,1079.9,1240.3,245.33,152.15,25.1,P002,EQ038
2025-09-28 06:20:00,1.35,104.2,352.37,2545.96,26.17,44.3,1090.56,1250.91,252.45,128.04,27.32,P008,EQ045
2025-09-28 06:30:00,1.1,101.56,337.05,2684.37,28.83,43.61,1094.3,1227.66,247.36,150.36,19.55,P038,EQ003
2025-09-28 06:40:00,1.04,97.24,334.11,2518.92,27.1,50.43,1124.39,1264.87,254.57,152.34,25.13,P030,EQ010
2025-09-28 06:50:00,1.26,100.36,369.44,2647.33,30.62,47.1,1065.97,1231.52,249.83,165.55,20.52,P017,EQ017
2025-09-28 07:00:00,1.12,99.56,335.0,2453.89,31.26,45.05,1016.71,1231.0,250.7,172.22,19.74,P017,EQ024
2025-09-28 07:10:00,1.32,97.17,359.38,2389.6,28.42,39.03,1095.9,1254.4,254.74,143.09,25.94,P035,EQ031
2025-09-28 07:20:00,1.28,100.03,338.32,2476.1,27.85,46.62,1063.51,1223.31,258.13,158.9,27.45,P036,EQ038
2025-09-28 07:30:00,1.32,103.25,341.94,2418.76,28.89,45.5,1107.09,1252.63,246.36,155.32,20.04,P037,EQ045
2025-09-28 07:40:00,1.18,100.55,338.4,2624.21,27.32,47.27,1098.65,1245.23,251.76,155.99,27.14,P018,EQ003
2025-09-28 07:50:00,1.19,99.2,335.4,2504.0,26.46,44.31,1072.0,1246.43,254.24,161.51,25.61,P021,EQ010
2025-09-28 08:00:00,1.07,103.17,341.28,2247.95,29.74,47.86,1077.71,1252.57,250.75,154.14,22.18,P005,EQ017
2025-09-28 08:10:00,1.04,100.55,339.89,2529.56,32.88,48.09,1091.91,1219.61,249.15,149.18,22.1,P012,EQ024
2025-09-28 08:20:00,1.05,98.68,341.06,2637.88,30.62,45.42,1095.19,1244.72,243.79,163.61,19.46,P040,EQ031
2025-09-28 08:30:00,1.08,101.78,344.42,2397.3,31.04,48.08,1102.29,1198.77,247.88,157.35,24.34,P003,EQ038
2025-09-28 08:40:00,1.13,102.1,324.95,2759.77,30.83,43.74,1110.64,1217.52,256.25,150.39,27.51,P020,EQ045
2025-09-28 08:50:00,1.23,101.5,336.77,2425.86,29.37,43.63,1136.31,1224.62,245.1,149.65,24.94,P039,EQ003
2025-09-28 09:00:00,1.1,101.15,342.41,2546.65,33.13,37.53,1094.91,1234.74,241.59,153.51,26.43,P026,EQ010
2025-09-28 09:10:00,1.2,100.35,332.41,2522.51,28.47,48.1,1112.5,1236.78,252.63,148.47,27.31,P034,EQ017
2025-09-28 09:20:00,1.29,101.89,338.48,2464.26,30.3,50.3,1069.86,1249.35,250.72,142.28,29.41,P015,EQ024
2025-09-28 09:30:00,1.06,100.79,348.17,2565.64,31.05,40.21,1065.08,1245.21,240.99,136.29,24.95,P013,EQ031
2025-09-28 09:40:00,1.17,102.63,331.79,2645.67,30.31,41.96,1146.28,1225.15,241.57,147.67,22.89,P029,EQ038
2025-09-28 09:50:00,1.15,97.72,328.44,2597.2,28.62,45.11,1043.28,1243.34,251.76,146.15,26.39,P027,EQ045
2025-09-28 10:00:00,1.16,103.54,321.81,2542.08,28.37,43.71,1098.36,1227.75,252.63,147.41,23.2,P036,EQ003
2025-09-28 10:10:00,1.27,98.87,355.31,2482.66,28.87,39.43,1068.28,1233.72,248.06,157.22,26.43,P007,EQ010
2025-09-28 10:20:00,1.24,99.84,340.57,2556.31,29.89,48.0,1013.12,1238.33,249.76,155.34,23.41,P025,EQ017
2025-09-28 10:30:00,1.31,98.22,325.64,2483.44,27.98,42.41,1116.75,1260.1,249.88,150.98,29.22,P010,EQ024
2025-09-28 10:40:00,1.27,99.3,338.48,2451.54,27.36,47.38,1121.48,1249.41,246.16,147.24,21.4,P019,EQ031
2025-09-28 10:50:00,1.29,100.07,342.67,2491.3,31.54,39.05,1139.34,1228.06,253.45,145.86,28.86,P032,EQ038
2025-09-28 11:00:00,1.17,97.47,334.94,2469.14,26.4,46.27,1085.44,1292.01,247.72,153.6,24.92,P018,EQ045
2025-09-28 11:10:00,1.12,102.47,322.92,2594.34,33.15,44.19,1099.22,1213.37,256.24,143.77,21.95,P012,EQ003
2025-09-28 11:20:00,1.28,100.92,347.09,2535.41,32.0,38.68,1154.32,1274.04,247.96,150.37,27.4,P028,EQ010
2025-09-28 11:30:00,1.07,100.09,337.22,2498.92,31.82,45.33,1108.99,1258.43,253.15,158.09,21.84,P033,EQ017
2025-09-28 11:40:00,1.21,97.69,321.11,2488.84,29.59,46.6,1037.54,1271.0,248.41,142.43,26.47,P039,EQ024
2025-09-28 11:50:00,1.17,100.31,360.95,2598.04,28.15,44.22,1093.95,1252.19,249.13,150.25,22.42,P037,EQ031
2025-09-28 12:00:00,1.09,101.47,332.64,2363.71,32.14,44.5,1135.5,1249.35,252.23,141.69,28.81,P040,EQ038
2025-09-28 12:10:00,1.23,101.44,343.66,2479.11,29.15,41.5,1112.16,1273.56,248.52,149.98,24.31,P001,EQ045
2025-09-28 12:20:00,1.24,101.35,349.71,2428.38,31.86,44.44,1174.47,1241.87,255.19,146.59,20.57,P017,EQ003
2025-09-28 12:30:00,1.22,102.0,322.1,2551.73,30.11,47.61,1114.52,1256.49,257.99,148.94,22.04,P028,EQ010
2025-09-28 12:40:00,1.22,98.6,349.93,2545.46,34.56,47.29,1091.62,1245.52,250.1,157.64,27.86,P009,EQ017
2025-09-28 12:50:00,1.25,99.7,335.92,2277.26,29.27,41.98,1143.33,1261.27,252.77,167.12,20.28,P030,EQ024
2025-09-28 13:00:00,1.2,101.19,352.04,2636.12,33.19,43.26,1052.32,1220.13,246.33,137.17,19.36,P030,EQ031
2025-09-28 13:10:00,1.4,97.69,347.72,2447.13,29.07,46.43,1058.43,1253.72,247.32,163.8,27.45,P035,EQ038
2025-09-28 13:20:00,1.32,98.93,339.17,2495.65,30.5,41.39,1107.56,1257.29,250.22,148.4,28.1,P007,EQ045
2025-09-28 13:30:00,1.0,99.1,337.72,2594.28,28.84,48.43,1130.78,1250.51,250.68,137.49,20.56,P004,EQ003
2025-09-28 13:40:00,1.2,98.87,334.34,2468.52,31.15,51.81,1043.89,1253.18,246.83,142.0,27.59,P002,EQ010
2025-09-28 13:50:00,1.24,99.35,342.06,2548.85,32.02,45.76,1094.41,1235.06,242.94,154.3,24.79,P017,EQ017
2025-09-28 14:00:00,1.19,103.02,371.04,2204.64,32.04,50.25,1092.97,1227.56,250.99,148.84,20.27,P035,EQ024
2025-09-28 14:10:00,1.06,99.98,346.17,2420.39,28.57,47.04,1144.27,1257.21,259.91,143.61,30.2,P006,EQ031
2025-09-28 14:20:00,1.21,102.67,341.52,2424.6,26.03,45.23,1068.37,1262.97,250.08,153.07,22.17,P040,EQ038
2025-09-28 14:30:00,1.32,102.72,344.04,2601.49,29.26,42.51,1107.02,1265.53,252.48,155.84,25.8,P039,EQ045
2025-09-28 14:40:00,1.21,97.98,322.16,2426.35,28.33,41.94,1076.1,1250.29,242.43,144.13,23.84,P038,EQ003
2025-09-28 14:50:00,1.25,102.59,336.13,2800.66,28.62,43.39,1061.55,1256.02,254.13,140.49,24.54,P010,EQ010
2025-09-28 15:00:00,1.38,102.39,363.22,2425.33,27.03,41.27,1132.44,1271.95,262.59,149.41,30.39,P006,EQ017
2025-09-28 15:10:00,1.14,98.92,328.22,2650.24,24.91,45.02,1070.89,1273.51,249.65,148.26,29.71,P002,EQ024
2025-09-28 15:20:00,1.2,104.88,337.62,2554.87,30.72,40.85,1135.01,1292.3,247.35,138.42,27.41,P035,EQ031
2025-09-28 15:30:00,1.03,100.16,354.08,2480.35,30.01,51.22,1054.89,1242.94,248.86,161.48,24.32,P038,EQ038
2025-09-28 15:40:00,1.24,102.35,344.74,2567.1,32.61,52.18,1099.67,1245.64,247.45,160.3,28.69,P033,EQ045
2025-09-28 15:50:00,1.3,95.89,335.42,2487.87,30.62,46.67,1088.77,1258.04,246.45,151.84,19.77,P005,EQ003
2025-09-28 16:00:00,1.3,101.6,335.06,2591.4,32.82,47.16,1095.63,1232.45,256.45,162.68,29.48,P026,EQ010
2025-09-28 16:10:00,1.2,100.31,334.06,2497.67,28.42,45.74,1093.64,1215.09,249.57,171.52,27.56,P020,EQ017
2025-09-28 16:20:00,1.03,99.11,340.2,2476.48,29.79,45.83,1065.47,1256.79,243.29,149.34,24.34,P011,EQ024
2025-09-28 16:30:00,1.13,99.21,333.45,2423.6,29.63,41.59,1048.16,1256.9,243.65,151.59,26.52,P029,EQ031
2025-09-28 16:40:00,1.04,102.42,340.24,2539.37,27.39,47.6,1094.95,1264.38,240.89,151.43,28.18,P023,EQ038
2025-09-28 16:50:00,1.1,99.16,351.03,2593.19,26.74,44.7,1100.02,1236.32,248.2,157.26,24.3,P015,EQ045
2025-09-28 17:00:00,1.3,102.28,349.88,2661.93,28.08,40.54,1095.65,1242.97,255.05,159.42,25.59,P029,EQ003
2025-09-28 17:10:00,1.17,101.5,332.92,2615.77,30.33,49.04,1103.55,1229.61,239.22,148.9,27.45,P024,EQ010
2025-09-28 17:20:00,1.24,99.87,339.36,2539.06,29.97,46.03,1090.55,1242.48,253.01,141.64,24.06,P001,EQ017
2025-09-28 17:30:00,1.27,98.7,333.44,2392.23,32.21,40.35,1090.37,1257.01,244.52,155.05,24.51,P004,EQ024
2025-09-28 17:40:00,1.08,104.09,344.22,2414.35,28.51,49.66,1097.36,1261.45,250.92,132.25,27.95,P017,EQ031
2025-09-28 17:50:00,1.15,100.47,340.28,2307.21,32.45,49.47,1120.83,1275.55,246.48,156.57,25.08,P027,EQ038
2025-09-28 18:00:00,1.22,101.85,347.51,2484.35,30.63,46.82,1103.37,1280.15,249.4,149.23,24.81,P031,EQ045
2025-09-28 18:10:00,1.24,98.18,324.59,2571.86,28.07,43.54,1067.16,1264.29,252.66,137.95,26.75,P012,EQ003
2025-09-28 18:20:00,1.09,97.11,338.98,2443.26,33.0,49.43,1085.04,1260.54,242.54,169.46,27.28,P025,EQ010
2025-09-28 18:30:00,1.17,96.22,347.06,2474.67,29.14,47.04,1102.19,1242.16,250.2,151.08,25.02,P020,EQ017
2025-09-28 18:40:00,1.31,98.67,335.33,2550.31,29.09,44.28,1103.55,1232.59,244.17,129.45,24.53,P006,EQ024
2025-09-28 18:50:00,1.13,97.87,341.69,2394.64,30.66,39.56,1111.14,1257.56,252.9,136.65,27.61,P006,EQ031
2025-09-28 19:00:00,1.3,100.63,333.95,2534.3,30.09,45.58,1094.78,1276.05,246.02,176.62,28.92,P033,EQ038
2025-09-28 19:10:00,1.09,99.41,348.97,2425.24,29.69,49.54,1158.09,1229.16,255.16,150.68,28.47,P038,EQ045
2025-09-28 19:20:00,1.22,103.27,324.23,2604.14,28.56,44.33,1104.19,1211.13,245.72,146.28,21.22,P011,EQ003
2025-09-28 19:30:00,1.14,101.61,335.15,2632.11,28.99,45.52,1075.0,1216.31,245.79,153.9,24.41,P028,EQ010
2025-09-28 19:40:00,1.06,100.67,354.62,2343.63,29.14,49.91,1080.87,1246.52,249.11,158.49,24.96,P033,EQ017
2025-09-28 19:50:00,1.3,98.25,336.11,2415.64,28.3,46.87,1076.29,1264.92,234.8,152.45,20.05,P026,EQ024
2025-09-28 20:00:00,1.32,97.62,332.74,2583.41,25.92,47.69,1077.17,1276.69,251.57,152.47,26.01,P031,EQ031
2025-09-28 20:10:00,1.28,97.12,344.16,2540.94,28.91,49.94,1107.94,1202.77,252.45,138.31,25.4,P004,EQ038
2025-09-28 20:20:00,1.21,105.01,348.57,2519.46,29.43,50.24,1100.92,1221.61,250.74,141.86,21.81,P038,EQ045
2025-09-28 20:30:00,0.98,100.32,327.8,2559.52,27.12,46.79,1154.9,1235.73,250.6,152.53,22.9,P008,EQ003
2025-09-28 20:40:00,1.03,104.49,326.16,2468.4,31.09,46.61,1197.85,1273.31,257.37,158.22,23.24,P006,EQ010
2025-09-28 20:50:00,1.15,99.6,346.83,2640.51,30.39,41.38,1174.16,1283.75,255.54,161.51,28.74,P028,EQ017
2025-09-28 21:00:00,1.17,103.76,342.55,2569.97,26.53,48.18,1052.25,1230.12,249.8,160.76,20.38,P028,EQ024
2025-09-28 21:10:00,1.05,102.9,358.08,2611.58,28.73,39.2,1107.08,1251.04,257.55,143.97,20.68,P036,EQ031
2025-09-28 21:20:00,1.14,93.96,324.5,2491.02,25.68,44.17,1061.53,1256.9,241.53,160.49,25.19,P012,EQ038
2025-09-28 21:30:00,1.09,98.45,324.6,2637.44,27.17,44.27,1131.97,1221.11,251.62,135.37,24.0,P036,EQ045
2025-09-28 21:40:00,1.15,95.53,335.41,2569.35,27.71,48.19,1100.94,1236.54,250.78,117.83,24.91,P022,EQ003
2025-09-28 21:50:00,1.05,99.65,344.71,2387.46,26.22,45.93,1138.16,1255.25,255.51,144.27,27.42,P023,EQ010
2025-09-28 22:00:00,1.17,96.89,335.7,2448.01,33.2,43.05,1103.2,1230.89,245.88,151.56,20.02,P030,EQ017
2025-09-28 22:10:00,1.12,99.94,340.66,2598.06,27.09,43.94,1096.0,1249.94,251.71,150.45,25.5,P026,EQ024
2025-09-28 22:20:00,1.18,98.81,336.15,2507.03,31.96,47.52,1132.33,1262.81,253.92,165.37,21.97,P003,EQ031
2025-09-28 22:30:00,1.12,99.43,345.08,2470.14,29.44,43.07,1111.31,1290.34,247.72,147.73,28.95,P027,EQ038
2025-09-28 22:40:00,0.85,100.49,343.75,2595.45,29.57,40.72,1080.41,1240.87,251.54,154.58,26.48,P019,EQ045
2025-09-28 22:50:00,1.43,103.72,339.9,2390.23,29.08,43.52,1130.27,1252.38,262.74,156.53,29.29,P025,EQ003
2025-09-28 23:00:00,1.23,100.14,330.34,2609.65,28.08,43.55,1133.22,1254.72,245.28,148.38,23.04,P016,EQ010
2025-09-28 23:10:00,1.21,98.27,342.7,2574.32,27.51,36.51,1066.57,1256.24,257.83,153.32,27.67,P040,EQ017
2025-09-28 23:20:00,1.05,98.73,354.8,2506.63,30.4,48.05,1057.77,1240.49,249.31,149.42,23.59,P018,EQ024
2025-09-28 23:30:00,1.11,95.84,326.11,2394.65,30.02,47.52,1077.29,1252.78,247.66,166.75,23.9,P020,EQ031
2025-09-28 23:40:00,1.4,100.23,340.36,2593.83,28.65,45.76,1107.03,1271.45,250.2,126.53,21.49,P029,EQ038
2025-09-28 23:50:00,1.17,103.68,349.61,2704.06,30.17,45.99,1099.87,1270.58,245.46,148.22,19.7,P036,EQ045
2025-09-29 00:00:00,1.32,100.72,346.37,2515.06,29.94,47.51,1076.79,1235.32,262.98,148.06,23.85,P025,EQ003
2025-09-29 00:10:00,1.14,102.66,344.84,2405.23,31.68,46.44,1022.78,1243.97,256.9,143.01,21.5,P023,EQ010
2025-09-29 00:20:00,1.3,99.45,350.48,2398.12,29.87,47.84,1120.77,1207.38,257.18,128.66,25.16,P016,EQ017
2025-09-29 00:30:00,1.22,104.48,332.0,2628.26,31.91,47.78,1129.02,1246.03,239.97,149.11,26.53,P027,EQ024
2025-09-29 00:40:00,1.34,98.9,331.55,2575.79,29.73,44.56,1064.01,1267.37,250.21,142.44,22.65,P035,EQ031
2025-09-29 00:50:00,1.17,99.12,330.63,2604.17,31.85,45.53,1123.35,1270.14,266.57,160.77,22.59,P033,EQ038
2025-09-29 01:00:00,1.45,99.67,336.86,2490.19,27.73,45.12,1100.35,1257.91,255.33,148.93,29.93,P015,EQ045
2025-09-29 01:10:00,1.2,103.48,344.83,2430.42,30.23,43.52,1095.44,1249.1,255.86,152.94,22.74,P026,EQ003
2025-09-29 01:20:00,1.28,102.19,337.98,2440.96,28.73,47.25,1117.78,1282.47,247.06,149.92,25.2,P033,EQ010
2025-09-29 01:30:00,1.17,100.88,327.51,2489.32,30.49,49.13,1149.79,1245.27,251.12,160.94,21.88,P003,EQ017
2025-09-29 01:40:00,1.2,99.03,334.39,2537.68,24.61,46.68,1105.38,1272.15,263.2,143.57,30.28,P009,EQ024
2025-09-29 01:50:00,1.2,99.08,334.5,2447.8,28.24,41.35,1115.51,1237.75,252.8,129.06,29.33,P026,EQ031
2025-09-29 02:00:00,1.18,101.17,346.75,2622.43,28.79,44.53,1148.03,1263.64,251.85,164.69,24.78,P034,EQ038
2025-09-29 02:10:00,1.04,99.53,372.84,2540.68,32.1,45.64,1052.8,1288.08,249.47,142.49,24.67,P037,EQ045
2025-09-29 02:20:00,1.21,103.73,357.7,2525.36,30.91,46.72,1082.59,1230.19,254.51,175.87,20.33,P002,EQ003
2025-09-29 02:30:00,1.2,100.41,346.14,2492.23,27.64,49.17,1095.2,1208.66,241.78,151.57,24.07,P005,EQ010
2025-09-29 02:40:00,1.13,103.87,348.24,2493.58,31.04,43.64,1106.96,1262.56,251.52,157.85,20.83,P005,EQ017
2025-09-29 02:50:00,1.17,101.0,344.37,2433.92,28.39,43.13,1074.23,1231.52,244.63,138.03,20.95,P008,EQ024
2025-09-29 03:00:00,1.1,99.65,336.88,2357.02,25.37,46.37,1075.46,1273.46,240.53,132.31,24.88,P016,EQ031
2025-09-29 03:10:00,1.18,101.19,329.66,2593.93,29.89,46.31,1115.38,1244.83,256.4,157.04,23.63,P039,EQ038
2025-09-29 03:20:00,1.23,102.74,352.05,2434.82,27.78,46.3,1107.91,1247.79,237.18,154.51,24.53,P011,EQ045
2025-09-29 03:30:00,1.24,100.14,339.04,2425.85,31.63,48.1,1154.37,1243.33,252.05,145.96,29.51,P014,EQ003
2025-09-29 03:40:00,1.22,100.32,332.75,2573.68,29.96,41.9,1146.24,1251.13,249.79,138.77,26.64,P007,EQ010
2025-09-29 03:50:00,1.3,99.03,332.76,2780.26,29.56,43.65,1102.09,1252.24,251.97,147.57,22.12,P031,EQ017
2025-09-29 04:00:00,1.3,100.72,343.22,2616.89,31.26,50.4,1052.81,1247.36,251.07,154.82,26.74,P001,EQ024
2025-09-29 04:10:00,1.2,101.33,336.61,2567.07,28.05,46.38,1083.29,1255.15,259.22,134.74,23.92,P016,EQ031
2025-09-29 04:20:00,1.03,101.91,346.61,2369.41,27.64,47.45,1118.78,1246.59,245.63,151.94,19.65,P017,EQ038
2025-09-29 04:30:00,1.29,103.59,339.46,2554.56,29.93,49.7,1083.69,1240.06,248.75,163.55,22.48,P033,EQ045
2025-09-29 04:40:00,1.08,100.16,346.62,2409.26,32.41,46.03,1117.53,1233.29,252.98,170.48,20.52,P022,EQ003
2025-09-29 04:50:00,1.07,100.17,347.88,2531.04,25.9,44.82,1091.33,1249.25,243.29,158.16,26.53,P002,EQ010
2025-09-29 05:00:00,1.21,102.25,336.07,2598.75,29.9,44.8,1106.34,1224.2,256.33,151.48,28.67,P024,EQ017
2025-09-29 05:10:00,1.0,99.74,333.93,2450.77,32.37,46.86,1124.91,1261.0,248.89,141.4,28.64,P018,EQ024
2025-09-29 05:20:00,1.2,98.55,326.88,2497.53,29.77,50.25,1184.46,1277.65,251.51,160.37,27.75,P032,EQ031
2025-09-29 05:30:00,1.52,100.83,331.59,2349.25,31.06,44.91,1063.07,1251.43,248.0,166.28,20.9,P008,EQ038
2025-09-29 05:40:00,1.19,100.9,343.22,2541.28,27.07,40.74,1137.45,1262.07,251.95,162.55,26.12,P028,EQ045
2025-09-29 05:50:00,1.27,99.94,337.55,2420.89,30.94,41.89,1100.39,1251.26,250.9,141.45,22.85,P003,EQ003
2025-09-29 06:00:00,1.14,100.22,333.46,2441.01,30.53,45.52,1112.88,1228.23,248.39,140.91,27.52,P019,EQ010
2025-09-29 06:10:00,1.25,98.58,329.98,2487.0,28.45,43.46,1090.87,1237.66,256.75,145.97,22.69,P037,EQ017
2025-09-29 06:20:00,1.18,98.21,352.41,2592.36,30.75,45.67,1025.45,1266.79,250.02,143.59,24.03,P005,EQ024
2025-09-29 06:30:00,1.15,99.08,334.69,2570.84,32.0,39.2,1123.04,1230.34,252.75,152.5,24.12,P031,EQ031
2025-09-29 06:40:00,1.29,97.78,351.56,2417.98,27.13,49.07,1124.68,1228.93,252.89,164.69,28.27,P005,EQ038
2025-09-29 06:50:00,1.23,102.56,327.85,2436.96,28.92,43.62,1101.34,1235.47,251.87,160.47,27.09,P009,EQ045
2025-09-29 07:00:00,1.07,98.48,343.61,2699.3,29.2,42.33,1171.18,1261.91,246.62,145.62,26.39,P039,EQ003
2025-09-29 07:10:00,1.29,102.5,348.0,2487.26,29.95,47.11,1090.8,1251.28,254.17,159.81,25.35,P035,EQ010
2025-09-29 07:20:00,1.08,99.23,331.38,2425.25,30.13,42.54,1104.19,1196.11,251.14,141.08,24.81,P035,EQ017
2025-09-29 07:30:00,1.18,98.63,345.08,2595.15,29.08,43.53,1099.14,1219.76,244.39,161.27,23.78,P001,EQ024
2025-09-29 07:40:00,1.2,95.67,354.32,2504.13,26.28,42.71,1111.17,1285.38,248.95,163.67,28.8,P030,EQ031
2025-09-29 07:50:00,1.21,99.63,343.82,2353.62,29.15,48.36,1092.85,1242.38,242.95,139.56,26.85,P010,EQ038
2025-09-29 08:00:00,1.21,102.66,325.65,2342.68,27.65,50.13,1120.55,1263.42,251.68,151.8,20.94,P006,EQ045
2025-09-29 08:10:00,1.24,98.83,315.44,2534.76,31.87,44.72,1112.5,1283.85,250.78,153.0,24.7,P027,EQ003
2025-09-29 08:20:00,1.24,94.71,345.32,2550.94,30.85,48.2,1088.89,1251.15,245.38,156.65,24.26,P007,EQ010
2025-09-29 08:30:00,1.02,98.8,345.11,2632.86,29.29,41.58,1081.59,1230.31,249.92,151.95,26.91,P021,EQ017
2025-09-29 08:40:00,1.24,100.17,339.38,2488.54,24.98,46.81,1146.2,1241.01,245.46,155.81,25.08,P026,EQ024
2025-09-29 08:50:00,1.15,102.5,349.46,2699.55,31.08,45.93,1074.26,1276.46,248.68,129.89,26.18,P017,EQ031
2025-09-29 09:00:00,1.11,98.68,338.93,2417.88,30.82,44.5,1148.74,1235.86,255.59,174.59,25.25,P040,EQ038
2025-09-29 09:10:00,1.23,102.16,344.32,2419.15,31.18,50.66,1114.22,1247.49,252.15,153.47,26.3,P040,EQ045
2025-09-29 09:20:00,1.18,99.07,348.71,2510.52,35.51,45.42,1126.28,1256.42,243.27,145.15,26.92,P016,EQ003
2025-09-29 09:30:00,1.1,99.87,345.23,2282.02,35.66,49.33,1080.33,1247.67,239.3,143.13,25.3,P038,EQ010
2025-09-29 09:40:00,1.3,101.56,333.1,2638.22,31.36,46.08,1102.32,1265.63,243.68,147.17,23.2,P040,EQ017
2025-09-29 09:50:00,1.43,100.26,320.73,2700.99,32.41,41.62,1103.41,1235.34,247.04,162.26,24.43,P020,EQ024
2025-09-29 10:00:00,1.2,99.84,336.53,2490.87,31.05,43.31,1068.12,1216.78,245.98,146.84,27.54,P025,EQ031
2025-09-29 10:10:00,1.03,97.63,335.89,2495.5,27.3,46.11,1123.53,1251.49,253.41,154.05,25.56,P006,EQ038
2025-09-29 10:20:00,1.22,96.82,333.7,2417.79,29.24,40.93,1093.39,1244.95,254.2,155.21,23.13,P038,EQ045
2025-09-29 10:30:00,1.25,103.09,348.43,2539.77,29.97,48.04,1137.44,1199.58,244.19,146.11,20.8,P021,EQ003
2025-09-29 10:40:00,1.14,103.79,352.88,2444.28,30.41,42.62,1115.63,1244.78,245.87,161.7,26.94,P004,EQ010
2025-09-29 10:50:00,1.28,99.57,323.13,2336.74,30.79,40.72,1092.29,1243.24,247.72,157.86,20.41,P040,EQ017
2025-09-29 11:00:00,1.1,102.05,329.95,2370.95,28.56,50.16,1116.61,1228.45,239.22,144.41,19.7,P039,EQ024
2025-09-29 11:10:00,1.2,101.14,331.51,2511.16,29.64,45.01,1064.34,1269.1,251.85,140.34,26.89,P004,EQ031
2025-09-29 11:20:00,1.23,100.72,328.38,2645.07,27.51,48.75,1042.54,1249.82,241.12,148.07,26.92,P031,EQ038
2025-09-29 11:30:00,1.16,100.68,335.07,2566.67,30.35,40.81,1097.7,1249.23,251.05,132.04,29.49,P016,EQ045
2025-09-29 11:40:00,1.05,99.44,349.55,2596.22,31.45,46.22,1125.48,1289.88,246.58,140.51,26.93,P025,EQ003
2025-09-29 11:50:00,1.13,99.61,344.01,2394.07,29.29,42.5,1119.75,1257.6,254.28,128.87,29.01,P003,EQ010
2025-09-29 12:00:00,1.15,97.22,335.33,2285.08,29.32,44.81,1124.48,1233.59,235.75,160.29,21.47,P005,EQ017
2025-09-29 12:10:00,1.29,104.18,348.35,2638.75,30.29,42.97,1082.31,1267.32,247.81,137.99,24.4,P028,EQ024
2025-09-29 12:20:00,1.19,98.49,325.17,2578.7,30.24,43.08,1069.79,1268.63,253.92,156.64,27.14,P004,EQ031
2025-09-29 12:30:00,1.3,102.41,320.16,2680.41,27.17,34.47,1091.93,1232.44,247.13,131.74,21.3,P039,EQ038
2025-09-29 12:40:00,1.17,98.43,334.52,2418.71,32.97,45.33,1113.26,1278.33,248.06,150.43,25.27,P036,EQ045
2025-09-29 12:50:00,1.11,94.84,326.33,2639.21,28.21,39.88,1140.82,1236.73,249.15,151.97,27.16,P014,EQ003
2025-09-29 13:00:00,1.08,100.61,348.46,2560.9,31.24,43.8,1108.97,1266.19,247.89,158.22,23.86,P016,EQ010
2025-09-29 13:10:00,1.21,96.68,329.33,2555.13,32.55,44.24,1057.48,1269.94,251.34,131.47,24.16,P009,EQ017
2025-09-29 13:20:00,1.17,99.8,328.92,2513.86,28.98,46.12,1138.99,1284.04,252.94,157.11,21.42,P038,EQ024
2025-09-29 13:30:00,1.15,97.02,326.13,2421.16,31.99,52.31,1058.46,1248.74,247.54,166.95,21.93,P024,EQ031
2025-09-29 13:40:00,1.41,96.69,325.37,2513.3,27.22,51.83,1116.79,1250.89,253.37,157.2,25.87,P025,EQ038
2025-09-29 13:50:00,1.33,101.0,339.56,2504.35,32.94,42.93,1168.78,1222.1,248.63,150.55,23.71,P004,EQ045
2025-09-29 14:00:00,1.18,97.13,351.82,2608.23,31.72,53.05,1055.2,1213.67,243.73,158.66,18.81,P037,EQ003
2025-09-29 14:10:00,1.08,97.55,339.74,2269.86,32.1,43.33,1124.57,1258.76,241.73,159.84,21.99,P009,EQ010
2025-09-29 14:20:00,1.33,99.54,315.23,2515.65,33.06,45.97,1109.02,1271.01,249.79,137.71,22.92,P038,EQ017
2025-09-29 14:30:00,1.14,102.11,330.26,2548.67,28.59,44.93,1004.87,1279.74,256.23,155.45,23.17,P004,EQ024
2025-09-29 14:40:00,1.07,98.01,355.08,2535.94,30.72,40.32,1149.57,1246.79,255.44,144.59,22.93,P025,EQ031
2025-09-29 14:50:00,1.04,102.96,363.09,2526.27,29.32,42.61,1101.47,1255.53,259.1,153.9,30.63,P018,EQ038
2025-09-29 15:00:00,1.21,100.82,328.6,2430.06,27.11,47.23,1091.77,1239.85,246.49,142.83,26.73,P036,EQ045
2025-09-29 15:10:00,1.16,101.89,332.88,2593.78,30.1,41.56,1049.49,1220.01,248.19,144.89,24.85,P028,EQ003
2025-09-29 15:20:00,1.19,100.08,355.59,2538.97,28.21,49.06,1111.58,1252.73,247.74,152.13,24.34,P004,EQ010
2025-09-29 15:30:00,1.26,102.18,354.12,2568.65,30.48,44.88,1067.12,1277.35,255.02,140.47,23.8,P028,EQ017
2025-09-29 15:40:00,1.36,100.18,339.22,2436.33,28.05,43.16,1132.31,1272.83,248.94,157.3,22.51,P001,EQ024
2025-09-29 15:50:00,1.19,100.99,330.41,2463.11,31.03,46.95,1150.02,1280.83,257.4,131.33,29.19,P020,EQ031
2025-09-29 16:00:00,1.28,98.23,351.0,2385.47,29.59,43.61,1069.55,1265.47,250.07,152.6,23.0,P024,EQ038
2025-09-29 16:10:00,1.23,100.78,333.0,2483.55,30.29,46.77,1101.88,1228.83,244.4,150.76,23.48,P029,EQ045
2025-09-29 16:20:00,1.19,97.63,331.31,2601.71,32.04,38.02,1094.26,1251.39,253.62,146.79,23.32,P002,EQ003
2025-09-29 16:30:00,1.14,101.69,336.03,2498.24,27.01,40.45,1102.85,1265.74,247.85,151.81,25.33,P020,EQ010
2025-09-29 16:40:00,1.28,100.29,338.29,2731.31,32.28,47.42,1117.28,1220.6,243.62,151.32,25.85,P015,EQ017
2025-09-29 16:50:00,1.21,102.12,349.3,2427.75,27.8,47.86,1116.16,1217.46,243.02,140.76,20.37,P033,EQ024
2025-09-29 17:00:00,1.01,101.56,358.98,2483.82,30.38,44.86,1096.02,1288.93,250.57,148.57,28.45,P002,EQ031
2025-09-29 17:10:00,1.42,99.64,328.27,2481.58,30.0,41.85,1062.69,1246.56,247.81,163.55,23.52,P016,EQ038
2025-09-29 17:20:00,1.08,100.58,335.91,2564.46,29.74,47.09,1098.33,1275.54,249.2,144.42,28.52,P024,EQ045
2025-09-29 17:30:00,1.31,100.13,335.77,2447.13,32.12,47.69,1136.31,1242.72,258.17,141.47,22.75,P026,EQ003
2025-09-29 17:40:00,1.3,100.69,329.34,2448.33,30.42,50.78,1131.7,1251.67,251.66,125.29,28.44,P009,EQ010
2025-09-29 17:50:00,1.22,102.95,346.31,2479.48,30.04,45.94,1053.82,1237.59,250.96,146.64,27.84,P012,EQ017
2025-09-29 18:00:00,1.23,99.09,344.74,2394.98,28.97,49.62,1142.23,1262.03,239.73,162.56,26.32,P022,EQ024
2025-09-29 18:10:00,1.16,101.0,340.23,2493.36,32.46,46.24,1090.81,1253.03,245.54,145.19,26.09,P004,EQ031
2025-09-29 18:20:00,1.27,99.48,340.92,2425.76,29.69,46.59,1109.33,1280.99,255.34,143.11,21.65,P022,EQ038
2025-09-29 18:30:00,1.33,99.26,332.96,2590.2,25.49,42.88,1122.77,1284.78,255.87,138.88,26.88,P023,EQ045
2025-09-29 18:40:00,1.09,101.51,347.14,2539.89,30.69,41.36,1106.81,1231.87,255.44,150.86,22.02,P004,EQ003
2025-09-29 18:50:00,1.35,98.49,337.22,2605.43,29.58,44.88,1115.37,1204.36,254.67,165.23,19.35,P028,EQ010
2025-09-29 19:00:00,1.17,99.48,359.54,2571.18,29.66,45.1,1151.37,1239.26,253.49,141.19,21.31,P012,EQ017
2025-09-29 19:10:00,1.24,97.29,346.23,2479.85,31.48,44.82,1067.09,1242.51,247.79,148.66,20.48,P010,EQ024
2025-09-29 19:20:00,1.15,99.75,354.27,2633.11,32.13,41.5,1081.34,1248.23,250.29,147.78,22.51,P029,EQ031
2025-09-29 19:30:00,1.33,98.21,346.85,2468.38,32.83,45.69,1051.27,1252.52,247.58,133.43,23.64,P031,EQ038
2025-09-29 19:40:00,1.31,101.34,329.02,2511.23,29.69,45.7,1116.88,1225.64,251.93,163.21,26.12,P031,EQ045
2025-09-29 19:50:00,1.04,97.63,353.57,2419.61,31.39,44.32,1080.17,1250.04,248.87,144.52,22.57,P009,EQ003
2025-09-29 20:00:00,1.26,98.11,330.58,2483.16,30.47,48.81,1117.04,1267.41,248.83,145.65,27.37,P040,EQ010
2025-09-29 20:10:00,1.26,102.97,352.31,2355.66,30.41,45.41,1133.4,1280.88,257.15,146.84,21.38,P002,EQ017
2025-09-29 20:20:00,1.16,101.81,334.92,2583.67,27.09,45.2,1103.3,1270.23,251.5,155.7,21.1,P012,EQ024
2025-09-29 20:30:00,1.09,100.13,332.65,2528.21,31.82,47.84,1121.45,1223.32,258.47,164.5,22.65,P007,EQ031
2025-09-29 20:40:00,1.27,99.93,343.23,2337.6,28.78,41.76,1102.16,1231.72,255.92,138.83,20.71,P033,EQ038
2025-09-29 20:50:00,1.14,102.19,324.82,2705.54,28.53,39.99,1106.8,1214.78,247.91,134.98,26.62,P017,EQ045
2025-09-29 21:00:00,1.18,103.13,332.49,2614.66,31.53,42.45,1128.64,1261.83,255.83,172.8,25.68,P034,EQ003
2025-09-29 21:10:00,1.21,98.68,338.01,2384.52,32.16,44.3,1099.01,1271.32,247.27,153.09,26.05,P004,EQ010
2025-09-29 21:20:00,1.18,98.16,365.35,2492.97,30.84,42.51,1095.62,1268.88,255.41,144.01,20.41,P035,EQ017
2025-09-29 21:30:00,1.21,102.19,341.95,2574.67,28.05,43.86,1031.29,1234.78,243.06,160.48,18.99,P031,EQ024
2025-09-29 21:40:00,1.03,103.73,336.01,2418.28,30.08,48.7,1071.29,1252.13,243.68,162.86,24.8,P026,EQ031
2025-09-29 21:50:00,1.2,102.2,347.35,2465.11,30.11,46.28,1113.83,1225.36,246.69,160.98,23.55,P032,EQ038
2025-09-29 22:00:00,1.36,98.64,339.22,2274.56,32.16,44.12,1095.38,1274.08,257.34,135.0,30.8,P009,EQ045
2025-09-29 22:10:00,1.19,99.01,346.2,2661.06,31.05,46.14,1075.64,1279.22,257.64,153.8,22.72,P006,EQ003
2025-09-29 22:20:00,1.03,99.87,341.95,2182.09,28.54,46.35,1104.23,1258.62,256.45,141.1,22.02,P039,EQ010
2025-09-29 22:30:00,1.3,102.37,336.82,2583.11,32.78,44.48,1054.21,1246.13,250.78,141.6,28.28,P023,EQ017
2025-09-29 22:40:00,1.15,99.12,338.94,2362.15,28.93,45.43,1075.98,1223.04,253.98,134.46,23.84,P001,EQ024
2025-09-29 22:50:00,1.22,97.61,361.67,2427.92,30.4,42.5,1112.67,1272.75,251.26,156.97,29.43,P018,EQ031
2025-09-29 23:00:00,1.02,100.85,337.18,2420.26,27.79,45.78,1107.36,1254.26,251.17,153.44,24.2,P027,EQ038
2025-09-29 23:10:00,1.35,93.14,342.12,2546.46,31.01,49.5,1091.34,1236.34,247.45,161.53,26.83,P011,EQ045
2025-09-29 23:20:00,1.05,96.25,340.4,2560.34,34.02,45.53,1112.17,1258.59,241.78,147.5,25.21,P028,EQ003
2025-09-29 23:30:00,1.25,98.06,326.79,2489.11,28.82,44.92,1138.84,1239.81,246.8,151.6,19.95,P008,EQ010
2025-09-29 23:40:00,1.21,96.58,336.59,2462.92,32.33,49.26,1146.69,1247.39,253.36,130.78,28.97,P004,EQ017
2025-09-29 23:50:00,1.16,99.71,334.55,2506.41,27.89,40.52,1101.09,1274.71,251.62,152.64,22.2,P017,EQ024
2025-09-30 00:00:00,1.26,93.57,318.79,2341.97,32.26,39.75,1075.57,1264.26,249.25,148.73,22.05,P031,EQ031
2025-09-30 00:10:00,1.17,98.88,334.29,2455.73,30.79,46.81,1094.16,1232.72,254.61,145.47,23.08,P028,EQ038
2025-09-30 00:20:00,1.23,95.51,335.4,2224.83,26.6,49.36,1061.15,1292.22,247.53,170.03,23.56,P038,EQ045
2025-09-30 00:30:00,1.25,103.0,334.15,2565.16,28.72,41.92,1082.32,1248.52,247.12,156.46,26.44,P035,EQ003
2025-09-30 00:40:00,1.28,99.43,334.81,2377.08,31.09,46.78,1108.07,1216.63,246.56,153.75,19.29,P036,EQ010
2025-09-30 00:50:00,1.16,98.69,348.01,2581.86,28.66,44.56,1103.44,1252.66,246.81,177.97,22.82,P011,EQ017
2025-09-30 01:00:00,1.27,100.96,334.33,2493.38,31.01,49.17,1113.22,1251.51,252.18,138.44,23.47,P017,EQ024
2025-09-30 01:10:00,1.37,100.16,343.22,2764.83,31.98,47.21,1121.19,1266.06,250.43,158.34,29.35,P012,EQ031
2025-09-30 01:20:00,1.08,95.79,343.99,2328.78,26.63,42.88,1110.69,1237.77,256.57,156.45,23.03,P008,EQ038
2025-09-30 01:30:00,1.17,100.36,324.33,2488.7,31.91,43.45,1111.19,1218.16,250.2,125.43,25.57,P015,EQ045
2025-09-30 01:40:00,1.24,98.79,331.87,2414.43,31.43,41.99,1105.01,1276.46,243.62,149.82,24.45,P017,EQ003
2025-09-30 01:50:00,1.0,101.71,325.26,2440.11,27.58,47.42,1120.39,1220.16,246.93,133.83,22.35,P018,EQ010
2025-09-30 02:00:00,1.14,98.06,351.82,2440.98,29.51,48.8,1092.28,1257.81,260.98,154.98,21.1,P028,EQ017
2025-09-30 02:10:00,1.3,100.2,344.51,2462.38,26.51,41.94,1115.18,1256.99,241.3,159.78,21.47,P024,EQ024
2025-09-30 02:20:00,1.05,101.83,347.33,2655.13,30.38,48.28,1164.86,1268.56,251.0,142.45,22.85,P030,EQ031
2025-09-30 02:30:00,1.22,100.44,352.63,2379.69,31.98,43.61,1109.47,1273.75,250.28,146.65,23.41,P010,EQ038
2025-09-30 02:40:00,1.32,102.39,351.47,2454.52,29.71,43.29,1107.9,1238.29,246.84,162.13,27.54,P005,EQ045
2025-09-30 02:50:00,1.23,96.87,335.39,2583.17,32.3,41.22,1087.13,1235.34,244.25,159.3,20.0,P013,EQ003
2025-09-30 03:00:00,1.21,98.19,354.1,2544.41,29.82,44.66,1126.89,1217.8,263.18,144.25,21.68,P029,EQ010
2025-09-30 03:10:00,1.38,100.89,328.13,2516.04,31.37,42.31,1079.67,1250.66,243.77,156.74,21.88,P035,EQ017
2025-09-30 03:20:00,1.08,99.07,332.6,2466.69,28.56,46.39,1118.29,1262.08,253.23,153.78,26.24,P032,EQ024
2025-09-30 03:30:00,1.12,97.13,344.78,2404.24,31.53,49.28,1087.7,1260.13,245.9,145.67,26.1,P040,EQ031
2025-09-30 03:40:00,1.21,99.14,339.27,2431.73,29.93,46.75,1106.66,1251.19,252.77,155.76,27.14,P006,EQ038
2025-09-30 03:50:00,1.32,99.81,336.83,2367.99,32.56,43.35,1081.63,1272.51,259.97,162.05,25.46,P026,EQ045
2025-09-30 04:00:00,1.01,101.44,344.09,2469.84,28.6,44.8,1126.65,1233.64,248.69,146.67,26.63,P016,EQ003
2025-09-30 04:10:00,1.21,98.16,342.89,2594.27,29.95,41.76,1068.5,1238.47,256.05,156.68,26.53,P011,EQ010
2025-09-30 04:20:00,1.21,100.02,327.98,2366.71,30.01,49.42,1138.23,1287.71,248.54,158.38,25.02,P002,EQ017
2025-09-30 04:30:00,1.2,101.13,336.24,2549.94,28.66,41.2,1091.85,1267.58,248.13,161.91,21.64,P036,EQ024
2025-09-30 04:40:00,1.36,97.74,342.28,2399.2,30.36,46.99,1095.56,1267.81,253.3,151.04,25.6,P011,EQ031
2025-09-30 04:50:00,1.3,98.4,331.4,2257.2,32.19,43.65,1087.06,1261.71,256.3,144.42,28.63,P031,EQ038
2025-09-30 05:00:00,1.07,101.67,334.77,2586.48,30.88,44.49,1132.05,1230.54,246.64,147.55,22.43,P001,EQ045
2025-09-30 05:10:00,1.13,98.85,358.19,2651.54,31.53,42.73,1143.53,1239.03,257.92,149.15,26.64,P004,EQ003
2025-09-30 05:20:00,1.24,99.46,331.72,2510.14,32.61,45.6,1094.67,1245.92,248.24,132.37,27.2,P005,EQ010
2025-09-30 05:30:00,1.14,96.08,328.38,2318.35,30.75,43.69,1074.08,1246.96,259.14,164.97,26.45,P025,EQ017
2025-09-30 05:40:00,1.23,99.89,354.57,2458.88,28.07,44.49,1140.44,1279.39,255.5,163.45,30.41,P003,EQ024
2025-09-30 05:50:00,1.1,101.17,348.14,2561.23,31.98,48.87,1132.31,1240.87,249.71,146.13,21.94,P013,EQ031
2025-09-30 06:00:00,1.27,99.62,340.63,2605.26,31.89,42.32,1066.84,1229.11,244.79,145.15,19.21,P039,EQ038
2025-09-30 06:10:00,1.25,100.17,351.16,2799.89,28.04,45.62,1096.84,1272.16,239.8,149.91,28.68,P015,EQ045
2025-09-30 06:20:00,1.28,101.56,352.25,2707.84,32.19,50.12,1109.38,1264.09,253.97,149.41,23.44,P035,EQ003
2025-09-30 06:30:00,1.21,98.17,349.62,2491.63,26.7,42.63,1076.19,1267.28,248.39,155.33,24.74,P010,EQ010
2025-09-30 06:40:00,1.07,99.34,341.52,2610.18,30.75,38.51,1086.76,1248.59,246.39,155.43,21.9,P015,EQ017
2025-09-30 06:50:00,1.22,102.42,338.38,2389.02,31.33,42.8,1075.29,1229.31,248.05,147.06,22.32,P015,EQ024
2025-09-30 07:00:00,1.07,100.25,329.33,2405.16,27.69,48.29,1094.81,1263.64,246.77,152.3,28.21,P001,EQ031
2025-09-30 07:10:00,1.34,99.55,347.14,2568.26,32.82,49.39,1134.41,1234.96,245.55,152.95,19.38,P007,EQ038
2025-09-30 07:20:00,1.4,100.34,349.93,2462.66,27.97,42.15,1075.02,1243.04,250.92,134.93,24.63,P026,EQ045
2025-09-30 07:30:00,1.11,101.95,334.72,2427.03,30.41,45.23,1109.32,1273.18,247.8,146.07,24.18,P033,EQ003
2025-09-30 07:40:00,1.08,98.54,341.75,2554.41,27.75,44.93,1117.88,1208.67,246.67,165.52,21.41,P005,EQ010
2025-09-30 07:50:00,1.09,97.4,351.26,2378.24,28.61,44.92,1063.12,1278.61,248.26,144.23,28.33,P023,EQ017
2025-09-30 08:00:00,1.24,101.19,332.32,2485.99,29.9,43.06,1104.11,1239.39,249.73,157.95,29.05,P018,EQ024
2025-09-30 08:10:00,1.26,101.64,351.27,2647.23,28.87,46.47,1103.2,1252.05,258.28,149.4,22.89,P024,EQ031
2025-09-30 08:20:00,1.26,101.35,347.83,2530.88,29.15,42.51,1116.95,1229.99,247.94,136.18,21.66,P028,EQ038
2025-09-30 08:30:00,1.15,97.53,334.3,2440.43,30.38,43.18,1098.69,1285.18,247.85,129.67,20.54,P035,EQ045
2025-09-30 08:40:00,1.27,96.83,351.86,2604.59,31.37,45.79,1122.77,1228.28,242.09,154.98,20.64,P035,EQ003
2025-09-30 08:50:00,1.17,100.34,353.77,2518.3,29.58,41.58,1120.75,1256.08,249.86,153.72,28.37,P005,EQ010
2025-09-30 09:00:00,1.13,99.04,349.22,2415.92,31.72,46.47,1060.31,1260.02,254.99,155.0,24.97,P040,EQ017
2025-09-30 09:10:00,1.26,101.16,322.91,2532.03,30.42,46.29,1088.2,1271.2,259.82,133.68,23.0,P036,EQ024
2025-09-30 09:20:00,1.26,99.56,338.34,2490.46,34.66,45.93,1107.89,1254.91,260.92,166.36,21.66,P021,EQ031
2025-09-30 09:30:00,1.15,100.2,352.98,2640.48,27.39,43.9,1094.33,1242.35,252.78,154.91,22.1,P039,EQ038
2025-09-30 09:40:00,1.18,103.65,329.08,2573.01,30.29,46.46,1073.79,1258.01,261.4,154.78,21.92,P035,EQ045
2025-09-30 09:50:00,1.13,103.13,345.93,2423.65,27.55,48.6,1118.24,1247.15,247.31,141.08,23.79,P033,EQ003
2025-09-30 10:00:00,1.29,100.84,334.13,2378.57,30.61,44.53,1078.47,1237.15,246.12,160.41,24.02,P017,EQ010
2025-09-30 10:10:00,1.16,107.06,333.42,2515.47,31.73,46.58,1118.78,1253.88,255.83,165.47,28.95,P025,EQ017
2025-09-30 10:20:00,1.15,98.94,347.07,2487.58,29.69,43.75,1101.95,1266.03,256.9,158.89,28.64,P037,EQ024
2025-09-30 10:30:00,1.24,99.82,340.89,2584.62,31.26,41.77,1112.72,1258.44,246.95,141.94,25.17,P038,EQ031
2025-09-30 10:40:00,1.1,102.1,342.2,2480.64,30.11,46.5,1053.7,1236.85,255.67,144.58,25.1,P010,EQ038
2025-09-30 10:50:00,1.25,101.92,345.85,2505.44,30.55,43.68,1090.28,1248.52,249.42,147.13,28.21,P039,EQ045
2025-09-30 11:00:00,1.12,99.03,316.95,2482.43,28.29,43.66,1177.91,1266.33,249.5,152.26,20.45,P021,EQ003
2025-09-30 11:10:00,1.05,98.8,328.45,2528.5,28.4,42.58,1091.19,1270.35,255.45,153.79,25.28,P009,EQ010
2025-09-30 11:20:00,1.26,98.53,337.88,2573.27,28.87,45.29,1170.67,1248.01,253.94,144.42,28.24,P007,EQ017
2025-09-30 11:30:00,1.26,103.48,327.3,2496.99,31.32,44.8,1027.65,1219.49,253.19,160.16,22.05,P029,EQ024
2025-09-30 11:40:00,1.13,98.39,343.56,2296.76,31.87,42.43,1071.02,1255.5,248.32,147.13,26.25,P017,EQ031
2025-09-30 11:50:00,1.22,101.1,324.95,2440.94,30.13,40.04,1097.84,1256.32,257.18,155.98,24.11,P003,EQ038
2025-09-30 12:00:00,1.12,101.38,317.22,2357.02,28.35,43.66,1085.02,1246.38,251.53,156.28,27.66,P039,EQ045
2025-09-30 12:10:00,1.3,98.36,348.19,2621.2,28.21,44.49,1093.96,1208.77,247.65,149.72,23.88,P025,EQ003
2025-09-30 12:20:00,1.3,101.13,334.22,2503.59,29.33,48.12,1085.76,1264.39,239.35,160.92,25.76,P012,EQ010
2025-09-30 12:30:00,1.27,98.75,331.59,2484.92,28.16,45.66,1148.3,1216.96,252.19,153.41,21.85,P014,EQ017
2025-09-30 12:40:00,1.1,100.67,331.03,2412.04,29.45,45.16,1139.84,1263.03,257.78,170.57,28.95,P015,EQ024
2025-09-30 12:50:00,1.31,98.45,351.99,2535.25,31.25,45.17,1074.07,1259.26,242.58,153.66,24.87,P011,EQ031
2025-09-30 13:00:00,1.04,100.09,329.19,2547.55,29.22,45.16,1107.49,1218.47,249.48,155.11,24.07,P016,EQ038
2025-09-30 13:10:00,1.15,98.26,342.47,2419.46,25.98,46.4,1090.33,1276.61,254.43,171.6,26.19,P007,EQ045
2025-09-30 13:20:00,1.25,101.79,317.69,2445.73,31.03,46.02,1093.44,1222.69,249.51,142.69,20.6,P008,EQ003
2025-09-30 13:30:00,1.13,99.12,335.41,2450.68,30.76,40.25,1182.77,1291.78,242.68,131.85,29.39,P036,EQ010
2025-09-30 13:40:00,1.22,102.45,354.84,2529.78,31.17,41.05,1114.59,1235.38,262.76,147.87,25.48,P026,EQ017
2025-09-30 13:50:00,1.14,95.63,316.26,2602.67,29.53,42.49,1091.05,1241.7,249.97,141.8,28.46,P011,EQ024
2025-09-30 14:00:00,1.25,99.23,343.08,2629.51,28.21,43.77,1082.05,1240.26,249.52,158.09,28.6,P037,EQ031
2025-09-30 14:10:00,1.27,99.48,343.22,2385.74,27.79,50.05,1152.34,1289.08,249.53,150.06,22.32,P012,EQ038
2025-09-30 14:20:00,1.09,99.17,325.2,2499.84,30.27,41.1,1122.97,1237.48,247.26,159.12,24.18,P033,EQ045
2025-09-30 14:30:00,1.28,99.78,326.77,2458.15,32.4,46.02,1112.97,1216.39,252.12,141.25,28.16,P037,EQ003
2025-09-30 14:40:00,1.27,98.48,336.0,2475.57,27.64,49.59,1048.45,1230.34,249.04,131.45,24.6,P014,EQ010
2025-09-30 14:50:00,1.24,98.24,338.65,2558.62,30.32,46.94,1150.03,1286.2,245.88,141.7,21.53,P008,EQ017
2025-09-30 15:00:00,1.13,97.53,326.24,2477.94,28.32,44.56,1059.6,1249.78,248.2,142.97,19.92,P008,EQ024
2025-09-30 15:10:00,1.23,99.98,340.22,2550.64,29.48,47.61,1119.38,1281.51,250.38,164.46,20.3,P015,EQ031
2025-09-30 15:20:00,1.36,102.15,345.8,2499.87,28.38,51.43,1109.03,1246.23,248.64,143.13,21.17,P001,EQ038
2025-09-30 15:30:00,1.21,101.5,343.25,2565.88,28.25,44.39,1080.96,1256.79,242.18,156.53,19.27,P034,EQ045
2025-09-30 15:40:00,1.14,98.84,345.94,2428.36,25.28,43.37,1082.46,1235.19,241.51,147.51,22.35,P028,EQ003
2025-09-30 15:50:00,1.19,101.26,361.92,2185.65,29.33,48.07,1134.77,1247.57,246.89,152.85,23.01,P003,EQ010
2025-09-30 16:00:00,1.07,103.62,364.65,2729.11,31.57,40.02,1084.1,1252.88,248.24,138.08,28.42,P033,EQ017
2025-09-30 16:10:00,1.18,100.29,332.99,2606.69,28.15,43.52,1056.41,1254.2,248.6,156.36,27.82,P039,EQ024
2025-09-30 16:20:00,1.35,98.59,321.74,2726.77,29.83,44.47,1142.5,1240.23,252.87,158.54,26.31,P036,EQ031
2025-09-30 16:30:00,1.13,100.06,350.16,2421.08,30.33,48.2,1080.04,1252.07,253.85,138.31,29.14,P031,EQ038
2025-09-30 16:40:00,1.3,101.04,339.47,2623.73,30.8,42.87,1141.7,1259.72,248.27,151.17,26.66,P008,EQ045
2025-09-30 16:50:00,1.23,100.67,328.86,2466.73,31.27,48.02,1115.51,1217.98,244.2,157.36,18.78,P006,EQ003
2025-09-30 17:00:00,1.22,100.26,348.08,2535.07,32.72,46.92,1176.52,1218.65,249.93,151.83,26.95,P013,EQ010
2025-09-30 17:10:00,1.26,103.91,343.53,2428.4,31.25,44.05,1160.27,1235.92,239.01,144.56,22.01,P006,EQ017
2025-09-30 17:20:00,1.13,102.06,345.68,2482.81,26.73,45.84,1033.64,1250.67,246.54,166.44,22.16,P016,EQ024
2025-09-30 17:30:00,1.33,101.39,343.31,2517.76,29.96,47.9,1113.7,1272.67,256.29,141.16,29.68,P019,EQ031
2025-09-30 17:40:00,1.2,99.94,332.58,2520.19,30.68,44.82,1064.59,1256.35,252.11,145.48,29.13,P016,EQ038
2025-09-30 17:50:00,1.04,100.13,335.35,2394.66,30.69,42.51,1103.83,1245.24,253.75,153.5,26.2,P006,EQ045
2025-09-30 18:00:00,1.35,100.28,330.83,2435.55,34.03,48.24,1137.01,1238.63,251.43,151.0,25.32,P004,EQ003
2025-09-30 18:10:00,1.22,101.89,345.34,2469.67,32.34,46.44,1065.59,1225.94,256.95,161.18,27.56,P018,EQ010
2025-09-30 18:20:00,1.12,97.97,347.09,2648.72,29.43,43.29,1040.49,1240.34,259.72,152.5,24.49,P036,EQ017
2025-09-30 18:30:00,1.16,98.45,336.65,2444.0,31.09,44.03,1129.39,1257.01,249.87,129.23,26.05,P013,EQ024
2025-09-30 18:40:00,1.46,100.01,345.26,2484.74,32.56,39.45,1118.04,1204.88,252.1,158.46,22.08,P027,EQ031
2025-09-30 18:50:00,1.24,100.43,342.49,2423.17,31.36,41.17,1101.28,1266.18,253.87,144.54,28.93,P038,EQ038
2025-09-30 19:00:00,1.19,100.01,328.37,2475.49,31.63,52.8,1120.81,1284.79,260.47,147.97,24.34,P007,EQ045
2025-09-30 19:10:00,1.24,100.97,343.22,2380.74,31.21,46.8,1101.66,1289.18,259.5,144.69,21.38,P013,EQ003
2025-09-30 19:20:00,1.25,101.79,337.37,2468.01,30.98,42.37,1102.54,1254.23,252.08,155.76,27.14,P002,EQ010
2025-09-30 19:30:00,1.1,99.23,341.72,2413.5,33.18,49.68,1108.55,1257.56,249.5,165.86,24.21,P026,EQ017
2025-09-30 19:40:00,1.17,101.08,341.81,2562.37,29.12,44.39,1122.07,1255.34,252.55,145.62,29.03,P001,EQ024
2025-09-30 19:50:00,1.38,103.35,345.62,2391.94,32.79,42.43,1080.64,1243.28,251.51,156.36,23.27,P018,EQ031
2025-09-30 20:00:00,1.15,99.99,313.32,2567.01,28.28,49.31,1062.53,1273.28,246.54,127.94,29.01,P038,EQ038
2025-09-30 20:10:00,1.07,97.86,339.18,2664.25,30.72,45.19,1086.06,1275.01,253.11,150.17,24.11,P005,EQ045
2025-09-30 20:20:00,1.21,102.09,328.68,2713.47,29.42,48.95,1118.4,1241.57,242.56,145.7,22.05,P003,EQ003
2025-09-30 20:30:00,1.16,101.33,326.41,2571.02,28.09,43.16,1052.02,1231.46,248.25,140.24,23.38,P025,EQ010
2025-09-30 20:40:00,1.33,102.06,344.97,2561.49,28.04,46.17,1115.1,1239.87,249.55,150.09,23.53,P006,EQ017
2025-09-30 20:50:00,1.22,100.45,321.04,2582.86,28.4,49.49,1142.82,1259.3,252.88,140.18,20.74,P026,EQ024
2025-09-30 21:00:00,1.18,96.82,344.33,2321.32,30.12,45.56,1067.14,1256.71,252.33,150.04,29.04,P020,EQ031
2025-09-30 21:10:00,1.29,101.68,347.05,2534.39,31.02,45.91,1155.97,1226.89,245.02,150.5,27.07,P006,EQ038
2025-09-30 21:20:00,1.22,101.6,319.11,2412.41,33.74,51.01,1115.34,1280.73,250.39,133.19,27.23,P015,EQ045
2025-09-30 21:30:00,1.36,103.89,333.0,2576.57,28.73,47.71,1105.08,1258.38,252.38,141.43,29.79,P001,EQ003
2025-09-30 21:40:00,1.15,97.49,341.5,2521.74,29.49,46.46,1054.51,1269.8,251.64,144.1,28.17,P035,EQ010
2025-09-30 21:50:00,1.27,96.88,340.86,2541.54,32.04,46.39,1050.58,1227.45,250.86,164.94,22.47,P026,EQ017
2025-09-30 22:00:00,1.25,99.84,336.0,2417.0,31.44,41.23,1098.14,1274.0,250.22,132.48,26.17,P038,EQ024
2025-09-30 22:10:00,1.14,100.34,353.9,2522.2,27.78,51.58,1127.33,1238.6,253.48,156.5,22.37,P040,EQ031
2025-09-30 22:20:00,1.24,102.04,327.56,2526.83,32.16,43.61,1142.38,1283.55,252.41,153.71,25.12,P034,EQ038
2025-09-30 22:30:00,1.24,98.92,338.92,2516.66,29.5,41.67,1073.05,1240.58,266.42,147.85,27.14,P024,EQ045
2025-09-30 22:40:00,1.29,99.3,331.59,2505.39,33.59,43.16,1115.26,1291.06,246.56,141.6,27.72,P013,EQ003
2025-09-30 22:50:00,1.1,99.6,328.84,2394.76,32.36,40.72,1108.18,1239.55,253.66,136.86,23.99,P036,EQ010
2025-09-30 23:00:00,1.13,103.82,324.7,2479.4,31.13,41.04,1133.96,1200.24,262.39,153.86,21.78,P036,EQ017
2025-09-30 23:10:00,1.32,103.63,336.38,2503.76,31.56,49.72,1079.26,1213.91,253.61,134.43,20.69,P035,EQ024
2025-09-30 23:20:00,1.12,99.05,345.58,2506.59,29.17,44.43,1035.25,1266.3,250.83,127.66,27.18,P037,EQ031
2025-09-30 23:30:00,0.95,98.14,335.59,2568.25,33.29,45.33,1078.45,1261.44,261.43,136.24,27.15,P011,EQ038
2025-09-30 23:40:00,1.22,100.28,331.63,2401.06,31.77,45.77,1082.22,1252.1,251.44,145.63,23.61,P030,EQ045
2025-09-30 23:50:00,1.25,95.58,343.12,2280.48,28.75,43.25,1048.43,1250.42,254.28,165.07,27.8,P034,EQ003
